ticket_id,customer_id,created_date,category,priority,status,resolved_date,resolution_hours,satisfaction_score,agent_id
TKT100000,14896,2024-05-18 00:00:00,Product Query,High,Closed,2024-05-18 12:00:00,12,3,AGT010
TKT100001,17729,2024-01-05 00:00:00,Order Issue,Medium,Closed,2024-01-07 05:00:00,53,3,AGT010
TKT100002,16963,2024-01-13 00:00:00,Payment,Low,Closed,2024-01-16 14:00:00,86,2,AGT018
TKT100003,12577,2024-03-04 00:00:00,Shipping,High,Closed,2024-03-04 04:00:00,4,1,AGT008
TKT100004,12985,2024-07-29 00:00:00,Payment,Medium,Closed,2024-07-30 21:00:00,45,1,AGT003
TKT100005,13620,2024-05-22 00:00:00,Other,Medium,Closed,2024-05-22 20:00:00,20,1,AGT001
TKT100006,19023,2024-04-26 00:00:00,Product Query,Low,Closed,2024-04-29 22:00:00,94,4,AGT002
TKT100007,12701,2024-08-19 00:00:00,Order Issue,Medium,Closed,2024-08-20 02:00:00,26,4,AGT001
TKT100008,11557,2024-08-30 00:00:00,Payment,High,Resolved,2024-08-30 10:00:00,10,,AGT005
TKT100009,12904,2024-08-12 00:00:00,Shipping,Medium,Closed,2024-08-13 00:00:00,24,3,AGT012
TKT100010,13519,2024-01-17 00:00:00,Technical,Low,In Progress,,,,AGT008
TKT100011,19267,2024-10-18 00:00:00,Other,Medium,Open,,,,AGT014
TKT100012,14337,2024-08-12 00:00:00,Product Query,Medium,Open,,,,AGT002
TKT100013,14896,2024-05-23 00:00:00,Payment,High,Closed,2024-05-23 23:00:00,23,4,AGT013
TKT100014,17222,2024-10-24 00:00:00,Shipping,High,Closed,2024-10-24 08:00:00,8,2,AGT016
TKT100015,11656,2024-08-28 00:00:00,Shipping,Medium,Open,,,,AGT020
TKT100016,18919,2024-10-19 00:00:00,Order Issue,High,Resolved,2024-10-19 07:00:00,7,,AGT009
TKT100017,16748,2024-07-05 00:00:00,Product Query,High,Closed,2024-07-05 16:00:00,16,5,AGT008
TKT100018,16483,2024-06-10 00:00:00,Shipping,Medium,In Progress,,,,AGT017
TKT100019,19927,2024-05-02 00:00:00,Shipping,Medium,Resolved,2024-05-02 20:00:00,20,,AGT017
TKT100020,12533,2024-03-23 00:00:00,Returns,Low,Closed,2024-03-24 12:00:00,36,5,AGT002
TKT100021,11499,2024-05-09 00:00:00,Payment,Medium,Resolved,2024-05-10 00:00:00,24,,AGT002
TKT100022,14273,2024-08-02 00:00:00,Order Issue,Medium,Closed,2024-08-02 22:00:00,22,2,AGT019
TKT100023,12499,2024-07-18 00:00:00,Product Query,Medium,In Progress,,,,AGT006
TKT100024,12232,2024-03-30 00:00:00,Payment,High,Resolved,2024-03-30 18:00:00,18,,AGT009
TKT100025,12224,2024-08-30 00:00:00,Payment,High,Closed,2024-08-30 20:00:00,20,5,AGT020
TKT100026,12061,2024-08-11 00:00:00,Payment,Low,In Progress,,,,AGT008
TKT100027,15783,2024-05-02 00:00:00,Shipping,Medium,In Progress,,,,AGT015
TKT100028,16864,2024-10-30 00:00:00,Order Issue,Low,Resolved,2024-10-31 05:00:00,29,,AGT014
TKT100029,17405,2024-09-19 00:00:00,Order Issue,Medium,In Progress,,,,AGT003
TKT100030,14441,2024-06-26 00:00:00,Payment,Low,Resolved,2024-06-27 19:00:00,43,,AGT020
TKT100031,18938,2024-06-29 00:00:00,Order Issue,Low,Open,,,,AGT008
TKT100032,14308,2024-06-03 00:00:00,Product Query,High,Resolved,2024-06-03 10:00:00,10,,AGT005
TKT100033,11785,2024-07-20 00:00:00,Order Issue,Medium,Closed,2024-07-22 11:00:00,59,3,AGT006
TKT100034,16493,2024-02-28 00:00:00,Product Query,High,Closed,2024-02-28 18:00:00,18,4,AGT014
TKT100035,14009,2024-10-06 00:00:00,Product Query,Medium,Closed,2024-10-06 22:00:00,22,2,AGT012
TKT100036,12736,2024-01-28 00:00:00,Order Issue,Medium,In Progress,,,,AGT007
TKT100037,12829,2024-10-11 00:00:00,Returns,Low,Closed,2024-10-16 04:00:00,124,5,AGT005
TKT100038,17278,2024-04-27 00:00:00,Payment,Medium,In Progress,,,,AGT004
TKT100039,17770,2024-10-13 00:00:00,Payment,Medium,Resolved,2024-10-15 10:00:00,58,,AGT009
TKT100040,13887,2024-10-07 00:00:00,Technical,Medium,Resolved,2024-10-09 06:00:00,54,,AGT019
TKT100041,11799,2024-05-24 00:00:00,Product Query,High,Resolved,2024-05-24 04:00:00,4,,AGT011
TKT100042,10628,2024-07-09 00:00:00,Payment,Low,Closed,2024-07-14 11:00:00,131,3,AGT007
TKT100043,19967,2024-07-11 00:00:00,Other,Urgent,In Progress,,,,AGT012
TKT100044,18909,2024-05-29 00:00:00,Shipping,Medium,Closed,2024-05-30 04:00:00,28,5,AGT016
TKT100045,19500,2024-06-20 00:00:00,Product Query,Medium,Resolved,2024-06-21 14:00:00,38,,AGT010
TKT100046,11008,2024-10-29 00:00:00,Other,Low,Closed,2024-11-03 00:00:00,120,1,AGT002
TKT100047,13693,2024-01-15 00:00:00,Returns,Medium,Open,,,,AGT010
TKT100048,12677,2024-06-23 00:00:00,Shipping,Low,Closed,2024-06-27 13:00:00,109,4,AGT015
TKT100049,10483,2024-08-31 00:00:00,Payment,Urgent,Closed,2024-08-31 05:00:00,5,1,AGT005
TKT100050,11599,2024-09-24 00:00:00,Product Query,High,Open,,,,AGT014
TKT100051,17756,2024-06-21 00:00:00,Product Query,High,Resolved,2024-06-21 04:00:00,4,,AGT014
TKT100052,19036,2024-09-19 00:00:00,Product Query,Low,Resolved,2024-09-20 21:00:00,45,,AGT014
TKT100053,18269,2024-08-30 00:00:00,Technical,High,Closed,2024-08-30 18:00:00,18,2,AGT007
TKT100054,17494,2024-10-17 00:00:00,Order Issue,Medium,Resolved,2024-10-18 17:00:00,41,,AGT004
TKT100055,10990,2024-09-22 00:00:00,Payment,High,Closed,2024-09-22 09:00:00,9,2,AGT019
TKT100056,15057,2024-03-10 00:00:00,Product Query,High,Closed,2024-03-10 19:00:00,19,2,AGT003
TKT100057,10703,2024-08-21 00:00:00,Returns,Medium,Closed,2024-08-21 19:00:00,19,3,AGT004
TKT100058,17665,2024-06-02 00:00:00,Product Query,Medium,Resolved,2024-06-03 18:00:00,42,,AGT008
TKT100059,14594,2024-10-21 00:00:00,Payment,Medium,Closed,2024-10-22 14:00:00,38,4,AGT013
TKT100060,11669,2024-03-12 00:00:00,Product Query,Low,Closed,2024-03-14 18:00:00,66,3,AGT011
TKT100061,12214,2024-05-31 00:00:00,Payment,Medium,Closed,2024-05-31 13:00:00,13,5,AGT014
TKT100062,15385,2024-01-28 00:00:00,Payment,Medium,Closed,2024-01-29 07:00:00,31,2,AGT012
TKT100063,16477,2024-08-14 00:00:00,Returns,Low,Resolved,2024-08-19 03:00:00,123,,AGT010
TKT100064,15573,2024-03-12 00:00:00,Technical,High,In Progress,,,,AGT009
TKT100065,18794,2024-08-26 00:00:00,Other,Low,Resolved,2024-08-30 22:00:00,118,,AGT003
TKT100066,16082,2024-10-22 00:00:00,Order Issue,Medium,Resolved,2024-10-24 22:00:00,70,,AGT014
TKT100067,16556,2024-08-22 00:00:00,Returns,Medium,Resolved,2024-08-23 23:00:00,47,,AGT017
TKT100068,19140,2024-10-23 00:00:00,Product Query,High,Resolved,2024-10-23 08:00:00,8,,AGT005
TKT100069,13279,2024-10-09 00:00:00,Payment,Low,Resolved,2024-10-14 13:00:00,133,,AGT020
TKT100070,17417,2024-08-12 00:00:00,Shipping,Medium,Closed,2024-08-14 01:00:00,49,1,AGT012
TKT100071,13924,2024-02-27 00:00:00,Returns,High,Closed,2024-02-27 21:00:00,21,5,AGT017
TKT100072,17826,2024-01-03 00:00:00,Product Query,Low,Resolved,2024-01-05 07:00:00,55,,AGT019
TKT100073,11882,2024-02-28 00:00:00,Product Query,Medium,Open,,,,AGT004
TKT100074,15115,2024-06-29 00:00:00,Returns,Medium,Resolved,2024-06-30 21:00:00,45,,AGT003
TKT100075,18808,2024-05-06 00:00:00,Payment,Medium,Open,,,,AGT002
TKT100076,12194,2024-09-11 00:00:00,Shipping,Low,Resolved,2024-09-13 03:00:00,51,,AGT013
TKT100077,11246,2024-03-09 00:00:00,Technical,High,Resolved,2024-03-09 23:00:00,23,,AGT011
TKT100078,13601,2024-02-20 00:00:00,Order Issue,Medium,Closed,2024-02-22 10:00:00,58,3,AGT006
TKT100079,15037,2024-10-01 00:00:00,Payment,Low,Resolved,2024-10-03 01:00:00,49,,AGT012
TKT100080,14036,2024-08-21 00:00:00,Returns,High,Closed,2024-08-21 18:00:00,18,3,AGT009
TKT100081,19459,2024-02-23 00:00:00,Shipping,High,Closed,2024-02-23 13:00:00,13,4,AGT017
TKT100082,17279,2024-01-25 00:00:00,Product Query,Medium,Resolved,2024-01-25 23:00:00,23,,AGT013
TKT100083,14987,2024-02-25 00:00:00,Payment,Low,Resolved,2024-02-26 10:00:00,34,,AGT006
TKT100084,15348,2024-01-27 00:00:00,Order Issue,Medium,Resolved,2024-01-28 13:00:00,37,,AGT004
TKT100085,15136,2024-04-25 00:00:00,Order Issue,Low,Closed,2024-04-27 13:00:00,61,4,AGT007
TKT100086,17841,2024-02-01 00:00:00,Shipping,High,Resolved,2024-02-01 10:00:00,10,,AGT019
TKT100087,18926,2024-04-12 00:00:00,Returns,High,Closed,2024-04-12 11:00:00,11,5,AGT008
TKT100088,14171,2024-01-14 00:00:00,Payment,High,Open,,,,AGT011
TKT100089,17267,2024-04-07 00:00:00,Payment,Medium,In Progress,,,,AGT007
TKT100090,15402,2024-04-13 00:00:00,Other,High,Closed,2024-04-13 04:00:00,4,2,AGT007
TKT100091,11676,2024-08-25 00:00:00,Product Query,Low,Closed,2024-08-27 23:00:00,71,4,AGT016
TKT100092,12249,2024-07-13 00:00:00,Returns,Medium,Resolved,2024-07-15 19:00:00,67,,AGT006
TKT100093,17756,2024-02-28 00:00:00,Technical,Urgent,Closed,2024-02-28 02:00:00,2,2,AGT018
TKT100094,16917,2024-08-07 00:00:00,Product Query,Low,Resolved,2024-08-09 21:00:00,69,,AGT009
TKT100095,13855,2024-08-14 00:00:00,Product Query,High,Open,,,,AGT008
TKT100096,11656,2024-07-10 00:00:00,Order Issue,Medium,In Progress,,,,AGT005
TKT100097,17462,2024-02-16 00:00:00,Product Query,Low,Closed,2024-02-21 20:00:00,140,5,AGT010
TKT100098,12548,2024-07-17 00:00:00,Returns,Medium,Closed,2024-07-19 20:00:00,68,4,AGT015
TKT100099,18753,2024-08-04 00:00:00,Returns,Medium,Resolved,2024-08-04 19:00:00,19,,AGT015
TKT100100,12068,2024-01-31 00:00:00,Order Issue,High,Closed,2024-01-31 18:00:00,18,4,AGT011
TKT100101,18971,2024-05-22 00:00:00,Technical,Medium,Resolved,2024-05-22 18:00:00,18,,AGT016
TKT100102,19912,2024-08-28 00:00:00,Shipping,Low,In Progress,,,,AGT007
TKT100103,10571,2024-01-30 00:00:00,Technical,Low,Open,,,,AGT013
TKT100104,17514,2024-03-18 00:00:00,Other,Medium,Closed,2024-03-20 08:00:00,56,4,AGT009
TKT100105,19118,2024-01-30 00:00:00,Payment,Low,In Progress,,,,AGT005
TKT100106,17332,2024-03-21 00:00:00,Order Issue,Medium,Closed,2024-03-22 03:00:00,27,3,AGT017
TKT100107,13698,2024-05-01 00:00:00,Product Query,High,Closed,2024-05-01 07:00:00,7,3,AGT007
TKT100108,11089,2024-02-18 00:00:00,Returns,Low,Closed,2024-02-22 01:00:00,97,1,AGT015
TKT100109,18550,2024-08-15 00:00:00,Payment,Medium,Resolved,2024-08-17 00:00:00,48,,AGT006
TKT100110,13924,2024-07-20 00:00:00,Order Issue,Medium,Resolved,2024-07-22 09:00:00,57,,AGT020
TKT100111,16189,2024-08-26 00:00:00,Order Issue,Low,Resolved,2024-08-28 13:00:00,61,,AGT001
TKT100112,17323,2024-07-31 00:00:00,Returns,Low,Resolved,2024-08-01 01:00:00,25,,AGT019
TKT100113,19320,2024-02-10 00:00:00,Product Query,Medium,Resolved,2024-02-12 10:00:00,58,,AGT009
TKT100114,18909,2024-10-21 00:00:00,Shipping,Medium,Closed,2024-10-22 21:00:00,45,3,AGT020
TKT100115,14931,2024-10-15 00:00:00,Order Issue,Low,In Progress,,,,AGT020
TKT100116,16387,2024-06-21 00:00:00,Returns,High,Closed,2024-06-21 11:00:00,11,4,AGT009
TKT100117,15392,2024-05-31 00:00:00,Product Query,Medium,Resolved,2024-06-01 07:00:00,31,,AGT011
TKT100118,18466,2024-05-07 00:00:00,Product Query,Medium,Closed,2024-05-07 21:00:00,21,3,AGT019
TKT100119,12914,2024-07-30 00:00:00,Returns,Low,Resolved,2024-08-03 15:00:00,111,,AGT017
TKT100120,15899,2024-09-05 00:00:00,Shipping,Medium,Closed,2024-09-07 23:00:00,71,2,AGT013
TKT100121,19118,2024-05-07 00:00:00,Order Issue,Medium,Resolved,2024-05-09 02:00:00,50,,AGT010
TKT100122,16991,2024-08-17 00:00:00,Shipping,Low,Closed,2024-08-19 00:00:00,48,1,AGT016
TKT100123,15670,2024-10-30 00:00:00,Order Issue,Medium,Open,,,,AGT009
TKT100124,15473,2024-07-01 00:00:00,Returns,Medium,Resolved,2024-07-03 06:00:00,54,,AGT020
TKT100125,19997,2024-03-11 00:00:00,Technical,Medium,Resolved,2024-03-11 20:00:00,20,,AGT015
TKT100126,11660,2024-09-09 00:00:00,Shipping,Low,Closed,2024-09-14 03:00:00,123,5,AGT009
TKT100127,13855,2024-08-23 00:00:00,Shipping,Low,Closed,2024-08-28 11:00:00,131,1,AGT002
TKT100128,10122,2024-04-24 00:00:00,Product Query,Medium,Resolved,2024-04-26 17:00:00,65,,AGT006
TKT100129,17832,2024-01-30 00:00:00,Order Issue,High,Closed,2024-01-30 04:00:00,4,4,AGT016
TKT100130,14751,2024-01-26 00:00:00,Returns,Low,Closed,2024-01-27 05:00:00,29,3,AGT017
TKT100131,18850,2024-05-28 00:00:00,Order Issue,Low,Resolved,2024-06-02 06:00:00,126,,AGT020
TKT100132,17787,2024-03-08 00:00:00,Payment,Medium,In Progress,,,,AGT007
TKT100133,12886,2024-03-19 00:00:00,Returns,Low,Closed,2024-03-23 05:00:00,101,3,AGT001
TKT100134,10742,2024-03-26 00:00:00,Product Query,Medium,Closed,2024-03-28 09:00:00,57,1,AGT008
TKT100135,13615,2024-01-28 00:00:00,Returns,Low,In Progress,,,,AGT012
TKT100136,15475,2024-08-14 00:00:00,Product Query,High,Resolved,2024-08-14 11:00:00,11,,AGT017
TKT100137,12969,2024-03-10 00:00:00,Order Issue,Low,Resolved,2024-03-14 07:00:00,103,,AGT017
TKT100138,13070,2024-02-09 00:00:00,Order Issue,High,In Progress,,,,AGT018
TKT100139,15719,2024-09-20 00:00:00,Payment,Low,Open,,,,AGT015
TKT100140,12030,2024-06-28 00:00:00,Order Issue,Low,Closed,2024-07-03 15:00:00,135,3,AGT005
TKT100141,16133,2024-05-02 00:00:00,Order Issue,Medium,In Progress,,,,AGT018
TKT100142,10752,2024-02-08 00:00:00,Payment,High,In Progress,,,,AGT006
TKT100143,17531,2024-03-16 00:00:00,Order Issue,Low,Resolved,2024-03-18 07:00:00,55,,AGT020
TKT100144,14282,2024-07-19 00:00:00,Product Query,Low,In Progress,,,,AGT002
TKT100145,19430,2024-10-06 00:00:00,Returns,Urgent,Closed,2024-10-06 03:00:00,3,2,AGT006
TKT100146,15948,2024-09-27 00:00:00,Technical,Low,In Progress,,,,AGT005
TKT100147,12522,2024-08-23 00:00:00,Payment,High,Resolved,2024-08-23 22:00:00,22,,AGT001
TKT100148,12964,2024-02-22 00:00:00,Returns,Medium,In Progress,,,,AGT014
TKT100149,12194,2024-10-10 00:00:00,Product Query,Medium,Closed,2024-10-11 14:00:00,38,2,AGT012
TKT100150,18455,2024-10-24 00:00:00,Shipping,High,In Progress,,,,AGT009
TKT100151,15284,2024-10-17 00:00:00,Payment,Low,Closed,2024-10-22 04:00:00,124,5,AGT016
TKT100152,19706,2024-04-12 00:00:00,Returns,Medium,Closed,2024-04-12 13:00:00,13,1,AGT020
TKT100153,18825,2024-04-06 00:00:00,Shipping,High,Resolved,2024-04-06 16:00:00,16,,AGT014
TKT100154,13149,2024-04-16 00:00:00,Payment,Medium,Closed,2024-04-16 19:00:00,19,4,AGT017
TKT100155,19201,2024-01-26 00:00:00,Returns,Medium,Closed,2024-01-28 22:00:00,70,4,AGT006
TKT100156,16133,2024-08-24 00:00:00,Product Query,High,Closed,2024-08-24 18:00:00,18,1,AGT018
TKT100157,16982,2024-01-04 00:00:00,Order Issue,Medium,Closed,2024-01-06 16:00:00,64,2,AGT020
TKT100158,16847,2024-01-06 00:00:00,Order Issue,Medium,Closed,2024-01-07 09:00:00,33,3,AGT004
TKT100159,15434,2024-06-11 00:00:00,Returns,Medium,Closed,2024-06-11 17:00:00,17,2,AGT007
TKT100160,12576,2024-04-09 00:00:00,Order Issue,Low,Closed,2024-04-11 13:00:00,61,5,AGT016
TKT100161,17514,2024-03-11 00:00:00,Product Query,Low,Closed,2024-03-15 23:00:00,119,4,AGT010
TKT100162,16308,2024-02-28 00:00:00,Other,Low,Closed,2024-03-01 16:00:00,64,2,AGT016
TKT100163,16035,2024-02-12 00:00:00,Payment,High,Resolved,2024-02-12 06:00:00,6,,AGT007
TKT100164,12997,2024-01-31 00:00:00,Shipping,Low,Resolved,2024-02-04 13:00:00,109,,AGT013
TKT100165,16493,2024-01-21 00:00:00,Order Issue,Medium,Closed,2024-01-21 23:00:00,23,2,AGT003
TKT100166,17627,2024-03-23 00:00:00,Product Query,Medium,Closed,2024-03-24 20:00:00,44,1,AGT010
TKT100167,11413,2024-02-02 00:00:00,Other,Low,In Progress,,,,AGT004
TKT100168,11410,2024-04-28 00:00:00,Payment,Medium,Open,,,,AGT017
TKT100169,15941,2024-08-08 00:00:00,Order Issue,Medium,Closed,2024-08-10 15:00:00,63,4,AGT010
TKT100170,19336,2024-10-11 00:00:00,Product Query,Low,Resolved,2024-10-15 20:00:00,116,,AGT016
TKT100171,14783,2024-06-21 00:00:00,Order Issue,Medium,Resolved,2024-06-23 04:00:00,52,,AGT020
TKT100172,15100,2024-01-12 00:00:00,Technical,Low,Closed,2024-01-14 19:00:00,67,2,AGT018
TKT100173,11008,2024-08-06 00:00:00,Order Issue,Low,Resolved,2024-08-11 19:00:00,139,,AGT020
TKT100174,13638,2024-10-02 00:00:00,Shipping,Medium,Closed,2024-10-04 01:00:00,49,5,AGT019
TKT100175,15895,2024-08-12 00:00:00,Order Issue,High,Resolved,2024-08-12 06:00:00,6,,AGT003
TKT100176,10433,2024-05-11 00:00:00,Order Issue,Low,Closed,2024-05-14 10:00:00,82,4,AGT009
TKT100177,19062,2024-01-26 00:00:00,Product Query,High,Resolved,2024-01-26 23:00:00,23,,AGT013
TKT100178,15507,2024-09-24 00:00:00,Returns,Urgent,Closed,2024-09-24 02:00:00,2,1,AGT015
TKT100179,10448,2024-02-09 00:00:00,Returns,Medium,Resolved,2024-02-10 19:00:00,43,,AGT012
TKT100180,12815,2024-08-25 00:00:00,Other,Medium,Open,,,,AGT001
TKT100181,14382,2024-03-16 00:00:00,Order Issue,High,Closed,2024-03-16 06:00:00,6,2,AGT009
TKT100182,17820,2024-05-08 00:00:00,Order Issue,Low,Open,,,,AGT002
TKT100183,11027,2024-04-25 00:00:00,Order Issue,Low,Resolved,2024-04-29 12:00:00,108,,AGT005
TKT100184,19568,2024-02-11 00:00:00,Product Query,Medium,Closed,2024-02-12 08:00:00,32,3,AGT020
TKT100185,16159,2024-06-25 00:00:00,Returns,Low,Closed,2024-06-28 08:00:00,80,1,AGT017
TKT100186,18858,2024-03-27 00:00:00,Payment,High,Resolved,2024-03-27 16:00:00,16,,AGT018
TKT100187,14581,2024-06-21 00:00:00,Product Query,Low,Closed,2024-06-24 00:00:00,72,5,AGT003
TKT100188,10563,2024-06-30 00:00:00,Shipping,Low,Resolved,2024-07-04 22:00:00,118,,AGT006
TKT100189,15218,2024-07-20 00:00:00,Order Issue,Medium,Closed,2024-07-20 16:00:00,16,1,AGT010
TKT100190,16113,2024-06-08 00:00:00,Shipping,Low,In Progress,,,,AGT012
TKT100191,17444,2024-10-22 00:00:00,Shipping,Medium,Resolved,2024-10-24 03:00:00,51,,AGT010
TKT100192,12172,2024-03-21 00:00:00,Product Query,Medium,Resolved,2024-03-21 22:00:00,22,,AGT011
TKT100193,11484,2024-08-26 00:00:00,Product Query,Urgent,Resolved,2024-08-26 02:00:00,2,,AGT005
TKT100194,10016,2024-10-26 00:00:00,Product Query,High,Open,,,,AGT014
TKT100195,11004,2024-10-02 00:00:00,Shipping,Low,Resolved,2024-10-07 11:00:00,131,,AGT001
TKT100196,19672,2024-09-24 00:00:00,Product Query,High,Closed,2024-09-24 10:00:00,10,3,AGT007
TKT100197,19098,2024-09-21 00:00:00,Order Issue,High,In Progress,,,,AGT008
TKT100198,11939,2024-07-19 00:00:00,Product Query,Low,Resolved,2024-07-24 00:00:00,120,,AGT016
TKT100199,12562,2024-04-30 00:00:00,Order Issue,Medium,Closed,2024-05-02 07:00:00,55,1,AGT016
TKT100200,13079,2024-06-27 00:00:00,Order Issue,High,In Progress,,,,AGT017
TKT100201,10917,2024-07-01 00:00:00,Product Query,Low,Closed,2024-07-04 23:00:00,95,3,AGT004
TKT100202,17489,2024-02-25 00:00:00,Returns,High,Resolved,2024-02-25 10:00:00,10,,AGT005
TKT100203,12464,2024-07-11 00:00:00,Product Query,Medium,Resolved,2024-07-12 11:00:00,35,,AGT015
TKT100204,12531,2024-02-21 00:00:00,Product Query,Medium,Resolved,2024-02-22 20:00:00,44,,AGT001
TKT100205,18189,2024-06-22 00:00:00,Other,Medium,Closed,2024-06-24 11:00:00,59,4,AGT010
TKT100206,19087,2024-03-13 00:00:00,Returns,Medium,Open,,,,AGT017
TKT100207,12766,2024-07-01 00:00:00,Product Query,High,Resolved,2024-07-01 16:00:00,16,,AGT011
TKT100208,14883,2024-07-31 00:00:00,Payment,Low,Resolved,2024-08-02 20:00:00,68,,AGT015
TKT100209,11985,2024-03-01 00:00:00,Other,Medium,Closed,2024-03-02 05:00:00,29,1,AGT014
TKT100210,14068,2024-04-15 00:00:00,Returns,Low,Resolved,2024-04-18 10:00:00,82,,AGT008
TKT100211,13350,2024-01-14 00:00:00,Returns,Medium,In Progress,,,,AGT004
TKT100212,16477,2024-01-02 00:00:00,Product Query,High,Open,,,,AGT009
TKT100213,14878,2024-06-06 00:00:00,Shipping,Low,Closed,2024-06-09 09:00:00,81,5,AGT006
TKT100214,16605,2024-04-13 00:00:00,Other,Medium,Resolved,2024-04-15 05:00:00,53,,AGT017
TKT100215,14333,2024-09-24 00:00:00,Order Issue,Low,Resolved,2024-09-25 01:00:00,25,,AGT003
TKT100216,13511,2024-05-02 00:00:00,Product Query,Low,Resolved,2024-05-03 19:00:00,43,,AGT012
TKT100217,16614,2024-04-06 00:00:00,Product Query,Low,Resolved,2024-04-11 11:00:00,131,,AGT019
TKT100218,14574,2024-06-23 00:00:00,Returns,Medium,Resolved,2024-06-24 01:00:00,25,,AGT019
TKT100219,18746,2024-07-20 00:00:00,Technical,Medium,In Progress,,,,AGT002
TKT100220,18856,2024-03-02 00:00:00,Order Issue,Medium,Open,,,,AGT009
TKT100221,12656,2024-03-18 00:00:00,Returns,High,Resolved,2024-03-18 21:00:00,21,,AGT006
TKT100222,14874,2024-04-26 00:00:00,Payment,High,In Progress,,,,AGT006
TKT100223,13825,2024-02-09 00:00:00,Returns,Medium,Resolved,2024-02-10 21:00:00,45,,AGT004
TKT100224,14500,2024-07-17 00:00:00,Order Issue,Medium,Closed,2024-07-18 23:00:00,47,2,AGT001
TKT100225,17115,2024-09-26 00:00:00,Returns,Medium,Resolved,2024-09-28 14:00:00,62,,AGT003
TKT100226,17871,2024-03-04 00:00:00,Order Issue,Low,Closed,2024-03-06 05:00:00,53,4,AGT004
TKT100227,12511,2024-01-09 00:00:00,Product Query,Medium,Closed,2024-01-11 23:00:00,71,1,AGT004
TKT100228,12199,2024-03-12 00:00:00,Order Issue,High,In Progress,,,,AGT018
TKT100229,16082,2024-08-11 00:00:00,Order Issue,Medium,Closed,2024-08-13 00:00:00,48,1,AGT014
TKT100230,11898,2024-08-16 00:00:00,Payment,High,In Progress,,,,AGT008
TKT100231,10483,2024-02-11 00:00:00,Other,Low,In Progress,,,,AGT008
TKT100232,13620,2024-10-13 00:00:00,Product Query,Medium,Closed,2024-10-15 23:00:00,71,2,AGT006
TKT100233,16998,2024-06-14 00:00:00,Payment,High,Resolved,2024-06-14 18:00:00,18,,AGT008
TKT100234,10078,2024-03-01 00:00:00,Order Issue,Medium,Closed,2024-03-02 08:00:00,32,5,AGT007
TKT100235,14835,2024-06-30 00:00:00,Returns,Low,Closed,2024-07-01 02:00:00,26,4,AGT004
TKT100236,11821,2024-06-09 00:00:00,Payment,High,Resolved,2024-06-09 08:00:00,8,,AGT002
TKT100237,17404,2024-10-05 00:00:00,Payment,Medium,Resolved,2024-10-06 10:00:00,34,,AGT007
TKT100238,17097,2024-09-23 00:00:00,Product Query,Medium,Closed,2024-09-25 02:00:00,50,1,AGT006
TKT100239,13825,2024-07-16 00:00:00,Product Query,Low,In Progress,,,,AGT001
TKT100240,10376,2024-09-26 00:00:00,Returns,Medium,Closed,2024-09-28 17:00:00,65,2,AGT011
TKT100241,13699,2024-05-27 00:00:00,Technical,Medium,Closed,2024-05-28 17:00:00,41,5,AGT003
TKT100242,17231,2024-01-11 00:00:00,Product Query,Medium,In Progress,,,,AGT009
TKT100243,11495,2024-01-13 00:00:00,Order Issue,Medium,In Progress,,,,AGT016
TKT100244,14683,2024-06-07 00:00:00,Returns,Low,In Progress,,,,AGT020
TKT100245,18753,2024-08-01 00:00:00,Product Query,Medium,Resolved,2024-08-03 17:00:00,65,,AGT008
TKT100246,10997,2024-03-22 00:00:00,Payment,Low,Resolved,2024-03-27 20:00:00,140,,AGT005
TKT100247,12690,2024-09-26 00:00:00,Order Issue,High,Closed,2024-09-26 23:00:00,23,4,AGT012
TKT100248,18632,2024-03-24 00:00:00,Payment,Medium,Resolved,2024-03-24 13:00:00,13,,AGT001
TKT100249,12576,2024-05-06 00:00:00,Order Issue,Medium,Closed,2024-05-08 00:00:00,48,1,AGT020
TKT100250,15565,2024-01-20 00:00:00,Other,Medium,Closed,2024-01-22 23:00:00,71,4,AGT008
TKT100251,19970,2024-05-31 00:00:00,Other,Medium,Closed,2024-06-02 16:00:00,64,5,AGT005
TKT100252,10017,2024-03-23 00:00:00,Returns,Medium,Closed,2024-03-23 15:00:00,15,2,AGT018
TKT100253,16879,2024-02-01 00:00:00,Shipping,High,Closed,2024-02-01 18:00:00,18,1,AGT014
TKT100254,16035,2024-06-17 00:00:00,Other,Medium,Closed,2024-06-18 18:00:00,42,5,AGT014
TKT100255,11056,2024-02-22 00:00:00,Product Query,Low,Resolved,2024-02-23 16:00:00,40,,AGT004
TKT100256,11049,2024-05-28 00:00:00,Product Query,Medium,In Progress,,,,AGT016
TKT100257,17251,2024-02-23 00:00:00,Product Query,High,Open,,,,AGT002
TKT100258,16982,2024-04-09 00:00:00,Product Query,Medium,Resolved,2024-04-10 21:00:00,45,,AGT006
TKT100259,16483,2024-01-22 00:00:00,Product Query,Low,Closed,2024-01-27 18:00:00,138,2,AGT003
TKT100260,15180,2024-05-13 00:00:00,Payment,Low,Open,,,,AGT011
TKT100261,16446,2024-09-12 00:00:00,Returns,High,Closed,2024-09-12 21:00:00,21,1,AGT017
TKT100262,18347,2024-10-23 00:00:00,Returns,Medium,Open,,,,AGT005
TKT100263,11120,2024-06-05 00:00:00,Shipping,Low,Closed,2024-06-08 23:00:00,95,1,AGT013
TKT100264,18181,2024-08-14 00:00:00,Order Issue,High,In Progress,,,,AGT003
TKT100265,10817,2024-09-09 00:00:00,Technical,Medium,In Progress,,,,AGT008
TKT100266,11484,2024-07-14 00:00:00,Order Issue,Low,Closed,2024-07-15 08:00:00,32,3,AGT020
TKT100267,13367,2024-03-28 00:00:00,Product Query,Urgent,Closed,2024-03-28 04:00:00,4,5,AGT015
TKT100268,14911,2024-08-10 00:00:00,Payment,Medium,Closed,2024-08-11 12:00:00,36,5,AGT011
TKT100269,12224,2024-09-25 00:00:00,Order Issue,High,Resolved,2024-09-25 10:00:00,10,,AGT001
TKT100270,14273,2024-05-21 00:00:00,Shipping,High,Closed,2024-05-21 18:00:00,18,5,AGT014
TKT100271,15436,2024-06-16 00:00:00,Product Query,Low,Closed,2024-06-21 17:00:00,137,1,AGT016
TKT100272,11390,2024-01-29 00:00:00,Order Issue,Medium,Closed,2024-01-30 06:00:00,30,3,AGT016
TKT100273,12656,2024-08-31 00:00:00,Technical,Low,Resolved,2024-09-04 18:00:00,114,,AGT010
TKT100274,19856,2024-07-08 00:00:00,Payment,High,Closed,2024-07-08 12:00:00,12,1,AGT017
TKT100275,15740,2024-05-16 00:00:00,Order Issue,Low,Resolved,2024-05-20 05:00:00,101,,AGT019
TKT100276,14381,2024-09-17 00:00:00,Order Issue,Medium,Resolved,2024-09-17 16:00:00,16,,AGT015
TKT100277,16785,2024-03-07 00:00:00,Order Issue,Medium,Open,,,,AGT009
TKT100278,18455,2024-08-16 00:00:00,Payment,Medium,Open,,,,AGT002
TKT100279,16453,2024-10-24 00:00:00,Payment,Medium,Open,,,,AGT009
TKT100280,18181,2024-03-23 00:00:00,Product Query,Medium,Closed,2024-03-24 06:00:00,30,3,AGT010
TKT100281,16902,2024-10-07 00:00:00,Payment,Medium,Closed,2024-10-08 22:00:00,46,5,AGT008
TKT100282,16593,2024-09-02 00:00:00,Shipping,Low,In Progress,,,,AGT009
TKT100283,12429,2024-08-04 00:00:00,Returns,High,Resolved,2024-08-04 23:00:00,23,,AGT011
TKT100284,17593,2024-10-09 00:00:00,Order Issue,High,In Progress,,,,AGT016
TKT100285,14224,2024-10-28 00:00:00,Shipping,Urgent,Closed,2024-10-28 03:00:00,3,5,AGT012
TKT100286,14381,2024-09-12 00:00:00,Order Issue,Medium,Closed,2024-09-12 18:00:00,18,1,AGT020
TKT100287,10789,2024-05-29 00:00:00,Order Issue,Urgent,Closed,2024-05-29 01:00:00,1,4,AGT013
TKT100288,18361,2024-02-27 00:00:00,Returns,High,Closed,2024-02-27 21:00:00,21,4,AGT005
TKT100289,12571,2024-08-15 00:00:00,Payment,Medium,Closed,2024-08-17 05:00:00,53,1,AGT002
TKT100290,14738,2024-05-06 00:00:00,Returns,High,In Progress,,,,AGT005
TKT100291,15377,2024-03-02 00:00:00,Returns,Low,Closed,2024-03-04 02:00:00,50,3,AGT016
TKT100292,11054,2024-02-18 00:00:00,Product Query,Medium,Closed,2024-02-19 06:00:00,30,1,AGT016
TKT100293,12698,2024-06-10 00:00:00,Order Issue,High,Resolved,2024-06-10 06:00:00,6,,AGT002
TKT100294,17131,2024-02-16 00:00:00,Order Issue,Low,Resolved,2024-02-19 12:00:00,84,,AGT007
TKT100295,14227,2024-09-04 00:00:00,Product Query,High,Closed,2024-09-04 04:00:00,4,2,AGT002
TKT100296,10296,2024-04-19 00:00:00,Returns,Medium,Resolved,2024-04-21 14:00:00,62,,AGT018
TKT100297,12081,2024-05-24 00:00:00,Returns,Urgent,Closed,2024-05-24 05:00:00,5,4,AGT010
TKT100298,14161,2024-06-14 00:00:00,Order Issue,Low,Resolved,2024-06-19 17:00:00,137,,AGT014
TKT100299,18825,2024-01-23 00:00:00,Payment,High,In Progress,,,,AGT017
TKT100300,19953,2024-07-20 00:00:00,Other,Medium,Resolved,2024-07-21 05:00:00,29,,AGT017
TKT100301,12696,2024-10-02 00:00:00,Returns,Low,Closed,2024-10-04 16:00:00,64,5,AGT017
TKT100302,15891,2024-03-27 00:00:00,Order Issue,Low,Closed,2024-03-30 05:00:00,77,4,AGT002
TKT100303,18516,2024-01-17 00:00:00,Product Query,Low,Resolved,2024-01-19 01:00:00,49,,AGT012
TKT100304,19024,2024-10-14 00:00:00,Returns,High,Closed,2024-10-14 20:00:00,20,2,AGT009
TKT100305,18466,2024-03-14 00:00:00,Order Issue,Medium,Resolved,2024-03-15 13:00:00,37,,AGT005
TKT100306,11471,2024-06-03 00:00:00,Other,High,Resolved,2024-06-03 04:00:00,4,,AGT002
TKT100307,16027,2024-07-28 00:00:00,Order Issue,Low,In Progress,,,,AGT004
TKT100308,12204,2024-01-11 00:00:00,Product Query,Medium,In Progress,,,,AGT004
TKT100309,17653,2024-03-11 00:00:00,Payment,High,Resolved,2024-03-11 10:00:00,10,,AGT010
TKT100310,12204,2024-04-04 00:00:00,Product Query,Medium,Closed,2024-04-06 01:00:00,49,3,AGT013
TKT100311,19081,2024-08-31 00:00:00,Shipping,High,Resolved,2024-08-31 23:00:00,23,,AGT007
TKT100312,15571,2024-03-18 00:00:00,Order Issue,High,In Progress,,,,AGT004
TKT100313,17803,2024-04-10 00:00:00,Product Query,Medium,Closed,2024-04-11 13:00:00,37,5,AGT005
TKT100314,19026,2024-04-16 00:00:00,Returns,Medium,Closed,2024-04-18 14:00:00,62,1,AGT008
TKT100315,17097,2024-03-06 00:00:00,Other,Urgent,In Progress,,,,AGT005
TKT100316,12107,2024-10-07 00:00:00,Other,Medium,Closed,2024-10-08 19:00:00,43,1,AGT004
TKT100317,15174,2024-07-05 00:00:00,Product Query,Urgent,Resolved,2024-07-05 02:00:00,2,,AGT006
TKT100318,16376,2024-07-05 00:00:00,Technical,Medium,In Progress,,,,AGT015
TKT100319,18615,2024-05-14 00:00:00,Payment,High,Closed,2024-05-14 19:00:00,19,3,AGT006
TKT100320,14771,2024-04-13 00:00:00,Shipping,Medium,Closed,2024-04-13 17:00:00,17,4,AGT011
TKT100321,18556,2024-04-30 00:00:00,Order Issue,Low,Resolved,2024-05-05 07:00:00,127,,AGT005
TKT100322,19098,2024-09-30 00:00:00,Product Query,Medium,Closed,2024-10-01 23:00:00,47,5,AGT007
TKT100323,14510,2024-10-07 00:00:00,Payment,Medium,Resolved,2024-10-07 23:00:00,23,,AGT016
TKT100324,14298,2024-03-06 00:00:00,Order Issue,Low,Closed,2024-03-07 07:00:00,31,5,AGT001
TKT100325,11113,2024-08-05 00:00:00,Returns,Medium,Resolved,2024-08-06 03:00:00,27,,AGT019
TKT100326,11705,2024-03-28 00:00:00,Order Issue,Medium,Resolved,2024-03-30 16:00:00,64,,AGT007
TKT100327,15871,2024-10-31 00:00:00,Other,Medium,Resolved,2024-11-01 08:00:00,32,,AGT002
TKT100328,16504,2024-10-27 00:00:00,Order Issue,High,Closed,2024-10-27 05:00:00,5,4,AGT018
TKT100329,13010,2024-08-10 00:00:00,Returns,High,In Progress,,,,AGT019
TKT100330,10752,2024-04-09 00:00:00,Product Query,Low,Resolved,2024-04-12 03:00:00,75,,AGT005
TKT100331,15619,2024-03-03 00:00:00,Payment,Urgent,Open,,,,AGT016
TKT100332,17389,2024-06-14 00:00:00,Product Query,High,Closed,2024-06-14 09:00:00,9,4,AGT007
TKT100333,18430,2024-07-23 00:00:00,Returns,Medium,Resolved,2024-07-23 16:00:00,16,,AGT012
TKT100334,12849,2024-10-19 00:00:00,Order Issue,Low,Resolved,2024-10-24 01:00:00,121,,AGT018
TKT100335,16133,2024-01-15 00:00:00,Product Query,Medium,Resolved,2024-01-16 17:00:00,41,,AGT005
TKT100336,19877,2024-03-15 00:00:00,Product Query,Medium,Closed,2024-03-16 08:00:00,32,5,AGT017
TKT100337,13528,2024-05-13 00:00:00,Order Issue,Low,In Progress,,,,AGT001
TKT100338,11796,2024-06-09 00:00:00,Product Query,Low,Closed,2024-06-12 10:00:00,82,4,AGT004
TKT100339,18671,2024-10-12 00:00:00,Product Query,High,Closed,2024-10-12 06:00:00,6,5,AGT006
TKT100340,17036,2024-06-25 00:00:00,Order Issue,Medium,Closed,2024-06-27 00:00:00,48,2,AGT008
TKT100341,13713,2024-06-18 00:00:00,Shipping,Low,Closed,2024-06-20 16:00:00,64,4,AGT012
TKT100342,12499,2024-10-14 00:00:00,Order Issue,Low,Closed,2024-10-18 05:00:00,101,5,AGT006
TKT100343,13780,2024-10-25 00:00:00,Payment,High,Resolved,2024-10-25 17:00:00,17,,AGT016
TKT100344,16885,2024-01-27 00:00:00,Returns,High,Closed,2024-01-27 23:00:00,23,1,AGT011
TKT100345,13919,2024-09-28 00:00:00,Product Query,High,Resolved,2024-09-28 09:00:00,9,,AGT013
TKT100346,17423,2024-07-07 00:00:00,Returns,Medium,Resolved,2024-07-08 21:00:00,45,,AGT010
TKT100347,14127,2024-02-07 00:00:00,Product Query,Medium,In Progress,,,,AGT008
TKT100348,18254,2024-03-21 00:00:00,Returns,Medium,Resolved,2024-03-23 15:00:00,63,,AGT020
TKT100349,11405,2024-05-19 00:00:00,Returns,Low,Resolved,2024-05-22 12:00:00,84,,AGT018
TKT100350,17995,2024-07-01 00:00:00,Payment,Low,Closed,2024-07-04 19:00:00,91,5,AGT017
TKT100351,18658,2024-06-07 00:00:00,Product Query,Medium,Closed,2024-06-08 21:00:00,45,5,AGT017
TKT100352,15402,2024-05-10 00:00:00,Product Query,High,Open,,,,AGT015
TKT100353,16395,2024-10-17 00:00:00,Product Query,Low,Closed,2024-10-19 04:00:00,52,1,AGT003
TKT100354,15657,2024-01-06 00:00:00,Order Issue,Medium,Closed,2024-01-08 01:00:00,49,2,AGT010
TKT100355,19012,2024-07-07 00:00:00,Other,Urgent,Closed,2024-07-07 03:00:00,3,4,AGT001
TKT100356,12294,2024-02-21 00:00:00,Returns,Low,Resolved,2024-02-25 21:00:00,117,,AGT011
TKT100357,18473,2024-07-20 00:00:00,Shipping,Urgent,Closed,2024-07-20 05:00:00,5,5,AGT005
TKT100358,16417,2024-04-09 00:00:00,Shipping,High,Closed,2024-04-09 15:00:00,15,1,AGT009
TKT100359,14227,2024-02-05 00:00:00,Shipping,Medium,Resolved,2024-02-07 04:00:00,52,,AGT013
TKT100360,13131,2024-02-21 00:00:00,Order Issue,Low,Resolved,2024-02-25 23:00:00,119,,AGT007
TKT100361,12689,2024-07-27 00:00:00,Payment,Medium,Closed,2024-07-28 14:00:00,38,5,AGT009
TKT100362,17445,2024-09-17 00:00:00,Technical,Low,In Progress,,,,AGT015
TKT100363,16062,2024-01-15 00:00:00,Shipping,High,Closed,2024-01-15 13:00:00,13,4,AGT019
TKT100364,16563,2024-06-18 00:00:00,Order Issue,Low,Closed,2024-06-23 12:00:00,132,3,AGT007
TKT100365,10923,2024-05-24 00:00:00,Order Issue,Medium,Resolved,2024-05-26 09:00:00,57,,AGT011
TKT100366,18123,2024-09-19 00:00:00,Product Query,Low,Resolved,2024-09-20 10:00:00,34,,AGT013
TKT100367,19837,2024-04-26 00:00:00,Product Query,High,Resolved,2024-04-26 09:00:00,9,,AGT014
TKT100368,11592,2024-03-01 00:00:00,Technical,Medium,Resolved,2024-03-03 19:00:00,67,,AGT009
TKT100369,14711,2024-05-14 00:00:00,Returns,High,Closed,2024-05-14 07:00:00,7,2,AGT001
TKT100370,19321,2024-09-06 00:00:00,Technical,Medium,Closed,2024-09-06 12:00:00,12,2,AGT016
TKT100371,18801,2024-03-20 00:00:00,Order Issue,Medium,Open,,,,AGT019
TKT100372,16782,2024-01-23 00:00:00,Returns,Medium,Closed,2024-01-25 18:00:00,66,5,AGT001
TKT100373,19760,2024-03-24 00:00:00,Shipping,Low,In Progress,,,,AGT002
TKT100374,16693,2024-07-18 00:00:00,Order Issue,Medium,Resolved,2024-07-19 20:00:00,44,,AGT012
TKT100375,11918,2024-09-08 00:00:00,Order Issue,Medium,Closed,2024-09-08 16:00:00,16,5,AGT010
TKT100376,18122,2024-05-17 00:00:00,Order Issue,Medium,Open,,,,AGT005
TKT100377,11639,2024-03-05 00:00:00,Shipping,Medium,Resolved,2024-03-07 08:00:00,56,,AGT013
TKT100378,13166,2024-01-19 00:00:00,Payment,Low,In Progress,,,,AGT001
TKT100379,17695,2024-08-06 00:00:00,Product Query,Medium,Closed,2024-08-07 06:00:00,30,4,AGT013
TKT100380,14696,2024-03-17 00:00:00,Other,High,Resolved,2024-03-17 18:00:00,18,,AGT003
TKT100381,16665,2024-01-18 00:00:00,Returns,Low,In Progress,,,,AGT006
TKT100382,15215,2024-03-26 00:00:00,Order Issue,Medium,In Progress,,,,AGT012
TKT100383,11536,2024-02-01 00:00:00,Order Issue,Low,Resolved,2024-02-04 10:00:00,82,,AGT019
TKT100384,16283,2024-04-20 00:00:00,Order Issue,Low,In Progress,,,,AGT019
TKT100385,18210,2024-06-02 00:00:00,Technical,Low,Resolved,2024-06-07 13:00:00,133,,AGT004
TKT100386,16831,2024-06-06 00:00:00,Product Query,Low,Resolved,2024-06-09 17:00:00,89,,AGT009
TKT100387,15180,2024-03-08 00:00:00,Payment,Low,Resolved,2024-03-09 23:00:00,47,,AGT005
TKT100388,17412,2024-06-16 00:00:00,Order Issue,Medium,Closed,2024-06-18 10:00:00,58,3,AGT015
TKT100389,15581,2024-02-20 00:00:00,Returns,Low,Resolved,2024-02-24 03:00:00,99,,AGT010
TKT100390,16963,2024-05-12 00:00:00,Product Query,High,Open,,,,AGT009
TKT100391,17277,2024-09-13 00:00:00,Other,Low,Closed,2024-09-16 03:00:00,75,1,AGT018
TKT100392,15457,2024-10-12 00:00:00,Shipping,High,In Progress,,,,AGT004
TKT100393,15885,2024-10-08 00:00:00,Order Issue,Medium,Closed,2024-10-10 15:00:00,63,2,AGT007
TKT100394,16553,2024-05-12 00:00:00,Payment,High,In Progress,,,,AGT020
TKT100395,17934,2024-05-12 00:00:00,Product Query,Medium,In Progress,,,,AGT009
TKT100396,17643,2024-08-23 00:00:00,Returns,Low,Closed,2024-08-27 08:00:00,104,5,AGT003
TKT100397,15927,2024-10-05 00:00:00,Order Issue,Medium,Open,,,,AGT003
TKT100398,12204,2024-06-17 00:00:00,Returns,Low,Resolved,2024-06-18 05:00:00,29,,AGT012
TKT100399,14724,2024-05-01 00:00:00,Technical,Medium,Resolved,2024-05-02 04:00:00,28,,AGT005
TKT100400,17871,2024-05-17 00:00:00,Product Query,Medium,Closed,2024-05-17 12:00:00,12,3,AGT009
TKT100401,19365,2024-02-28 00:00:00,Order Issue,Medium,Resolved,2024-02-28 20:00:00,20,,AGT018
TKT100402,14574,2024-04-13 00:00:00,Product Query,Medium,Closed,2024-04-14 06:00:00,30,1,AGT020
TKT100403,17323,2024-05-02 00:00:00,Other,Urgent,Closed,2024-05-02 02:00:00,2,5,AGT006
TKT100404,14409,2024-03-14 00:00:00,Order Issue,Low,Closed,2024-03-17 02:00:00,74,5,AGT017
TKT100405,13045,2024-03-28 00:00:00,Returns,Low,Resolved,2024-03-29 17:00:00,41,,AGT007
TKT100406,12279,2024-03-12 00:00:00,Payment,Low,Resolved,2024-03-13 14:00:00,38,,AGT012
TKT100407,18330,2024-04-30 00:00:00,Product Query,Low,Closed,2024-05-04 14:00:00,110,5,AGT004
TKT100408,11896,2024-08-23 00:00:00,Payment,High,Closed,2024-08-23 19:00:00,19,3,AGT019
TKT100409,10729,2024-02-15 00:00:00,Product Query,Low,Resolved,2024-02-20 15:00:00,135,,AGT004
TKT100410,19087,2024-02-28 00:00:00,Product Query,Low,Closed,2024-03-02 12:00:00,84,2,AGT016
TKT100411,14031,2024-04-29 00:00:00,Product Query,Urgent,Closed,2024-04-29 03:00:00,3,2,AGT001
TKT100412,19023,2024-07-18 00:00:00,Order Issue,Low,Resolved,2024-07-21 03:00:00,75,,AGT010
TKT100413,19558,2024-06-11 00:00:00,Order Issue,Medium,Resolved,2024-06-13 21:00:00,69,,AGT002
TKT100414,15895,2024-06-09 00:00:00,Payment,Medium,In Progress,,,,AGT011
TKT100415,15548,2024-06-15 00:00:00,Order Issue,Medium,In Progress,,,,AGT003
TKT100416,16932,2024-09-05 00:00:00,Shipping,Urgent,Closed,2024-09-05 05:00:00,5,4,AGT015
TKT100417,14376,2024-10-20 00:00:00,Product Query,Medium,Resolved,2024-10-22 00:00:00,48,,AGT013
TKT100418,16956,2024-10-27 00:00:00,Technical,Medium,Closed,2024-10-29 12:00:00,60,1,AGT010
TKT100419,12786,2024-03-14 00:00:00,Product Query,Low,In Progress,,,,AGT011
TKT100420,16087,2024-03-21 00:00:00,Order Issue,Medium,Resolved,2024-03-22 10:00:00,34,,AGT020
TKT100421,11238,2024-03-22 00:00:00,Order Issue,Medium,Resolved,2024-03-23 05:00:00,29,,AGT015
TKT100422,10354,2024-04-14 00:00:00,Product Query,Medium,Open,,,,AGT002
TKT100423,14232,2024-10-22 00:00:00,Product Query,Medium,Resolved,2024-10-24 15:00:00,63,,AGT019
TKT100424,12525,2024-07-19 00:00:00,Returns,High,Closed,2024-07-19 11:00:00,11,5,AGT005
TKT100425,13965,2024-03-19 00:00:00,Product Query,Low,Closed,2024-03-24 08:00:00,128,5,AGT020
TKT100426,18158,2024-04-23 00:00:00,Product Query,Low,Closed,2024-04-26 17:00:00,89,4,AGT010
TKT100427,17066,2024-03-14 00:00:00,Technical,Medium,Closed,2024-03-14 13:00:00,13,2,AGT019
TKT100428,17665,2024-04-07 00:00:00,Payment,Medium,Resolved,2024-04-07 19:00:00,19,,AGT017
TKT100429,10878,2024-09-11 00:00:00,Product Query,Medium,Closed,2024-09-12 06:00:00,30,3,AGT001
TKT100430,13193,2024-07-09 00:00:00,Shipping,High,In Progress,,,,AGT020
TKT100431,11115,2024-09-01 00:00:00,Shipping,Low,Closed,2024-09-04 12:00:00,84,1,AGT014
TKT100432,19446,2024-02-15 00:00:00,Product Query,Low,Closed,2024-02-20 21:00:00,141,5,AGT006
TKT100433,18511,2024-03-11 00:00:00,Returns,Medium,Closed,2024-03-13 09:00:00,57,4,AGT016
TKT100434,16528,2024-07-25 00:00:00,Product Query,Low,Resolved,2024-07-29 09:00:00,105,,AGT013
TKT100435,17042,2024-01-06 00:00:00,Payment,Low,Closed,2024-01-08 22:00:00,70,1,AGT014
TKT100436,12127,2024-07-08 00:00:00,Technical,High,Closed,2024-07-08 19:00:00,19,2,AGT017
TKT100437,18851,2024-04-03 00:00:00,Technical,Low,Resolved,2024-04-05 11:00:00,59,,AGT014
TKT100438,16530,2024-06-03 00:00:00,Product Query,Urgent,Open,,,,AGT016
TKT100439,12051,2024-05-25 00:00:00,Product Query,Low,Resolved,2024-05-30 20:00:00,140,,AGT016
TKT100440,19070,2024-04-27 00:00:00,Technical,Low,Resolved,2024-04-28 07:00:00,31,,AGT002
TKT100441,13956,2024-03-31 00:00:00,Order Issue,Urgent,Open,,,,AGT003
TKT100442,19454,2024-07-26 00:00:00,Shipping,High,Closed,2024-07-26 13:00:00,13,2,AGT020
TKT100443,10617,2024-06-05 00:00:00,Product Query,Medium,Open,,,,AGT019
TKT100444,10451,2024-01-20 00:00:00,Order Issue,High,Closed,2024-01-20 09:00:00,9,2,AGT001
TKT100445,14385,2024-05-04 00:00:00,Returns,Urgent,Closed,2024-05-04 03:00:00,3,4,AGT013
TKT100446,14271,2024-02-15 00:00:00,Payment,Medium,Resolved,2024-02-15 17:00:00,17,,AGT011
TKT100447,19751,2024-09-09 00:00:00,Shipping,Medium,Resolved,2024-09-11 11:00:00,59,,AGT019
TKT100448,15619,2024-06-09 00:00:00,Order Issue,Medium,Open,,,,AGT017
TKT100449,12863,2024-04-03 00:00:00,Product Query,Medium,Resolved,2024-04-03 18:00:00,18,,AGT007
TKT100450,15421,2024-07-06 00:00:00,Returns,Low,Closed,2024-07-07 23:00:00,47,4,AGT004
TKT100451,17443,2024-09-24 00:00:00,Order Issue,Low,Resolved,2024-09-29 03:00:00,123,,AGT007
TKT100452,12353,2024-08-26 00:00:00,Product Query,Medium,Closed,2024-08-27 05:00:00,29,2,AGT012
TKT100453,12815,2024-08-19 00:00:00,Payment,Medium,Resolved,2024-08-21 18:00:00,66,,AGT018
TKT100454,11336,2024-08-11 00:00:00,Product Query,Low,Open,,,,AGT006
TKT100455,13957,2024-08-27 00:00:00,Shipping,Low,Closed,2024-08-31 15:00:00,111,1,AGT019
TKT100456,10205,2024-10-18 00:00:00,Order Issue,Medium,Closed,2024-10-18 13:00:00,13,4,AGT005
TKT100457,12600,2024-06-08 00:00:00,Product Query,High,Resolved,2024-06-08 12:00:00,12,,AGT014
TKT100458,11054,2024-02-11 00:00:00,Product Query,Low,In Progress,,,,AGT018
TKT100459,10543,2024-02-12 00:00:00,Product Query,High,In Progress,,,,AGT009
TKT100460,17277,2024-07-17 00:00:00,Shipping,Low,Closed,2024-07-18 08:00:00,32,2,AGT008
TKT100461,14463,2024-10-17 00:00:00,Order Issue,Low,In Progress,,,,AGT013
TKT100462,17176,2024-06-24 00:00:00,Shipping,Medium,Closed,2024-06-26 14:00:00,62,1,AGT008
TKT100463,16334,2024-06-24 00:00:00,Shipping,High,Open,,,,AGT003
TKT100464,11336,2024-03-20 00:00:00,Product Query,Low,Closed,2024-03-25 04:00:00,124,3,AGT019
TKT100465,17906,2024-09-30 00:00:00,Order Issue,Low,In Progress,,,,AGT009
TKT100466,16374,2024-10-25 00:00:00,Order Issue,Low,Open,,,,AGT002
TKT100467,10217,2024-10-20 00:00:00,Payment,Low,Closed,2024-10-22 13:00:00,61,5,AGT005
TKT100468,12531,2024-02-25 00:00:00,Returns,High,Resolved,2024-02-25 21:00:00,21,,AGT001
TKT100469,13580,2024-02-15 00:00:00,Other,Medium,Closed,2024-02-17 11:00:00,59,1,AGT010
TKT100470,14785,2024-01-03 00:00:00,Payment,Low,Resolved,2024-01-08 06:00:00,126,,AGT008
TKT100471,18556,2024-10-02 00:00:00,Order Issue,Medium,Resolved,2024-10-02 13:00:00,13,,AGT016
TKT100472,14171,2024-03-27 00:00:00,Product Query,Low,Closed,2024-03-29 23:00:00,71,1,AGT017
TKT100473,19093,2024-07-24 00:00:00,Shipping,Medium,Closed,2024-07-25 20:00:00,44,1,AGT012
TKT100474,10836,2024-03-27 00:00:00,Product Query,Medium,Closed,2024-03-29 22:00:00,70,5,AGT012
TKT100475,18163,2024-04-22 00:00:00,Returns,High,Closed,2024-04-22 14:00:00,14,1,AGT018
TKT100476,16205,2024-08-08 00:00:00,Other,Urgent,In Progress,,,,AGT006
TKT100477,18812,2024-03-24 00:00:00,Payment,Medium,Closed,2024-03-26 22:00:00,70,2,AGT012
TKT100478,18973,2024-08-11 00:00:00,Order Issue,Low,Closed,2024-08-13 17:00:00,65,3,AGT017
TKT100479,16420,2024-04-11 00:00:00,Payment,Low,Resolved,2024-04-15 12:00:00,108,,AGT004
TKT100480,19205,2024-07-19 00:00:00,Product Query,Low,Open,,,,AGT012
TKT100481,19629,2024-09-12 00:00:00,Other,Medium,Resolved,2024-09-13 11:00:00,35,,AGT001
TKT100482,10118,2024-08-09 00:00:00,Product Query,Medium,Closed,2024-08-11 21:00:00,69,5,AGT011
TKT100483,16053,2024-06-05 00:00:00,Technical,Medium,Closed,2024-06-07 07:00:00,55,4,AGT006
TKT100484,13987,2024-03-08 00:00:00,Shipping,Low,Resolved,2024-03-13 05:00:00,125,,AGT008
TKT100485,18355,2024-03-02 00:00:00,Product Query,Medium,Resolved,2024-03-04 23:00:00,71,,AGT002
TKT100486,15385,2024-04-24 00:00:00,Order Issue,Medium,Resolved,2024-04-25 19:00:00,43,,AGT005
TKT100487,19140,2024-02-15 00:00:00,Returns,Medium,Closed,2024-02-16 20:00:00,44,5,AGT006
TKT100488,18494,2024-10-16 00:00:00,Order Issue,High,Closed,2024-10-16 18:00:00,18,4,AGT006
TKT100489,18936,2024-01-26 00:00:00,Product Query,Low,Closed,2024-01-30 15:00:00,111,5,AGT002
TKT100490,11705,2024-02-14 00:00:00,Returns,Medium,Closed,2024-02-16 23:00:00,71,2,AGT001
TKT100491,11813,2024-05-04 00:00:00,Order Issue,Medium,Closed,2024-05-05 23:00:00,47,1,AGT017
TKT100492,18668,2024-06-01 00:00:00,Product Query,Medium,Closed,2024-06-02 05:00:00,29,4,AGT010
TKT100493,18554,2024-01-09 00:00:00,Payment,Medium,Resolved,2024-01-11 12:00:00,60,,AGT007
TKT100494,15865,2024-08-23 00:00:00,Product Query,Low,Open,,,,AGT010
TKT100495,11446,2024-10-07 00:00:00,Order Issue,High,In Progress,,,,AGT013
TKT100496,16869,2024-09-23 00:00:00,Payment,Low,Closed,2024-09-28 04:00:00,124,2,AGT002
TKT100497,19629,2024-03-28 00:00:00,Payment,High,Open,,,,AGT010
TKT100498,12854,2024-02-15 00:00:00,Order Issue,High,Closed,2024-02-15 05:00:00,5,5,AGT003
TKT100499,10356,2024-09-05 00:00:00,Product Query,Medium,Closed,2024-09-06 17:00:00,41,5,AGT012
TKT100500,14298,2024-01-13 00:00:00,Shipping,Low,Resolved,2024-01-15 13:00:00,61,,AGT011
TKT100501,18851,2024-07-12 00:00:00,Product Query,Medium,Closed,2024-07-14 14:00:00,62,4,AGT008
TKT100502,13698,2024-08-30 00:00:00,Order Issue,Low,Closed,2024-09-02 16:00:00,88,5,AGT016
TKT100503,15206,2024-04-30 00:00:00,Product Query,Medium,Closed,2024-05-02 20:00:00,68,1,AGT010
TKT100504,12803,2024-08-14 00:00:00,Order Issue,Medium,Open,,,,AGT016
TKT100505,16937,2024-05-07 00:00:00,Payment,Low,Closed,2024-05-11 01:00:00,97,3,AGT002
TKT100506,18797,2024-10-03 00:00:00,Technical,Medium,In Progress,,,,AGT019
TKT100507,13091,2024-08-07 00:00:00,Product Query,Urgent,Resolved,2024-08-07 01:00:00,1,,AGT006
TKT100508,14724,2024-03-04 00:00:00,Other,High,Resolved,2024-03-04 06:00:00,6,,AGT012
TKT100509,16397,2024-03-19 00:00:00,Shipping,Urgent,Resolved,2024-03-19 04:00:00,4,,AGT008
TKT100510,15402,2024-03-05 00:00:00,Order Issue,Low,Closed,2024-03-06 10:00:00,34,4,AGT020
TKT100511,16453,2024-08-20 00:00:00,Product Query,Medium,In Progress,,,,AGT006
TKT100512,14692,2024-02-17 00:00:00,Order Issue,Medium,In Progress,,,,AGT018
TKT100513,16015,2024-08-09 00:00:00,Order Issue,Low,Open,,,,AGT002
TKT100514,16748,2024-07-08 00:00:00,Payment,Medium,Closed,2024-07-08 17:00:00,17,5,AGT007
TKT100515,15452,2024-06-02 00:00:00,Shipping,Medium,Resolved,2024-06-02 12:00:00,12,,AGT010
TKT100516,10205,2024-07-08 00:00:00,Shipping,Medium,Closed,2024-07-09 18:00:00,42,5,AGT016
TKT100517,14346,2024-05-22 00:00:00,Product Query,Medium,Resolved,2024-05-23 21:00:00,45,,AGT001
TKT100518,12023,2024-04-01 00:00:00,Product Query,Medium,Resolved,2024-04-03 04:00:00,52,,AGT007
TKT100519,16207,2024-07-15 00:00:00,Order Issue,Medium,Resolved,2024-07-16 04:00:00,28,,AGT010
TKT100520,19069,2024-09-15 00:00:00,Order Issue,Low,In Progress,,,,AGT011
TKT100521,19524,2024-03-14 00:00:00,Returns,Low,Closed,2024-03-16 01:00:00,49,2,AGT010
TKT100522,13904,2024-03-02 00:00:00,Product Query,Urgent,Closed,2024-03-02 04:00:00,4,2,AGT011
TKT100523,15881,2024-06-23 00:00:00,Order Issue,Medium,Closed,2024-06-25 22:00:00,70,4,AGT015
TKT100524,13136,2024-09-23 00:00:00,Shipping,Medium,Closed,2024-09-23 16:00:00,16,5,AGT002
TKT100525,11610,2024-03-08 00:00:00,Shipping,Medium,Resolved,2024-03-10 11:00:00,59,,AGT019
TKT100526,16436,2024-09-25 00:00:00,Order Issue,Medium,In Progress,,,,AGT018
TKT100527,19333,2024-03-30 00:00:00,Order Issue,Low,Closed,2024-04-02 04:00:00,76,3,AGT014
TKT100528,12561,2024-04-03 00:00:00,Payment,Medium,Resolved,2024-04-04 20:00:00,44,,AGT015
TKT100529,11369,2024-01-12 00:00:00,Shipping,Low,In Progress,,,,AGT004
TKT100530,15057,2024-03-04 00:00:00,Technical,Urgent,Resolved,2024-03-04 02:00:00,2,,AGT004
TKT100531,18653,2024-02-13 00:00:00,Returns,Low,Closed,2024-02-17 14:00:00,110,1,AGT005
TKT100532,13073,2024-02-07 00:00:00,Returns,Medium,Closed,2024-02-08 08:00:00,32,4,AGT004
TKT100533,18500,2024-07-31 00:00:00,Technical,High,Open,,,,AGT001
TKT100534,11620,2024-09-07 00:00:00,Product Query,Medium,In Progress,,,,AGT012
TKT100535,15538,2024-01-30 00:00:00,Technical,Medium,Resolved,2024-01-31 17:00:00,41,,AGT008
TKT100536,19070,2024-03-11 00:00:00,Order Issue,Low,Closed,2024-03-12 08:00:00,32,5,AGT013
TKT100537,12790,2024-05-03 00:00:00,Order Issue,High,Open,,,,AGT018
TKT100538,10109,2024-09-02 00:00:00,Order Issue,High,Open,,,,AGT008
TKT100539,19802,2024-10-21 00:00:00,Order Issue,Medium,Closed,2024-10-21 18:00:00,18,4,AGT010
TKT100540,14048,2024-04-15 00:00:00,Order Issue,High,Resolved,2024-04-15 07:00:00,7,,AGT015
TKT100541,12210,2024-07-30 00:00:00,Payment,Medium,Open,,,,AGT017
TKT100542,16905,2024-02-12 00:00:00,Order Issue,Urgent,In Progress,,,,AGT012
TKT100543,15698,2024-04-11 00:00:00,Shipping,Low,Resolved,2024-04-15 20:00:00,116,,AGT005
TKT100544,11187,2024-06-04 00:00:00,Other,Low,Resolved,2024-06-06 20:00:00,68,,AGT018
TKT100545,17805,2024-03-10 00:00:00,Product Query,Medium,Resolved,2024-03-12 17:00:00,65,,AGT004
TKT100546,14282,2024-09-20 00:00:00,Order Issue,Medium,Resolved,2024-09-21 14:00:00,38,,AGT014
TKT100547,14597,2024-02-07 00:00:00,Product Query,Low,Closed,2024-02-09 15:00:00,63,2,AGT019
TKT100548,19105,2024-03-09 00:00:00,Payment,High,Closed,2024-03-09 15:00:00,15,4,AGT009
TKT100549,14339,2024-02-04 00:00:00,Other,Low,Resolved,2024-02-06 19:00:00,67,,AGT004
TKT100550,17308,2024-03-30 00:00:00,Returns,Medium,Resolved,2024-04-01 18:00:00,66,,AGT004
TKT100551,14680,2024-10-04 00:00:00,Order Issue,Medium,In Progress,,,,AGT013
TKT100552,17434,2024-04-01 00:00:00,Order Issue,Medium,Resolved,2024-04-01 12:00:00,12,,AGT019
TKT100553,13519,2024-07-12 00:00:00,Other,Medium,Closed,2024-07-13 00:00:00,24,4,AGT010
TKT100554,16320,2024-03-20 00:00:00,Order Issue,Low,Closed,2024-03-21 14:00:00,38,3,AGT017
TKT100555,15298,2024-06-24 00:00:00,Payment,Medium,In Progress,,,,AGT013
TKT100556,12956,2024-02-08 00:00:00,Order Issue,Low,Closed,2024-02-12 08:00:00,104,4,AGT014
TKT100557,15102,2024-02-14 00:00:00,Technical,High,In Progress,,,,AGT009
TKT100558,14240,2024-02-10 00:00:00,Shipping,Urgent,Closed,2024-02-10 04:00:00,4,1,AGT020
TKT100559,12613,2024-08-12 00:00:00,Product Query,Low,Resolved,2024-08-13 18:00:00,42,,AGT018
TKT100560,10989,2024-06-27 00:00:00,Returns,Medium,Resolved,2024-06-29 14:00:00,62,,AGT014
TKT100561,13528,2024-08-27 00:00:00,Payment,Medium,In Progress,,,,AGT006
TKT100562,13347,2024-06-08 00:00:00,Order Issue,Medium,Closed,2024-06-10 16:00:00,64,5,AGT001
TKT100563,16753,2024-08-25 00:00:00,Payment,Low,Resolved,2024-08-28 04:00:00,76,,AGT011
TKT100564,12530,2024-01-24 00:00:00,Order Issue,Low,Closed,2024-01-26 05:00:00,53,3,AGT012
TKT100565,17840,2024-09-17 00:00:00,Product Query,Low,Closed,2024-09-20 02:00:00,74,1,AGT003
TKT100566,14485,2024-10-23 00:00:00,Technical,Medium,Resolved,2024-10-25 22:00:00,70,,AGT011
TKT100567,15538,2024-06-12 00:00:00,Shipping,Low,Closed,2024-06-16 07:00:00,103,5,AGT018
TKT100568,16652,2024-09-12 00:00:00,Other,Medium,Resolved,2024-09-14 08:00:00,56,,AGT012
TKT100569,11907,2024-01-23 00:00:00,Returns,High,Resolved,2024-01-23 10:00:00,10,,AGT001
TKT100570,14298,2024-06-03 00:00:00,Payment,Medium,Resolved,2024-06-05 12:00:00,60,,AGT016
TKT100571,10483,2024-02-11 00:00:00,Technical,High,Open,,,,AGT014
TKT100572,16549,2024-10-16 00:00:00,Product Query,Medium,Closed,2024-10-18 02:00:00,50,1,AGT008
TKT100573,19409,2024-10-06 00:00:00,Product Query,Medium,Resolved,2024-10-08 14:00:00,62,,AGT019
TKT100574,16062,2024-08-23 00:00:00,Order Issue,Urgent,Closed,2024-08-23 03:00:00,3,5,AGT002
TKT100575,10622,2024-05-02 00:00:00,Product Query,Medium,Resolved,2024-05-04 06:00:00,54,,AGT004
TKT100576,10109,2024-06-21 00:00:00,Payment,Low,Closed,2024-06-26 04:00:00,124,3,AGT018
TKT100577,16198,2024-08-30 00:00:00,Returns,High,Closed,2024-08-30 06:00:00,6,2,AGT015
TKT100578,14213,2024-05-04 00:00:00,Shipping,High,Open,,,,AGT004
TKT100579,11902,2024-04-02 00:00:00,Product Query,Medium,Closed,2024-04-04 18:00:00,66,1,AGT019
TKT100580,16836,2024-08-06 00:00:00,Technical,Medium,Closed,2024-08-08 12:00:00,60,5,AGT012
TKT100581,17709,2024-02-13 00:00:00,Payment,High,Closed,2024-02-13 16:00:00,16,3,AGT020
TKT100582,19834,2024-04-29 00:00:00,Order Issue,Medium,Resolved,2024-05-01 23:00:00,71,,AGT015
TKT100583,15699,2024-02-04 00:00:00,Returns,Low,Resolved,2024-02-08 02:00:00,98,,AGT014
TKT100584,19992,2024-02-18 00:00:00,Technical,High,Resolved,2024-02-18 22:00:00,22,,AGT007
TKT100585,18851,2024-01-19 00:00:00,Product Query,Medium,Closed,2024-01-19 22:00:00,22,3,AGT020
TKT100586,17604,2024-07-25 00:00:00,Shipping,Urgent,Closed,2024-07-25 01:00:00,1,1,AGT015
TKT100587,14102,2024-07-21 00:00:00,Order Issue,Low,Closed,2024-07-24 07:00:00,79,5,AGT017
TKT100588,12030,2024-06-08 00:00:00,Technical,Medium,Open,,,,AGT008
TKT100589,14989,2024-01-11 00:00:00,Order Issue,Low,In Progress,,,,AGT010
TKT100590,17204,2024-03-06 00:00:00,Order Issue,Low,Closed,2024-03-08 09:00:00,57,3,AGT014
TKT100591,10628,2024-10-31 00:00:00,Order Issue,High,Closed,2024-10-31 17:00:00,17,1,AGT008
TKT100592,11939,2024-10-31 00:00:00,Payment,High,Open,,,,AGT002
TKT100593,17246,2024-01-31 00:00:00,Product Query,Medium,In Progress,,,,AGT001
TKT100594,14376,2024-08-12 00:00:00,Payment,High,Closed,2024-08-12 08:00:00,8,5,AGT010
TKT100595,17036,2024-06-15 00:00:00,Product Query,Low,Closed,2024-06-19 06:00:00,102,4,AGT001
TKT100596,12325,2024-08-08 00:00:00,Product Query,Medium,Open,,,,AGT002
TKT100597,11005,2024-09-22 00:00:00,Returns,Low,Closed,2024-09-26 07:00:00,103,2,AGT002
TKT100598,17323,2024-10-08 00:00:00,Payment,Medium,Closed,2024-10-09 05:00:00,29,5,AGT018
TKT100599,17084,2024-04-26 00:00:00,Returns,Low,Resolved,2024-05-01 01:00:00,121,,AGT002
TKT100600,11692,2024-04-02 00:00:00,Order Issue,Urgent,Closed,2024-04-02 02:00:00,2,1,AGT012
TKT100601,10923,2024-10-18 00:00:00,Order Issue,Medium,Closed,2024-10-19 23:00:00,47,1,AGT016
TKT100602,12093,2024-07-31 00:00:00,Shipping,Low,Closed,2024-08-05 15:00:00,135,1,AGT014
TKT100603,13532,2024-09-10 00:00:00,Shipping,Medium,Closed,2024-09-10 22:00:00,22,4,AGT013
TKT100604,14659,2024-02-22 00:00:00,Order Issue,Medium,Closed,2024-02-23 09:00:00,33,2,AGT006
TKT100605,11512,2024-07-07 00:00:00,Other,Medium,Resolved,2024-07-09 15:00:00,63,,AGT005
TKT100606,11272,2024-09-26 00:00:00,Order Issue,Medium,Closed,2024-09-28 19:00:00,67,3,AGT020
TKT100607,14823,2024-01-31 00:00:00,Product Query,Medium,Closed,2024-02-01 13:00:00,37,3,AGT017
TKT100608,10432,2024-06-03 00:00:00,Technical,High,Resolved,2024-06-03 23:00:00,23,,AGT010
TKT100609,13367,2024-06-01 00:00:00,Order Issue,Medium,Resolved,2024-06-02 00:00:00,24,,AGT010
TKT100610,17826,2024-03-27 00:00:00,Product Query,Medium,Open,,,,AGT003
TKT100611,14471,2024-04-17 00:00:00,Technical,Medium,In Progress,,,,AGT006
TKT100612,14374,2024-09-23 00:00:00,Order Issue,Medium,Closed,2024-09-25 17:00:00,65,1,AGT004
TKT100613,18326,2024-02-06 00:00:00,Order Issue,Medium,In Progress,,,,AGT019
TKT100614,16613,2024-10-22 00:00:00,Payment,Medium,Closed,2024-10-23 15:00:00,39,3,AGT011
TKT100615,10080,2024-05-19 00:00:00,Payment,Low,Closed,2024-05-20 02:00:00,26,3,AGT016
TKT100616,14964,2024-09-28 00:00:00,Payment,Low,Closed,2024-10-03 03:00:00,123,5,AGT019
TKT100617,19178,2024-05-11 00:00:00,Technical,Medium,Resolved,2024-05-12 22:00:00,46,,AGT016
TKT100618,12459,2024-09-08 00:00:00,Payment,High,Resolved,2024-09-08 09:00:00,9,,AGT006
TKT100619,10432,2024-07-16 00:00:00,Payment,Medium,Resolved,2024-07-18 12:00:00,60,,AGT004
TKT100620,17832,2024-01-01 00:00:00,Product Query,Medium,Resolved,2024-01-03 11:00:00,59,,AGT002
TKT100621,10714,2024-04-16 00:00:00,Returns,Low,Closed,2024-04-18 12:00:00,60,5,AGT013
TKT100622,12325,2024-03-26 00:00:00,Product Query,Medium,Resolved,2024-03-28 08:00:00,56,,AGT003
TKT100623,16836,2024-04-23 00:00:00,Technical,Urgent,Closed,2024-04-23 01:00:00,1,1,AGT018
TKT100624,14144,2024-09-01 00:00:00,Product Query,Medium,Closed,2024-09-01 21:00:00,21,1,AGT018
TKT100625,12508,2024-09-03 00:00:00,Order Issue,Medium,Resolved,2024-09-05 20:00:00,68,,AGT020
TKT100626,19919,2024-02-12 00:00:00,Returns,High,Closed,2024-02-12 04:00:00,4,3,AGT002
TKT100627,18359,2024-01-07 00:00:00,Order Issue,Low,In Progress,,,,AGT009
TKT100628,17578,2024-03-14 00:00:00,Order Issue,Low,Closed,2024-03-16 08:00:00,56,5,AGT019
TKT100629,17414,2024-06-10 00:00:00,Shipping,Medium,Closed,2024-06-12 22:00:00,70,1,AGT011
TKT100630,14692,2024-07-21 00:00:00,Other,Medium,Closed,2024-07-23 19:00:00,67,3,AGT009
TKT100631,16052,2024-02-16 00:00:00,Shipping,Medium,Open,,,,AGT018
TKT100632,16686,2024-03-14 00:00:00,Product Query,Medium,Closed,2024-03-14 22:00:00,22,1,AGT019
TKT100633,16556,2024-06-19 00:00:00,Other,Medium,Open,,,,AGT001
TKT100634,12645,2024-06-24 00:00:00,Other,Low,Closed,2024-06-29 08:00:00,128,1,AGT001
TKT100635,19773,2024-07-03 00:00:00,Product Query,Low,Resolved,2024-07-07 23:00:00,119,,AGT009
TKT100636,14556,2024-02-14 00:00:00,Order Issue,Low,In Progress,,,,AGT007
TKT100637,14243,2024-08-27 00:00:00,Product Query,Low,Resolved,2024-09-01 18:00:00,138,,AGT008
TKT100638,17041,2024-09-14 00:00:00,Order Issue,Low,Closed,2024-09-16 22:00:00,70,3,AGT020
TKT100639,14019,2024-08-21 00:00:00,Other,Medium,Open,,,,AGT014
TKT100640,14376,2024-01-02 00:00:00,Shipping,High,Resolved,2024-01-02 06:00:00,6,,AGT017
TKT100641,15109,2024-08-08 00:00:00,Returns,Medium,Closed,2024-08-09 10:00:00,34,2,AGT001
TKT100642,14659,2024-04-30 00:00:00,Shipping,Low,Closed,2024-05-04 20:00:00,116,3,AGT020
TKT100643,19291,2024-09-09 00:00:00,Payment,Medium,Closed,2024-09-09 13:00:00,13,2,AGT009
TKT100644,15267,2024-02-22 00:00:00,Shipping,High,Resolved,2024-02-22 05:00:00,5,,AGT007
TKT100645,16490,2024-03-11 00:00:00,Payment,Medium,Resolved,2024-03-11 16:00:00,16,,AGT015
TKT100646,12078,2024-06-26 00:00:00,Shipping,Low,Closed,2024-06-28 06:00:00,54,2,AGT019
TKT100647,16027,2024-09-17 00:00:00,Order Issue,Medium,Closed,2024-09-18 10:00:00,34,4,AGT018
TKT100648,14365,2024-05-06 00:00:00,Shipping,Medium,Open,,,,AGT016
TKT100649,14835,2024-05-23 00:00:00,Product Query,Medium,In Progress,,,,AGT011
TKT100650,15670,2024-09-13 00:00:00,Order Issue,Medium,Resolved,2024-09-14 21:00:00,45,,AGT020
TKT100651,10628,2024-08-07 00:00:00,Payment,Medium,Resolved,2024-08-08 05:00:00,29,,AGT008
TKT100652,17044,2024-02-05 00:00:00,Shipping,High,Resolved,2024-02-05 18:00:00,18,,AGT010
TKT100653,11405,2024-02-10 00:00:00,Shipping,High,In Progress,,,,AGT016
TKT100654,11120,2024-05-03 00:00:00,Order Issue,High,Closed,2024-05-03 13:00:00,13,4,AGT001
TKT100655,10722,2024-09-01 00:00:00,Returns,Medium,Closed,2024-09-03 19:00:00,67,4,AGT006
TKT100656,17574,2024-10-04 00:00:00,Order Issue,High,In Progress,,,,AGT012
TKT100657,11418,2024-08-02 00:00:00,Order Issue,High,Resolved,2024-08-02 11:00:00,11,,AGT006
TKT100658,12068,2024-10-10 00:00:00,Returns,Medium,Closed,2024-10-12 20:00:00,68,5,AGT002
TKT100659,13325,2024-03-01 00:00:00,Order Issue,Low,Closed,2024-03-04 19:00:00,91,3,AGT012
TKT100660,16174,2024-10-11 00:00:00,Shipping,High,Closed,2024-10-11 16:00:00,16,5,AGT012
TKT100661,10899,2024-07-08 00:00:00,Returns,Medium,Resolved,2024-07-08 23:00:00,23,,AGT014
TKT100662,10570,2024-08-18 00:00:00,Payment,Low,Closed,2024-08-22 12:00:00,108,3,AGT004
TKT100663,18361,2024-06-16 00:00:00,Product Query,Medium,In Progress,,,,AGT009
TKT100664,12159,2024-03-11 00:00:00,Returns,Medium,In Progress,,,,AGT005
TKT100665,13472,2024-02-25 00:00:00,Order Issue,Medium,Resolved,2024-02-26 08:00:00,32,,AGT012
TKT100666,11285,2024-04-26 00:00:00,Payment,Low,Resolved,2024-04-28 03:00:00,51,,AGT015
TKT100667,18838,2024-04-04 00:00:00,Technical,Medium,In Progress,,,,AGT004
TKT100668,16038,2024-10-18 00:00:00,Shipping,Medium,Closed,2024-10-19 03:00:00,27,3,AGT013
TKT100669,11731,2024-03-02 00:00:00,Technical,Medium,Closed,2024-03-04 14:00:00,62,3,AGT002
TKT100670,17760,2024-07-15 00:00:00,Payment,High,Resolved,2024-07-15 10:00:00,10,,AGT001
TKT100671,19587,2024-10-24 00:00:00,Other,Medium,Closed,2024-10-24 15:00:00,15,1,AGT012
TKT100672,17125,2024-08-18 00:00:00,Order Issue,Medium,Resolved,2024-08-20 07:00:00,55,,AGT006
TKT100673,12325,2024-02-27 00:00:00,Shipping,High,Resolved,2024-02-27 13:00:00,13,,AGT010
TKT100674,18264,2024-09-15 00:00:00,Shipping,High,Closed,2024-09-15 19:00:00,19,4,AGT006
TKT100675,12294,2024-10-02 00:00:00,Technical,High,In Progress,,,,AGT002
TKT100676,14474,2024-02-12 00:00:00,Product Query,Low,Resolved,2024-02-17 10:00:00,130,,AGT019
TKT100677,14395,2024-02-05 00:00:00,Product Query,High,Closed,2024-02-05 11:00:00,11,3,AGT005
TKT100678,15582,2024-10-10 00:00:00,Returns,Medium,Closed,2024-10-12 06:00:00,54,1,AGT001
TKT100679,13470,2024-06-09 00:00:00,Returns,High,Closed,2024-06-09 09:00:00,9,2,AGT020
TKT100680,10466,2024-06-04 00:00:00,Returns,High,Closed,2024-06-04 07:00:00,7,1,AGT006
TKT100681,12443,2024-06-25 00:00:00,Other,Low,Closed,2024-06-28 12:00:00,84,2,AGT007
TKT100682,12932,2024-03-12 00:00:00,Technical,Low,Open,,,,AGT003
TKT100683,14258,2024-01-29 00:00:00,Order Issue,Medium,Closed,2024-01-30 07:00:00,31,5,AGT004
TKT100684,17158,2024-03-18 00:00:00,Returns,Low,In Progress,,,,AGT017
TKT100685,14097,2024-03-12 00:00:00,Product Query,High,In Progress,,,,AGT003
TKT100686,19568,2024-08-16 00:00:00,Payment,High,Resolved,2024-08-16 18:00:00,18,,AGT017
TKT100687,12321,2024-04-10 00:00:00,Payment,Medium,Closed,2024-04-12 14:00:00,62,3,AGT019
TKT100688,15332,2024-04-23 00:00:00,Returns,High,Closed,2024-04-23 11:00:00,11,3,AGT017
TKT100689,18989,2024-09-05 00:00:00,Payment,Medium,Closed,2024-09-07 19:00:00,67,4,AGT009
TKT100690,16380,2024-06-26 00:00:00,Order Issue,Medium,Resolved,2024-06-27 13:00:00,37,,AGT012
TKT100691,19919,2024-06-16 00:00:00,Product Query,Low,Resolved,2024-06-18 07:00:00,55,,AGT017
TKT100692,15166,2024-04-27 00:00:00,Technical,Medium,In Progress,,,,AGT006
TKT100693,13924,2024-09-16 00:00:00,Shipping,High,Resolved,2024-09-16 17:00:00,17,,AGT002
TKT100694,12127,2024-10-15 00:00:00,Product Query,Medium,In Progress,,,,AGT015
TKT100695,19117,2024-03-18 00:00:00,Order Issue,Low,Resolved,2024-03-21 05:00:00,77,,AGT007
TKT100696,13596,2024-08-16 00:00:00,Order Issue,Urgent,Closed,2024-08-16 05:00:00,5,1,AGT013
TKT100697,16879,2024-06-08 00:00:00,Product Query,Medium,Closed,2024-06-10 03:00:00,51,3,AGT009
TKT100698,15831,2024-01-03 00:00:00,Product Query,Low,Resolved,2024-01-07 07:00:00,103,,AGT001
TKT100699,19081,2024-04-07 00:00:00,Order Issue,Medium,Resolved,2024-04-09 02:00:00,50,,AGT011
TKT100700,19272,2024-03-06 00:00:00,Product Query,Low,Closed,2024-03-10 23:00:00,119,3,AGT017
TKT100701,13637,2024-05-06 00:00:00,Product Query,High,Resolved,2024-05-06 07:00:00,7,,AGT004
TKT100702,10563,2024-08-09 00:00:00,Returns,Low,Closed,2024-08-13 16:00:00,112,4,AGT018
TKT100703,19144,2024-07-09 00:00:00,Returns,High,Closed,2024-07-09 06:00:00,6,2,AGT008
TKT100704,13074,2024-09-11 00:00:00,Returns,Medium,In Progress,,,,AGT003
TKT100705,13091,2024-04-17 00:00:00,Order Issue,Medium,In Progress,,,,AGT005
TKT100706,16917,2024-03-21 00:00:00,Technical,Medium,Closed,2024-03-22 14:00:00,38,2,AGT010
TKT100707,18374,2024-08-31 00:00:00,Technical,Low,Closed,2024-09-05 04:00:00,124,2,AGT005
TKT100708,12736,2024-02-01 00:00:00,Order Issue,High,Closed,2024-02-01 17:00:00,17,1,AGT020
TKT100709,19287,2024-02-10 00:00:00,Order Issue,Low,Resolved,2024-02-12 00:00:00,48,,AGT006
TKT100710,19298,2024-04-14 00:00:00,Other,Low,Resolved,2024-04-16 10:00:00,58,,AGT019
TKT100711,13363,2024-02-22 00:00:00,Payment,Medium,Resolved,2024-02-24 00:00:00,48,,AGT003
TKT100712,16436,2024-10-30 00:00:00,Order Issue,High,Resolved,2024-10-30 09:00:00,9,,AGT006
TKT100713,14473,2024-04-08 00:00:00,Technical,Medium,In Progress,,,,AGT008
TKT100714,13873,2024-06-26 00:00:00,Product Query,Medium,In Progress,,,,AGT018
TKT100715,13512,2024-03-16 00:00:00,Product Query,Low,Closed,2024-03-19 21:00:00,93,2,AGT020
TKT100716,14725,2024-01-13 00:00:00,Other,Medium,Closed,2024-01-13 19:00:00,19,1,AGT014
TKT100717,15422,2024-01-22 00:00:00,Order Issue,Low,Resolved,2024-01-27 22:00:00,142,,AGT013
TKT100718,13638,2024-10-30 00:00:00,Order Issue,Low,Closed,2024-11-01 14:00:00,62,5,AGT014
TKT100719,16963,2024-08-09 00:00:00,Shipping,Medium,Closed,2024-08-11 11:00:00,59,2,AGT005
TKT100720,11002,2024-03-15 00:00:00,Product Query,Medium,Closed,2024-03-16 11:00:00,35,2,AGT013
TKT100721,13825,2024-10-16 00:00:00,Technical,Low,Closed,2024-10-19 23:00:00,95,2,AGT018
TKT100722,12196,2024-04-22 00:00:00,Order Issue,Medium,Open,,,,AGT002
TKT100723,15457,2024-05-15 00:00:00,Other,Urgent,Closed,2024-05-15 05:00:00,5,2,AGT011
TKT100724,10310,2024-07-09 00:00:00,Order Issue,Medium,Resolved,2024-07-11 09:00:00,57,,AGT008
TKT100725,18891,2024-01-27 00:00:00,Other,High,Closed,2024-01-27 15:00:00,15,4,AGT013
TKT100726,13823,2024-05-09 00:00:00,Product Query,Urgent,Closed,2024-05-09 05:00:00,5,5,AGT004
TKT100727,19500,2024-01-19 00:00:00,Returns,Medium,Open,,,,AGT019
TKT100728,13682,2024-04-20 00:00:00,Product Query,Low,Closed,2024-04-23 13:00:00,85,3,AGT009
TKT100729,17162,2024-05-02 00:00:00,Technical,High,Closed,2024-05-02 23:00:00,23,3,AGT011
TKT100730,13556,2024-06-19 00:00:00,Order Issue,Medium,Closed,2024-06-20 13:00:00,37,2,AGT003
TKT100731,12859,2024-02-11 00:00:00,Payment,Urgent,Resolved,2024-02-11 02:00:00,2,,AGT010
TKT100732,10628,2024-08-03 00:00:00,Returns,Low,Closed,2024-08-07 17:00:00,113,1,AGT016
TKT100733,18296,2024-09-12 00:00:00,Product Query,Medium,Closed,2024-09-13 07:00:00,31,4,AGT007
TKT100734,19304,2024-06-14 00:00:00,Order Issue,Low,Resolved,2024-06-18 10:00:00,106,,AGT007
TKT100735,11320,2024-04-13 00:00:00,Payment,Low,Resolved,2024-04-15 11:00:00,59,,AGT006
TKT100736,11608,2024-06-17 00:00:00,Order Issue,Low,Resolved,2024-06-22 00:00:00,120,,AGT012
TKT100737,15019,2024-09-10 00:00:00,Order Issue,Low,Closed,2024-09-15 01:00:00,121,3,AGT010
TKT100738,19746,2024-05-17 00:00:00,Payment,Low,Resolved,2024-05-19 14:00:00,62,,AGT009
TKT100739,12637,2024-02-10 00:00:00,Product Query,High,Resolved,2024-02-10 06:00:00,6,,AGT003
TKT100740,16126,2024-01-10 00:00:00,Product Query,Low,Closed,2024-01-11 06:00:00,30,5,AGT003
TKT100741,12533,2024-01-12 00:00:00,Technical,Urgent,Closed,2024-01-12 02:00:00,2,2,AGT019
TKT100742,15180,2024-05-09 00:00:00,Shipping,Medium,Closed,2024-05-11 05:00:00,53,5,AGT019
TKT100743,11418,2024-09-04 00:00:00,Payment,High,Closed,2024-09-04 22:00:00,22,3,AGT004
TKT100744,19121,2024-06-27 00:00:00,Returns,Medium,Closed,2024-06-29 15:00:00,63,2,AGT007
TKT100745,14867,2024-01-23 00:00:00,Shipping,Medium,Resolved,2024-01-25 07:00:00,55,,AGT004
TKT100746,12944,2024-02-28 00:00:00,Shipping,Low,Closed,2024-02-29 14:00:00,38,2,AGT015
TKT100747,19414,2024-02-12 00:00:00,Returns,Medium,Resolved,2024-02-12 15:00:00,15,,AGT009
TKT100748,13849,2024-02-05 00:00:00,Returns,Medium,Closed,2024-02-05 20:00:00,20,3,AGT001
TKT100749,12056,2024-04-12 00:00:00,Other,High,In Progress,,,,AGT007
TKT100750,12577,2024-06-05 00:00:00,Product Query,Medium,Closed,2024-06-06 08:00:00,32,4,AGT017
TKT100751,10997,2024-06-04 00:00:00,Returns,Medium,Closed,2024-06-06 02:00:00,50,2,AGT004
TKT100752,14868,2024-07-30 00:00:00,Payment,Low,In Progress,,,,AGT010
TKT100753,17677,2024-01-31 00:00:00,Returns,High,Resolved,2024-01-31 12:00:00,12,,AGT012
TKT100754,18795,2024-10-29 00:00:00,Payment,Medium,Open,,,,AGT015
TKT100755,16051,2024-09-22 00:00:00,Returns,Medium,Closed,2024-09-24 19:00:00,67,1,AGT013
TKT100756,16528,2024-10-10 00:00:00,Product Query,Medium,Closed,2024-10-12 16:00:00,64,2,AGT008
TKT100757,17356,2024-07-29 00:00:00,Payment,High,Resolved,2024-07-29 10:00:00,10,,AGT008
TKT100758,19169,2024-07-20 00:00:00,Payment,Medium,Closed,2024-07-20 18:00:00,18,2,AGT020
TKT100759,14105,2024-01-11 00:00:00,Returns,Medium,Closed,2024-01-13 13:00:00,61,5,AGT002
TKT100760,11791,2024-05-28 00:00:00,Order Issue,Medium,Closed,2024-05-28 13:00:00,13,5,AGT006
TKT100761,16702,2024-08-26 00:00:00,Order Issue,Medium,Open,,,,AGT004
TKT100762,15439,2024-08-02 00:00:00,Shipping,Medium,Resolved,2024-08-03 21:00:00,45,,AGT002
TKT100763,15298,2024-08-22 00:00:00,Payment,High,In Progress,,,,AGT006
TKT100764,12381,2024-01-23 00:00:00,Other,High,In Progress,,,,AGT005
TKT100765,18430,2024-06-13 00:00:00,Product Query,Medium,Closed,2024-06-15 13:00:00,61,3,AGT001
TKT100766,10679,2024-10-02 00:00:00,Product Query,Medium,Closed,2024-10-03 19:00:00,43,3,AGT020
TKT100767,13570,2024-09-25 00:00:00,Returns,Medium,In Progress,,,,AGT004
TKT100768,12341,2024-10-25 00:00:00,Order Issue,Medium,Resolved,2024-10-25 17:00:00,17,,AGT018
TKT100769,17097,2024-09-18 00:00:00,Returns,Low,Closed,2024-09-19 16:00:00,40,3,AGT011
TKT100770,12688,2024-07-16 00:00:00,Order Issue,Urgent,Closed,2024-07-16 01:00:00,1,4,AGT007
TKT100771,12608,2024-04-21 00:00:00,Technical,Medium,Closed,2024-04-23 19:00:00,67,1,AGT005
TKT100772,16864,2024-01-04 00:00:00,Other,Medium,Closed,2024-01-06 18:00:00,66,3,AGT014
TKT100773,11605,2024-06-30 00:00:00,Payment,Low,Resolved,2024-07-04 00:00:00,96,,AGT020
TKT100774,11120,2024-03-11 00:00:00,Payment,Low,Resolved,2024-03-16 20:00:00,140,,AGT007
TKT100775,10553,2024-07-03 00:00:00,Product Query,Medium,Open,,,,AGT016
TKT100776,17417,2024-10-16 00:00:00,Product Query,Low,Closed,2024-10-19 16:00:00,88,3,AGT020
TKT100777,13182,2024-06-12 00:00:00,Shipping,Medium,Open,,,,AGT003
TKT100778,12397,2024-01-13 00:00:00,Technical,Medium,Closed,2024-01-15 16:00:00,64,5,AGT002
TKT100779,16998,2024-08-18 00:00:00,Order Issue,Medium,Resolved,2024-08-20 06:00:00,54,,AGT020
TKT100780,12985,2024-05-05 00:00:00,Returns,Low,Closed,2024-05-10 05:00:00,125,4,AGT004
TKT100781,19799,2024-04-18 00:00:00,Payment,Medium,Resolved,2024-04-19 13:00:00,37,,AGT003
TKT100782,10138,2024-02-05 00:00:00,Order Issue,Medium,In Progress,,,,AGT012
TKT100783,17251,2024-06-07 00:00:00,Shipping,Low,Resolved,2024-06-12 09:00:00,129,,AGT013
TKT100784,16831,2024-09-03 00:00:00,Payment,Medium,Closed,2024-09-03 15:00:00,15,2,AGT013
TKT100785,19229,2024-03-28 00:00:00,Shipping,Medium,In Progress,,,,AGT004
TKT100786,19636,2024-01-30 00:00:00,Returns,Low,Closed,2024-02-01 06:00:00,54,1,AGT014
TKT100787,13470,2024-08-08 00:00:00,Order Issue,Low,Resolved,2024-08-12 10:00:00,106,,AGT004
TKT100788,19333,2024-10-30 00:00:00,Shipping,High,Closed,2024-10-30 14:00:00,14,1,AGT012
TKT100789,12234,2024-09-21 00:00:00,Other,Medium,In Progress,,,,AGT002
TKT100790,19117,2024-02-02 00:00:00,Returns,High,Resolved,2024-02-02 10:00:00,10,,AGT003
TKT100791,14868,2024-01-05 00:00:00,Returns,Low,In Progress,,,,AGT012
TKT100792,17389,2024-02-29 00:00:00,Payment,High,Resolved,2024-02-29 14:00:00,14,,AGT014
TKT100793,10835,2024-01-21 00:00:00,Payment,High,Resolved,2024-01-21 20:00:00,20,,AGT010
TKT100794,13601,2024-07-06 00:00:00,Order Issue,High,Open,,,,AGT014
TKT100795,18172,2024-07-19 00:00:00,Product Query,Medium,Resolved,2024-07-21 02:00:00,50,,AGT009
TKT100796,16528,2024-03-10 00:00:00,Order Issue,High,Resolved,2024-03-10 10:00:00,10,,AGT005
TKT100797,13708,2024-07-18 00:00:00,Order Issue,Urgent,Closed,2024-07-18 03:00:00,3,3,AGT014
TKT100798,19903,2024-02-24 00:00:00,Product Query,Low,Resolved,2024-02-28 00:00:00,96,,AGT019
TKT100799,12958,2024-03-11 00:00:00,Order Issue,Medium,Resolved,2024-03-13 19:00:00,67,,AGT016
TKT100800,17008,2024-08-17 00:00:00,Order Issue,Urgent,Resolved,2024-08-17 04:00:00,4,,AGT001
TKT100801,18537,2024-10-25 00:00:00,Payment,Low,Resolved,2024-10-27 11:00:00,59,,AGT015
TKT100802,12315,2024-07-01 00:00:00,Returns,High,In Progress,,,,AGT007
TKT100803,15534,2024-06-15 00:00:00,Order Issue,Low,In Progress,,,,AGT003
TKT100804,11907,2024-02-27 00:00:00,Product Query,Medium,Resolved,2024-02-29 11:00:00,59,,AGT016
TKT100805,18218,2024-01-05 00:00:00,Product Query,Low,Open,,,,AGT003
TKT100806,17414,2024-08-22 00:00:00,Shipping,Low,Closed,2024-08-23 20:00:00,44,4,AGT003
TKT100807,14374,2024-06-30 00:00:00,Shipping,Medium,Closed,2024-07-02 18:00:00,66,5,AGT017
TKT100808,12571,2024-10-10 00:00:00,Payment,Low,In Progress,,,,AGT020
TKT100809,18969,2024-04-20 00:00:00,Order Issue,Low,Closed,2024-04-22 13:00:00,61,2,AGT015
TKT100810,10349,2024-08-27 00:00:00,Returns,Medium,Closed,2024-08-28 19:00:00,43,2,AGT004
TKT100811,13432,2024-05-16 00:00:00,Technical,Medium,Closed,2024-05-18 03:00:00,51,1,AGT019
TKT100812,18180,2024-04-29 00:00:00,Technical,Medium,Open,,,,AGT015
TKT100813,17389,2024-05-22 00:00:00,Payment,Low,Open,,,,AGT012
TKT100814,18459,2024-07-02 00:00:00,Product Query,Medium,Resolved,2024-07-04 20:00:00,68,,AGT019
TKT100815,15573,2024-05-05 00:00:00,Product Query,High,Resolved,2024-05-05 19:00:00,19,,AGT002
TKT100816,13592,2024-03-04 00:00:00,Shipping,Medium,Resolved,2024-03-04 18:00:00,18,,AGT015
TKT100817,12325,2024-08-31 00:00:00,Shipping,High,Closed,2024-08-31 18:00:00,18,3,AGT018
TKT100818,12643,2024-02-21 00:00:00,Product Query,High,Closed,2024-02-21 16:00:00,16,4,AGT007
TKT100819,12023,2024-10-08 00:00:00,Payment,Medium,Closed,2024-10-09 21:00:00,45,1,AGT018
TKT100820,15174,2024-07-05 00:00:00,Order Issue,Medium,Resolved,2024-07-06 00:00:00,24,,AGT013
TKT100821,18627,2024-07-17 00:00:00,Product Query,Medium,Resolved,2024-07-17 14:00:00,14,,AGT001
TKT100822,10998,2024-01-01 00:00:00,Order Issue,Low,Closed,2024-01-06 16:00:00,136,1,AGT016
TKT100823,19500,2024-05-07 00:00:00,Order Issue,Medium,Closed,2024-05-09 20:00:00,68,5,AGT004
TKT100824,19852,2024-03-26 00:00:00,Technical,Medium,Resolved,2024-03-27 09:00:00,33,,AGT010
TKT100825,11196,2024-07-08 00:00:00,Returns,Low,Closed,2024-07-09 10:00:00,34,3,AGT009
TKT100826,11973,2024-10-25 00:00:00,Payment,Medium,Closed,2024-10-26 23:00:00,47,5,AGT014
TKT100827,12061,2024-07-02 00:00:00,Order Issue,Medium,Resolved,2024-07-02 12:00:00,12,,AGT007
TKT100828,12280,2024-02-18 00:00:00,Order Issue,Medium,Open,,,,AGT009
TKT100829,11599,2024-07-24 00:00:00,Product Query,Low,In Progress,,,,AGT014
TKT100830,15664,2024-10-01 00:00:00,Returns,Medium,Resolved,2024-10-03 18:00:00,66,,AGT013
TKT100831,10273,2024-10-13 00:00:00,Returns,Medium,Closed,2024-10-14 03:00:00,27,2,AGT004
TKT100832,15103,2024-08-22 00:00:00,Shipping,High,Closed,2024-08-22 09:00:00,9,1,AGT015
TKT100833,14097,2024-03-26 00:00:00,Shipping,Low,In Progress,,,,AGT006
TKT100834,15502,2024-04-09 00:00:00,Returns,Medium,In Progress,,,,AGT007
TKT100835,16855,2024-02-26 00:00:00,Product Query,Medium,In Progress,,,,AGT009
TKT100836,14227,2024-01-08 00:00:00,Payment,Medium,Resolved,2024-01-09 07:00:00,31,,AGT003
TKT100837,10906,2024-03-23 00:00:00,Order Issue,Medium,In Progress,,,,AGT006
TKT100838,17414,2024-01-02 00:00:00,Order Issue,Medium,Closed,2024-01-02 13:00:00,13,1,AGT018
TKT100839,16753,2024-02-20 00:00:00,Product Query,Low,Closed,2024-02-24 16:00:00,112,4,AGT009
TKT100840,14009,2024-06-28 00:00:00,Returns,High,In Progress,,,,AGT004
TKT100841,14330,2024-07-25 00:00:00,Technical,Low,Resolved,2024-07-26 13:00:00,37,,AGT011
TKT100842,13682,2024-09-10 00:00:00,Shipping,High,Closed,2024-09-10 12:00:00,12,5,AGT006
TKT100843,10595,2024-04-17 00:00:00,Other,Medium,Closed,2024-04-18 11:00:00,35,4,AGT014
TKT100844,10998,2024-09-20 00:00:00,Order Issue,Medium,In Progress,,,,AGT003
TKT100845,15424,2024-02-24 00:00:00,Returns,High,Resolved,2024-02-24 04:00:00,4,,AGT004
TKT100846,19592,2024-06-21 00:00:00,Payment,Low,Resolved,2024-06-24 15:00:00,87,,AGT005
TKT100847,15630,2024-05-17 00:00:00,Order Issue,Low,Closed,2024-05-22 00:00:00,120,4,AGT010
TKT100848,14105,2024-05-29 00:00:00,Shipping,Medium,Resolved,2024-05-30 11:00:00,35,,AGT005
TKT100849,14472,2024-01-05 00:00:00,Payment,Low,Closed,2024-01-06 15:00:00,39,5,AGT010
TKT100850,18306,2024-04-17 00:00:00,Shipping,Medium,Closed,2024-04-17 12:00:00,12,4,AGT004
TKT100851,13608,2024-10-26 00:00:00,Order Issue,Low,Resolved,2024-10-27 03:00:00,27,,AGT010
TKT100852,15684,2024-09-01 00:00:00,Shipping,Medium,Closed,2024-09-03 11:00:00,59,1,AGT016
TKT100853,12397,2024-07-23 00:00:00,Order Issue,Medium,Closed,2024-07-24 03:00:00,27,3,AGT004
TKT100854,10571,2024-05-25 00:00:00,Returns,Low,Closed,2024-05-29 11:00:00,107,1,AGT003
TKT100855,10204,2024-10-16 00:00:00,Technical,Medium,Resolved,2024-10-17 12:00:00,36,,AGT003
TKT100856,18296,2024-10-16 00:00:00,Product Query,Low,Resolved,2024-10-19 11:00:00,83,,AGT016
TKT100857,10777,2024-03-23 00:00:00,Product Query,Medium,In Progress,,,,AGT009
TKT100858,12815,2024-06-22 00:00:00,Returns,Medium,Resolved,2024-06-24 14:00:00,62,,AGT006
TKT100859,10814,2024-01-07 00:00:00,Technical,Urgent,Closed,2024-01-07 05:00:00,5,3,AGT016
TKT100860,19623,2024-06-22 00:00:00,Product Query,High,Closed,2024-06-22 16:00:00,16,3,AGT014
TKT100861,12139,2024-02-25 00:00:00,Product Query,High,In Progress,,,,AGT013
TKT100862,12199,2024-05-12 00:00:00,Payment,Low,Resolved,2024-05-13 14:00:00,38,,AGT007
TKT100863,16563,2024-03-31 00:00:00,Product Query,Medium,Resolved,2024-04-02 11:00:00,59,,AGT009
TKT100864,12945,2024-02-04 00:00:00,Returns,Low,Open,,,,AGT011
TKT100865,15891,2024-04-13 00:00:00,Shipping,Low,Closed,2024-04-16 02:00:00,74,5,AGT004
TKT100866,19321,2024-08-09 00:00:00,Order Issue,Medium,Closed,2024-08-11 20:00:00,68,2,AGT006
TKT100867,18202,2024-10-08 00:00:00,Payment,High,Closed,2024-10-08 10:00:00,10,2,AGT017
TKT100868,17267,2024-01-14 00:00:00,Order Issue,Medium,Open,,,,AGT004
TKT100869,19070,2024-04-21 00:00:00,Order Issue,Medium,Open,,,,AGT017
TKT100870,14441,2024-01-04 00:00:00,Product Query,Medium,Closed,2024-01-06 06:00:00,54,2,AGT017
TKT100871,18795,2024-08-02 00:00:00,Product Query,Medium,Open,,,,AGT009
TKT100872,12241,2024-03-16 00:00:00,Shipping,Urgent,Resolved,2024-03-16 03:00:00,3,,AGT003
TKT100873,15093,2024-01-08 00:00:00,Product Query,Low,Closed,2024-01-13 01:00:00,121,5,AGT019
TKT100874,10893,2024-03-16 00:00:00,Product Query,Medium,Resolved,2024-03-18 09:00:00,57,,AGT007
TKT100875,11082,2024-02-02 00:00:00,Shipping,Medium,Closed,2024-02-02 13:00:00,13,2,AGT012
TKT100876,14744,2024-04-27 00:00:00,Returns,Medium,Open,,,,AGT020
TKT100877,17979,2024-09-12 00:00:00,Product Query,High,Closed,2024-09-12 23:00:00,23,2,AGT006
TKT100878,11957,2024-09-23 00:00:00,Payment,Low,Closed,2024-09-28 19:00:00,139,2,AGT019
TKT100879,17624,2024-08-01 00:00:00,Payment,High,Resolved,2024-08-01 19:00:00,19,,AGT004
TKT100880,15740,2024-07-05 00:00:00,Returns,High,Resolved,2024-07-05 10:00:00,10,,AGT013
TKT100881,13586,2024-10-04 00:00:00,Product Query,Medium,Closed,2024-10-04 17:00:00,17,1,AGT005
TKT100882,12645,2024-04-05 00:00:00,Product Query,Low,Resolved,2024-04-06 01:00:00,25,,AGT009
TKT100883,15137,2024-02-25 00:00:00,Order Issue,High,Closed,2024-02-25 16:00:00,16,2,AGT006
TKT100884,12381,2024-10-21 00:00:00,Other,High,Closed,2024-10-21 06:00:00,6,5,AGT011
TKT100885,13905,2024-05-10 00:00:00,Shipping,Low,In Progress,,,,AGT019
TKT100886,11254,2024-09-17 00:00:00,Shipping,Medium,Closed,2024-09-19 18:00:00,66,5,AGT010
TKT100887,17443,2024-09-07 00:00:00,Order Issue,Low,Resolved,2024-09-11 08:00:00,104,,AGT005
TKT100888,10622,2024-07-07 00:00:00,Product Query,High,Closed,2024-07-07 23:00:00,23,2,AGT001
TKT100889,17593,2024-09-09 00:00:00,Payment,Low,Open,,,,AGT009
TKT100890,18290,2024-10-19 00:00:00,Shipping,High,Closed,2024-10-19 19:00:00,19,4,AGT015
TKT100891,19901,2024-05-29 00:00:00,Payment,Low,Resolved,2024-06-01 09:00:00,81,,AGT018
TKT100892,11306,2024-06-21 00:00:00,Returns,Low,Closed,2024-06-23 05:00:00,53,3,AGT012
TKT100893,16478,2024-02-06 00:00:00,Shipping,Low,Closed,2024-02-10 04:00:00,100,3,AGT003
TKT100894,14472,2024-02-02 00:00:00,Shipping,High,Closed,2024-02-02 05:00:00,5,1,AGT003
TKT100895,15859,2024-03-28 00:00:00,Shipping,Medium,Open,,,,AGT011
TKT100896,17133,2024-08-11 00:00:00,Product Query,Medium,Resolved,2024-08-12 11:00:00,35,,AGT001
TKT100897,19078,2024-01-25 00:00:00,Payment,Low,Closed,2024-01-29 15:00:00,111,1,AGT018
TKT100898,12318,2024-09-14 00:00:00,Product Query,Medium,Resolved,2024-09-15 23:00:00,47,,AGT001
TKT100899,11857,2024-06-06 00:00:00,Shipping,Low,Resolved,2024-06-09 06:00:00,78,,AGT020
TKT100900,17142,2024-09-14 00:00:00,Payment,Low,Closed,2024-09-16 04:00:00,52,5,AGT019
TKT100901,15267,2024-08-08 00:00:00,Payment,Urgent,Closed,2024-08-08 05:00:00,5,4,AGT003
TKT100902,14159,2024-10-19 00:00:00,Product Query,Medium,Open,,,,AGT003
TKT100903,10017,2024-06-07 00:00:00,Payment,Medium,In Progress,,,,AGT019
TKT100904,15941,2024-06-22 00:00:00,Order Issue,Medium,In Progress,,,,AGT016
TKT100905,14736,2024-06-25 00:00:00,Returns,Medium,Closed,2024-06-25 12:00:00,12,1,AGT004
TKT100906,11492,2024-02-18 00:00:00,Order Issue,Low,Closed,2024-02-19 15:00:00,39,1,AGT015
TKT100907,19281,2024-05-26 00:00:00,Other,Medium,Resolved,2024-05-28 06:00:00,54,,AGT009
TKT100908,11113,2024-10-08 00:00:00,Shipping,Low,Resolved,2024-10-09 03:00:00,27,,AGT018
TKT100909,16417,2024-03-24 00:00:00,Product Query,Low,Resolved,2024-03-26 00:00:00,48,,AGT014
TKT100910,16053,2024-01-21 00:00:00,Payment,High,Closed,2024-01-21 05:00:00,5,3,AGT018
TKT100911,16856,2024-05-26 00:00:00,Order Issue,Low,Open,,,,AGT005
TKT100912,17901,2024-05-29 00:00:00,Product Query,Low,Closed,2024-06-02 05:00:00,101,1,AGT014
TKT100913,18794,2024-02-15 00:00:00,Order Issue,Medium,Resolved,2024-02-17 07:00:00,55,,AGT014
TKT100914,18771,2024-09-02 00:00:00,Returns,Low,Closed,2024-09-05 12:00:00,84,5,AGT020
TKT100915,18426,2024-02-18 00:00:00,Product Query,Medium,Closed,2024-02-18 19:00:00,19,2,AGT007
TKT100916,18016,2024-02-11 00:00:00,Payment,Low,Open,,,,AGT019
TKT100917,19525,2024-06-04 00:00:00,Shipping,High,Closed,2024-06-04 06:00:00,6,5,AGT001
TKT100918,10104,2024-04-19 00:00:00,Technical,Low,In Progress,,,,AGT012
TKT100919,12917,2024-04-17 00:00:00,Other,High,Open,,,,AGT013
TKT100920,12199,2024-02-03 00:00:00,Product Query,Medium,Closed,2024-02-05 16:00:00,64,4,AGT005
TKT100921,17484,2024-10-06 00:00:00,Product Query,Low,Resolved,2024-10-11 03:00:00,123,,AGT019
TKT100922,14902,2024-02-24 00:00:00,Returns,Medium,In Progress,,,,AGT014
TKT100923,12965,2024-02-08 00:00:00,Returns,Low,In Progress,,,,AGT018
TKT100924,19248,2024-07-12 00:00:00,Payment,Medium,Closed,2024-07-13 03:00:00,27,1,AGT011
TKT100925,11413,2024-09-22 00:00:00,Product Query,Low,Resolved,2024-09-24 23:00:00,71,,AGT015
TKT100926,11250,2024-10-20 00:00:00,Returns,High,Resolved,2024-10-20 18:00:00,18,,AGT002
TKT100927,11603,2024-05-05 00:00:00,Shipping,Medium,Closed,2024-05-05 13:00:00,13,2,AGT007
TKT100928,18381,2024-09-02 00:00:00,Order Issue,High,In Progress,,,,AGT005
TKT100929,11967,2024-07-10 00:00:00,Payment,Medium,Closed,2024-07-12 04:00:00,52,2,AGT002
TKT100930,17007,2024-01-16 00:00:00,Product Query,Urgent,Closed,2024-01-16 01:00:00,1,4,AGT011
TKT100931,16905,2024-01-30 00:00:00,Payment,High,Resolved,2024-01-30 11:00:00,11,,AGT012
TKT100932,15451,2024-04-18 00:00:00,Product Query,Medium,In Progress,,,,AGT010
TKT100933,18008,2024-03-18 00:00:00,Returns,High,Resolved,2024-03-18 06:00:00,6,,AGT001
TKT100934,18500,2024-02-07 00:00:00,Product Query,Medium,Closed,2024-02-08 22:00:00,46,1,AGT004
TKT100935,16856,2024-06-15 00:00:00,Product Query,High,Closed,2024-06-15 12:00:00,12,2,AGT014
TKT100936,10382,2024-07-24 00:00:00,Other,High,Resolved,2024-07-24 05:00:00,5,,AGT007
TKT100937,10101,2024-06-15 00:00:00,Shipping,Low,Resolved,2024-06-17 22:00:00,70,,AGT015
TKT100938,19393,2024-08-13 00:00:00,Shipping,Low,Resolved,2024-08-17 10:00:00,106,,AGT002
TKT100939,19588,2024-03-02 00:00:00,Shipping,Medium,Closed,2024-03-04 22:00:00,70,3,AGT015
TKT100940,19459,2024-05-12 00:00:00,Order Issue,Medium,Closed,2024-05-14 06:00:00,54,3,AGT014
TKT100941,12199,2024-06-10 00:00:00,Returns,Low,Closed,2024-06-13 19:00:00,91,1,AGT003
TKT100942,11799,2024-05-23 00:00:00,Order Issue,Medium,In Progress,,,,AGT003
TKT100943,10271,2024-08-30 00:00:00,Shipping,Medium,Resolved,2024-08-31 13:00:00,37,,AGT004
TKT100944,15174,2024-05-25 00:00:00,Payment,Medium,Open,,,,AGT011
TKT100945,15917,2024-10-13 00:00:00,Order Issue,Low,In Progress,,,,AGT003
TKT100946,16009,2024-03-25 00:00:00,Technical,Low,Resolved,2024-03-29 11:00:00,107,,AGT018
TKT100947,17017,2024-10-16 00:00:00,Shipping,Medium,Resolved,2024-10-18 00:00:00,48,,AGT020
TKT100948,10852,2024-07-01 00:00:00,Returns,Low,Open,,,,AGT001
TKT100949,18083,2024-08-06 00:00:00,Order Issue,Low,Open,,,,AGT010
TKT100950,16902,2024-01-02 00:00:00,Product Query,Medium,In Progress,,,,AGT019
TKT100951,13608,2024-08-14 00:00:00,Product Query,High,Closed,2024-08-14 15:00:00,15,4,AGT009
TKT100952,15136,2024-06-29 00:00:00,Order Issue,Low,Closed,2024-07-02 21:00:00,93,5,AGT007
TKT100953,10422,2024-09-09 00:00:00,Product Query,Low,Resolved,2024-09-11 00:00:00,48,,AGT002
TKT100954,12278,2024-03-11 00:00:00,Shipping,High,Closed,2024-03-11 22:00:00,22,5,AGT014
TKT100955,15473,2024-07-14 00:00:00,Product Query,Urgent,In Progress,,,,AGT016
TKT100956,17525,2024-10-19 00:00:00,Product Query,Medium,Resolved,2024-10-20 09:00:00,33,,AGT013
TKT100957,19852,2024-08-09 00:00:00,Order Issue,Medium,Closed,2024-08-11 22:00:00,70,1,AGT010
TKT100958,14581,2024-02-17 00:00:00,Returns,Low,Closed,2024-02-22 23:00:00,143,2,AGT006
TKT100959,18554,2024-02-19 00:00:00,Technical,Medium,In Progress,,,,AGT015
TKT100960,19649,2024-01-05 00:00:00,Other,Low,Resolved,2024-01-07 13:00:00,61,,AGT017
TKT100961,16514,2024-06-28 00:00:00,Payment,Low,Closed,2024-07-03 20:00:00,140,4,AGT002
TKT100962,15884,2024-05-24 00:00:00,Payment,Medium,In Progress,,,,AGT016
TKT100963,11401,2024-08-07 00:00:00,Product Query,Urgent,Resolved,2024-08-07 04:00:00,4,,AGT014
TKT100964,12104,2024-03-23 00:00:00,Order Issue,Medium,Resolved,2024-03-25 03:00:00,51,,AGT019
TKT100965,16616,2024-02-10 00:00:00,Technical,Low,Closed,2024-02-14 17:00:00,113,4,AGT002
TKT100966,12158,2024-04-18 00:00:00,Order Issue,Medium,Resolved,2024-04-20 04:00:00,52,,AGT016
TKT100967,12437,2024-10-03 00:00:00,Product Query,High,Closed,2024-10-03 07:00:00,7,5,AGT008
TKT100968,15269,2024-03-10 00:00:00,Other,Medium,In Progress,,,,AGT014
TKT100969,12701,2024-04-09 00:00:00,Order Issue,Medium,Closed,2024-04-10 01:00:00,25,1,AGT008
TKT100970,13594,2024-03-29 00:00:00,Payment,Medium,In Progress,,,,AGT009
TKT100971,16174,2024-01-17 00:00:00,Product Query,Medium,Resolved,2024-01-19 13:00:00,61,,AGT009
TKT100972,11536,2024-07-19 00:00:00,Returns,Low,Closed,2024-07-23 17:00:00,113,5,AGT007
TKT100973,14365,2024-09-01 00:00:00,Product Query,High,Resolved,2024-09-01 17:00:00,17,,AGT008
TKT100974,14298,2024-10-10 00:00:00,Other,Medium,Open,,,,AGT013
TKT100975,13966,2024-04-15 00:00:00,Order Issue,Low,Open,,,,AGT011
TKT100976,18112,2024-01-26 00:00:00,Technical,Medium,Closed,2024-01-27 08:00:00,32,4,AGT012
TKT100977,17293,2024-06-20 00:00:00,Returns,High,Closed,2024-06-20 05:00:00,5,1,AGT017
TKT100978,13222,2024-08-05 00:00:00,Order Issue,Low,Resolved,2024-08-06 23:00:00,47,,AGT001
TKT100979,14036,2024-03-23 00:00:00,Payment,High,Closed,2024-03-23 23:00:00,23,1,AGT010
TKT100980,13781,2024-04-16 00:00:00,Shipping,Low,Closed,2024-04-17 08:00:00,32,4,AGT006
TKT100981,17856,2024-10-05 00:00:00,Product Query,High,Closed,2024-10-05 14:00:00,14,2,AGT014
TKT100982,15975,2024-09-14 00:00:00,Payment,High,Resolved,2024-09-14 09:00:00,9,,AGT014
TKT100983,12756,2024-03-29 00:00:00,Order Issue,Medium,In Progress,,,,AGT006
TKT100984,11660,2024-01-24 00:00:00,Shipping,High,Closed,2024-01-24 18:00:00,18,4,AGT019
TKT100985,12485,2024-09-05 00:00:00,Returns,Urgent,Closed,2024-09-05 01:00:00,1,3,AGT016
TKT100986,14271,2024-02-11 00:00:00,Returns,Medium,Closed,2024-02-13 13:00:00,61,4,AGT002
TKT100987,15691,2024-10-19 00:00:00,Product Query,Medium,Closed,2024-10-20 04:00:00,28,4,AGT017
TKT100988,18674,2024-06-01 00:00:00,Product Query,Urgent,Resolved,2024-06-01 02:00:00,2,,AGT002
TKT100989,16504,2024-06-18 00:00:00,Shipping,Medium,Open,,,,AGT003
TKT100990,16559,2024-07-27 00:00:00,Shipping,High,Closed,2024-07-27 07:00:00,7,2,AGT018
TKT100991,16693,2024-04-12 00:00:00,Technical,Low,Resolved,2024-04-14 02:00:00,50,,AGT006
TKT100992,15465,2024-09-12 00:00:00,Other,Medium,Resolved,2024-09-13 17:00:00,41,,AGT012
TKT100993,13432,2024-07-09 00:00:00,Product Query,High,Closed,2024-07-09 16:00:00,16,5,AGT014
TKT100994,10793,2024-03-10 00:00:00,Order Issue,Low,In Progress,,,,AGT017
TKT100995,13570,2024-01-13 00:00:00,Shipping,Medium,Closed,2024-01-15 15:00:00,63,4,AGT003
TKT100996,13187,2024-02-11 00:00:00,Other,Medium,Closed,2024-02-12 11:00:00,35,3,AGT014
TKT100997,16431,2024-10-02 00:00:00,Returns,Medium,Resolved,2024-10-04 22:00:00,70,,AGT007
TKT100998,16048,2024-10-20 00:00:00,Technical,Medium,Closed,2024-10-22 11:00:00,59,1,AGT005
TKT100999,17802,2024-09-08 00:00:00,Shipping,Low,Resolved,2024-09-12 05:00:00,101,,AGT016
TKT101000,10203,2024-06-23 00:00:00,Order Issue,Low,Resolved,2024-06-28 20:00:00,140,,AGT012
TKT101001,15542,2024-05-12 00:00:00,Product Query,High,Resolved,2024-05-12 16:00:00,16,,AGT001
TKT101002,14685,2024-03-27 00:00:00,Order Issue,Low,Resolved,2024-03-28 11:00:00,35,,AGT012
TKT101003,13074,2024-02-23 00:00:00,Returns,Low,Resolved,2024-02-26 01:00:00,73,,AGT015
TKT101004,16696,2024-09-14 00:00:00,Payment,Low,In Progress,,,,AGT002
TKT101005,18511,2024-02-29 00:00:00,Product Query,Low,Resolved,2024-03-03 00:00:00,72,,AGT014
TKT101006,17158,2024-07-27 00:00:00,Payment,Urgent,Open,,,,AGT019
TKT101007,15434,2024-10-17 00:00:00,Returns,Low,Resolved,2024-10-20 18:00:00,90,,AGT004
TKT101008,15021,2024-09-30 00:00:00,Other,Urgent,Closed,2024-09-30 05:00:00,5,3,AGT016
TKT101009,14381,2024-04-16 00:00:00,Order Issue,Medium,Closed,2024-04-17 20:00:00,44,2,AGT002
TKT101010,14471,2024-10-09 00:00:00,Returns,Medium,Closed,2024-10-10 21:00:00,45,5,AGT017
TKT101011,13432,2024-01-03 00:00:00,Returns,Medium,In Progress,,,,AGT011
TKT101012,12666,2024-06-22 00:00:00,Product Query,Medium,Closed,2024-06-23 15:00:00,39,2,AGT013
TKT101013,18112,2024-06-02 00:00:00,Returns,Urgent,Resolved,2024-06-02 01:00:00,1,,AGT004
TKT101014,12255,2024-07-16 00:00:00,Order Issue,Low,Resolved,2024-07-19 02:00:00,74,,AGT007
TKT101015,16809,2024-02-09 00:00:00,Returns,Medium,Closed,2024-02-11 12:00:00,60,1,AGT010
TKT101016,14255,2024-05-27 00:00:00,Payment,Low,Closed,2024-06-01 00:00:00,120,4,AGT013
TKT101017,16329,2024-03-03 00:00:00,Returns,Medium,Closed,2024-03-05 18:00:00,66,3,AGT016
TKT101018,11235,2024-03-04 00:00:00,Order Issue,High,Closed,2024-03-04 04:00:00,4,2,AGT007
TKT101019,13818,2024-07-29 00:00:00,Order Issue,High,Resolved,2024-07-29 09:00:00,9,,AGT008
TKT101020,19455,2024-05-24 00:00:00,Order Issue,Low,Closed,2024-05-26 08:00:00,56,1,AGT007
TKT101021,15670,2024-02-07 00:00:00,Technical,Low,Closed,2024-02-10 21:00:00,93,1,AGT005
TKT101022,19459,2024-01-12 00:00:00,Order Issue,Low,Resolved,2024-01-17 10:00:00,130,,AGT018
TKT101023,10686,2024-03-29 00:00:00,Returns,Medium,Open,,,,AGT007
TKT101024,19105,2024-07-08 00:00:00,Order Issue,Medium,Resolved,2024-07-10 19:00:00,67,,AGT002
TKT101025,12917,2024-08-29 00:00:00,Returns,Low,Closed,2024-09-03 20:00:00,140,1,AGT007
TKT101026,10311,2024-04-10 00:00:00,Returns,High,Resolved,2024-04-10 12:00:00,12,,AGT003
TKT101027,17279,2024-10-06 00:00:00,Returns,Medium,In Progress,,,,AGT004
TKT101028,14159,2024-02-07 00:00:00,Product Query,Low,Resolved,2024-02-11 09:00:00,105,,AGT012
TKT101029,17974,2024-02-15 00:00:00,Shipping,Medium,Closed,2024-02-17 23:00:00,71,2,AGT019
TKT101030,11094,2024-08-17 00:00:00,Other,Medium,In Progress,,,,AGT015
TKT101031,11852,2024-05-09 00:00:00,Shipping,Medium,Closed,2024-05-11 16:00:00,64,4,AGT014
TKT101032,13348,2024-05-31 00:00:00,Order Issue,Medium,Closed,2024-06-01 16:00:00,40,5,AGT018
TKT101033,10219,2024-07-30 00:00:00,Order Issue,Low,Closed,2024-08-01 01:00:00,49,4,AGT018
TKT101034,15264,2024-10-23 00:00:00,Order Issue,Medium,Resolved,2024-10-23 15:00:00,15,,AGT018
TKT101035,17053,2024-04-08 00:00:00,Shipping,Low,Open,,,,AGT003
TKT101036,18069,2024-05-14 00:00:00,Shipping,High,Closed,2024-05-14 07:00:00,7,1,AGT013
TKT101037,13302,2024-10-08 00:00:00,Product Query,Medium,Closed,2024-10-08 15:00:00,15,4,AGT013
TKT101038,10207,2024-06-01 00:00:00,Returns,Medium,Closed,2024-06-02 18:00:00,42,4,AGT011
TKT101039,19852,2024-02-09 00:00:00,Product Query,Low,Closed,2024-02-11 12:00:00,60,1,AGT017
TKT101040,10078,2024-05-25 00:00:00,Payment,Medium,Resolved,2024-05-25 12:00:00,12,,AGT011
TKT101041,14955,2024-01-20 00:00:00,Technical,Urgent,Open,,,,AGT003
TKT101042,11166,2024-03-16 00:00:00,Payment,Urgent,In Progress,,,,AGT009
TKT101043,15893,2024-07-10 00:00:00,Order Issue,Low,Resolved,2024-07-15 06:00:00,126,,AGT014
TKT101044,12148,2024-03-05 00:00:00,Shipping,Medium,Resolved,2024-03-07 09:00:00,57,,AGT019
TKT101045,12971,2024-07-14 00:00:00,Returns,Medium,Resolved,2024-07-15 18:00:00,42,,AGT006
TKT101046,15757,2024-09-09 00:00:00,Returns,High,Resolved,2024-09-09 09:00:00,9,,AGT014
TKT101047,16864,2024-07-28 00:00:00,Payment,Low,Resolved,2024-07-30 03:00:00,51,,AGT019
TKT101048,11592,2024-03-16 00:00:00,Other,Medium,Resolved,2024-03-18 04:00:00,52,,AGT014
TKT101049,14696,2024-05-06 00:00:00,Order Issue,Medium,Open,,,,AGT008
TKT101050,16767,2024-09-17 00:00:00,Order Issue,Low,Closed,2024-09-22 15:00:00,135,5,AGT015
TKT101051,11985,2024-05-13 00:00:00,Product Query,Medium,In Progress,,,,AGT001
TKT101052,19572,2024-05-20 00:00:00,Technical,Low,Open,,,,AGT012
TKT101053,14255,2024-10-15 00:00:00,Returns,Low,Resolved,2024-10-16 15:00:00,39,,AGT004
TKT101054,13565,2024-01-23 00:00:00,Other,High,Resolved,2024-01-23 16:00:00,16,,AGT016
TKT101055,11814,2024-04-14 00:00:00,Payment,Medium,Open,,,,AGT018
TKT101056,17044,2024-10-09 00:00:00,Shipping,High,Closed,2024-10-09 08:00:00,8,1,AGT019
TKT101057,17290,2024-09-27 00:00:00,Order Issue,High,Closed,2024-09-27 15:00:00,15,5,AGT017
TKT101058,11410,2024-09-28 00:00:00,Product Query,Medium,Resolved,2024-09-30 15:00:00,63,,AGT002
TKT101059,10151,2024-01-05 00:00:00,Product Query,Medium,Resolved,2024-01-07 14:00:00,62,,AGT020
TKT101060,10089,2024-04-01 00:00:00,Returns,Medium,Closed,2024-04-03 07:00:00,55,5,AGT019
TKT101061,12443,2024-10-20 00:00:00,Product Query,Low,Resolved,2024-10-21 09:00:00,33,,AGT006
TKT101062,10742,2024-01-03 00:00:00,Product Query,Medium,Resolved,2024-01-03 16:00:00,16,,AGT008
TKT101063,13257,2024-05-06 00:00:00,Payment,Low,Closed,2024-05-11 22:00:00,142,2,AGT012
TKT101064,16753,2024-05-23 00:00:00,Order Issue,Medium,Closed,2024-05-25 09:00:00,57,2,AGT006
TKT101065,17531,2024-10-12 00:00:00,Order Issue,High,Resolved,2024-10-12 16:00:00,16,,AGT014
TKT101066,16982,2024-10-11 00:00:00,Technical,Medium,Open,,,,AGT006
TKT101067,19430,2024-01-24 00:00:00,Returns,High,Resolved,2024-01-24 13:00:00,13,,AGT011
TKT101068,17007,2024-06-24 00:00:00,Product Query,Low,Closed,2024-06-27 13:00:00,85,2,AGT009
TKT101069,11608,2024-03-11 00:00:00,Shipping,Low,In Progress,,,,AGT019
TKT101070,18147,2024-05-12 00:00:00,Returns,Low,In Progress,,,,AGT013
TKT101071,10867,2024-09-17 00:00:00,Product Query,Medium,Open,,,,AGT015
TKT101072,11118,2024-09-09 00:00:00,Technical,Medium,Open,,,,AGT015
TKT101073,15223,2024-07-05 00:00:00,Returns,Low,Closed,2024-07-06 15:00:00,39,5,AGT006
TKT101074,11049,2024-01-08 00:00:00,Order Issue,Low,Closed,2024-01-13 08:00:00,128,3,AGT019
TKT101075,15128,2024-07-07 00:00:00,Product Query,High,Closed,2024-07-07 06:00:00,6,1,AGT003
TKT101076,19968,2024-10-11 00:00:00,Product Query,Medium,Open,,,,AGT004
TKT101077,12586,2024-05-19 00:00:00,Returns,High,Closed,2024-05-19 20:00:00,20,1,AGT010
TKT101078,12255,2024-08-10 00:00:00,Payment,Medium,Closed,2024-08-10 17:00:00,17,5,AGT017
TKT101079,19414,2024-04-20 00:00:00,Other,Low,In Progress,,,,AGT013
TKT101080,14995,2024-07-27 00:00:00,Other,Urgent,Closed,2024-07-27 02:00:00,2,4,AGT012
TKT101081,16991,2024-09-17 00:00:00,Order Issue,Medium,Open,,,,AGT014
TKT101082,14473,2024-04-28 00:00:00,Returns,Urgent,Closed,2024-04-28 01:00:00,1,1,AGT009
TKT101083,15168,2024-08-18 00:00:00,Order Issue,Medium,In Progress,,,,AGT006
TKT101084,14931,2024-02-01 00:00:00,Order Issue,Low,Open,,,,AGT003
TKT101085,17356,2024-09-11 00:00:00,Order Issue,High,Resolved,2024-09-11 23:00:00,23,,AGT004
TKT101086,17258,2024-09-16 00:00:00,Shipping,Low,Resolved,2024-09-21 19:00:00,139,,AGT011
TKT101087,15812,2024-09-28 00:00:00,Returns,High,In Progress,,,,AGT008
TKT101088,15109,2024-01-11 00:00:00,Shipping,High,Resolved,2024-01-11 13:00:00,13,,AGT004
TKT101089,15392,2024-07-31 00:00:00,Order Issue,Medium,Resolved,2024-08-01 08:00:00,32,,AGT003
TKT101090,16483,2024-08-12 00:00:00,Returns,Medium,Resolved,2024-08-13 22:00:00,46,,AGT005
TKT101091,18588,2024-03-30 00:00:00,Product Query,High,Closed,2024-03-30 10:00:00,10,2,AGT007
TKT101092,18503,2024-02-14 00:00:00,Product Query,Medium,Open,,,,AGT012
TKT101093,11746,2024-05-07 00:00:00,Product Query,Low,Resolved,2024-05-08 03:00:00,27,,AGT019
TKT101094,14296,2024-05-21 00:00:00,Returns,Medium,Closed,2024-05-23 17:00:00,65,5,AGT014
TKT101095,13958,2024-10-02 00:00:00,Payment,Low,Closed,2024-10-05 17:00:00,89,5,AGT020
TKT101096,12904,2024-06-20 00:00:00,Product Query,Low,Closed,2024-06-22 09:00:00,57,1,AGT018
TKT101097,10378,2024-04-21 00:00:00,Returns,Low,In Progress,,,,AGT007
TKT101098,19897,2024-06-29 00:00:00,Order Issue,Medium,Closed,2024-06-29 17:00:00,17,3,AGT005
TKT101099,11122,2024-08-15 00:00:00,Shipping,Medium,Closed,2024-08-16 13:00:00,37,3,AGT020
TKT101100,13171,2024-10-04 00:00:00,Returns,High,Closed,2024-10-04 07:00:00,7,5,AGT016
TKT101101,13303,2024-04-02 00:00:00,Shipping,High,Closed,2024-04-02 07:00:00,7,1,AGT013
TKT101102,15180,2024-04-30 00:00:00,Order Issue,High,In Progress,,,,AGT019
TKT101103,14333,2024-07-04 00:00:00,Returns,Low,Resolved,2024-07-07 02:00:00,74,,AGT006
TKT101104,15298,2024-01-17 00:00:00,Order Issue,High,Closed,2024-01-17 06:00:00,6,4,AGT009
TKT101105,17627,2024-08-30 00:00:00,Order Issue,High,Closed,2024-08-30 09:00:00,9,3,AGT019
TKT101106,10089,2024-09-17 00:00:00,Order Issue,Medium,In Progress,,,,AGT020
TKT101107,12634,2024-07-18 00:00:00,Order Issue,Medium,In Progress,,,,AGT017
TKT101108,14900,2024-04-15 00:00:00,Order Issue,High,Closed,2024-04-15 21:00:00,21,5,AGT011
TKT101109,10025,2024-03-28 00:00:00,Product Query,High,Resolved,2024-03-28 09:00:00,9,,AGT016
TKT101110,18258,2024-02-28 00:00:00,Product Query,Medium,Closed,2024-03-01 23:00:00,71,4,AGT002
TKT101111,17484,2024-02-12 00:00:00,Other,High,Resolved,2024-02-12 11:00:00,11,,AGT012
TKT101112,13852,2024-09-27 00:00:00,Order Issue,Medium,Closed,2024-09-29 09:00:00,57,4,AGT001
TKT101113,12863,2024-03-29 00:00:00,Shipping,Medium,Closed,2024-03-29 20:00:00,20,1,AGT008
TKT101114,10080,2024-05-12 00:00:00,Order Issue,Low,Resolved,2024-05-17 05:00:00,125,,AGT006
TKT101115,12271,2024-01-03 00:00:00,Order Issue,Low,Closed,2024-01-05 13:00:00,61,2,AGT016
TKT101116,15132,2024-05-22 00:00:00,Order Issue,Low,Closed,2024-05-27 06:00:00,126,3,AGT003
TKT101117,14097,2024-01-30 00:00:00,Technical,Low,Resolved,2024-02-02 03:00:00,75,,AGT005
TKT101118,16847,2024-10-16 00:00:00,Technical,High,Closed,2024-10-16 10:00:00,10,2,AGT002
TKT101119,13052,2024-01-15 00:00:00,Product Query,Low,Closed,2024-01-19 12:00:00,108,1,AGT006
TKT101120,14874,2024-09-16 00:00:00,Returns,High,Closed,2024-09-16 06:00:00,6,1,AGT017
TKT101121,19953,2024-01-30 00:00:00,Product Query,High,Closed,2024-01-30 07:00:00,7,5,AGT015
TKT101122,14048,2024-01-18 00:00:00,Order Issue,Medium,Resolved,2024-01-20 09:00:00,57,,AGT020
TKT101123,13472,2024-05-26 00:00:00,Order Issue,Low,In Progress,,,,AGT014
TKT101124,14316,2024-07-19 00:00:00,Shipping,Medium,In Progress,,,,AGT017
TKT101125,16963,2024-05-30 00:00:00,Payment,Medium,Resolved,2024-06-01 19:00:00,67,,AGT002
TKT101126,12762,2024-09-06 00:00:00,Returns,Medium,Closed,2024-09-07 12:00:00,36,4,AGT018
TKT101127,18310,2024-01-21 00:00:00,Shipping,Medium,Closed,2024-01-22 19:00:00,43,1,AGT018
TKT101128,18359,2024-10-24 00:00:00,Payment,High,Closed,2024-10-24 17:00:00,17,2,AGT018
TKT101129,15514,2024-06-10 00:00:00,Technical,High,Resolved,2024-06-10 21:00:00,21,,AGT006
TKT101130,14351,2024-05-09 00:00:00,Order Issue,High,Closed,2024-05-09 08:00:00,8,2,AGT008
TKT101131,18123,2024-07-24 00:00:00,Shipping,Low,Closed,2024-07-27 03:00:00,75,3,AGT005
TKT101132,10628,2024-07-18 00:00:00,Shipping,Medium,Resolved,2024-07-20 14:00:00,62,,AGT006
TKT101133,16416,2024-05-04 00:00:00,Other,Low,In Progress,,,,AGT017
TKT101134,15647,2024-04-12 00:00:00,Shipping,Medium,Open,,,,AGT012
TKT101135,16477,2024-06-21 00:00:00,Payment,Medium,Resolved,2024-06-23 12:00:00,60,,AGT001
TKT101136,16320,2024-09-02 00:00:00,Order Issue,Low,Resolved,2024-09-06 11:00:00,107,,AGT020
TKT101137,17829,2024-01-05 00:00:00,Returns,Low,Resolved,2024-01-08 17:00:00,89,,AGT017
TKT101138,17222,2024-06-14 00:00:00,Returns,Medium,Resolved,2024-06-16 09:00:00,57,,AGT019
TKT101139,17176,2024-09-16 00:00:00,Product Query,Low,Closed,2024-09-21 08:00:00,128,3,AGT002
TKT101140,16113,2024-07-14 00:00:00,Technical,High,Resolved,2024-07-14 19:00:00,19,,AGT013
TKT101141,15571,2024-05-19 00:00:00,Product Query,Medium,Closed,2024-05-20 11:00:00,35,2,AGT014
TKT101142,18254,2024-01-18 00:00:00,Payment,Medium,In Progress,,,,AGT018
TKT101143,19446,2024-02-13 00:00:00,Technical,Medium,Closed,2024-02-14 19:00:00,43,1,AGT017
TKT101144,15616,2024-02-23 00:00:00,Payment,Medium,Open,,,,AGT014
TKT101145,15281,2024-03-12 00:00:00,Product Query,Low,Closed,2024-03-13 07:00:00,31,5,AGT015
TKT101146,12762,2024-04-28 00:00:00,Product Query,High,Resolved,2024-04-28 13:00:00,13,,AGT012
TKT101147,10703,2024-09-14 00:00:00,Order Issue,High,Resolved,2024-09-14 21:00:00,21,,AGT002
TKT101148,17892,2024-03-15 00:00:00,Shipping,Medium,Open,,,,AGT005
TKT101149,11238,2024-01-27 00:00:00,Order Issue,Low,Resolved,2024-01-29 22:00:00,70,,AGT011
TKT101150,11592,2024-10-27 00:00:00,Product Query,High,Closed,2024-10-27 06:00:00,6,2,AGT009
TKT101151,18813,2024-04-11 00:00:00,Returns,Medium,In Progress,,,,AGT005
TKT101152,16998,2024-05-13 00:00:00,Other,Medium,Closed,2024-05-13 20:00:00,20,2,AGT006
TKT101153,17293,2024-08-19 00:00:00,Returns,High,Closed,2024-08-19 20:00:00,20,4,AGT008
TKT101154,16015,2024-10-24 00:00:00,Product Query,Low,In Progress,,,,AGT006
TKT101155,16062,2024-04-08 00:00:00,Shipping,Medium,Resolved,2024-04-10 02:00:00,50,,AGT004
TKT101156,15630,2024-10-15 00:00:00,Other,High,Closed,2024-10-15 18:00:00,18,5,AGT017
TKT101157,18338,2024-10-21 00:00:00,Order Issue,Medium,Closed,2024-10-21 20:00:00,20,4,AGT009
TKT101158,12353,2024-05-19 00:00:00,Returns,Urgent,In Progress,,,,AGT008
TKT101159,16517,2024-01-25 00:00:00,Returns,Low,Closed,2024-01-27 20:00:00,68,3,AGT015
TKT101160,13532,2024-03-25 00:00:00,Technical,Low,Resolved,2024-03-29 14:00:00,110,,AGT011
TKT101161,19998,2024-02-20 00:00:00,Order Issue,Low,Resolved,2024-02-21 10:00:00,34,,AGT002
TKT101162,10205,2024-04-05 00:00:00,Returns,High,Closed,2024-04-05 13:00:00,13,2,AGT016
TKT101163,12724,2024-08-25 00:00:00,Product Query,Low,In Progress,,,,AGT005
TKT101164,19982,2024-05-25 00:00:00,Order Issue,Medium,Resolved,2024-05-25 13:00:00,13,,AGT002
TKT101165,13905,2024-08-27 00:00:00,Order Issue,Low,Resolved,2024-08-29 09:00:00,57,,AGT006
TKT101166,15206,2024-07-03 00:00:00,Order Issue,Low,Resolved,2024-07-07 04:00:00,100,,AGT020
TKT101167,15699,2024-01-15 00:00:00,Shipping,Medium,In Progress,,,,AGT001
TKT101168,18069,2024-09-08 00:00:00,Payment,Medium,Open,,,,AGT017
TKT101169,13958,2024-06-09 00:00:00,Product Query,High,In Progress,,,,AGT008
TKT101170,17803,2024-03-19 00:00:00,Returns,Medium,Closed,2024-03-19 20:00:00,20,5,AGT006
TKT101171,19852,2024-08-17 00:00:00,Returns,Medium,Resolved,2024-08-19 14:00:00,62,,AGT019
TKT101172,15452,2024-07-15 00:00:00,Technical,Low,Open,,,,AGT011
TKT101173,14493,2024-04-02 00:00:00,Shipping,Medium,Open,,,,AGT017
TKT101174,14024,2024-01-20 00:00:00,Technical,Medium,Resolved,2024-01-22 13:00:00,61,,AGT012
TKT101175,13644,2024-04-28 00:00:00,Payment,Low,Resolved,2024-04-30 12:00:00,60,,AGT004
TKT101176,18020,2024-02-04 00:00:00,Product Query,Medium,In Progress,,,,AGT008
TKT101177,18210,2024-02-26 00:00:00,Product Query,High,Closed,2024-02-26 08:00:00,8,2,AGT014
TKT101178,17044,2024-01-02 00:00:00,Other,Low,In Progress,,,,AGT005
TKT101179,17558,2024-08-08 00:00:00,Other,Low,Closed,2024-08-13 04:00:00,124,1,AGT017
TKT101180,14736,2024-09-02 00:00:00,Technical,High,Resolved,2024-09-02 20:00:00,20,,AGT007
TKT101181,15296,2024-04-05 00:00:00,Payment,Medium,Resolved,2024-04-05 15:00:00,15,,AGT001
TKT101182,13525,2024-07-19 00:00:00,Payment,Urgent,Resolved,2024-07-19 04:00:00,4,,AGT016
TKT101183,19062,2024-04-13 00:00:00,Returns,Medium,Closed,2024-04-15 12:00:00,60,5,AGT017
TKT101184,16308,2024-07-18 00:00:00,Payment,Medium,Closed,2024-07-20 03:00:00,51,4,AGT003
TKT101185,12091,2024-05-13 00:00:00,Order Issue,Low,Resolved,2024-05-16 09:00:00,81,,AGT014
TKT101186,13648,2024-09-17 00:00:00,Payment,Low,Resolved,2024-09-20 09:00:00,81,,AGT016
TKT101187,13872,2024-09-03 00:00:00,Other,Low,In Progress,,,,AGT010
TKT101188,13383,2024-06-10 00:00:00,Product Query,Urgent,Resolved,2024-06-10 01:00:00,1,,AGT001
TKT101189,14972,2024-04-10 00:00:00,Order Issue,Low,Closed,2024-04-11 06:00:00,30,5,AGT001
TKT101190,13532,2024-04-12 00:00:00,Shipping,Medium,Closed,2024-04-13 00:00:00,24,5,AGT010
TKT101191,11025,2024-03-18 00:00:00,Technical,High,Closed,2024-03-18 07:00:00,7,2,AGT014
TKT101192,15538,2024-06-25 00:00:00,Shipping,Urgent,Closed,2024-06-25 01:00:00,1,4,AGT007
TKT101193,17389,2024-06-12 00:00:00,Payment,Medium,Resolved,2024-06-14 18:00:00,66,,AGT019
TKT101194,16431,2024-07-05 00:00:00,Other,High,In Progress,,,,AGT004
TKT101195,19267,2024-07-17 00:00:00,Order Issue,Medium,In Progress,,,,AGT010
TKT101196,12586,2024-02-06 00:00:00,Other,High,Closed,2024-02-06 16:00:00,16,5,AGT004
TKT101197,11785,2024-07-01 00:00:00,Payment,High,In Progress,,,,AGT012
TKT101198,11692,2024-06-08 00:00:00,Other,Medium,Resolved,2024-06-10 00:00:00,48,,AGT016
TKT101199,11916,2024-07-19 00:00:00,Other,Low,Closed,2024-07-20 15:00:00,39,2,AGT014
TKT101200,12696,2024-01-29 00:00:00,Shipping,Low,Closed,2024-02-03 04:00:00,124,1,AGT017
TKT101201,19546,2024-02-04 00:00:00,Payment,Medium,In Progress,,,,AGT018
TKT101202,13987,2024-07-04 00:00:00,Shipping,High,Resolved,2024-07-04 15:00:00,15,,AGT003
TKT101203,17808,2024-06-12 00:00:00,Returns,Medium,Closed,2024-06-13 17:00:00,41,4,AGT017
TKT101204,13682,2024-02-15 00:00:00,Shipping,Medium,Resolved,2024-02-17 00:00:00,48,,AGT005
TKT101205,11027,2024-07-29 00:00:00,Payment,Medium,Closed,2024-07-30 09:00:00,33,5,AGT017
TKT101206,17514,2024-02-23 00:00:00,Returns,Low,Resolved,2024-02-27 07:00:00,103,,AGT014
TKT101207,14959,2024-05-20 00:00:00,Product Query,Low,Open,,,,AGT017
TKT101208,15180,2024-04-26 00:00:00,Shipping,Low,Closed,2024-04-30 14:00:00,110,2,AGT010
TKT101209,15137,2024-10-23 00:00:00,Order Issue,High,Closed,2024-10-23 22:00:00,22,3,AGT012
TKT101210,17409,2024-06-06 00:00:00,Order Issue,High,Resolved,2024-06-06 05:00:00,5,,AGT007
TKT101211,19865,2024-05-31 00:00:00,Technical,Medium,Closed,2024-06-01 16:00:00,40,4,AGT006
TKT101212,14736,2024-01-01 00:00:00,Order Issue,Low,Open,,,,AGT017
TKT101213,14551,2024-02-12 00:00:00,Order Issue,Medium,Closed,2024-02-13 05:00:00,29,4,AGT004
TKT101214,14510,2024-07-19 00:00:00,Order Issue,Low,Resolved,2024-07-23 15:00:00,111,,AGT010
TKT101215,17829,2024-08-01 00:00:00,Returns,Medium,Open,,,,AGT003
TKT101216,12051,2024-09-13 00:00:00,Shipping,Low,Resolved,2024-09-17 12:00:00,108,,AGT007
TKT101217,14581,2024-07-23 00:00:00,Product Query,Medium,In Progress,,,,AGT010
TKT101218,14972,2024-06-11 00:00:00,Payment,Medium,Closed,2024-06-12 09:00:00,33,4,AGT020
TKT101219,18936,2024-06-25 00:00:00,Payment,Low,Resolved,2024-06-29 23:00:00,119,,AGT011
TKT101220,13612,2024-04-11 00:00:00,Returns,Medium,Closed,2024-04-13 14:00:00,62,1,AGT008
TKT101221,12023,2024-04-21 00:00:00,Technical,Low,In Progress,,,,AGT016
TKT101222,18826,2024-07-11 00:00:00,Order Issue,High,Resolved,2024-07-11 22:00:00,22,,AGT008
TKT101223,13049,2024-05-01 00:00:00,Payment,Medium,Resolved,2024-05-01 19:00:00,19,,AGT018
TKT101224,10017,2024-04-09 00:00:00,Payment,Medium,Open,,,,AGT008
TKT101225,16872,2024-04-18 00:00:00,Returns,High,Resolved,2024-04-18 10:00:00,10,,AGT015
TKT101226,15267,2024-07-17 00:00:00,Technical,Medium,Closed,2024-07-18 06:00:00,30,4,AGT012
TKT101227,13073,2024-09-30 00:00:00,Product Query,Medium,Closed,2024-10-01 16:00:00,40,2,AGT020
TKT101228,12173,2024-02-07 00:00:00,Shipping,Medium,Closed,2024-02-08 01:00:00,25,2,AGT019
TKT101229,16342,2024-09-05 00:00:00,Other,Low,Closed,2024-09-10 10:00:00,130,4,AGT006
TKT101230,11411,2024-03-18 00:00:00,Product Query,Low,In Progress,,,,AGT020
TKT101231,14713,2024-04-14 00:00:00,Other,Urgent,Closed,2024-04-14 04:00:00,4,5,AGT010
TKT101232,14772,2024-09-22 00:00:00,Payment,Medium,Closed,2024-09-23 06:00:00,30,1,AGT011
TKT101233,13684,2024-10-11 00:00:00,Product Query,Medium,Resolved,2024-10-12 04:00:00,28,,AGT017
TKT101234,13347,2024-10-18 00:00:00,Shipping,Urgent,Resolved,2024-10-18 04:00:00,4,,AGT015
TKT101235,12656,2024-07-18 00:00:00,Technical,Low,In Progress,,,,AGT014
TKT101236,13805,2024-03-01 00:00:00,Other,High,In Progress,,,,AGT020
TKT101237,11872,2024-09-24 00:00:00,Technical,Medium,Closed,2024-09-26 13:00:00,61,3,AGT006
TKT101238,19169,2024-10-21 00:00:00,Product Query,Medium,Closed,2024-10-22 20:00:00,44,3,AGT009
TKT101239,13512,2024-01-11 00:00:00,Shipping,Medium,Open,,,,AGT003
TKT101240,11237,2024-03-15 00:00:00,Shipping,Medium,Resolved,2024-03-16 23:00:00,47,,AGT006
TKT101241,19629,2024-03-25 00:00:00,Order Issue,Urgent,In Progress,,,,AGT011
TKT101242,17145,2024-01-15 00:00:00,Payment,High,In Progress,,,,AGT015
TKT101243,12030,2024-09-23 00:00:00,Returns,Urgent,Closed,2024-09-23 03:00:00,3,4,AGT012
TKT101244,17784,2024-05-30 00:00:00,Product Query,Urgent,Closed,2024-05-30 02:00:00,2,1,AGT015
TKT101245,13957,2024-03-07 00:00:00,Returns,Low,Open,,,,AGT012
TKT101246,18704,2024-01-15 00:00:00,Product Query,Medium,Resolved,2024-01-16 09:00:00,33,,AGT003
TKT101247,19912,2024-10-13 00:00:00,Order Issue,Low,In Progress,,,,AGT009
TKT101248,14428,2024-03-25 00:00:00,Product Query,Medium,Closed,2024-03-27 00:00:00,48,4,AGT014
TKT101249,14158,2024-03-28 00:00:00,Shipping,Medium,Closed,2024-03-29 20:00:00,44,5,AGT008
TKT101250,11639,2024-09-21 00:00:00,Order Issue,Medium,In Progress,,,,AGT013
TKT101251,15911,2024-10-26 00:00:00,Payment,Low,Closed,2024-10-30 11:00:00,107,4,AGT009
TKT101252,10545,2024-01-12 00:00:00,Order Issue,Low,Resolved,2024-01-14 16:00:00,64,,AGT001
TKT101253,14883,2024-03-14 00:00:00,Shipping,Low,In Progress,,,,AGT010
TKT101254,11814,2024-01-11 00:00:00,Payment,High,Resolved,2024-01-11 05:00:00,5,,AGT006
TKT101255,19856,2024-03-22 00:00:00,Payment,Urgent,Closed,2024-03-22 05:00:00,5,4,AGT017
TKT101256,13320,2024-10-24 00:00:00,Returns,Low,Closed,2024-10-29 15:00:00,135,1,AGT009
TKT101257,12429,2024-05-28 00:00:00,Shipping,Medium,Closed,2024-05-30 16:00:00,64,5,AGT010
TKT101258,19525,2024-07-11 00:00:00,Payment,Low,In Progress,,,,AGT019
TKT101259,18338,2024-10-25 00:00:00,Shipping,Medium,Resolved,2024-10-26 09:00:00,33,,AGT014
TKT101260,14738,2024-02-25 00:00:00,Product Query,Medium,Resolved,2024-02-26 13:00:00,37,,AGT003
TKT101261,12748,2024-09-16 00:00:00,Order Issue,Medium,Closed,2024-09-18 21:00:00,69,5,AGT016
TKT101262,15107,2024-08-10 00:00:00,Product Query,Low,Closed,2024-08-14 10:00:00,106,3,AGT020
TKT101263,16881,2024-03-04 00:00:00,Product Query,Low,Closed,2024-03-09 07:00:00,127,3,AGT002
TKT101264,10066,2024-07-22 00:00:00,Order Issue,Low,In Progress,,,,AGT009
TKT101265,12199,2024-07-17 00:00:00,Payment,Low,Closed,2024-07-22 13:00:00,133,2,AGT020
TKT101266,13379,2024-05-21 00:00:00,Product Query,Medium,Closed,2024-05-23 21:00:00,69,1,AGT014
TKT101267,16529,2024-10-05 00:00:00,Product Query,Low,In Progress,,,,AGT002
TKT101268,15451,2024-03-07 00:00:00,Product Query,Low,Closed,2024-03-12 08:00:00,128,5,AGT003
TKT101269,13973,2024-01-21 00:00:00,Returns,Medium,Closed,2024-01-22 08:00:00,32,4,AGT012
TKT101270,11942,2024-06-24 00:00:00,Product Query,Medium,Closed,2024-06-26 11:00:00,59,1,AGT010
TKT101271,15284,2024-09-21 00:00:00,Order Issue,Low,Closed,2024-09-22 20:00:00,44,5,AGT013
TKT101272,14883,2024-10-09 00:00:00,Shipping,Low,Closed,2024-10-14 15:00:00,135,5,AGT003
TKT101273,15715,2024-06-05 00:00:00,Technical,Medium,Closed,2024-06-06 22:00:00,46,1,AGT009
TKT101274,18113,2024-02-11 00:00:00,Product Query,Medium,Resolved,2024-02-12 03:00:00,27,,AGT014
TKT101275,12849,2024-10-20 00:00:00,Technical,High,Resolved,2024-10-20 04:00:00,4,,AGT019
TKT101276,16531,2024-03-28 00:00:00,Technical,High,Resolved,2024-03-28 20:00:00,20,,AGT006
TKT101277,18750,2024-02-19 00:00:00,Payment,Low,In Progress,,,,AGT006
TKT101278,16258,2024-02-04 00:00:00,Payment,Medium,Closed,2024-02-04 18:00:00,18,3,AGT015
TKT101279,14685,2024-01-09 00:00:00,Shipping,Medium,Closed,2024-01-09 21:00:00,21,4,AGT004
TKT101280,15180,2024-05-17 00:00:00,Technical,Low,In Progress,,,,AGT007
TKT101281,18728,2024-08-17 00:00:00,Order Issue,Medium,Resolved,2024-08-18 00:00:00,24,,AGT015
TKT101282,17110,2024-01-17 00:00:00,Technical,Medium,Resolved,2024-01-18 04:00:00,28,,AGT015
TKT101283,18240,2024-01-10 00:00:00,Technical,Medium,Closed,2024-01-11 11:00:00,35,5,AGT007
TKT101284,16982,2024-03-01 00:00:00,Order Issue,Low,Closed,2024-03-04 11:00:00,83,5,AGT007
TKT101285,10030,2024-01-23 00:00:00,Product Query,Medium,Closed,2024-01-23 13:00:00,13,1,AGT014
TKT101286,14127,2024-07-22 00:00:00,Product Query,High,Closed,2024-07-22 20:00:00,20,5,AGT018
TKT101287,13320,2024-02-29 00:00:00,Order Issue,Low,Closed,2024-03-05 23:00:00,143,4,AGT008
TKT101288,19844,2024-04-05 00:00:00,Other,Low,Resolved,2024-04-06 18:00:00,42,,AGT002
TKT101289,19807,2024-03-06 00:00:00,Product Query,Medium,Closed,2024-03-07 12:00:00,36,4,AGT009
TKT101290,12061,2024-01-27 00:00:00,Order Issue,Medium,In Progress,,,,AGT016
TKT101291,19446,2024-02-25 00:00:00,Product Query,Medium,Resolved,2024-02-26 04:00:00,28,,AGT005
TKT101292,12236,2024-10-04 00:00:00,Other,Medium,Resolved,2024-10-06 00:00:00,48,,AGT012
TKT101293,15365,2024-05-23 00:00:00,Order Issue,Low,Closed,2024-05-26 18:00:00,90,2,AGT015
TKT101294,15422,2024-06-02 00:00:00,Order Issue,Medium,Closed,2024-06-04 13:00:00,61,1,AGT017
TKT101295,13074,2024-08-01 00:00:00,Payment,Medium,Closed,2024-08-01 20:00:00,20,1,AGT001
TKT101296,11165,2024-07-06 00:00:00,Order Issue,Medium,Resolved,2024-07-07 07:00:00,31,,AGT007
TKT101297,10106,2024-05-18 00:00:00,Product Query,Medium,In Progress,,,,AGT001
TKT101298,17711,2024-05-12 00:00:00,Shipping,Medium,In Progress,,,,AGT014
TKT101299,18347,2024-07-25 00:00:00,Returns,Medium,Resolved,2024-07-27 12:00:00,60,,AGT007
TKT101300,12255,2024-01-05 00:00:00,Order Issue,Medium,In Progress,,,,AGT016
TKT101301,19656,2024-01-23 00:00:00,Shipping,Urgent,Closed,2024-01-23 05:00:00,5,1,AGT018
TKT101302,13932,2024-03-10 00:00:00,Technical,High,Open,,,,AGT003
TKT101303,12093,2024-07-07 00:00:00,Shipping,Medium,Resolved,2024-07-08 13:00:00,37,,AGT018
TKT101304,18518,2024-08-06 00:00:00,Product Query,High,Closed,2024-08-06 08:00:00,8,3,AGT011
TKT101305,17756,2024-03-14 00:00:00,Order Issue,High,Closed,2024-03-14 14:00:00,14,3,AGT019
TKT101306,12609,2024-06-18 00:00:00,Shipping,Medium,Open,,,,AGT013
TKT101307,10382,2024-06-27 00:00:00,Order Issue,Medium,Closed,2024-06-29 18:00:00,66,3,AGT013
TKT101308,14374,2024-07-28 00:00:00,Shipping,High,Closed,2024-07-28 08:00:00,8,3,AGT005
TKT101309,15247,2024-07-12 00:00:00,Shipping,Medium,Open,,,,AGT002
TKT101310,19326,2024-05-21 00:00:00,Payment,High,Resolved,2024-05-21 15:00:00,15,,AGT008
TKT101311,18601,2024-06-06 00:00:00,Payment,High,Closed,2024-06-06 06:00:00,6,1,AGT003
TKT101312,12139,2024-10-07 00:00:00,Payment,Low,Open,,,,AGT009
TKT101313,17097,2024-07-26 00:00:00,Product Query,Urgent,Resolved,2024-07-26 01:00:00,1,,AGT008
TKT101314,11536,2024-02-10 00:00:00,Shipping,Low,Closed,2024-02-11 23:00:00,47,5,AGT007
TKT101315,16559,2024-06-19 00:00:00,Product Query,Urgent,Resolved,2024-06-19 05:00:00,5,,AGT014
TKT101316,17308,2024-07-10 00:00:00,Technical,Low,Resolved,2024-07-12 20:00:00,68,,AGT007
TKT101317,10910,2024-10-16 00:00:00,Product Query,Medium,Resolved,2024-10-18 16:00:00,64,,AGT015
TKT101318,18437,2024-09-17 00:00:00,Payment,Medium,Resolved,2024-09-18 09:00:00,33,,AGT001
TKT101319,14507,2024-06-24 00:00:00,Technical,Low,Closed,2024-06-29 06:00:00,126,1,AGT002
TKT101320,14772,2024-08-23 00:00:00,Technical,Low,Resolved,2024-08-26 23:00:00,95,,AGT010
TKT101321,11557,2024-10-02 00:00:00,Payment,High,Closed,2024-10-02 16:00:00,16,5,AGT015
TKT101322,16063,2024-07-16 00:00:00,Shipping,Low,Closed,2024-07-19 18:00:00,90,5,AGT012
TKT101323,19770,2024-01-06 00:00:00,Returns,Medium,In Progress,,,,AGT001
TKT101324,10634,2024-10-28 00:00:00,Other,Low,Closed,2024-10-30 18:00:00,66,1,AGT005
TKT101325,13612,2024-01-05 00:00:00,Order Issue,Urgent,Open,,,,AGT007
TKT101326,18795,2024-09-02 00:00:00,Order Issue,Low,Open,,,,AGT011
TKT101327,11139,2024-02-03 00:00:00,Technical,High,Closed,2024-02-03 22:00:00,22,5,AGT013
TKT101328,17345,2024-01-31 00:00:00,Order Issue,Low,Closed,2024-02-04 02:00:00,98,4,AGT020
TKT101329,11745,2024-03-08 00:00:00,Returns,Low,Resolved,2024-03-11 04:00:00,76,,AGT012
TKT101330,12342,2024-02-05 00:00:00,Order Issue,Urgent,Closed,2024-02-05 04:00:00,4,3,AGT004
TKT101331,15684,2024-06-12 00:00:00,Order Issue,Medium,Closed,2024-06-13 15:00:00,39,2,AGT005
TKT101332,19856,2024-05-26 00:00:00,Payment,Medium,Open,,,,AGT005
TKT101333,13234,2024-07-28 00:00:00,Technical,High,Resolved,2024-07-28 17:00:00,17,,AGT010
TKT101334,15102,2024-09-01 00:00:00,Shipping,Medium,Resolved,2024-09-03 15:00:00,63,,AGT020
TKT101335,17414,2024-10-24 00:00:00,Payment,Medium,Closed,2024-10-25 11:00:00,35,4,AGT011
TKT101336,16027,2024-02-19 00:00:00,Technical,Medium,In Progress,,,,AGT010
TKT101337,12015,2024-04-19 00:00:00,Shipping,Low,Resolved,2024-04-21 23:00:00,71,,AGT002
TKT101338,15107,2024-03-20 00:00:00,Payment,High,In Progress,,,,AGT020
TKT101339,10119,2024-03-21 00:00:00,Shipping,Medium,Resolved,2024-03-21 23:00:00,23,,AGT016
TKT101340,15444,2024-05-09 00:00:00,Technical,Medium,Open,,,,AGT013
TKT101341,17049,2024-08-15 00:00:00,Product Query,High,Closed,2024-08-15 18:00:00,18,4,AGT001
TKT101342,19229,2024-02-06 00:00:00,Returns,Medium,Resolved,2024-02-08 09:00:00,57,,AGT017
TKT101343,13494,2024-04-27 00:00:00,Shipping,Medium,In Progress,,,,AGT012
TKT101344,15436,2024-01-01 00:00:00,Payment,Medium,Open,,,,AGT012
TKT101345,19146,2024-02-28 00:00:00,Payment,Medium,Closed,2024-02-29 12:00:00,36,2,AGT013
TKT101346,11059,2024-02-22 00:00:00,Technical,Urgent,Closed,2024-02-22 05:00:00,5,4,AGT013
TKT101347,15623,2024-05-16 00:00:00,Shipping,Medium,Resolved,2024-05-18 11:00:00,59,,AGT010
TKT101348,19062,2024-04-17 00:00:00,Order Issue,Medium,Closed,2024-04-17 15:00:00,15,1,AGT002
TKT101349,14402,2024-05-08 00:00:00,Returns,Medium,Closed,2024-05-08 15:00:00,15,2,AGT002
TKT101350,18909,2024-06-03 00:00:00,Product Query,Medium,Resolved,2024-06-05 02:00:00,50,,AGT006
TKT101351,14665,2024-04-01 00:00:00,Returns,Low,Closed,2024-04-04 22:00:00,94,5,AGT014
TKT101352,18808,2024-10-10 00:00:00,Shipping,Medium,Closed,2024-10-10 22:00:00,22,1,AGT007
TKT101353,12985,2024-01-10 00:00:00,Order Issue,Low,Closed,2024-01-14 00:00:00,96,1,AGT015
TKT101354,18973,2024-05-03 00:00:00,Product Query,High,Closed,2024-05-03 06:00:00,6,2,AGT019
TKT101355,17872,2024-03-07 00:00:00,Technical,Medium,Open,,,,AGT011
TKT101356,18936,2024-05-17 00:00:00,Returns,Low,Resolved,2024-05-18 09:00:00,33,,AGT008
TKT101357,10526,2024-06-06 00:00:00,Shipping,Medium,In Progress,,,,AGT001
TKT101358,16860,2024-07-14 00:00:00,Order Issue,High,Closed,2024-07-14 21:00:00,21,2,AGT011
TKT101359,18455,2024-07-18 00:00:00,Returns,High,Open,,,,AGT008
TKT101360,18016,2024-01-13 00:00:00,Shipping,Low,In Progress,,,,AGT009
TKT101361,12459,2024-06-11 00:00:00,Returns,Medium,In Progress,,,,AGT020
TKT101362,14708,2024-04-19 00:00:00,Payment,Medium,Closed,2024-04-20 05:00:00,29,4,AGT007
TKT101363,15831,2024-09-12 00:00:00,Other,Medium,Resolved,2024-09-13 10:00:00,34,,AGT003
TKT101364,16113,2024-10-09 00:00:00,Shipping,Low,Open,,,,AGT015
TKT101365,13818,2024-06-21 00:00:00,Order Issue,Urgent,Resolved,2024-06-21 02:00:00,2,,AGT016
TKT101366,19323,2024-04-10 00:00:00,Payment,Low,Open,,,,AGT007
TKT101367,12823,2024-08-16 00:00:00,Technical,Medium,Closed,2024-08-18 08:00:00,56,4,AGT020
TKT101368,10106,2024-01-22 00:00:00,Returns,Medium,Closed,2024-01-24 14:00:00,62,5,AGT006
TKT101369,18808,2024-09-02 00:00:00,Other,Medium,Resolved,2024-09-04 01:00:00,49,,AGT006
TKT101370,14033,2024-08-02 00:00:00,Payment,Medium,Resolved,2024-08-03 06:00:00,30,,AGT009
TKT101371,16207,2024-02-20 00:00:00,Product Query,Medium,In Progress,,,,AGT009
TKT101372,11599,2024-08-18 00:00:00,Order Issue,High,In Progress,,,,AGT013
TKT101373,16387,2024-09-24 00:00:00,Shipping,Low,Resolved,2024-09-29 06:00:00,126,,AGT003
TKT101374,17460,2024-05-16 00:00:00,Returns,High,Closed,2024-05-16 14:00:00,14,4,AGT013
TKT101375,14964,2024-06-20 00:00:00,Product Query,Medium,In Progress,,,,AGT001
TKT101376,14545,2024-09-23 00:00:00,Product Query,Low,Closed,2024-09-25 10:00:00,58,3,AGT020
TKT101377,14867,2024-09-06 00:00:00,Product Query,Low,In Progress,,,,AGT020
TKT101378,13108,2024-08-27 00:00:00,Product Query,High,Closed,2024-08-27 23:00:00,23,3,AGT016
TKT101379,14133,2024-10-15 00:00:00,Order Issue,Low,Closed,2024-10-16 03:00:00,27,1,AGT015
TKT101380,10354,2024-03-03 00:00:00,Other,Low,Resolved,2024-03-08 16:00:00,136,,AGT015
TKT101381,17279,2024-06-24 00:00:00,Shipping,Medium,Resolved,2024-06-25 13:00:00,37,,AGT015
TKT101382,16573,2024-09-17 00:00:00,Order Issue,Medium,Open,,,,AGT019
TKT101383,12690,2024-09-11 00:00:00,Product Query,Low,Open,,,,AGT003
TKT101384,11738,2024-07-04 00:00:00,Order Issue,Low,Resolved,2024-07-09 07:00:00,127,,AGT001
TKT101385,15422,2024-05-14 00:00:00,Order Issue,Low,Resolved,2024-05-17 20:00:00,92,,AGT003
TKT101386,16063,2024-01-20 00:00:00,Product Query,Low,Closed,2024-01-25 04:00:00,124,1,AGT005
TKT101387,16035,2024-07-31 00:00:00,Order Issue,Low,Closed,2024-08-04 17:00:00,113,5,AGT016
TKT101388,17840,2024-05-16 00:00:00,Order Issue,Medium,Open,,,,AGT017
TKT101389,12794,2024-02-07 00:00:00,Payment,High,Closed,2024-02-07 23:00:00,23,2,AGT015
TKT101390,11648,2024-05-30 00:00:00,Shipping,High,Resolved,2024-05-30 04:00:00,4,,AGT002
TKT101391,15757,2024-09-16 00:00:00,Product Query,Medium,Resolved,2024-09-17 03:00:00,27,,AGT008
TKT101392,12748,2024-02-23 00:00:00,Payment,High,Open,,,,AGT019
TKT101393,12468,2024-07-11 00:00:00,Returns,Medium,Closed,2024-07-13 02:00:00,50,4,AGT002
TKT101394,19856,2024-07-10 00:00:00,Technical,Low,Closed,2024-07-13 06:00:00,78,1,AGT003
TKT101395,11424,2024-07-13 00:00:00,Shipping,Low,Closed,2024-07-17 18:00:00,114,5,AGT020
TKT101396,13957,2024-01-22 00:00:00,Payment,Medium,Resolved,2024-01-23 18:00:00,42,,AGT009
TKT101397,12738,2024-10-25 00:00:00,Order Issue,Medium,Closed,2024-10-25 13:00:00,13,1,AGT016
TKT101398,16247,2024-05-06 00:00:00,Order Issue,Medium,Open,,,,AGT002
TKT101399,15698,2024-04-02 00:00:00,Order Issue,Medium,Closed,2024-04-04 06:00:00,54,5,AGT003
TKT101400,12859,2024-09-04 00:00:00,Payment,Medium,Closed,2024-09-05 23:00:00,47,4,AGT012
TKT101401,14392,2024-09-11 00:00:00,Order Issue,High,Closed,2024-09-11 15:00:00,15,1,AGT020
TKT101402,10053,2024-03-15 00:00:00,Shipping,Low,Resolved,2024-03-19 03:00:00,99,,AGT009
TKT101403,17563,2024-01-17 00:00:00,Returns,High,Closed,2024-01-17 17:00:00,17,2,AGT016
TKT101404,18678,2024-06-27 00:00:00,Product Query,Low,Resolved,2024-07-01 20:00:00,116,,AGT016
TKT101405,15036,2024-01-14 00:00:00,Technical,Medium,Closed,2024-01-15 16:00:00,40,3,AGT012
TKT101406,14219,2024-06-07 00:00:00,Product Query,Urgent,Resolved,2024-06-07 05:00:00,5,,AGT015
TKT101407,12294,2024-04-07 00:00:00,Product Query,Medium,Closed,2024-04-09 11:00:00,59,1,AGT019
TKT101408,17982,2024-05-28 00:00:00,Product Query,High,In Progress,,,,AGT002
TKT101409,15581,2024-04-15 00:00:00,Order Issue,High,Resolved,2024-04-15 18:00:00,18,,AGT003
TKT101410,13505,2024-03-10 00:00:00,Payment,Medium,Closed,2024-03-12 09:00:00,57,4,AGT008
TKT101411,13581,2024-03-02 00:00:00,Payment,Medium,Closed,2024-03-03 19:00:00,43,3,AGT011
TKT101412,14342,2024-05-29 00:00:00,Order Issue,Medium,Resolved,2024-05-30 04:00:00,28,,AGT010
TKT101413,13302,2024-10-21 00:00:00,Payment,Low,In Progress,,,,AGT015
TKT101414,15062,2024-05-08 00:00:00,Order Issue,Medium,Resolved,2024-05-10 03:00:00,51,,AGT005
TKT101415,18088,2024-03-09 00:00:00,Order Issue,Low,Resolved,2024-03-11 13:00:00,61,,AGT007
TKT101416,18812,2024-08-10 00:00:00,Order Issue,Low,Closed,2024-08-15 08:00:00,128,5,AGT010
TKT101417,17408,2024-03-14 00:00:00,Shipping,Low,In Progress,,,,AGT014
TKT101418,13113,2024-08-11 00:00:00,Payment,Low,Closed,2024-08-15 02:00:00,98,5,AGT015
TKT101419,19746,2024-07-07 00:00:00,Order Issue,Medium,Resolved,2024-07-08 03:00:00,27,,AGT018
TKT101420,16384,2024-02-06 00:00:00,Returns,Medium,Open,,,,AGT019
TKT101421,10154,2024-01-22 00:00:00,Payment,High,Closed,2024-01-22 23:00:00,23,5,AGT010
TKT101422,18585,2024-02-10 00:00:00,Product Query,Low,Closed,2024-02-13 03:00:00,75,4,AGT012
TKT101423,15484,2024-06-25 00:00:00,Product Query,High,Open,,,,AGT002
TKT101424,11115,2024-04-19 00:00:00,Order Issue,Medium,In Progress,,,,AGT001
TKT101425,12133,2024-03-17 00:00:00,Shipping,Low,Closed,2024-03-21 10:00:00,106,2,AGT003
TKT101426,15638,2024-08-27 00:00:00,Product Query,High,Resolved,2024-08-27 07:00:00,7,,AGT018
TKT101427,16852,2024-03-23 00:00:00,Product Query,Low,Open,,,,AGT010
TKT101428,17494,2024-01-23 00:00:00,Returns,High,Closed,2024-01-23 13:00:00,13,5,AGT007
TKT101429,13582,2024-09-10 00:00:00,Other,High,In Progress,,,,AGT002
TKT101430,14551,2024-03-07 00:00:00,Payment,Medium,In Progress,,,,AGT015
TKT101431,16881,2024-08-27 00:00:00,Shipping,Medium,Closed,2024-08-29 23:00:00,71,5,AGT011
TKT101432,12985,2024-10-21 00:00:00,Order Issue,Low,Resolved,2024-10-22 03:00:00,27,,AGT009
TKT101433,15148,2024-04-30 00:00:00,Order Issue,Low,Closed,2024-05-05 12:00:00,132,4,AGT010
TKT101434,11952,2024-06-26 00:00:00,Returns,Medium,In Progress,,,,AGT008
TKT101435,19169,2024-06-27 00:00:00,Product Query,High,Open,,,,AGT009
TKT101436,15700,2024-05-11 00:00:00,Product Query,Medium,Closed,2024-05-12 20:00:00,44,5,AGT011
TKT101437,18719,2024-01-03 00:00:00,Order Issue,High,Closed,2024-01-03 08:00:00,8,2,AGT020
TKT101438,18495,2024-05-29 00:00:00,Order Issue,Medium,Closed,2024-05-31 17:00:00,65,5,AGT019
TKT101439,14545,2024-10-30 00:00:00,Technical,High,In Progress,,,,AGT001
TKT101440,16334,2024-03-03 00:00:00,Returns,Medium,Resolved,2024-03-03 19:00:00,19,,AGT014
TKT101441,19927,2024-09-24 00:00:00,Product Query,High,Closed,2024-09-24 13:00:00,13,1,AGT018
TKT101442,13166,2024-04-02 00:00:00,Order Issue,High,Closed,2024-04-02 15:00:00,15,5,AGT007
TKT101443,14031,2024-04-01 00:00:00,Order Issue,Low,Closed,2024-04-05 11:00:00,107,2,AGT006
TKT101444,13441,2024-06-05 00:00:00,Returns,Urgent,Closed,2024-06-05 03:00:00,3,1,AGT001
TKT101445,16665,2024-02-17 00:00:00,Shipping,Medium,In Progress,,,,AGT013
TKT101446,16569,2024-10-22 00:00:00,Order Issue,Low,Closed,2024-10-27 07:00:00,127,4,AGT020
TKT101447,18050,2024-04-04 00:00:00,Payment,High,Closed,2024-04-04 23:00:00,23,1,AGT009
TKT101448,14940,2024-03-15 00:00:00,Other,Medium,Resolved,2024-03-15 14:00:00,14,,AGT015
TKT101449,11731,2024-05-09 00:00:00,Returns,Medium,Resolved,2024-05-10 02:00:00,26,,AGT002
TKT101450,18595,2024-10-29 00:00:00,Payment,Medium,In Progress,,,,AGT005
TKT101451,17412,2024-10-02 00:00:00,Order Issue,Low,Closed,2024-10-03 18:00:00,42,4,AGT007
TKT101452,11408,2024-05-11 00:00:00,Product Query,High,Resolved,2024-05-11 22:00:00,22,,AGT007
TKT101453,16473,2024-10-07 00:00:00,Payment,High,Closed,2024-10-07 18:00:00,18,1,AGT014
TKT101454,12997,2024-10-07 00:00:00,Shipping,High,Closed,2024-10-07 15:00:00,15,1,AGT003
TKT101455,17457,2024-02-28 00:00:00,Payment,Urgent,Closed,2024-02-28 03:00:00,3,1,AGT010
TKT101456,13540,2024-08-06 00:00:00,Order Issue,Low,Resolved,2024-08-07 07:00:00,31,,AGT004
TKT101457,16729,2024-05-04 00:00:00,Order Issue,High,Resolved,2024-05-04 12:00:00,12,,AGT003
TKT101458,11275,2024-08-31 00:00:00,Product Query,Medium,Resolved,2024-08-31 20:00:00,20,,AGT002
TKT101459,13145,2024-09-17 00:00:00,Order Issue,Medium,Closed,2024-09-18 17:00:00,41,3,AGT006
TKT101460,17210,2024-10-18 00:00:00,Payment,Low,Open,,,,AGT017
TKT101461,11973,2024-06-04 00:00:00,Order Issue,Medium,Closed,2024-06-05 06:00:00,30,2,AGT005
TKT101462,10273,2024-06-04 00:00:00,Returns,Low,Resolved,2024-06-08 10:00:00,106,,AGT002
TKT101463,17644,2024-04-13 00:00:00,Technical,Low,Closed,2024-04-18 04:00:00,124,1,AGT013
TKT101464,18550,2024-06-07 00:00:00,Other,Medium,Open,,,,AGT019
TKT101465,13199,2024-03-31 00:00:00,Product Query,High,Closed,2024-03-31 17:00:00,17,2,AGT013
TKT101466,18456,2024-07-13 00:00:00,Returns,Low,Resolved,2024-07-17 02:00:00,98,,AGT014
TKT101467,11405,2024-06-24 00:00:00,Order Issue,Medium,Closed,2024-06-26 14:00:00,62,5,AGT013
TKT101468,14868,2024-04-02 00:00:00,Payment,Low,Closed,2024-04-03 22:00:00,46,5,AGT009
TKT101469,13874,2024-05-08 00:00:00,Returns,Medium,Resolved,2024-05-09 10:00:00,34,,AGT012
TKT101470,18969,2024-04-26 00:00:00,Order Issue,Medium,Closed,2024-04-27 22:00:00,46,1,AGT018
TKT101471,17334,2024-10-19 00:00:00,Other,Medium,Resolved,2024-10-20 23:00:00,47,,AGT005
TKT101472,19821,2024-06-15 00:00:00,Product Query,Medium,Resolved,2024-06-15 13:00:00,13,,AGT019
TKT101473,11027,2024-01-19 00:00:00,Returns,Low,Resolved,2024-01-22 12:00:00,84,,AGT011
TKT101474,19118,2024-10-08 00:00:00,Other,Medium,In Progress,,,,AGT001
TKT101475,19013,2024-06-06 00:00:00,Returns,Medium,Closed,2024-06-07 17:00:00,41,4,AGT016
TKT101476,13204,2024-09-20 00:00:00,Order Issue,Medium,Resolved,2024-09-22 03:00:00,51,,AGT001
TKT101477,16593,2024-04-20 00:00:00,Payment,High,Closed,2024-04-20 05:00:00,5,4,AGT017
TKT101478,19026,2024-08-23 00:00:00,Order Issue,Medium,In Progress,,,,AGT007
TKT101479,14304,2024-04-20 00:00:00,Other,Medium,Resolved,2024-04-22 04:00:00,52,,AGT009
TKT101480,17329,2024-02-27 00:00:00,Payment,Medium,Closed,2024-02-28 15:00:00,39,2,AGT009
TKT101481,11428,2024-02-04 00:00:00,Returns,High,Closed,2024-02-04 15:00:00,15,4,AGT015
TKT101482,16328,2024-07-09 00:00:00,Payment,Low,Closed,2024-07-11 13:00:00,61,3,AGT003
TKT101483,19446,2024-07-18 00:00:00,Payment,Urgent,Resolved,2024-07-18 01:00:00,1,,AGT014
TKT101484,13126,2024-01-17 00:00:00,Order Issue,High,Closed,2024-01-17 04:00:00,4,2,AGT017
TKT101485,16530,2024-01-04 00:00:00,Returns,Medium,In Progress,,,,AGT020
TKT101486,11784,2024-09-05 00:00:00,Technical,Medium,Closed,2024-09-06 07:00:00,31,4,AGT003
TKT101487,11425,2024-06-22 00:00:00,Payment,Low,Open,,,,AGT018
TKT101488,14692,2024-07-16 00:00:00,Product Query,Low,In Progress,,,,AGT010
TKT101489,18347,2024-01-18 00:00:00,Technical,Medium,Closed,2024-01-20 18:00:00,66,4,AGT018
TKT101490,12858,2024-07-11 00:00:00,Shipping,High,In Progress,,,,AGT018
TKT101491,12093,2024-06-01 00:00:00,Returns,Medium,Resolved,2024-06-01 22:00:00,22,,AGT010
TKT101492,14252,2024-08-08 00:00:00,Payment,Low,Closed,2024-08-12 15:00:00,111,1,AGT015
TKT101493,16897,2024-10-01 00:00:00,Product Query,Low,Closed,2024-10-06 03:00:00,123,5,AGT019
TKT101494,10962,2024-10-08 00:00:00,Order Issue,Medium,Resolved,2024-10-10 20:00:00,68,,AGT005
TKT101495,10397,2024-03-24 00:00:00,Other,Medium,Closed,2024-03-25 13:00:00,37,3,AGT002
TKT101496,10485,2024-01-18 00:00:00,Returns,High,Resolved,2024-01-18 15:00:00,15,,AGT002
TKT101497,12548,2024-06-30 00:00:00,Returns,Low,In Progress,,,,AGT020
TKT101498,15514,2024-03-16 00:00:00,Returns,Low,Closed,2024-03-20 01:00:00,97,3,AGT019
TKT101499,14772,2024-02-01 00:00:00,Order Issue,Low,Closed,2024-02-03 13:00:00,61,1,AGT014
TKT101500,17044,2024-09-29 00:00:00,Order Issue,Medium,Closed,2024-10-01 06:00:00,54,4,AGT006
TKT101501,16478,2024-03-25 00:00:00,Order Issue,High,Closed,2024-03-25 11:00:00,11,2,AGT013
TKT101502,19229,2024-06-01 00:00:00,Technical,Low,Closed,2024-06-05 05:00:00,101,1,AGT009
TKT101503,12794,2024-01-04 00:00:00,Shipping,Low,Open,,,,AGT007
TKT101504,19852,2024-09-29 00:00:00,Order Issue,Medium,Closed,2024-10-01 14:00:00,62,4,AGT013
TKT101505,14258,2024-03-31 00:00:00,Product Query,Low,Closed,2024-04-01 15:00:00,39,3,AGT020
TKT101506,15115,2024-07-14 00:00:00,Product Query,Urgent,Resolved,2024-07-14 01:00:00,1,,AGT016
TKT101507,15103,2024-08-02 00:00:00,Order Issue,High,Closed,2024-08-02 22:00:00,22,5,AGT003
TKT101508,17047,2024-07-04 00:00:00,Shipping,Low,Closed,2024-07-09 03:00:00,123,1,AGT010
TKT101509,17901,2024-08-16 00:00:00,Returns,Medium,In Progress,,,,AGT007
TKT101510,16836,2024-03-20 00:00:00,Product Query,Medium,Closed,2024-03-21 07:00:00,31,3,AGT012
TKT101511,15917,2024-01-19 00:00:00,Technical,Medium,Closed,2024-01-21 04:00:00,52,1,AGT014
TKT101512,19570,2024-05-31 00:00:00,Other,Medium,Closed,2024-06-01 16:00:00,40,5,AGT011
TKT101513,13262,2024-08-21 00:00:00,Technical,Medium,Closed,2024-08-23 22:00:00,70,2,AGT003
TKT101514,10382,2024-09-13 00:00:00,Payment,High,In Progress,,,,AGT004
TKT101515,19143,2024-02-20 00:00:00,Technical,Medium,Resolved,2024-02-20 18:00:00,18,,AGT011
TKT101516,18613,2024-08-07 00:00:00,Payment,Medium,Resolved,2024-08-07 15:00:00,15,,AGT005
TKT101517,12124,2024-05-18 00:00:00,Order Issue,Medium,Closed,2024-05-19 10:00:00,34,4,AGT004
TKT101518,15733,2024-01-08 00:00:00,Returns,Medium,Closed,2024-01-10 07:00:00,55,5,AGT003
TKT101519,14921,2024-01-30 00:00:00,Payment,Low,Resolved,2024-02-03 03:00:00,99,,AGT012
TKT101520,12977,2024-08-25 00:00:00,Returns,High,In Progress,,,,AGT010
TKT101521,17514,2024-09-21 00:00:00,Product Query,Low,Closed,2024-09-26 11:00:00,131,3,AGT011
TKT101522,18405,2024-04-01 00:00:00,Product Query,Low,Closed,2024-04-05 12:00:00,108,4,AGT004
TKT101523,12945,2024-09-06 00:00:00,Other,Medium,Open,,,,AGT008
TKT101524,17906,2024-04-11 00:00:00,Other,Low,Resolved,2024-04-16 07:00:00,127,,AGT010
TKT101525,10817,2024-08-11 00:00:00,Product Query,Low,Resolved,2024-08-13 16:00:00,64,,AGT020
TKT101526,12335,2024-01-26 00:00:00,Technical,Low,Resolved,2024-01-30 19:00:00,115,,AGT005
TKT101527,12724,2024-02-10 00:00:00,Returns,Medium,Resolved,2024-02-12 11:00:00,59,,AGT003
TKT101528,10817,2024-04-11 00:00:00,Order Issue,High,Closed,2024-04-11 15:00:00,15,5,AGT001
TKT101529,14144,2024-07-07 00:00:00,Returns,Medium,Closed,2024-07-09 07:00:00,55,5,AGT008
TKT101530,11814,2024-08-21 00:00:00,Shipping,Low,Closed,2024-08-25 03:00:00,99,2,AGT016
TKT101531,18167,2024-08-07 00:00:00,Order Issue,Medium,Closed,2024-08-09 03:00:00,51,5,AGT015
TKT101532,16956,2024-05-06 00:00:00,Returns,Medium,Resolved,2024-05-08 08:00:00,56,,AGT018
TKT101533,14342,2024-09-10 00:00:00,Shipping,Low,Closed,2024-09-12 23:00:00,71,5,AGT017
TKT101534,15899,2024-08-30 00:00:00,Product Query,Medium,Resolved,2024-08-31 21:00:00,45,,AGT020
TKT101535,17826,2024-03-26 00:00:00,Product Query,High,Closed,2024-03-26 08:00:00,8,4,AGT013
TKT101536,13965,2024-05-27 00:00:00,Returns,Medium,Closed,2024-05-28 00:00:00,24,4,AGT012
TKT101537,14772,2024-06-24 00:00:00,Order Issue,High,Closed,2024-06-24 20:00:00,20,5,AGT010
TKT101538,13648,2024-02-14 00:00:00,Returns,High,Closed,2024-02-14 13:00:00,13,5,AGT012
TKT101539,17627,2024-09-01 00:00:00,Order Issue,Low,In Progress,,,,AGT017
TKT101540,19706,2024-09-09 00:00:00,Payment,Urgent,Open,,,,AGT015
TKT101541,15408,2024-03-05 00:00:00,Other,Low,Closed,2024-03-10 19:00:00,139,4,AGT009
TKT101542,12511,2024-04-25 00:00:00,Payment,Low,Resolved,2024-04-26 20:00:00,44,,AGT011
TKT101543,14869,2024-01-13 00:00:00,Returns,High,Closed,2024-01-13 14:00:00,14,4,AGT016
TKT101544,10687,2024-07-03 00:00:00,Payment,Low,Resolved,2024-07-05 05:00:00,53,,AGT012
TKT101545,18532,2024-03-08 00:00:00,Product Query,Medium,Resolved,2024-03-09 22:00:00,46,,AGT005
TKT101546,17348,2024-03-14 00:00:00,Technical,Medium,Resolved,2024-03-15 11:00:00,35,,AGT005
TKT101547,10309,2024-05-17 00:00:00,Returns,High,Closed,2024-05-17 19:00:00,19,3,AGT009
TKT101548,19267,2024-06-13 00:00:00,Other,Medium,Resolved,2024-06-15 10:00:00,58,,AGT019
TKT101549,12697,2024-10-08 00:00:00,Returns,Low,In Progress,,,,AGT015
TKT101550,19856,2024-05-17 00:00:00,Technical,Medium,In Progress,,,,AGT011
TKT101551,10703,2024-08-31 00:00:00,Product Query,Low,Closed,2024-09-03 18:00:00,90,5,AGT011
TKT101552,16320,2024-06-27 00:00:00,Product Query,Medium,Closed,2024-06-27 21:00:00,21,4,AGT016
TKT101553,10802,2024-05-30 00:00:00,Order Issue,High,Resolved,2024-05-30 16:00:00,16,,AGT020
TKT101554,13161,2024-05-29 00:00:00,Order Issue,Low,Closed,2024-06-02 11:00:00,107,4,AGT012
TKT101555,15267,2024-08-16 00:00:00,Order Issue,Urgent,In Progress,,,,AGT005
TKT101556,12651,2024-05-03 00:00:00,Shipping,High,Open,,,,AGT010
TKT101557,13699,2024-05-10 00:00:00,Product Query,Low,Open,,,,AGT016
TKT101558,13236,2024-03-24 00:00:00,Product Query,Medium,Closed,2024-03-25 01:00:00,25,3,AGT015
TKT101559,14409,2024-03-17 00:00:00,Order Issue,High,Resolved,2024-03-17 10:00:00,10,,AGT008
TKT101560,12964,2024-05-31 00:00:00,Payment,Medium,Open,,,,AGT016
TKT101561,18202,2024-04-04 00:00:00,Other,High,Closed,2024-04-04 23:00:00,23,2,AGT007
TKT101562,12974,2024-09-21 00:00:00,Shipping,Medium,Closed,2024-09-22 14:00:00,38,4,AGT006
TKT101563,18595,2024-07-18 00:00:00,Shipping,Medium,Closed,2024-07-18 20:00:00,20,5,AGT014
TKT101564,10609,2024-02-02 00:00:00,Order Issue,Low,Closed,2024-02-06 14:00:00,110,5,AGT015
TKT101565,14900,2024-07-16 00:00:00,Returns,Medium,Resolved,2024-07-16 20:00:00,20,,AGT019
TKT101566,19848,2024-07-15 00:00:00,Order Issue,Urgent,In Progress,,,,AGT015
TKT101567,18147,2024-03-23 00:00:00,Payment,Medium,In Progress,,,,AGT006
TKT101568,15814,2024-05-06 00:00:00,Shipping,Low,Open,,,,AGT011
TKT101569,19455,2024-01-05 00:00:00,Payment,Medium,In Progress,,,,AGT012
TKT101570,10742,2024-04-27 00:00:00,Order Issue,Low,Resolved,2024-05-02 01:00:00,121,,AGT012
TKT101571,12643,2024-10-06 00:00:00,Product Query,Medium,Resolved,2024-10-08 03:00:00,51,,AGT016
TKT101572,15644,2024-09-06 00:00:00,Payment,Medium,Closed,2024-09-07 14:00:00,38,3,AGT013
TKT101573,18459,2024-06-01 00:00:00,Technical,Medium,Closed,2024-06-03 04:00:00,52,4,AGT018
TKT101574,15814,2024-10-09 00:00:00,Other,Medium,In Progress,,,,AGT018
TKT101575,12917,2024-08-09 00:00:00,Returns,Low,Closed,2024-08-11 02:00:00,50,2,AGT019
TKT101576,11616,2024-10-15 00:00:00,Order Issue,Medium,Closed,2024-10-16 01:00:00,25,2,AGT010
TKT101577,14668,2024-05-16 00:00:00,Shipping,Low,Resolved,2024-05-17 05:00:00,29,,AGT017
TKT101578,13133,2024-07-29 00:00:00,Product Query,Low,In Progress,,,,AGT020
TKT101579,10634,2024-10-31 00:00:00,Returns,Medium,Open,,,,AGT020
TKT101580,19898,2024-06-19 00:00:00,Shipping,Medium,Closed,2024-06-20 20:00:00,44,4,AGT010
TKT101581,14711,2024-08-25 00:00:00,Payment,Low,Open,,,,AGT010
TKT101582,15365,2024-08-05 00:00:00,Shipping,Urgent,Resolved,2024-08-05 01:00:00,1,,AGT001
TKT101583,11742,2024-10-02 00:00:00,Returns,Low,Resolved,2024-10-06 10:00:00,106,,AGT008
TKT101584,15253,2024-08-10 00:00:00,Order Issue,High,Resolved,2024-08-10 19:00:00,19,,AGT019
TKT101585,15630,2024-06-19 00:00:00,Payment,Medium,Closed,2024-06-21 18:00:00,66,3,AGT007
TKT101586,12127,2024-04-08 00:00:00,Returns,Medium,Resolved,2024-04-09 18:00:00,42,,AGT010
TKT101587,11896,2024-01-09 00:00:00,Product Query,High,Closed,2024-01-09 15:00:00,15,5,AGT018
TKT101588,14696,2024-07-28 00:00:00,Technical,High,Open,,,,AGT005
TKT101589,12040,2024-10-23 00:00:00,Other,Medium,Resolved,2024-10-24 20:00:00,44,,AGT010
TKT101590,14009,2024-01-20 00:00:00,Payment,High,In Progress,,,,AGT012
TKT101591,18310,2024-06-01 00:00:00,Other,Medium,Open,,,,AGT015
TKT101592,19443,2024-05-01 00:00:00,Returns,Low,Resolved,2024-05-02 17:00:00,41,,AGT012
TKT101593,11233,2024-02-23 00:00:00,Order Issue,Medium,Resolved,2024-02-24 11:00:00,35,,AGT002
TKT101594,17587,2024-04-21 00:00:00,Shipping,High,Open,,,,AGT016
TKT101595,16194,2024-02-07 00:00:00,Shipping,Low,Resolved,2024-02-12 15:00:00,135,,AGT004
TKT101596,17047,2024-10-30 00:00:00,Order Issue,Medium,Closed,2024-10-30 13:00:00,13,5,AGT005
TKT101597,11350,2024-10-24 00:00:00,Order Issue,High,Closed,2024-10-24 11:00:00,11,3,AGT012
TKT101598,17682,2024-08-21 00:00:00,Shipping,Low,Closed,2024-08-23 16:00:00,64,3,AGT020
TKT101599,10835,2024-10-15 00:00:00,Order Issue,Medium,Closed,2024-10-15 16:00:00,16,2,AGT020
TKT101600,11985,2024-05-29 00:00:00,Returns,Low,Closed,2024-06-02 01:00:00,97,5,AGT019
TKT101601,16782,2024-03-10 00:00:00,Technical,Low,In Progress,,,,AGT015
TKT101602,10080,2024-08-07 00:00:00,Order Issue,High,Closed,2024-08-07 22:00:00,22,3,AGT010
TKT101603,10349,2024-06-26 00:00:00,Returns,Low,Closed,2024-07-01 16:00:00,136,2,AGT020
TKT101604,19556,2024-06-12 00:00:00,Order Issue,Medium,Closed,2024-06-12 22:00:00,22,3,AGT010
TKT101605,11895,2024-08-16 00:00:00,Other,Low,Closed,2024-08-18 17:00:00,65,5,AGT007
TKT101606,12708,2024-04-01 00:00:00,Returns,Medium,Closed,2024-04-03 11:00:00,59,3,AGT013
TKT101607,17010,2024-06-18 00:00:00,Product Query,High,Closed,2024-06-18 16:00:00,16,5,AGT019
TKT101608,19769,2024-06-26 00:00:00,Shipping,Low,Open,,,,AGT018
TKT101609,17859,2024-03-03 00:00:00,Product Query,High,Closed,2024-03-03 16:00:00,16,5,AGT015
TKT101610,18016,2024-03-03 00:00:00,Product Query,Low,Closed,2024-03-07 04:00:00,100,1,AGT012
TKT101611,19024,2024-07-21 00:00:00,Shipping,Low,Resolved,2024-07-22 00:00:00,24,,AGT010
TKT101612,16492,2024-02-09 00:00:00,Payment,High,Closed,2024-02-09 15:00:00,15,3,AGT019
TKT101613,11118,2024-04-15 00:00:00,Order Issue,High,Closed,2024-04-15 16:00:00,16,5,AGT015
TKT101614,17222,2024-05-04 00:00:00,Returns,Medium,Closed,2024-05-06 23:00:00,71,1,AGT014
TKT101615,10151,2024-04-28 00:00:00,Technical,Medium,In Progress,,,,AGT010
TKT101616,19479,2024-05-05 00:00:00,Product Query,Medium,Closed,2024-05-06 01:00:00,25,1,AGT018
TKT101617,14409,2024-06-17 00:00:00,Order Issue,Medium,Closed,2024-06-17 20:00:00,20,1,AGT006
TKT101618,14744,2024-10-08 00:00:00,Returns,Medium,Closed,2024-10-08 16:00:00,16,3,AGT003
TKT101619,12708,2024-10-18 00:00:00,Order Issue,High,Resolved,2024-10-18 09:00:00,9,,AGT001
TKT101620,11568,2024-04-27 00:00:00,Product Query,Medium,Closed,2024-04-29 09:00:00,57,4,AGT011
TKT101621,14586,2024-08-29 00:00:00,Payment,Medium,Resolved,2024-08-31 00:00:00,48,,AGT013
TKT101622,11616,2024-05-29 00:00:00,Shipping,High,Resolved,2024-05-29 04:00:00,4,,AGT007
TKT101623,15422,2024-05-15 00:00:00,Technical,Medium,Resolved,2024-05-17 02:00:00,50,,AGT012
TKT101624,19365,2024-07-01 00:00:00,Order Issue,Low,Closed,2024-07-03 18:00:00,66,1,AGT009
TKT101625,11499,2024-08-01 00:00:00,Returns,Low,Resolved,2024-08-06 17:00:00,137,,AGT016
TKT101626,17417,2024-06-11 00:00:00,Order Issue,Medium,In Progress,,,,AGT005
TKT101627,14895,2024-09-19 00:00:00,Returns,High,Resolved,2024-09-19 22:00:00,22,,AGT004
TKT101628,17348,2024-10-30 00:00:00,Other,Medium,In Progress,,,,AGT013
TKT101629,17982,2024-06-21 00:00:00,Payment,High,Resolved,2024-06-21 06:00:00,6,,AGT003
TKT101630,11139,2024-07-23 00:00:00,Technical,High,In Progress,,,,AGT012
TKT101631,18124,2024-05-14 00:00:00,Shipping,Low,Resolved,2024-05-17 20:00:00,92,,AGT020
TKT101632,12351,2024-03-29 00:00:00,Technical,Low,Open,,,,AGT005
TKT101633,14834,2024-09-08 00:00:00,Product Query,High,Resolved,2024-09-08 21:00:00,21,,AGT020
TKT101634,13519,2024-03-19 00:00:00,Order Issue,Medium,Closed,2024-03-21 20:00:00,68,1,AGT015
TKT101635,16126,2024-02-24 00:00:00,Order Issue,High,In Progress,,,,AGT018
TKT101636,14068,2024-08-29 00:00:00,Order Issue,Low,In Progress,,,,AGT003
TKT101637,12083,2024-08-24 00:00:00,Technical,High,Resolved,2024-08-24 11:00:00,11,,AGT020
TKT101638,12786,2024-01-21 00:00:00,Order Issue,Medium,In Progress,,,,AGT017
TKT101639,13699,2024-04-22 00:00:00,Payment,High,Resolved,2024-04-22 14:00:00,14,,AGT009
TKT101640,10080,2024-08-31 00:00:00,Order Issue,Medium,Resolved,2024-08-31 16:00:00,16,,AGT018
TKT101641,19434,2024-02-08 00:00:00,Other,High,Resolved,2024-02-08 23:00:00,23,,AGT002
TKT101642,10777,2024-07-20 00:00:00,Payment,Low,In Progress,,,,AGT018
TKT101643,13171,2024-09-25 00:00:00,Returns,Low,Open,,,,AGT008
TKT101644,13617,2024-03-28 00:00:00,Order Issue,Low,Closed,2024-03-30 19:00:00,67,4,AGT001
TKT101645,12066,2024-08-15 00:00:00,Shipping,High,Closed,2024-08-15 07:00:00,7,3,AGT014
TKT101646,14615,2024-06-04 00:00:00,Technical,Medium,Resolved,2024-06-06 05:00:00,53,,AGT001
TKT101647,13136,2024-10-23 00:00:00,Product Query,Low,Closed,2024-10-27 08:00:00,104,4,AGT011
TKT101648,19333,2024-07-11 00:00:00,Payment,Low,Closed,2024-07-14 23:00:00,95,1,AGT019
TKT101649,12796,2024-08-06 00:00:00,Order Issue,Medium,Closed,2024-08-08 13:00:00,61,2,AGT009
TKT101650,11249,2024-10-17 00:00:00,Order Issue,Medium,Open,,,,AGT003
TKT101651,12418,2024-09-09 00:00:00,Product Query,Medium,Open,,,,AGT016
TKT101652,14028,2024-03-14 00:00:00,Payment,Medium,Closed,2024-03-14 16:00:00,16,1,AGT014
TKT101653,14783,2024-01-16 00:00:00,Product Query,Low,Closed,2024-01-21 04:00:00,124,4,AGT008
TKT101654,18223,2024-06-30 00:00:00,Product Query,Low,Closed,2024-07-02 10:00:00,58,5,AGT017
TKT101655,18664,2024-09-01 00:00:00,Order Issue,Low,Closed,2024-09-05 22:00:00,118,2,AGT007
TKT101656,13532,2024-04-22 00:00:00,Payment,Medium,Closed,2024-04-22 20:00:00,20,5,AGT018
TKT101657,13767,2024-01-22 00:00:00,Order Issue,Low,Closed,2024-01-26 09:00:00,105,1,AGT018
TKT101658,14472,2024-08-13 00:00:00,Returns,Urgent,Resolved,2024-08-13 05:00:00,5,,AGT009
TKT101659,18163,2024-02-24 00:00:00,Payment,Low,Closed,2024-02-28 09:00:00,105,3,AGT010
TKT101660,18181,2024-05-27 00:00:00,Product Query,High,Resolved,2024-05-27 09:00:00,9,,AGT016
TKT101661,13471,2024-09-27 00:00:00,Returns,High,Closed,2024-09-27 15:00:00,15,4,AGT011
TKT101662,11139,2024-08-04 00:00:00,Shipping,Urgent,Closed,2024-08-04 02:00:00,2,2,AGT009
TKT101663,10388,2024-09-06 00:00:00,Order Issue,Medium,Resolved,2024-09-08 08:00:00,56,,AGT016
TKT101664,10544,2024-07-18 00:00:00,Payment,Medium,Closed,2024-07-20 09:00:00,57,4,AGT019
TKT101665,12184,2024-02-10 00:00:00,Product Query,Medium,In Progress,,,,AGT018
TKT101666,10080,2024-04-22 00:00:00,Technical,Medium,Resolved,2024-04-23 17:00:00,41,,AGT020
TKT101667,19638,2024-06-26 00:00:00,Other,High,Resolved,2024-06-26 10:00:00,10,,AGT013
TKT101668,18516,2024-07-27 00:00:00,Technical,Medium,Closed,2024-07-29 00:00:00,48,4,AGT003
TKT101669,15117,2024-05-21 00:00:00,Product Query,Urgent,Closed,2024-05-21 05:00:00,5,5,AGT015
TKT101670,12829,2024-04-04 00:00:00,Product Query,Medium,Closed,2024-04-06 20:00:00,68,2,AGT001
TKT101671,15267,2024-10-31 00:00:00,Order Issue,Low,Open,,,,AGT011
TKT101672,10777,2024-05-29 00:00:00,Order Issue,Medium,Resolved,2024-05-31 09:00:00,57,,AGT011
TKT101673,17773,2024-08-19 00:00:00,Returns,Medium,In Progress,,,,AGT020
TKT101674,18181,2024-03-04 00:00:00,Shipping,Medium,Closed,2024-03-04 21:00:00,21,5,AGT007
TKT101675,19144,2024-03-06 00:00:00,Order Issue,Medium,Closed,2024-03-07 12:00:00,36,5,AGT005
TKT101676,10403,2024-02-23 00:00:00,Product Query,Low,Closed,2024-02-24 07:00:00,31,1,AGT005
TKT101677,12873,2024-09-11 00:00:00,Returns,High,Closed,2024-09-11 18:00:00,18,3,AGT018
TKT101678,17722,2024-09-15 00:00:00,Product Query,Medium,In Progress,,,,AGT019
TKT101679,13854,2024-06-12 00:00:00,Returns,Low,In Progress,,,,AGT015
TKT101680,18017,2024-10-22 00:00:00,Shipping,Medium,In Progress,,,,AGT010
TKT101681,12645,2024-09-02 00:00:00,Product Query,Low,In Progress,,,,AGT003
TKT101682,12397,2024-07-13 00:00:00,Payment,High,Closed,2024-07-13 08:00:00,8,4,AGT004
TKT101683,16771,2024-07-17 00:00:00,Other,Medium,Open,,,,AGT006
TKT101684,17044,2024-07-27 00:00:00,Payment,Low,Closed,2024-07-28 15:00:00,39,2,AGT020
TKT101685,16303,2024-02-06 00:00:00,Payment,Low,Closed,2024-02-09 18:00:00,90,4,AGT005
TKT101686,14615,2024-08-18 00:00:00,Product Query,Medium,Open,,,,AGT001
TKT101687,16881,2024-06-10 00:00:00,Product Query,Medium,Closed,2024-06-10 17:00:00,17,4,AGT004
TKT101688,13333,2024-05-29 00:00:00,Product Query,Medium,Resolved,2024-05-31 05:00:00,53,,AGT004
TKT101689,19967,2024-01-28 00:00:00,Order Issue,Medium,Resolved,2024-01-30 15:00:00,63,,AGT018
TKT101690,17041,2024-03-14 00:00:00,Order Issue,Urgent,Closed,2024-03-14 01:00:00,1,4,AGT003
TKT101691,13236,2024-02-20 00:00:00,Returns,Low,Resolved,2024-02-24 09:00:00,105,,AGT013
TKT101692,15507,2024-05-25 00:00:00,Order Issue,High,Resolved,2024-05-25 22:00:00,22,,AGT012
TKT101693,16648,2024-04-03 00:00:00,Order Issue,High,In Progress,,,,AGT011
TKT101694,12266,2024-04-25 00:00:00,Payment,Medium,In Progress,,,,AGT006
TKT101695,16334,2024-07-19 00:00:00,Payment,High,Closed,2024-07-19 22:00:00,22,5,AGT020
TKT101696,10429,2024-06-08 00:00:00,Payment,Low,In Progress,,,,AGT012
TKT101697,18627,2024-03-21 00:00:00,Product Query,High,Open,,,,AGT015
TKT101698,14923,2024-02-27 00:00:00,Returns,High,Resolved,2024-02-27 22:00:00,22,,AGT007
TKT101699,18417,2024-10-02 00:00:00,Technical,Medium,Resolved,2024-10-02 21:00:00,21,,AGT004
TKT101700,11250,2024-07-31 00:00:00,Returns,Medium,Resolved,2024-08-02 05:00:00,53,,AGT020
TKT101701,14493,2024-05-23 00:00:00,Returns,Medium,Closed,2024-05-24 16:00:00,40,1,AGT009
TKT101702,17840,2024-05-05 00:00:00,Product Query,Medium,Closed,2024-05-06 20:00:00,44,1,AGT014
TKT101703,14206,2024-03-05 00:00:00,Other,Low,Open,,,,AGT012
TKT101704,15773,2024-09-12 00:00:00,Order Issue,Low,Resolved,2024-09-16 09:00:00,105,,AGT003
TKT101705,15105,2024-05-27 00:00:00,Order Issue,Low,In Progress,,,,AGT010
TKT101706,14271,2024-01-22 00:00:00,Technical,High,Resolved,2024-01-22 12:00:00,12,,AGT014
TKT101707,18601,2024-10-10 00:00:00,Product Query,High,Closed,2024-10-10 12:00:00,12,1,AGT018
TKT101708,12271,2024-04-11 00:00:00,Order Issue,High,Resolved,2024-04-11 22:00:00,22,,AGT001
TKT101709,17832,2024-07-06 00:00:00,Shipping,Medium,Closed,2024-07-06 22:00:00,22,1,AGT014
TKT101710,15439,2024-09-01 00:00:00,Payment,Low,Closed,2024-09-03 06:00:00,54,3,AGT020
TKT101711,14510,2024-05-24 00:00:00,Order Issue,High,Resolved,2024-05-24 18:00:00,18,,AGT016
TKT101712,16563,2024-09-14 00:00:00,Order Issue,Medium,Closed,2024-09-15 01:00:00,25,5,AGT004
TKT101713,19321,2024-03-06 00:00:00,Order Issue,Low,In Progress,,,,AGT007
TKT101714,13959,2024-05-12 00:00:00,Order Issue,Medium,Closed,2024-05-14 03:00:00,51,1,AGT018
TKT101715,10474,2024-02-18 00:00:00,Order Issue,Low,Closed,2024-02-23 07:00:00,127,5,AGT015
TKT101716,15296,2024-09-20 00:00:00,Order Issue,Low,Open,,,,AGT004
TKT101717,14813,2024-09-30 00:00:00,Shipping,High,Closed,2024-09-30 15:00:00,15,3,AGT019
TKT101718,19062,2024-07-06 00:00:00,Order Issue,Low,Closed,2024-07-07 21:00:00,45,1,AGT001
TKT101719,11034,2024-06-03 00:00:00,Shipping,Low,Closed,2024-06-04 01:00:00,25,4,AGT019
TKT101720,15841,2024-04-01 00:00:00,Product Query,Urgent,Closed,2024-04-01 05:00:00,5,4,AGT016
TKT101721,11057,2024-09-28 00:00:00,Technical,Medium,Resolved,2024-09-30 12:00:00,60,,AGT009
TKT101722,10431,2024-05-17 00:00:00,Payment,Low,Resolved,2024-05-21 09:00:00,105,,AGT013
TKT101723,15619,2024-04-28 00:00:00,Shipping,Low,In Progress,,,,AGT004
TKT101724,14019,2024-01-06 00:00:00,Shipping,Medium,In Progress,,,,AGT006
TKT101725,11692,2024-02-01 00:00:00,Product Query,Medium,Closed,2024-02-02 04:00:00,28,5,AGT009
TKT101726,15893,2024-01-01 00:00:00,Returns,Medium,Closed,2024-01-03 12:00:00,60,4,AGT020
TKT101727,11369,2024-09-05 00:00:00,Shipping,Medium,Closed,2024-09-05 21:00:00,21,2,AGT016
TKT101728,15571,2024-02-05 00:00:00,Product Query,High,Resolved,2024-02-05 06:00:00,6,,AGT016
TKT101729,13965,2024-06-21 00:00:00,Product Query,Medium,Closed,2024-06-23 19:00:00,67,5,AGT012
TKT101730,14510,2024-03-27 00:00:00,Product Query,Low,Open,,,,AGT013
TKT101731,10520,2024-07-05 00:00:00,Returns,High,Closed,2024-07-05 15:00:00,15,1,AGT010
TKT101732,18459,2024-01-24 00:00:00,Shipping,Low,Resolved,2024-01-29 12:00:00,132,,AGT005
TKT101733,12358,2024-03-30 00:00:00,Order Issue,Medium,Closed,2024-03-31 18:00:00,42,5,AGT007
TKT101734,18069,2024-10-05 00:00:00,Shipping,Medium,Closed,2024-10-06 21:00:00,45,5,AGT011
TKT101735,17010,2024-03-10 00:00:00,Returns,Medium,Open,,,,AGT007
TKT101736,15257,2024-06-15 00:00:00,Payment,Medium,Closed,2024-06-15 16:00:00,16,2,AGT009
TKT101737,18083,2024-02-26 00:00:00,Order Issue,Medium,Closed,2024-02-27 08:00:00,32,5,AGT011
TKT101738,15913,2024-03-08 00:00:00,Product Query,Urgent,Open,,,,AGT013
TKT101739,10595,2024-08-25 00:00:00,Order Issue,Medium,Closed,2024-08-26 05:00:00,29,1,AGT004
TKT101740,15036,2024-08-04 00:00:00,Order Issue,Medium,Resolved,2024-08-06 22:00:00,70,,AGT010
TKT101741,15451,2024-07-23 00:00:00,Returns,Medium,In Progress,,,,AGT005
TKT101742,12562,2024-01-27 00:00:00,Returns,Medium,In Progress,,,,AGT001
TKT101743,12974,2024-05-23 00:00:00,Product Query,Medium,Open,,,,AGT005
TKT101744,13457,2024-05-09 00:00:00,Other,Low,In Progress,,,,AGT002
TKT101745,19115,2024-10-31 00:00:00,Payment,Low,Closed,2024-11-05 19:00:00,139,2,AGT009
TKT101746,10345,2024-09-21 00:00:00,Other,Medium,Resolved,2024-09-22 18:00:00,42,,AGT014
TKT101747,18826,2024-05-21 00:00:00,Technical,Low,Resolved,2024-05-25 01:00:00,97,,AGT011
TKT101748,15623,2024-10-03 00:00:00,Technical,Medium,Closed,2024-10-05 03:00:00,51,3,AGT014
TKT101749,19321,2024-09-01 00:00:00,Payment,Medium,Closed,2024-09-02 20:00:00,44,2,AGT014
TKT101750,12697,2024-10-29 00:00:00,Shipping,High,Closed,2024-10-29 14:00:00,14,3,AGT018
TKT101751,15316,2024-06-05 00:00:00,Order Issue,Urgent,Closed,2024-06-05 03:00:00,3,3,AGT018
TKT101752,17209,2024-02-02 00:00:00,Returns,Medium,Resolved,2024-02-02 17:00:00,17,,AGT016
TKT101753,11471,2024-07-03 00:00:00,Payment,Medium,Closed,2024-07-03 12:00:00,12,2,AGT014
TKT101754,17530,2024-03-09 00:00:00,Order Issue,Medium,Resolved,2024-03-10 20:00:00,44,,AGT017
TKT101755,19146,2024-07-29 00:00:00,Order Issue,Medium,Resolved,2024-07-31 07:00:00,55,,AGT007
TKT101756,12974,2024-04-30 00:00:00,Technical,Medium,Resolved,2024-05-01 12:00:00,36,,AGT016
TKT101757,17166,2024-09-22 00:00:00,Order Issue,Medium,Closed,2024-09-22 23:00:00,23,1,AGT015
TKT101758,11639,2024-09-22 00:00:00,Order Issue,Medium,Closed,2024-09-23 13:00:00,37,5,AGT015
TKT101759,12886,2024-06-01 00:00:00,Payment,Medium,Open,,,,AGT003
TKT101760,16477,2024-03-21 00:00:00,Other,Medium,Resolved,2024-03-23 11:00:00,59,,AGT006
TKT101761,14597,2024-08-21 00:00:00,Shipping,Medium,Resolved,2024-08-22 21:00:00,45,,AGT004
TKT101762,16446,2024-10-05 00:00:00,Shipping,Low,In Progress,,,,AGT003
TKT101763,19036,2024-02-04 00:00:00,Product Query,Medium,Closed,2024-02-05 03:00:00,27,5,AGT001
TKT101764,15421,2024-03-26 00:00:00,Shipping,Medium,In Progress,,,,AGT009
TKT101765,13872,2024-04-03 00:00:00,Product Query,Low,Resolved,2024-04-07 16:00:00,112,,AGT006
TKT101766,11471,2024-09-18 00:00:00,Order Issue,Low,In Progress,,,,AGT019
TKT101767,15616,2024-09-10 00:00:00,Product Query,High,Resolved,2024-09-10 20:00:00,20,,AGT006
TKT101768,12487,2024-08-11 00:00:00,Order Issue,Low,Resolved,2024-08-12 04:00:00,28,,AGT002
TKT101769,13864,2024-04-25 00:00:00,Technical,Medium,Closed,2024-04-25 17:00:00,17,3,AGT004
TKT101770,17445,2024-09-06 00:00:00,Order Issue,High,Resolved,2024-09-06 10:00:00,10,,AGT010
TKT101771,15630,2024-10-24 00:00:00,Technical,Medium,Resolved,2024-10-26 10:00:00,58,,AGT001
TKT101772,18360,2024-08-15 00:00:00,Product Query,Medium,In Progress,,,,AGT018
TKT101773,17408,2024-08-21 00:00:00,Payment,Medium,Resolved,2024-08-23 02:00:00,50,,AGT004
TKT101774,19623,2024-02-02 00:00:00,Payment,High,Closed,2024-02-02 17:00:00,17,2,AGT019
TKT101775,14095,2024-08-06 00:00:00,Returns,Medium,Resolved,2024-08-07 17:00:00,41,,AGT009
TKT101776,16376,2024-04-23 00:00:00,Order Issue,Medium,Resolved,2024-04-25 06:00:00,54,,AGT019
TKT101777,15514,2024-04-06 00:00:00,Product Query,Medium,Closed,2024-04-07 06:00:00,30,3,AGT013
TKT101778,11531,2024-07-14 00:00:00,Returns,Low,Closed,2024-07-16 02:00:00,50,4,AGT010
TKT101779,18909,2024-06-28 00:00:00,Shipping,High,Resolved,2024-06-28 20:00:00,20,,AGT004
TKT101780,12234,2024-08-27 00:00:00,Returns,Medium,Resolved,2024-08-27 18:00:00,18,,AGT010
TKT101781,17122,2024-05-02 00:00:00,Order Issue,High,Closed,2024-05-02 19:00:00,19,5,AGT013
TKT101782,11973,2024-01-01 00:00:00,Product Query,Urgent,Closed,2024-01-01 01:00:00,1,4,AGT016
TKT101783,14902,2024-04-03 00:00:00,Product Query,Low,Closed,2024-04-06 00:00:00,72,4,AGT004
TKT101784,13108,2024-02-07 00:00:00,Order Issue,Medium,In Progress,,,,AGT014
TKT101785,14504,2024-01-30 00:00:00,Technical,Medium,Resolved,2024-01-30 12:00:00,12,,AGT004
TKT101786,11973,2024-01-26 00:00:00,Returns,Urgent,Resolved,2024-01-26 05:00:00,5,,AGT008
TKT101787,16492,2024-07-01 00:00:00,Order Issue,Medium,Resolved,2024-07-01 21:00:00,21,,AGT017
TKT101788,14133,2024-05-31 00:00:00,Order Issue,High,Open,,,,AGT007
TKT101789,19298,2024-03-12 00:00:00,Order Issue,Medium,Resolved,2024-03-13 15:00:00,39,,AGT008
TKT101790,18147,2024-10-25 00:00:00,Order Issue,Medium,Resolved,2024-10-26 21:00:00,45,,AGT014
TKT101791,18801,2024-02-25 00:00:00,Payment,Low,Resolved,2024-02-26 08:00:00,32,,AGT004
TKT101792,10397,2024-06-08 00:00:00,Returns,Medium,Closed,2024-06-08 21:00:00,21,4,AGT014
TKT101793,17420,2024-04-07 00:00:00,Product Query,Low,Resolved,2024-04-11 02:00:00,98,,AGT015
TKT101794,15475,2024-07-20 00:00:00,Product Query,Medium,Open,,,,AGT003
TKT101795,16932,2024-07-27 00:00:00,Technical,High,Resolved,2024-07-27 13:00:00,13,,AGT019
TKT101796,16474,2024-08-28 00:00:00,Order Issue,Medium,Closed,2024-08-30 12:00:00,60,5,AGT014
TKT101797,14342,2024-05-28 00:00:00,Technical,Low,Resolved,2024-05-29 15:00:00,39,,AGT009
TKT101798,18069,2024-02-12 00:00:00,Returns,High,Resolved,2024-02-12 06:00:00,6,,AGT015
TKT101799,10053,2024-03-19 00:00:00,Returns,Medium,Closed,2024-03-21 17:00:00,65,3,AGT016
TKT101800,19968,2024-03-19 00:00:00,Product Query,Medium,Closed,2024-03-20 17:00:00,41,1,AGT007
TKT101801,13036,2024-09-17 00:00:00,Returns,Medium,Resolved,2024-09-17 21:00:00,21,,AGT011
TKT101802,13187,2024-06-30 00:00:00,Payment,Medium,Closed,2024-07-01 06:00:00,30,1,AGT006
TKT101803,15469,2024-02-04 00:00:00,Product Query,Urgent,Closed,2024-02-04 02:00:00,2,2,AGT020
TKT101804,10545,2024-09-20 00:00:00,Product Query,High,Closed,2024-09-20 16:00:00,16,1,AGT007
TKT101805,17489,2024-03-08 00:00:00,Other,Medium,Resolved,2024-03-09 10:00:00,34,,AGT015
TKT101806,16739,2024-04-14 00:00:00,Returns,Medium,Open,,,,AGT019
TKT101807,18587,2024-04-12 00:00:00,Shipping,Low,Resolved,2024-04-14 02:00:00,50,,AGT014
TKT101808,17253,2024-03-10 00:00:00,Returns,Medium,Open,,,,AGT008
TKT101809,11178,2024-10-14 00:00:00,Product Query,Medium,Resolved,2024-10-15 07:00:00,31,,AGT017
TKT101810,11800,2024-04-16 00:00:00,Other,Medium,Closed,2024-04-16 14:00:00,14,5,AGT020
TKT101811,15465,2024-03-26 00:00:00,Order Issue,Low,Open,,,,AGT014
TKT101812,19655,2024-04-28 00:00:00,Returns,Medium,Closed,2024-04-30 05:00:00,53,2,AGT007
TKT101813,11350,2024-01-05 00:00:00,Payment,Low,Open,,,,AGT018
TKT101814,16831,2024-10-22 00:00:00,Order Issue,Low,Closed,2024-10-25 17:00:00,89,4,AGT013
TKT101815,18797,2024-03-08 00:00:00,Payment,Low,In Progress,,,,AGT004
TKT101816,16303,2024-08-11 00:00:00,Payment,Low,Resolved,2024-08-12 23:00:00,47,,AGT011
TKT101817,19746,2024-10-22 00:00:00,Order Issue,High,Resolved,2024-10-22 04:00:00,4,,AGT020
TKT101818,14927,2024-06-06 00:00:00,Product Query,High,Resolved,2024-06-06 22:00:00,22,,AGT003
TKT101819,15884,2024-10-09 00:00:00,Returns,Medium,In Progress,,,,AGT013
TKT101820,12630,2024-03-01 00:00:00,Order Issue,Medium,Closed,2024-03-01 20:00:00,20,5,AGT018
TKT101821,17156,2024-03-15 00:00:00,Order Issue,Low,Resolved,2024-03-20 03:00:00,123,,AGT013
TKT101822,12104,2024-10-20 00:00:00,Order Issue,Medium,Resolved,2024-10-20 19:00:00,19,,AGT015
TKT101823,13176,2024-05-18 00:00:00,Returns,High,Open,,,,AGT001
TKT101824,12796,2024-06-20 00:00:00,Technical,Medium,In Progress,,,,AGT009
TKT101825,15057,2024-02-17 00:00:00,Order Issue,High,Open,,,,AGT016
TKT101826,11536,2024-09-12 00:00:00,Returns,High,Closed,2024-09-12 06:00:00,6,5,AGT017
TKT101827,10029,2024-02-22 00:00:00,Payment,Urgent,Closed,2024-02-22 05:00:00,5,3,AGT004
TKT101828,16194,2024-04-26 00:00:00,Technical,High,Open,,,,AGT014
TKT101829,19967,2024-06-01 00:00:00,Product Query,Medium,Resolved,2024-06-02 05:00:00,29,,AGT002
TKT101830,12091,2024-09-10 00:00:00,Other,Low,In Progress,,,,AGT016
TKT101831,18521,2024-06-14 00:00:00,Order Issue,Medium,Closed,2024-06-16 19:00:00,67,5,AGT005
TKT101832,11483,2024-08-06 00:00:00,Order Issue,Medium,In Progress,,,,AGT017
TKT101833,13861,2024-02-24 00:00:00,Order Issue,Low,Resolved,2024-02-25 08:00:00,32,,AGT006
TKT101834,15485,2024-07-30 00:00:00,Order Issue,Low,Resolved,2024-08-02 11:00:00,83,,AGT001
TKT101835,12708,2024-10-25 00:00:00,Payment,Medium,Resolved,2024-10-27 11:00:00,59,,AGT020
TKT101836,15771,2024-06-29 00:00:00,Returns,Medium,Closed,2024-07-01 03:00:00,51,4,AGT018
TKT101837,11339,2024-08-03 00:00:00,Order Issue,Medium,Closed,2024-08-03 21:00:00,21,5,AGT008
TKT101838,11973,2024-06-23 00:00:00,Returns,Low,In Progress,,,,AGT002
TKT101839,15581,2024-01-20 00:00:00,Payment,High,Closed,2024-01-20 15:00:00,15,4,AGT015
TKT101840,19570,2024-04-06 00:00:00,Returns,High,Resolved,2024-04-06 17:00:00,17,,AGT009
TKT101841,11238,2024-07-23 00:00:00,Returns,High,Closed,2024-07-23 07:00:00,7,3,AGT003
TKT101842,15436,2024-10-10 00:00:00,Shipping,High,Closed,2024-10-10 08:00:00,8,3,AGT016
TKT101843,14330,2024-01-20 00:00:00,Product Query,Medium,Closed,2024-01-20 19:00:00,19,5,AGT018
TKT101844,11110,2024-05-02 00:00:00,Technical,High,In Progress,,,,AGT016
TKT101845,12008,2024-06-04 00:00:00,Other,Medium,Resolved,2024-06-05 22:00:00,46,,AGT004
TKT101846,14771,2024-04-10 00:00:00,Other,High,Resolved,2024-04-10 11:00:00,11,,AGT015
TKT101847,15421,2024-08-09 00:00:00,Product Query,Medium,Resolved,2024-08-11 13:00:00,61,,AGT004
TKT101848,17899,2024-04-09 00:00:00,Payment,Medium,Resolved,2024-04-11 04:00:00,52,,AGT005
TKT101849,10852,2024-07-02 00:00:00,Technical,Low,Closed,2024-07-04 17:00:00,65,4,AGT011
TKT101850,13693,2024-06-10 00:00:00,Order Issue,Low,Closed,2024-06-15 11:00:00,131,3,AGT013
TKT101851,15501,2024-06-15 00:00:00,Product Query,Medium,Resolved,2024-06-17 19:00:00,67,,AGT011
TKT101852,15311,2024-08-26 00:00:00,Order Issue,Medium,Closed,2024-08-28 22:00:00,70,1,AGT010
TKT101853,13864,2024-09-22 00:00:00,Order Issue,Medium,Resolved,2024-09-22 22:00:00,22,,AGT013
TKT101854,16864,2024-01-08 00:00:00,Order Issue,Medium,Resolved,2024-01-09 12:00:00,36,,AGT011
TKT101855,10917,2024-07-02 00:00:00,Payment,Low,Resolved,2024-07-07 13:00:00,133,,AGT014
TKT101856,18810,2024-07-25 00:00:00,Returns,High,Resolved,2024-07-25 10:00:00,10,,AGT001
TKT101857,10156,2024-08-31 00:00:00,Payment,Medium,Resolved,2024-09-02 20:00:00,68,,AGT009
TKT101858,16549,2024-10-11 00:00:00,Returns,Low,Resolved,2024-10-12 07:00:00,31,,AGT019
TKT101859,19326,2024-04-28 00:00:00,Shipping,Medium,Resolved,2024-04-30 16:00:00,64,,AGT006
TKT101860,12794,2024-06-08 00:00:00,Order Issue,Low,Resolved,2024-06-11 16:00:00,88,,AGT018
TKT101861,15859,2024-05-17 00:00:00,Returns,Urgent,In Progress,,,,AGT001
TKT101862,19852,2024-01-02 00:00:00,Order Issue,Medium,Resolved,2024-01-02 12:00:00,12,,AGT016
TKT101863,14808,2024-10-21 00:00:00,Product Query,Low,Closed,2024-10-26 17:00:00,137,2,AGT010
TKT101864,10580,2024-06-15 00:00:00,Shipping,Urgent,Resolved,2024-06-15 01:00:00,1,,AGT009
TKT101865,12949,2024-07-16 00:00:00,Payment,Low,Closed,2024-07-19 21:00:00,93,3,AGT008
TKT101866,12974,2024-05-13 00:00:00,Product Query,High,Closed,2024-05-13 05:00:00,5,3,AGT018
TKT101867,16592,2024-09-03 00:00:00,Order Issue,Medium,Closed,2024-09-04 19:00:00,43,1,AGT013
TKT101868,13853,2024-08-10 00:00:00,Returns,Medium,In Progress,,,,AGT011
TKT101869,16080,2024-03-26 00:00:00,Payment,Medium,Resolved,2024-03-28 04:00:00,52,,AGT006
TKT101870,11902,2024-08-25 00:00:00,Technical,Medium,Closed,2024-08-26 16:00:00,40,2,AGT005
TKT101871,15218,2024-06-19 00:00:00,Order Issue,Low,Closed,2024-06-23 18:00:00,114,3,AGT007
TKT101872,13525,2024-02-08 00:00:00,Payment,Low,Resolved,2024-02-09 00:00:00,24,,AGT009
TKT101873,10816,2024-10-05 00:00:00,Order Issue,High,Resolved,2024-10-05 12:00:00,12,,AGT019
TKT101874,11071,2024-04-13 00:00:00,Order Issue,Low,In Progress,,,,AGT005
TKT101875,10030,2024-03-03 00:00:00,Order Issue,Urgent,Closed,2024-03-03 03:00:00,3,2,AGT001
TKT101876,17841,2024-05-10 00:00:00,Technical,Medium,Open,,,,AGT020
TKT101877,11705,2024-06-13 00:00:00,Product Query,High,In Progress,,,,AGT001
TKT101878,14392,2024-10-12 00:00:00,Order Issue,Low,Open,,,,AGT003
TKT101879,11746,2024-06-12 00:00:00,Product Query,Medium,Resolved,2024-06-13 07:00:00,31,,AGT017
TKT101880,14409,2024-06-07 00:00:00,Order Issue,Low,Resolved,2024-06-09 17:00:00,65,,AGT004
TKT101881,13800,2024-01-02 00:00:00,Shipping,Low,Open,,,,AGT006
TKT101882,14213,2024-07-19 00:00:00,Order Issue,Medium,In Progress,,,,AGT017
TKT101883,14298,2024-03-13 00:00:00,Product Query,Medium,In Progress,,,,AGT007
TKT101884,12266,2024-08-21 00:00:00,Other,Medium,Closed,2024-08-23 20:00:00,68,4,AGT002
TKT101885,12964,2024-05-13 00:00:00,Payment,Medium,Closed,2024-05-15 05:00:00,53,5,AGT006
TKT101886,14296,2024-07-18 00:00:00,Product Query,High,Closed,2024-07-18 07:00:00,7,1,AGT007
TKT101887,17356,2024-06-18 00:00:00,Product Query,Medium,Closed,2024-06-20 01:00:00,49,1,AGT016
TKT101888,13980,2024-05-08 00:00:00,Technical,Medium,Closed,2024-05-09 20:00:00,44,3,AGT011
TKT101889,13742,2024-05-09 00:00:00,Other,Medium,Closed,2024-05-11 21:00:00,69,3,AGT018
TKT101890,11401,2024-09-19 00:00:00,Returns,High,Resolved,2024-09-19 15:00:00,15,,AGT011
TKT101891,12952,2024-03-11 00:00:00,Order Issue,Low,Resolved,2024-03-15 15:00:00,111,,AGT006
TKT101892,14744,2024-03-24 00:00:00,Product Query,Medium,Closed,2024-03-26 22:00:00,70,1,AGT005
TKT101893,18420,2024-08-10 00:00:00,Shipping,Low,Resolved,2024-08-11 03:00:00,27,,AGT008
TKT101894,19558,2024-08-01 00:00:00,Payment,Medium,Open,,,,AGT020
TKT101895,17356,2024-03-17 00:00:00,Payment,Medium,In Progress,,,,AGT003
TKT101896,12698,2024-08-16 00:00:00,Product Query,Medium,Resolved,2024-08-18 18:00:00,66,,AGT019
TKT101897,12140,2024-03-09 00:00:00,Product Query,Low,Resolved,2024-03-13 09:00:00,105,,AGT003
TKT101898,19477,2024-06-22 00:00:00,Order Issue,High,Resolved,2024-06-22 08:00:00,8,,AGT008
TKT101899,15670,2024-01-25 00:00:00,Technical,Medium,Closed,2024-01-27 05:00:00,53,3,AGT008
TKT101900,18500,2024-02-14 00:00:00,Returns,High,In Progress,,,,AGT017
TKT101901,10814,2024-01-15 00:00:00,Payment,Medium,Resolved,2024-01-15 12:00:00,12,,AGT011
TKT101902,17821,2024-03-07 00:00:00,Order Issue,Medium,Resolved,2024-03-08 20:00:00,44,,AGT016
TKT101903,18088,2024-05-08 00:00:00,Shipping,Low,Open,,,,AGT002
TKT101904,13868,2024-03-13 00:00:00,Order Issue,Medium,Closed,2024-03-13 17:00:00,17,3,AGT011
TKT101905,17906,2024-05-08 00:00:00,Returns,Medium,Resolved,2024-05-10 18:00:00,66,,AGT003
TKT101906,18746,2024-06-26 00:00:00,Returns,Low,Closed,2024-06-27 14:00:00,38,1,AGT005
TKT101907,17343,2024-06-03 00:00:00,Shipping,Urgent,Closed,2024-06-03 02:00:00,2,2,AGT016
TKT101908,10422,2024-06-21 00:00:00,Returns,Medium,Resolved,2024-06-22 15:00:00,39,,AGT015
TKT101909,19208,2024-02-01 00:00:00,Returns,Low,Closed,2024-02-06 08:00:00,128,4,AGT013
TKT101910,18290,2024-02-05 00:00:00,Order Issue,Low,Resolved,2024-02-10 11:00:00,131,,AGT005
TKT101911,12689,2024-03-13 00:00:00,Product Query,High,Resolved,2024-03-13 13:00:00,13,,AGT009
TKT101912,12325,2024-04-05 00:00:00,Payment,Medium,Resolved,2024-04-05 20:00:00,20,,AGT017
TKT101913,15281,2024-03-25 00:00:00,Order Issue,High,In Progress,,,,AGT008
TKT101914,10512,2024-05-11 00:00:00,Order Issue,High,In Progress,,,,AGT002
TKT101915,15712,2024-06-16 00:00:00,Order Issue,Low,Closed,2024-06-18 13:00:00,61,1,AGT005
TKT101916,13199,2024-04-05 00:00:00,Payment,Medium,In Progress,,,,AGT003
TKT101917,15957,2024-07-31 00:00:00,Payment,High,Closed,2024-07-31 13:00:00,13,4,AGT005
TKT101918,16652,2024-05-30 00:00:00,Order Issue,Medium,Closed,2024-06-01 22:00:00,70,1,AGT007
TKT101919,18845,2024-08-03 00:00:00,Order Issue,Medium,Closed,2024-08-04 06:00:00,30,4,AGT002
TKT101920,11796,2024-06-17 00:00:00,Shipping,Medium,Closed,2024-06-19 05:00:00,53,5,AGT009
TKT101921,19291,2024-04-18 00:00:00,Payment,High,Open,,,,AGT011
TKT101922,16517,2024-09-04 00:00:00,Product Query,Low,Resolved,2024-09-07 23:00:00,95,,AGT015
TKT101923,14161,2024-02-04 00:00:00,Order Issue,Low,Resolved,2024-02-08 07:00:00,103,,AGT017
TKT101924,19183,2024-07-03 00:00:00,Product Query,Medium,Closed,2024-07-03 20:00:00,20,2,AGT003
TKT101925,14333,2024-03-29 00:00:00,Product Query,Low,Resolved,2024-03-30 14:00:00,38,,AGT020
TKT101926,12341,2024-02-15 00:00:00,Product Query,High,Closed,2024-02-15 21:00:00,21,2,AGT013
TKT101927,18034,2024-07-22 00:00:00,Technical,Low,Resolved,2024-07-25 20:00:00,92,,AGT009
TKT101928,12274,2024-03-11 00:00:00,Shipping,Low,Closed,2024-03-13 20:00:00,68,3,AGT015
TKT101929,11275,2024-08-28 00:00:00,Technical,Low,Closed,2024-09-01 05:00:00,101,3,AGT020
TKT101930,16815,2024-10-08 00:00:00,Shipping,Low,Resolved,2024-10-10 22:00:00,70,,AGT003
TKT101931,12843,2024-09-05 00:00:00,Order Issue,Medium,Resolved,2024-09-06 16:00:00,40,,AGT009
TKT101932,14409,2024-07-22 00:00:00,Payment,Medium,Resolved,2024-07-24 20:00:00,68,,AGT015
TKT101933,13617,2024-02-20 00:00:00,Returns,Low,Resolved,2024-02-23 20:00:00,92,,AGT015
TKT101934,12682,2024-08-24 00:00:00,Other,Medium,Closed,2024-08-26 13:00:00,61,4,AGT006
TKT101935,17220,2024-06-19 00:00:00,Shipping,Urgent,Open,,,,AGT017
TKT101936,11166,2024-08-13 00:00:00,Payment,High,Closed,2024-08-13 06:00:00,6,1,AGT016
TKT101937,19137,2024-10-01 00:00:00,Product Query,Low,Resolved,2024-10-04 17:00:00,89,,AGT020
TKT101938,16048,2024-01-19 00:00:00,Order Issue,Low,Closed,2024-01-24 04:00:00,124,5,AGT001
TKT101939,14665,2024-08-02 00:00:00,Order Issue,High,Resolved,2024-08-02 05:00:00,5,,AGT018
TKT101940,14751,2024-04-29 00:00:00,Product Query,Low,Resolved,2024-05-01 18:00:00,66,,AGT004
TKT101941,17110,2024-08-02 00:00:00,Shipping,Medium,Resolved,2024-08-04 02:00:00,50,,AGT017
TKT101942,11895,2024-06-01 00:00:00,Product Query,Medium,Closed,2024-06-02 05:00:00,29,2,AGT018
TKT101943,14273,2024-04-16 00:00:00,Order Issue,Low,Resolved,2024-04-19 01:00:00,73,,AGT008
TKT101944,17835,2024-08-18 00:00:00,Returns,Low,Open,,,,AGT014
TKT101945,18521,2024-10-16 00:00:00,Other,Low,Closed,2024-10-17 20:00:00,44,4,AGT015
TKT101946,14899,2024-04-23 00:00:00,Product Query,High,Closed,2024-04-23 14:00:00,14,1,AGT020
TKT101947,19555,2024-06-14 00:00:00,Order Issue,High,Closed,2024-06-14 06:00:00,6,4,AGT002
TKT101948,13965,2024-04-07 00:00:00,Returns,Medium,Resolved,2024-04-09 02:00:00,50,,AGT009
TKT101949,13855,2024-05-07 00:00:00,Order Issue,Low,Resolved,2024-05-08 09:00:00,33,,AGT007
TKT101950,15619,2024-02-26 00:00:00,Order Issue,Medium,Resolved,2024-02-26 18:00:00,18,,AGT003
TKT101951,14069,2024-08-30 00:00:00,Product Query,Low,Closed,2024-09-03 07:00:00,103,3,AGT016
TKT101952,16395,2024-05-13 00:00:00,Payment,High,Resolved,2024-05-13 12:00:00,12,,AGT011
TKT101953,15523,2024-03-12 00:00:00,Payment,Low,Resolved,2024-03-14 11:00:00,59,,AGT004
TKT101954,14474,2024-05-31 00:00:00,Technical,Medium,Closed,2024-06-02 09:00:00,57,2,AGT013
TKT101955,12429,2024-05-06 00:00:00,Order Issue,Low,Closed,2024-05-08 02:00:00,50,1,AGT012
TKT101956,16983,2024-06-03 00:00:00,Order Issue,High,Closed,2024-06-03 06:00:00,6,4,AGT011
TKT101957,15913,2024-01-10 00:00:00,Returns,Low,Closed,2024-01-12 18:00:00,66,5,AGT006
TKT101958,11619,2024-10-12 00:00:00,Product Query,High,In Progress,,,,AGT003
TKT101959,12271,2024-04-28 00:00:00,Payment,Medium,Open,,,,AGT011
TKT101960,15841,2024-05-26 00:00:00,Returns,Medium,Closed,2024-05-28 19:00:00,67,5,AGT003
TKT101961,18719,2024-06-03 00:00:00,Technical,Medium,Resolved,2024-06-04 16:00:00,40,,AGT009
TKT101962,18848,2024-05-04 00:00:00,Order Issue,Medium,Resolved,2024-05-06 23:00:00,71,,AGT013
TKT101963,11492,2024-02-29 00:00:00,Product Query,Medium,Open,,,,AGT005
TKT101964,13887,2024-07-02 00:00:00,Order Issue,Medium,Resolved,2024-07-02 13:00:00,13,,AGT018
TKT101965,19649,2024-02-28 00:00:00,Order Issue,Low,Closed,2024-03-01 01:00:00,49,5,AGT001
TKT101966,12962,2024-10-15 00:00:00,Technical,High,Open,,,,AGT016
TKT101967,17253,2024-09-27 00:00:00,Technical,High,In Progress,,,,AGT015
TKT101968,16172,2024-01-22 00:00:00,Product Query,Medium,Open,,,,AGT020
TKT101969,16048,2024-06-08 00:00:00,Product Query,Low,Resolved,2024-06-13 04:00:00,124,,AGT011
TKT101970,15137,2024-06-18 00:00:00,Order Issue,Medium,Resolved,2024-06-20 18:00:00,66,,AGT002
TKT101971,13608,2024-06-12 00:00:00,Returns,Medium,In Progress,,,,AGT001
TKT101972,13036,2024-03-17 00:00:00,Shipping,Low,Resolved,2024-03-21 17:00:00,113,,AGT002
TKT101973,10906,2024-09-10 00:00:00,Order Issue,High,Resolved,2024-09-10 16:00:00,16,,AGT012
TKT101974,14295,2024-05-24 00:00:00,Payment,Low,Open,,,,AGT013
TKT101975,18825,2024-08-29 00:00:00,Product Query,Medium,Closed,2024-08-30 02:00:00,26,4,AGT010
TKT101976,18050,2024-07-01 00:00:00,Product Query,High,Closed,2024-07-01 20:00:00,20,4,AGT011
TKT101977,11294,2024-05-10 00:00:00,Product Query,Low,Closed,2024-05-12 08:00:00,56,2,AGT004
TKT101978,10397,2024-03-28 00:00:00,Returns,Medium,Closed,2024-03-29 12:00:00,36,1,AGT013
TKT101979,13854,2024-10-19 00:00:00,Product Query,Medium,Closed,2024-10-19 15:00:00,15,4,AGT019
TKT101980,17831,2024-06-22 00:00:00,Order Issue,High,Closed,2024-06-22 21:00:00,21,5,AGT010
TKT101981,16729,2024-07-10 00:00:00,Payment,Urgent,Open,,,,AGT012
TKT101982,13906,2024-05-13 00:00:00,Order Issue,Medium,In Progress,,,,AGT004
TKT101983,11071,2024-06-22 00:00:00,Product Query,Medium,In Progress,,,,AGT012
TKT101984,15424,2024-08-09 00:00:00,Product Query,Medium,Closed,2024-08-11 09:00:00,57,3,AGT019
TKT101985,16416,2024-10-02 00:00:00,Order Issue,Low,Resolved,2024-10-03 16:00:00,40,,AGT007
TKT101986,17122,2024-10-04 00:00:00,Order Issue,Medium,Closed,2024-10-05 20:00:00,44,3,AGT004
TKT101987,14196,2024-01-30 00:00:00,Returns,High,Resolved,2024-01-30 20:00:00,20,,AGT009
TKT101988,10062,2024-03-03 00:00:00,Returns,High,Closed,2024-03-03 05:00:00,5,5,AGT001
TKT101989,17993,2024-04-11 00:00:00,Technical,Low,Closed,2024-04-16 00:00:00,120,5,AGT004
TKT101990,10686,2024-10-24 00:00:00,Product Query,Medium,Closed,2024-10-25 21:00:00,45,5,AGT012
TKT101991,18949,2024-09-13 00:00:00,Returns,Low,Closed,2024-09-15 04:00:00,52,1,AGT008
TKT101992,13284,2024-05-26 00:00:00,Shipping,High,Resolved,2024-05-26 14:00:00,14,,AGT014
TKT101993,12718,2024-07-22 00:00:00,Product Query,High,Closed,2024-07-22 05:00:00,5,4,AGT015
TKT101994,13091,2024-04-07 00:00:00,Technical,Medium,Resolved,2024-04-09 22:00:00,70,,AGT018
TKT101995,14692,2024-07-31 00:00:00,Order Issue,Low,Resolved,2024-08-03 03:00:00,75,,AGT007
TKT101996,19362,2024-07-23 00:00:00,Payment,Low,Resolved,2024-07-27 18:00:00,114,,AGT016
TKT101997,16739,2024-04-15 00:00:00,Returns,Low,Resolved,2024-04-17 12:00:00,60,,AGT005
TKT101998,16771,2024-06-06 00:00:00,Product Query,High,In Progress,,,,AGT017
TKT101999,10836,2024-07-08 00:00:00,Other,High,Closed,2024-07-08 14:00:00,14,4,AGT018
TKT102000,14184,2024-08-28 00:00:00,Shipping,Low,Closed,2024-08-29 11:00:00,35,5,AGT003
TKT102001,13302,2024-08-15 00:00:00,Order Issue,High,Resolved,2024-08-15 19:00:00,19,,AGT003
TKT102002,16983,2024-03-13 00:00:00,Payment,High,Resolved,2024-03-13 04:00:00,4,,AGT020
TKT102003,18668,2024-03-30 00:00:00,Product Query,Medium,Closed,2024-03-30 21:00:00,21,1,AGT011
TKT102004,10598,2024-10-06 00:00:00,Other,Medium,Resolved,2024-10-07 17:00:00,41,,AGT010
TKT102005,17008,2024-02-19 00:00:00,Order Issue,Medium,In Progress,,,,AGT015
TKT102006,11791,2024-03-01 00:00:00,Technical,High,Closed,2024-03-01 09:00:00,9,3,AGT007
TKT102007,16397,2024-03-07 00:00:00,Order Issue,Medium,Resolved,2024-03-09 07:00:00,55,,AGT009
TKT102008,15105,2024-04-23 00:00:00,Order Issue,Medium,Closed,2024-04-24 07:00:00,31,3,AGT016
TKT102009,10356,2024-06-02 00:00:00,Returns,High,Closed,2024-06-02 10:00:00,10,1,AGT018
TKT102010,16530,2024-03-15 00:00:00,Product Query,Low,Resolved,2024-03-19 14:00:00,110,,AGT017
TKT102011,17343,2024-06-10 00:00:00,Returns,Medium,In Progress,,,,AGT019
TKT102012,18478,2024-06-09 00:00:00,Returns,High,Resolved,2024-06-09 20:00:00,20,,AGT015
TKT102013,19534,2024-10-17 00:00:00,Product Query,Low,Closed,2024-10-19 10:00:00,58,5,AGT005
TKT102014,13184,2024-02-07 00:00:00,Shipping,Medium,In Progress,,,,AGT007
TKT102015,17406,2024-10-02 00:00:00,Order Issue,Medium,In Progress,,,,AGT014
TKT102016,18360,2024-07-01 00:00:00,Returns,Low,Resolved,2024-07-04 13:00:00,85,,AGT002
TKT102017,18415,2024-10-23 00:00:00,Order Issue,Medium,Closed,2024-10-25 12:00:00,60,2,AGT013
TKT102018,11895,2024-05-26 00:00:00,Product Query,Medium,Resolved,2024-05-28 19:00:00,67,,AGT003
TKT102019,16932,2024-10-18 00:00:00,Shipping,Low,Closed,2024-10-23 11:00:00,131,2,AGT001
TKT102020,14786,2024-05-12 00:00:00,Technical,High,Closed,2024-05-12 06:00:00,6,4,AGT002
TKT102021,12803,2024-10-04 00:00:00,Technical,High,Closed,2024-10-04 05:00:00,5,3,AGT018
TKT102022,17167,2024-08-28 00:00:00,Order Issue,Medium,Resolved,2024-08-29 02:00:00,26,,AGT014
TKT102023,15694,2024-03-23 00:00:00,Product Query,High,Closed,2024-03-23 08:00:00,8,3,AGT017
TKT102024,17053,2024-01-13 00:00:00,Order Issue,Medium,Resolved,2024-01-13 18:00:00,18,,AGT012
TKT102025,15638,2024-09-24 00:00:00,Product Query,Medium,Resolved,2024-09-25 10:00:00,34,,AGT005
TKT102026,14273,2024-01-13 00:00:00,Other,Medium,Closed,2024-01-13 13:00:00,13,1,AGT004
TKT102027,16831,2024-10-23 00:00:00,Order Issue,Medium,Closed,2024-10-24 08:00:00,32,5,AGT006
TKT102028,12589,2024-09-18 00:00:00,Product Query,Medium,Closed,2024-09-19 13:00:00,37,5,AGT019
TKT102029,16283,2024-02-25 00:00:00,Shipping,High,Closed,2024-02-25 07:00:00,7,4,AGT001
TKT102030,18038,2024-03-21 00:00:00,Other,Medium,Open,,,,AGT010
TKT102031,19320,2024-09-30 00:00:00,Payment,Medium,Resolved,2024-10-02 13:00:00,61,,AGT016
TKT102032,15927,2024-08-22 00:00:00,Product Query,Medium,Closed,2024-08-23 07:00:00,31,5,AGT006
TKT102033,12066,2024-02-26 00:00:00,Order Issue,High,Closed,2024-02-26 23:00:00,23,5,AGT008
TKT102034,10451,2024-09-28 00:00:00,Payment,Medium,Resolved,2024-09-28 15:00:00,15,,AGT014
TKT102035,13441,2024-09-06 00:00:00,Returns,Medium,Resolved,2024-09-08 00:00:00,48,,AGT002
TKT102036,17484,2024-09-06 00:00:00,Order Issue,Medium,Closed,2024-09-08 02:00:00,50,1,AGT014
TKT102037,17409,2024-07-24 00:00:00,Payment,High,In Progress,,,,AGT011
TKT102038,19773,2024-01-16 00:00:00,Returns,Medium,Closed,2024-01-18 18:00:00,66,3,AGT007
TKT102039,19770,2024-05-27 00:00:00,Order Issue,Medium,Closed,2024-05-28 18:00:00,42,3,AGT016
TKT102040,18116,2024-05-27 00:00:00,Returns,Low,Resolved,2024-06-01 04:00:00,124,,AGT019
TKT102041,13511,2024-03-24 00:00:00,Payment,Medium,Closed,2024-03-25 11:00:00,35,3,AGT018
TKT102042,14102,2024-03-26 00:00:00,Product Query,High,Resolved,2024-03-26 14:00:00,14,,AGT014
TKT102043,14024,2024-03-15 00:00:00,Payment,Medium,In Progress,,,,AGT010
TKT102044,17899,2024-05-16 00:00:00,Other,High,Closed,2024-05-16 16:00:00,16,2,AGT002
TKT102045,10062,2024-06-21 00:00:00,Technical,Urgent,Resolved,2024-06-21 04:00:00,4,,AGT004
TKT102046,17412,2024-09-23 00:00:00,Order Issue,Medium,Closed,2024-09-24 17:00:00,41,3,AGT008
TKT102047,18813,2024-10-27 00:00:00,Payment,Medium,Resolved,2024-10-29 20:00:00,68,,AGT019
TKT102048,13091,2024-10-05 00:00:00,Order Issue,Low,In Progress,,,,AGT008
TKT102049,10917,2024-04-05 00:00:00,Product Query,Medium,Resolved,2024-04-07 23:00:00,71,,AGT012
TKT102050,12126,2024-06-04 00:00:00,Product Query,Low,Resolved,2024-06-09 08:00:00,128,,AGT006
TKT102051,15941,2024-02-10 00:00:00,Product Query,Low,Resolved,2024-02-15 00:00:00,120,,AGT014
TKT102052,14685,2024-09-15 00:00:00,Shipping,Low,Resolved,2024-09-20 02:00:00,122,,AGT015
TKT102053,16053,2024-02-29 00:00:00,Order Issue,Medium,Closed,2024-02-29 18:00:00,18,3,AGT006
TKT102054,15938,2024-08-06 00:00:00,Order Issue,High,Resolved,2024-08-06 15:00:00,15,,AGT005
TKT102055,13498,2024-03-22 00:00:00,Order Issue,Urgent,Closed,2024-03-22 03:00:00,3,4,AGT020
TKT102056,12335,2024-08-16 00:00:00,Product Query,Medium,Resolved,2024-08-18 07:00:00,55,,AGT018
TKT102057,10062,2024-02-03 00:00:00,Order Issue,High,Resolved,2024-02-03 09:00:00,9,,AGT015
TKT102058,11606,2024-02-25 00:00:00,Payment,High,Resolved,2024-02-25 12:00:00,12,,AGT004
TKT102059,13620,2024-07-25 00:00:00,Product Query,Medium,Closed,2024-07-26 04:00:00,28,1,AGT003
TKT102060,12656,2024-01-26 00:00:00,Shipping,Urgent,In Progress,,,,AGT018
TKT102061,11499,2024-06-15 00:00:00,Order Issue,Medium,Closed,2024-06-16 03:00:00,27,1,AGT013
TKT102062,15756,2024-06-29 00:00:00,Product Query,Medium,In Progress,,,,AGT009
TKT102063,15814,2024-02-07 00:00:00,Product Query,High,Resolved,2024-02-07 13:00:00,13,,AGT019
TKT102064,11325,2024-10-05 00:00:00,Order Issue,Low,Resolved,2024-10-07 02:00:00,50,,AGT019
TKT102065,12473,2024-10-28 00:00:00,Returns,Low,In Progress,,,,AGT017
TKT102066,18801,2024-08-17 00:00:00,Order Issue,Medium,Resolved,2024-08-19 21:00:00,69,,AGT004
TKT102067,17278,2024-01-20 00:00:00,Order Issue,Medium,Open,,,,AGT010
TKT102068,19972,2024-08-15 00:00:00,Returns,Medium,Open,,,,AGT005
TKT102069,18167,2024-08-04 00:00:00,Order Issue,Medium,In Progress,,,,AGT016
TKT102070,12977,2024-09-12 00:00:00,Product Query,Medium,In Progress,,,,AGT018
TKT102071,12999,2024-10-25 00:00:00,Other,Medium,Resolved,2024-10-25 20:00:00,20,,AGT018
TKT102072,16338,2024-06-29 00:00:00,Order Issue,Medium,Closed,2024-06-30 18:00:00,42,5,AGT016
TKT102073,18122,2024-06-19 00:00:00,Product Query,Low,Open,,,,AGT019
TKT102074,10483,2024-07-30 00:00:00,Product Query,High,In Progress,,,,AGT014
TKT102075,11027,2024-02-15 00:00:00,Other,High,Open,,,,AGT008
TKT102076,12233,2024-09-18 00:00:00,Order Issue,Medium,Open,,,,AGT012
TKT102077,16300,2024-09-16 00:00:00,Other,Low,Closed,2024-09-19 09:00:00,81,4,AGT016
TKT102078,16549,2024-05-26 00:00:00,Payment,Medium,Closed,2024-05-28 00:00:00,48,2,AGT007
TKT102079,10695,2024-04-19 00:00:00,Order Issue,Medium,Resolved,2024-04-20 06:00:00,30,,AGT010
TKT102080,13279,2024-05-26 00:00:00,Shipping,High,Resolved,2024-05-26 22:00:00,22,,AGT002
TKT102081,13973,2024-07-08 00:00:00,Returns,Low,Resolved,2024-07-13 17:00:00,137,,AGT006
TKT102082,14342,2024-01-10 00:00:00,Order Issue,Low,In Progress,,,,AGT002
TKT102083,19706,2024-05-06 00:00:00,Technical,Medium,Closed,2024-05-07 23:00:00,47,5,AGT018
TKT102084,11418,2024-08-18 00:00:00,Shipping,Low,Closed,2024-08-21 00:00:00,72,4,AGT014
TKT102085,13513,2024-03-11 00:00:00,Payment,Low,Closed,2024-03-15 10:00:00,106,3,AGT010
TKT102086,14196,2024-01-12 00:00:00,Product Query,Medium,Resolved,2024-01-14 15:00:00,63,,AGT012
TKT102087,19693,2024-04-04 00:00:00,Payment,Medium,In Progress,,,,AGT008
TKT102088,16205,2024-04-30 00:00:00,Shipping,Low,Resolved,2024-05-04 12:00:00,108,,AGT004
TKT102089,17290,2024-04-30 00:00:00,Returns,Low,Closed,2024-05-02 16:00:00,64,5,AGT002
TKT102090,10906,2024-03-04 00:00:00,Order Issue,Low,Resolved,2024-03-07 21:00:00,93,,AGT003
TKT102091,11885,2024-07-10 00:00:00,Returns,Medium,Resolved,2024-07-11 19:00:00,43,,AGT014
TKT102092,18172,2024-08-27 00:00:00,Order Issue,Medium,Closed,2024-08-29 17:00:00,65,2,AGT020
TKT102093,18613,2024-01-24 00:00:00,Order Issue,Low,Open,,,,AGT013
TKT102094,18466,2024-04-20 00:00:00,Returns,Medium,Closed,2024-04-21 21:00:00,45,2,AGT009
TKT102095,15881,2024-03-03 00:00:00,Order Issue,Urgent,Closed,2024-03-03 04:00:00,4,5,AGT010
TKT102096,11418,2024-09-10 00:00:00,Shipping,Medium,Resolved,2024-09-10 16:00:00,16,,AGT001
TKT102097,13957,2024-01-27 00:00:00,Product Query,High,Resolved,2024-01-27 17:00:00,17,,AGT014
TKT102098,13712,2024-06-15 00:00:00,Technical,Low,Resolved,2024-06-19 04:00:00,100,,AGT007
TKT102099,17784,2024-10-22 00:00:00,Product Query,Medium,Closed,2024-10-24 22:00:00,70,1,AGT015
TKT102100,18678,2024-06-07 00:00:00,Order Issue,Medium,Resolved,2024-06-09 06:00:00,54,,AGT013
TKT102101,13598,2024-04-29 00:00:00,Product Query,Medium,Closed,2024-04-29 23:00:00,23,5,AGT009
TKT102102,19656,2024-10-20 00:00:00,Returns,Medium,Resolved,2024-10-21 08:00:00,32,,AGT007
TKT102103,11434,2024-10-12 00:00:00,Payment,Medium,Closed,2024-10-13 21:00:00,45,3,AGT006
TKT102104,19320,2024-04-28 00:00:00,Returns,Medium,Closed,2024-04-29 16:00:00,40,3,AGT006
TKT102105,16472,2024-06-05 00:00:00,Order Issue,High,Closed,2024-06-05 18:00:00,18,5,AGT001
TKT102106,18880,2024-10-26 00:00:00,Payment,Low,In Progress,,,,AGT011
TKT102107,19479,2024-02-15 00:00:00,Technical,Medium,In Progress,,,,AGT004
TKT102108,14978,2024-02-20 00:00:00,Payment,High,Closed,2024-02-20 13:00:00,13,2,AGT011
TKT102109,18189,2024-09-16 00:00:00,Returns,High,Resolved,2024-09-16 20:00:00,20,,AGT017
TKT102110,17409,2024-06-18 00:00:00,Returns,Medium,Closed,2024-06-18 21:00:00,21,3,AGT010
TKT102111,13693,2024-01-29 00:00:00,Order Issue,Medium,Resolved,2024-01-31 23:00:00,71,,AGT007
TKT102112,11590,2024-03-26 00:00:00,Order Issue,Urgent,Closed,2024-03-26 01:00:00,1,5,AGT014
TKT102113,11339,2024-01-18 00:00:00,Returns,Low,Closed,2024-01-20 09:00:00,57,2,AGT001
TKT102114,19333,2024-02-09 00:00:00,Product Query,Medium,Closed,2024-02-11 09:00:00,57,3,AGT017
TKT102115,16946,2024-01-11 00:00:00,Returns,Low,Closed,2024-01-14 04:00:00,76,5,AGT004
TKT102116,11428,2024-10-21 00:00:00,Returns,Low,In Progress,,,,AGT014
TKT102117,17490,2024-05-02 00:00:00,Technical,Low,Closed,2024-05-03 05:00:00,29,1,AGT018
TKT102118,13805,2024-08-21 00:00:00,Shipping,Medium,In Progress,,,,AGT007
TKT102119,12158,2024-02-11 00:00:00,Technical,Low,In Progress,,,,AGT006
TKT102120,11967,2024-05-29 00:00:00,Order Issue,High,Resolved,2024-05-29 21:00:00,21,,AGT012
TKT102121,15222,2024-04-23 00:00:00,Product Query,High,Resolved,2024-04-23 16:00:00,16,,AGT019
TKT102122,14304,2024-04-25 00:00:00,Product Query,Medium,Closed,2024-04-26 03:00:00,27,4,AGT014
TKT102123,13086,2024-08-26 00:00:00,Product Query,Medium,Closed,2024-08-27 11:00:00,35,4,AGT007
TKT102124,11095,2024-08-15 00:00:00,Technical,High,Closed,2024-08-15 19:00:00,19,5,AGT004
TKT102125,18310,2024-06-06 00:00:00,Returns,Medium,Closed,2024-06-08 14:00:00,62,4,AGT016
TKT102126,12061,2024-02-10 00:00:00,Shipping,Low,Resolved,2024-02-13 17:00:00,89,,AGT007
TKT102127,10364,2024-04-13 00:00:00,Product Query,High,Resolved,2024-04-13 14:00:00,14,,AGT001
TKT102128,14783,2024-01-26 00:00:00,Payment,Low,Closed,2024-01-31 07:00:00,127,4,AGT010
TKT102129,10224,2024-02-14 00:00:00,Product Query,Low,Closed,2024-02-16 11:00:00,59,5,AGT008
TKT102130,10356,2024-05-07 00:00:00,Order Issue,Medium,Closed,2024-05-09 21:00:00,69,1,AGT002
TKT102131,13872,2024-10-29 00:00:00,Technical,High,Resolved,2024-10-29 20:00:00,20,,AGT008
TKT102132,12683,2024-09-11 00:00:00,Product Query,Urgent,Open,,,,AGT011
TKT102133,18750,2024-10-06 00:00:00,Order Issue,High,Resolved,2024-10-06 04:00:00,4,,AGT006
TKT102134,12762,2024-01-18 00:00:00,Technical,Medium,Resolved,2024-01-20 13:00:00,61,,AGT009
TKT102135,11235,2024-06-11 00:00:00,Returns,Medium,Closed,2024-06-12 15:00:00,39,5,AGT018
TKT102136,16039,2024-07-18 00:00:00,Product Query,High,Resolved,2024-07-18 05:00:00,5,,AGT005
TKT102137,13513,2024-01-21 00:00:00,Order Issue,Medium,Resolved,2024-01-23 21:00:00,69,,AGT009
TKT102138,13742,2024-02-06 00:00:00,Returns,Low,Closed,2024-02-09 06:00:00,78,5,AGT018
TKT102139,14685,2024-03-14 00:00:00,Order Issue,Medium,Open,,,,AGT006
TKT102140,16713,2024-02-05 00:00:00,Payment,Low,Closed,2024-02-09 14:00:00,110,5,AGT009
TKT102141,13540,2024-04-03 00:00:00,Payment,Medium,Resolved,2024-04-03 19:00:00,19,,AGT012
TKT102142,16516,2024-07-11 00:00:00,Shipping,Low,Closed,2024-07-13 04:00:00,52,1,AGT015
TKT102143,16550,2024-03-21 00:00:00,Returns,Medium,Resolved,2024-03-21 21:00:00,21,,AGT005
TKT102144,11731,2024-05-29 00:00:00,Technical,Low,Closed,2024-06-02 01:00:00,97,5,AGT019
TKT102145,18394,2024-10-22 00:00:00,Payment,High,Closed,2024-10-22 06:00:00,6,4,AGT007
TKT102146,10817,2024-01-02 00:00:00,Order Issue,Low,Open,,,,AGT015
TKT102147,10485,2024-07-11 00:00:00,Product Query,Medium,Resolved,2024-07-13 22:00:00,70,,AGT018
TKT102148,19382,2024-08-18 00:00:00,Order Issue,High,In Progress,,,,AGT014
TKT102149,16172,2024-09-17 00:00:00,Returns,High,Resolved,2024-09-17 06:00:00,6,,AGT010
TKT102150,19023,2024-01-15 00:00:00,Product Query,Medium,Closed,2024-01-17 08:00:00,56,2,AGT016
TKT102151,19638,2024-09-25 00:00:00,Payment,Medium,In Progress,,,,AGT012
TKT102152,12280,2024-05-03 00:00:00,Product Query,High,Closed,2024-05-03 06:00:00,6,3,AGT016
TKT102153,19513,2024-03-12 00:00:00,Order Issue,Medium,Closed,2024-03-14 13:00:00,61,3,AGT002
TKT102154,15616,2024-01-05 00:00:00,Order Issue,Medium,Resolved,2024-01-05 22:00:00,22,,AGT013
TKT102155,13615,2024-09-14 00:00:00,Order Issue,Low,Resolved,2024-09-17 16:00:00,88,,AGT012
TKT102156,14374,2024-03-24 00:00:00,Payment,Low,Closed,2024-03-26 19:00:00,67,3,AGT007
TKT102157,10300,2024-05-30 00:00:00,Product Query,Low,Resolved,2024-06-02 08:00:00,80,,AGT003
TKT102158,15831,2024-08-16 00:00:00,Technical,Medium,Resolved,2024-08-16 23:00:00,23,,AGT018
TKT102159,13036,2024-08-19 00:00:00,Product Query,Medium,Open,,,,AGT012
TKT102160,15573,2024-02-20 00:00:00,Other,High,Closed,2024-02-20 04:00:00,4,5,AGT002
TKT102161,19570,2024-05-05 00:00:00,Payment,Medium,Resolved,2024-05-06 08:00:00,32,,AGT016
TKT102162,15457,2024-01-09 00:00:00,Product Query,Low,Open,,,,AGT006
TKT102163,15142,2024-02-02 00:00:00,Order Issue,Low,In Progress,,,,AGT016
TKT102164,12917,2024-02-13 00:00:00,Shipping,Low,Closed,2024-02-17 08:00:00,104,1,AGT015
TKT102165,15865,2024-01-10 00:00:00,Product Query,Urgent,Closed,2024-01-10 02:00:00,2,4,AGT009
TKT102166,14316,2024-08-01 00:00:00,Returns,Medium,Resolved,2024-08-02 23:00:00,47,,AGT017
TKT102167,17829,2024-04-11 00:00:00,Returns,Medium,Closed,2024-04-13 01:00:00,49,4,AGT011
TKT102168,18595,2024-04-23 00:00:00,Technical,Medium,Closed,2024-04-23 15:00:00,15,5,AGT013
TKT102169,14184,2024-07-15 00:00:00,Returns,Low,Resolved,2024-07-20 09:00:00,129,,AGT001
TKT102170,16517,2024-03-09 00:00:00,Shipping,Medium,Resolved,2024-03-09 21:00:00,21,,AGT002
TKT102171,12985,2024-06-08 00:00:00,Returns,Medium,Closed,2024-06-08 23:00:00,23,3,AGT020
TKT102172,11882,2024-03-13 00:00:00,Returns,High,Resolved,2024-03-13 08:00:00,8,,AGT002
TKT102173,12965,2024-06-08 00:00:00,Payment,High,Closed,2024-06-08 15:00:00,15,4,AGT018
TKT102174,16026,2024-03-15 00:00:00,Returns,High,Resolved,2024-03-15 06:00:00,6,,AGT005
TKT102175,12790,2024-07-14 00:00:00,Payment,Low,Closed,2024-07-15 03:00:00,27,3,AGT011
TKT102176,12294,2024-07-22 00:00:00,Other,High,Resolved,2024-07-22 15:00:00,15,,AGT016
TKT102177,13753,2024-03-25 00:00:00,Order Issue,Low,Closed,2024-03-26 07:00:00,31,3,AGT001
TKT102178,13836,2024-08-18 00:00:00,Shipping,Medium,Closed,2024-08-20 21:00:00,69,4,AGT016
TKT102179,14564,2024-03-27 00:00:00,Technical,Medium,Resolved,2024-03-29 07:00:00,55,,AGT009
TKT102180,18528,2024-01-23 00:00:00,Order Issue,Urgent,Closed,2024-01-23 01:00:00,1,3,AGT016
TKT102181,11285,2024-10-10 00:00:00,Order Issue,Low,Closed,2024-10-12 10:00:00,58,2,AGT006
TKT102182,11122,2024-04-19 00:00:00,Order Issue,Low,Closed,2024-04-22 03:00:00,75,1,AGT020
TKT102183,17722,2024-10-28 00:00:00,Returns,Low,Resolved,2024-10-31 13:00:00,85,,AGT016
TKT102184,11590,2024-04-23 00:00:00,Order Issue,Medium,In Progress,,,,AGT017
TKT102185,14896,2024-07-15 00:00:00,Product Query,Urgent,Resolved,2024-07-15 04:00:00,4,,AGT010
TKT102186,17166,2024-06-25 00:00:00,Product Query,High,Resolved,2024-06-25 06:00:00,6,,AGT017
TKT102187,13684,2024-02-27 00:00:00,Payment,Medium,Resolved,2024-02-29 02:00:00,50,,AGT013
TKT102188,12352,2024-02-26 00:00:00,Returns,Medium,Resolved,2024-02-27 10:00:00,34,,AGT010
TKT102189,10971,2024-04-19 00:00:00,Shipping,Medium,Closed,2024-04-20 19:00:00,43,5,AGT007
TKT102190,13302,2024-03-30 00:00:00,Product Query,Medium,Closed,2024-04-01 18:00:00,66,1,AGT003
TKT102191,13767,2024-01-30 00:00:00,Product Query,Medium,Resolved,2024-01-30 23:00:00,23,,AGT010
TKT102192,13615,2024-02-21 00:00:00,Returns,Low,Resolved,2024-02-22 18:00:00,42,,AGT011
TKT102193,18737,2024-02-12 00:00:00,Technical,Low,Resolved,2024-02-17 03:00:00,123,,AGT010
TKT102194,11675,2024-05-20 00:00:00,Payment,Low,Resolved,2024-05-24 15:00:00,111,,AGT001
TKT102195,17789,2024-04-14 00:00:00,Technical,High,Closed,2024-04-14 20:00:00,20,5,AGT014
TKT102196,17826,2024-01-10 00:00:00,Product Query,Medium,In Progress,,,,AGT012
TKT102197,14115,2024-07-17 00:00:00,Shipping,Low,In Progress,,,,AGT006
TKT102198,17587,2024-07-06 00:00:00,Shipping,Medium,Closed,2024-07-08 15:00:00,63,1,AGT018
TKT102199,11049,2024-09-29 00:00:00,Other,Medium,Closed,2024-10-01 06:00:00,54,5,AGT017
TKT102200,17412,2024-05-14 00:00:00,Product Query,High,Resolved,2024-05-14 22:00:00,22,,AGT009
TKT102201,17423,2024-07-25 00:00:00,Shipping,Low,Closed,2024-07-27 05:00:00,53,5,AGT001
TKT102202,11118,2024-08-06 00:00:00,Payment,Low,Closed,2024-08-08 00:00:00,48,3,AGT009
TKT102203,16172,2024-05-07 00:00:00,Product Query,High,Resolved,2024-05-07 15:00:00,15,,AGT008
TKT102204,16605,2024-07-29 00:00:00,Payment,Medium,Closed,2024-07-30 11:00:00,35,3,AGT002
TKT102205,16879,2024-01-10 00:00:00,Order Issue,Low,Closed,2024-01-15 20:00:00,140,1,AGT016
TKT102206,11656,2024-05-06 00:00:00,Order Issue,High,Closed,2024-05-06 14:00:00,14,2,AGT008
TKT102207,17167,2024-08-29 00:00:00,Order Issue,Medium,Closed,2024-08-31 13:00:00,61,4,AGT015
TKT102208,16860,2024-01-21 00:00:00,Order Issue,Low,Resolved,2024-01-24 01:00:00,73,,AGT004
TKT102209,10545,2024-02-23 00:00:00,Returns,Medium,Resolved,2024-02-25 06:00:00,54,,AGT018
TKT102210,19272,2024-07-03 00:00:00,Payment,High,Open,,,,AGT006
TKT102211,12511,2024-05-20 00:00:00,Product Query,Low,Closed,2024-05-21 23:00:00,47,3,AGT013
TKT102212,19903,2024-08-12 00:00:00,Payment,High,Closed,2024-08-12 11:00:00,11,5,AGT005
TKT102213,16431,2024-09-02 00:00:00,Other,Low,Closed,2024-09-07 15:00:00,135,4,AGT006
TKT102214,12858,2024-04-24 00:00:00,Technical,High,Open,,,,AGT002
TKT102215,11025,2024-04-02 00:00:00,Payment,High,In Progress,,,,AGT009
TKT102216,19587,2024-10-24 00:00:00,Returns,Medium,In Progress,,,,AGT009
TKT102217,12823,2024-05-25 00:00:00,Product Query,Medium,Closed,2024-05-26 02:00:00,26,4,AGT016
TKT102218,19382,2024-10-11 00:00:00,Payment,Low,Resolved,2024-10-16 19:00:00,139,,AGT007
TKT102219,14931,2024-01-28 00:00:00,Order Issue,High,Open,,,,AGT009
TKT102220,14048,2024-03-22 00:00:00,Order Issue,Low,Closed,2024-03-27 20:00:00,140,1,AGT004
TKT102221,14834,2024-07-08 00:00:00,Returns,Low,In Progress,,,,AGT018
TKT102222,11967,2024-05-08 00:00:00,Product Query,Medium,Closed,2024-05-09 20:00:00,44,4,AGT019
TKT102223,15623,2024-03-27 00:00:00,Shipping,Low,Closed,2024-03-29 22:00:00,70,5,AGT011
TKT102224,18245,2024-06-02 00:00:00,Order Issue,Medium,In Progress,,,,AGT011
TKT102225,15740,2024-04-20 00:00:00,Shipping,Medium,Closed,2024-04-21 00:00:00,24,1,AGT016
TKT102226,11272,2024-06-18 00:00:00,Technical,Medium,Resolved,2024-06-20 10:00:00,58,,AGT017
TKT102227,11367,2024-03-11 00:00:00,Technical,Low,Open,,,,AGT016
TKT102228,14574,2024-10-15 00:00:00,Returns,Medium,Resolved,2024-10-16 12:00:00,36,,AGT007
TKT102229,15452,2024-10-27 00:00:00,Other,Medium,Resolved,2024-10-27 22:00:00,22,,AGT013
TKT102230,12859,2024-01-14 00:00:00,Order Issue,Low,Resolved,2024-01-18 03:00:00,99,,AGT012
TKT102231,14309,2024-05-10 00:00:00,Technical,High,Resolved,2024-05-10 13:00:00,13,,AGT019
TKT102232,11568,2024-10-25 00:00:00,Returns,High,Open,,,,AGT001
TKT102233,16748,2024-03-22 00:00:00,Product Query,Low,Resolved,2024-03-26 00:00:00,96,,AGT004
TKT102234,14545,2024-08-22 00:00:00,Shipping,Medium,Resolved,2024-08-23 04:00:00,28,,AGT012
TKT102235,18832,2024-02-22 00:00:00,Returns,Medium,In Progress,,,,AGT019
TKT102236,14219,2024-08-18 00:00:00,Shipping,Low,Closed,2024-08-22 03:00:00,99,3,AGT009
TKT102237,13190,2024-10-12 00:00:00,Payment,High,In Progress,,,,AGT015
TKT102238,18949,2024-03-28 00:00:00,Product Query,Low,Open,,,,AGT017
TKT102239,14161,2024-06-05 00:00:00,Shipping,Urgent,Closed,2024-06-05 01:00:00,1,5,AGT010
TKT102240,14097,2024-08-10 00:00:00,Order Issue,High,Closed,2024-08-10 09:00:00,9,1,AGT016
TKT102241,15899,2024-01-16 00:00:00,Shipping,Medium,Resolved,2024-01-17 08:00:00,32,,AGT016
TKT102242,18122,2024-03-18 00:00:00,Order Issue,Low,Closed,2024-03-19 01:00:00,25,5,AGT020
TKT102243,10339,2024-02-02 00:00:00,Order Issue,Medium,Resolved,2024-02-04 11:00:00,59,,AGT020
TKT102244,18048,2024-03-03 00:00:00,Other,Medium,Resolved,2024-03-05 11:00:00,59,,AGT015
TKT102245,19884,2024-05-19 00:00:00,Product Query,Medium,Open,,,,AGT001
TKT102246,15694,2024-04-12 00:00:00,Product Query,Low,Closed,2024-04-14 03:00:00,51,3,AGT003
TKT102247,11260,2024-06-08 00:00:00,Product Query,Low,Closed,2024-06-12 11:00:00,107,5,AGT017
TKT102248,11952,2024-05-07 00:00:00,Order Issue,Medium,In Progress,,,,AGT004
TKT102249,18537,2024-10-18 00:00:00,Order Issue,High,Open,,,,AGT018
TKT102250,16549,2024-05-18 00:00:00,Product Query,Medium,Closed,2024-05-18 20:00:00,20,2,AGT009
TKT102251,11604,2024-02-02 00:00:00,Order Issue,Low,Resolved,2024-02-04 15:00:00,63,,AGT005
TKT102252,16468,2024-02-10 00:00:00,Technical,High,Resolved,2024-02-10 22:00:00,22,,AGT004
TKT102253,19167,2024-10-19 00:00:00,Order Issue,Medium,Resolved,2024-10-20 18:00:00,42,,AGT019
TKT102254,17103,2024-04-02 00:00:00,Other,High,Open,,,,AGT003
TKT102255,11069,2024-10-26 00:00:00,Shipping,High,Resolved,2024-10-26 12:00:00,12,,AGT012
TKT102256,13582,2024-03-18 00:00:00,Order Issue,Medium,Closed,2024-03-18 21:00:00,21,3,AGT017
TKT102257,18515,2024-01-18 00:00:00,Other,High,Closed,2024-01-18 13:00:00,13,2,AGT007
TKT102258,12873,2024-07-11 00:00:00,Payment,High,Resolved,2024-07-11 13:00:00,13,,AGT013
TKT102259,13957,2024-04-05 00:00:00,Order Issue,Urgent,Open,,,,AGT006
TKT102260,12637,2024-10-01 00:00:00,Returns,Medium,Resolved,2024-10-02 09:00:00,33,,AGT009
TKT102261,16962,2024-08-09 00:00:00,Returns,Medium,Resolved,2024-08-10 23:00:00,47,,AGT008
TKT102262,10736,2024-07-27 00:00:00,Returns,Medium,Open,,,,AGT012
TKT102263,13932,2024-03-09 00:00:00,Product Query,Urgent,Resolved,2024-03-09 02:00:00,2,,AGT018
TKT102264,12677,2024-04-13 00:00:00,Other,Medium,Open,,,,AGT009
TKT102265,16026,2024-10-25 00:00:00,Order Issue,High,Resolved,2024-10-25 21:00:00,21,,AGT012
TKT102266,15245,2024-09-29 00:00:00,Product Query,High,In Progress,,,,AGT008
TKT102267,11369,2024-01-17 00:00:00,Product Query,High,Closed,2024-01-17 09:00:00,9,5,AGT002
TKT102268,11985,2024-01-19 00:00:00,Other,Low,Resolved,2024-01-20 18:00:00,42,,AGT015
TKT102269,13236,2024-07-13 00:00:00,Payment,Urgent,Closed,2024-07-13 02:00:00,2,3,AGT005
TKT102270,14856,2024-04-11 00:00:00,Payment,Low,Closed,2024-04-12 08:00:00,32,5,AGT006
TKT102271,17473,2024-04-01 00:00:00,Payment,Medium,Resolved,2024-04-02 14:00:00,38,,AGT014
TKT102272,15424,2024-06-26 00:00:00,Payment,Low,Closed,2024-07-01 12:00:00,132,5,AGT018
TKT102273,16494,2024-02-13 00:00:00,Payment,Medium,Resolved,2024-02-15 09:00:00,57,,AGT012
TKT102274,12724,2024-06-21 00:00:00,Other,High,In Progress,,,,AGT015
TKT102275,13648,2024-09-11 00:00:00,Order Issue,High,In Progress,,,,AGT008
TKT102276,12068,2024-09-24 00:00:00,Order Issue,Urgent,Resolved,2024-09-24 02:00:00,2,,AGT011
TKT102277,15548,2024-06-12 00:00:00,Payment,Medium,Open,,,,AGT003
TKT102278,15383,2024-02-11 00:00:00,Order Issue,Low,In Progress,,,,AGT019
TKT102279,11590,2024-01-28 00:00:00,Shipping,High,Closed,2024-01-28 20:00:00,20,2,AGT011
TKT102280,12585,2024-01-01 00:00:00,Product Query,Low,Closed,2024-01-05 07:00:00,103,2,AGT015
TKT102281,13279,2024-08-01 00:00:00,Returns,High,Closed,2024-08-01 12:00:00,12,2,AGT007
TKT102282,17530,2024-04-14 00:00:00,Other,Medium,Resolved,2024-04-16 01:00:00,49,,AGT006
TKT102283,17334,2024-09-15 00:00:00,Returns,Medium,Closed,2024-09-17 20:00:00,68,3,AGT002
TKT102284,18181,2024-01-19 00:00:00,Product Query,Medium,Resolved,2024-01-20 13:00:00,37,,AGT006
TKT102285,11725,2024-09-09 00:00:00,Order Issue,Low,In Progress,,,,AGT009
TKT102286,13279,2024-02-05 00:00:00,Product Query,Medium,Resolved,2024-02-07 20:00:00,68,,AGT010
TKT102287,18884,2024-04-02 00:00:00,Shipping,High,Closed,2024-04-02 22:00:00,22,3,AGT018
TKT102288,11353,2024-10-29 00:00:00,Order Issue,Low,Closed,2024-10-30 19:00:00,43,3,AGT003
TKT102289,12974,2024-04-02 00:00:00,Payment,Medium,Closed,2024-04-03 06:00:00,30,5,AGT008
TKT102290,11258,2024-10-05 00:00:00,Order Issue,Low,Resolved,2024-10-10 12:00:00,132,,AGT019
TKT102291,14594,2024-01-18 00:00:00,Order Issue,Medium,In Progress,,,,AGT007
TKT102292,19481,2024-04-28 00:00:00,Payment,Medium,Closed,2024-04-28 18:00:00,18,3,AGT013
TKT102293,14471,2024-09-25 00:00:00,Payment,Urgent,Closed,2024-09-25 02:00:00,2,5,AGT015
TKT102294,14964,2024-05-18 00:00:00,Returns,Low,In Progress,,,,AGT020
TKT102295,15927,2024-02-16 00:00:00,Shipping,High,In Progress,,,,AGT013
TKT102296,10376,2024-06-12 00:00:00,Technical,Medium,In Progress,,,,AGT015
TKT102297,12859,2024-07-24 00:00:00,Other,Medium,Resolved,2024-07-26 19:00:00,67,,AGT014
TKT102298,15884,2024-01-04 00:00:00,Payment,Medium,Open,,,,AGT019
TKT102299,14259,2024-03-22 00:00:00,Payment,Medium,Closed,2024-03-22 18:00:00,18,3,AGT009
TKT102300,15899,2024-03-09 00:00:00,Shipping,Low,Closed,2024-03-14 03:00:00,123,3,AGT015
TKT102301,10432,2024-09-25 00:00:00,Shipping,Low,Resolved,2024-09-28 07:00:00,79,,AGT015
TKT102302,15457,2024-10-28 00:00:00,Payment,High,Closed,2024-10-28 08:00:00,8,5,AGT015
TKT102303,16951,2024-08-03 00:00:00,Shipping,High,Closed,2024-08-03 15:00:00,15,5,AGT015
TKT102304,10219,2024-05-05 00:00:00,Product Query,Low,Resolved,2024-05-10 23:00:00,143,,AGT013
TKT102305,15619,2024-09-15 00:00:00,Returns,Low,Closed,2024-09-20 07:00:00,127,3,AGT006
TKT102306,18550,2024-05-01 00:00:00,Product Query,Low,In Progress,,,,AGT002
TKT102307,11139,2024-07-28 00:00:00,Product Query,Medium,Closed,2024-07-28 21:00:00,21,4,AGT020
TKT102308,12706,2024-05-29 00:00:00,Product Query,Low,Resolved,2024-06-01 00:00:00,72,,AGT020
TKT102309,13472,2024-01-05 00:00:00,Order Issue,Medium,Closed,2024-01-07 04:00:00,52,5,AGT012
TKT102310,14896,2024-08-17 00:00:00,Payment,High,Closed,2024-08-17 07:00:00,7,5,AGT003
TKT102311,14666,2024-06-09 00:00:00,Product Query,Low,Closed,2024-06-12 11:00:00,83,2,AGT010
TKT102312,19367,2024-10-18 00:00:00,Payment,Medium,Closed,2024-10-20 18:00:00,66,1,AGT011
TKT102313,17066,2024-08-30 00:00:00,Order Issue,Low,Resolved,2024-09-04 01:00:00,121,,AGT020
TKT102314,10817,2024-09-28 00:00:00,Order Issue,Low,Resolved,2024-09-30 11:00:00,59,,AGT006
TKT102315,17832,2024-01-17 00:00:00,Payment,Medium,Open,,,,AGT015
TKT102316,11260,2024-08-14 00:00:00,Order Issue,Medium,Closed,2024-08-16 11:00:00,59,2,AGT011
TKT102317,13532,2024-10-26 00:00:00,Product Query,High,Closed,2024-10-26 05:00:00,5,3,AGT018
TKT102318,11332,2024-07-14 00:00:00,Payment,High,Closed,2024-07-14 17:00:00,17,1,AGT008
TKT102319,11483,2024-08-21 00:00:00,Order Issue,Low,Resolved,2024-08-24 03:00:00,75,,AGT011
TKT102320,15253,2024-07-05 00:00:00,Order Issue,Medium,In Progress,,,,AGT017
TKT102321,13864,2024-05-25 00:00:00,Order Issue,Medium,Closed,2024-05-26 16:00:00,40,2,AGT013
TKT102322,11049,2024-09-15 00:00:00,Order Issue,High,Closed,2024-09-15 20:00:00,20,1,AGT003
TKT102323,11811,2024-08-13 00:00:00,Product Query,Low,Resolved,2024-08-17 12:00:00,108,,AGT018
TKT102324,14392,2024-06-12 00:00:00,Payment,Low,Closed,2024-06-13 00:00:00,24,4,AGT009
TKT102325,10433,2024-07-18 00:00:00,Returns,Medium,Closed,2024-07-19 10:00:00,34,5,AGT007
TKT102326,18989,2024-09-10 00:00:00,Order Issue,High,Closed,2024-09-10 16:00:00,16,2,AGT010
TKT102327,17405,2024-07-08 00:00:00,Payment,High,In Progress,,,,AGT003
TKT102328,16376,2024-09-06 00:00:00,Returns,Low,Closed,2024-09-07 10:00:00,34,2,AGT007
TKT102329,10431,2024-03-04 00:00:00,Shipping,Medium,Closed,2024-03-04 19:00:00,19,3,AGT019
TKT102330,11099,2024-07-07 00:00:00,Returns,Medium,Closed,2024-07-08 01:00:00,25,1,AGT001
TKT102331,17758,2024-06-28 00:00:00,Returns,Low,Closed,2024-06-30 21:00:00,69,2,AGT015
TKT102332,19970,2024-09-28 00:00:00,Product Query,Medium,Closed,2024-09-28 12:00:00,12,3,AGT016
TKT102333,10553,2024-02-08 00:00:00,Shipping,Medium,Closed,2024-02-09 06:00:00,30,1,AGT006
TKT102334,13145,2024-09-19 00:00:00,Order Issue,Medium,Closed,2024-09-20 00:00:00,24,4,AGT001
TKT102335,14586,2024-03-25 00:00:00,Order Issue,High,In Progress,,,,AGT013
TKT102336,16338,2024-06-05 00:00:00,Order Issue,Low,Resolved,2024-06-09 00:00:00,96,,AGT016
TKT102337,18658,2024-10-03 00:00:00,Product Query,Medium,Resolved,2024-10-05 12:00:00,60,,AGT018
TKT102338,11082,2024-09-02 00:00:00,Other,Medium,Closed,2024-09-04 07:00:00,55,4,AGT010
TKT102339,13073,2024-10-22 00:00:00,Order Issue,Medium,Resolved,2024-10-23 00:00:00,24,,AGT013
TKT102340,18158,2024-06-25 00:00:00,Product Query,Urgent,Resolved,2024-06-25 03:00:00,3,,AGT009
TKT102341,18202,2024-09-01 00:00:00,Technical,Medium,Resolved,2024-09-02 11:00:00,35,,AGT019
TKT102342,18519,2024-08-29 00:00:00,Order Issue,Medium,Resolved,2024-08-31 02:00:00,50,,AGT017
TKT102343,13079,2024-04-26 00:00:00,Payment,High,Closed,2024-04-26 21:00:00,21,1,AGT018
TKT102344,12689,2024-04-20 00:00:00,Order Issue,Low,Resolved,2024-04-23 09:00:00,81,,AGT007
TKT102345,12823,2024-06-04 00:00:00,Order Issue,Urgent,Closed,2024-06-04 04:00:00,4,2,AGT003
TKT102346,11239,2024-04-25 00:00:00,Technical,Low,Resolved,2024-04-28 15:00:00,87,,AGT008
TKT102347,12352,2024-05-12 00:00:00,Returns,Low,Open,,,,AGT010
TKT102348,15941,2024-02-21 00:00:00,Product Query,Medium,Open,,,,AGT015
TKT102349,18949,2024-02-17 00:00:00,Returns,Medium,Resolved,2024-02-18 11:00:00,35,,AGT012
TKT102350,11165,2024-06-02 00:00:00,Product Query,Low,Closed,2024-06-06 18:00:00,114,3,AGT015
TKT102351,10243,2024-05-05 00:00:00,Returns,High,Closed,2024-05-05 13:00:00,13,3,AGT004
TKT102352,18044,2024-09-05 00:00:00,Returns,Urgent,Resolved,2024-09-05 03:00:00,3,,AGT006
TKT102353,18245,2024-01-20 00:00:00,Technical,Medium,In Progress,,,,AGT012
TKT102354,11725,2024-01-14 00:00:00,Payment,Medium,Resolved,2024-01-16 00:00:00,48,,AGT019
TKT102355,11120,2024-02-08 00:00:00,Shipping,Low,Resolved,2024-02-12 12:00:00,108,,AGT003
TKT102356,17789,2024-07-22 00:00:00,Payment,Low,Resolved,2024-07-26 02:00:00,98,,AGT006
TKT102357,16982,2024-01-24 00:00:00,Product Query,Medium,Resolved,2024-01-26 08:00:00,56,,AGT014
TKT102358,13703,2024-05-18 00:00:00,Returns,Medium,Resolved,2024-05-20 18:00:00,66,,AGT012
TKT102359,10204,2024-05-07 00:00:00,Payment,Medium,Closed,2024-05-09 03:00:00,51,2,AGT018
TKT102360,13540,2024-05-16 00:00:00,Shipping,Low,Closed,2024-05-20 03:00:00,99,3,AGT018
TKT102361,12182,2024-05-12 00:00:00,Order Issue,Low,Closed,2024-05-16 22:00:00,118,5,AGT014
TKT102362,10121,2024-02-08 00:00:00,Returns,High,In Progress,,,,AGT014
TKT102363,16860,2024-05-22 00:00:00,Technical,High,Resolved,2024-05-22 17:00:00,17,,AGT016
TKT102364,18801,2024-01-11 00:00:00,Shipping,Medium,Closed,2024-01-13 19:00:00,67,2,AGT011
TKT102365,16740,2024-07-29 00:00:00,Payment,High,Closed,2024-07-29 08:00:00,8,3,AGT007
TKT102366,14712,2024-04-26 00:00:00,Other,Low,Closed,2024-04-28 19:00:00,67,5,AGT018
TKT102367,11336,2024-05-18 00:00:00,Product Query,Low,In Progress,,,,AGT011
TKT102368,10780,2024-07-13 00:00:00,Shipping,Medium,Closed,2024-07-15 00:00:00,48,1,AGT001
TKT102369,13612,2024-09-15 00:00:00,Payment,Medium,Resolved,2024-09-16 07:00:00,31,,AGT004
TKT102370,19770,2024-10-05 00:00:00,Returns,Medium,In Progress,,,,AGT010
TKT102371,12386,2024-10-30 00:00:00,Returns,Low,Closed,2024-11-02 12:00:00,84,2,AGT016
TKT102372,10104,2024-03-18 00:00:00,Returns,High,In Progress,,,,AGT001
TKT102373,19007,2024-06-04 00:00:00,Product Query,High,Resolved,2024-06-04 23:00:00,23,,AGT001
TKT102374,17525,2024-09-16 00:00:00,Technical,Medium,Closed,2024-09-16 23:00:00,23,1,AGT003
TKT102375,19133,2024-03-11 00:00:00,Returns,Low,Resolved,2024-03-16 16:00:00,136,,AGT010
TKT102376,14366,2024-06-30 00:00:00,Payment,Medium,Resolved,2024-06-30 20:00:00,20,,AGT007
TKT102377,15927,2024-10-09 00:00:00,Returns,Low,Open,,,,AGT016
TKT102378,11049,2024-05-28 00:00:00,Order Issue,Medium,Resolved,2024-05-30 18:00:00,66,,AGT006
TKT102379,11738,2024-10-25 00:00:00,Technical,Low,Closed,2024-10-27 20:00:00,68,1,AGT001
TKT102380,10029,2024-05-03 00:00:00,Returns,High,In Progress,,,,AGT002
TKT102381,11094,2024-04-17 00:00:00,Technical,Medium,Closed,2024-04-19 10:00:00,58,2,AGT009
TKT102382,15719,2024-04-29 00:00:00,Shipping,High,Open,,,,AGT010
TKT102383,12214,2024-01-20 00:00:00,Order Issue,Low,Closed,2024-01-22 20:00:00,68,4,AGT009
TKT102384,16328,2024-01-31 00:00:00,Payment,High,Closed,2024-01-31 16:00:00,16,4,AGT013
TKT102385,19081,2024-05-31 00:00:00,Shipping,Urgent,Closed,2024-05-31 02:00:00,2,4,AGT011
TKT102386,16740,2024-01-06 00:00:00,Returns,Medium,Closed,2024-01-07 22:00:00,46,4,AGT007
TKT102387,14158,2024-08-16 00:00:00,Payment,Medium,Closed,2024-08-17 21:00:00,45,4,AGT005
TKT102388,15269,2024-09-10 00:00:00,Product Query,Medium,In Progress,,,,AGT005
TKT102389,11014,2024-04-15 00:00:00,Returns,Low,Resolved,2024-04-18 20:00:00,92,,AGT019
TKT102390,15647,2024-02-06 00:00:00,Technical,Medium,Resolved,2024-02-06 19:00:00,19,,AGT011
TKT102391,15100,2024-02-08 00:00:00,Payment,Urgent,Closed,2024-02-08 02:00:00,2,3,AGT007
TKT102392,15037,2024-09-05 00:00:00,Product Query,Urgent,Closed,2024-09-05 03:00:00,3,4,AGT004
TKT102393,13262,2024-08-25 00:00:00,Order Issue,Urgent,Closed,2024-08-25 02:00:00,2,3,AGT014
TKT102394,17841,2024-09-10 00:00:00,Payment,Urgent,Resolved,2024-09-10 02:00:00,2,,AGT015
TKT102395,17624,2024-06-16 00:00:00,Order Issue,Low,Resolved,2024-06-17 10:00:00,34,,AGT013
TKT102396,15784,2024-04-07 00:00:00,Order Issue,Low,Closed,2024-04-11 02:00:00,98,2,AGT018
TKT102397,16280,2024-06-23 00:00:00,Product Query,High,Resolved,2024-06-23 21:00:00,21,,AGT003
TKT102398,10989,2024-01-28 00:00:00,Payment,Urgent,Open,,,,AGT004
TKT102399,17083,2024-09-17 00:00:00,Order Issue,Low,Resolved,2024-09-19 02:00:00,50,,AGT007
TKT102400,16852,2024-02-17 00:00:00,Other,Medium,Resolved,2024-02-17 21:00:00,21,,AGT004
TKT102401,19720,2024-09-23 00:00:00,Payment,Urgent,Resolved,2024-09-23 01:00:00,1,,AGT018
TKT102402,11401,2024-10-25 00:00:00,Payment,High,In Progress,,,,AGT011
TKT102403,11742,2024-08-16 00:00:00,Order Issue,Medium,Closed,2024-08-16 19:00:00,19,2,AGT004
TKT102404,17457,2024-01-04 00:00:00,Product Query,High,Resolved,2024-01-04 16:00:00,16,,AGT009
TKT102405,12810,2024-04-25 00:00:00,Returns,Medium,In Progress,,,,AGT014
TKT102406,13556,2024-10-27 00:00:00,Order Issue,Medium,Resolved,2024-10-28 23:00:00,47,,AGT003
TKT102407,17695,2024-09-26 00:00:00,Product Query,Medium,Open,,,,AGT005
TKT102408,13161,2024-04-10 00:00:00,Returns,Medium,Closed,2024-04-10 18:00:00,18,4,AGT014
TKT102409,17521,2024-06-07 00:00:00,Payment,Medium,Resolved,2024-06-08 19:00:00,43,,AGT008
TKT102410,18493,2024-03-04 00:00:00,Other,Low,Closed,2024-03-09 05:00:00,125,3,AGT001
TKT102411,15377,2024-09-27 00:00:00,Payment,Medium,Resolved,2024-09-28 06:00:00,30,,AGT012
TKT102412,13906,2024-10-04 00:00:00,Product Query,Medium,In Progress,,,,AGT020
TKT102413,13612,2024-10-09 00:00:00,Product Query,High,Resolved,2024-10-09 08:00:00,8,,AGT016
TKT102414,11902,2024-01-15 00:00:00,Payment,Urgent,In Progress,,,,AGT008
TKT102415,14255,2024-05-12 00:00:00,Product Query,Medium,Closed,2024-05-14 19:00:00,67,2,AGT005
TKT102416,14206,2024-10-26 00:00:00,Product Query,Low,Closed,2024-10-31 20:00:00,140,4,AGT015
TKT102417,12397,2024-01-19 00:00:00,Technical,Medium,Closed,2024-01-19 12:00:00,12,5,AGT003
TKT102418,12815,2024-01-08 00:00:00,Product Query,High,Resolved,2024-01-08 13:00:00,13,,AGT014
TKT102419,15655,2024-02-26 00:00:00,Product Query,High,Resolved,2024-02-26 18:00:00,18,,AGT016
TKT102420,10888,2024-09-08 00:00:00,Payment,Medium,Closed,2024-09-10 14:00:00,62,1,AGT017
TKT102421,15222,2024-08-07 00:00:00,Order Issue,Medium,Resolved,2024-08-09 21:00:00,69,,AGT005
TKT102422,13432,2024-09-22 00:00:00,Technical,Low,In Progress,,,,AGT001
TKT102423,10703,2024-06-25 00:00:00,Technical,Medium,Closed,2024-06-26 03:00:00,27,3,AGT019
TKT102424,16559,2024-02-13 00:00:00,Returns,High,Open,,,,AGT019
TKT102425,14813,2024-08-12 00:00:00,Order Issue,Medium,Closed,2024-08-12 22:00:00,22,2,AGT002
TKT102426,10645,2024-01-30 00:00:00,Payment,Medium,Closed,2024-01-31 12:00:00,36,5,AGT009
TKT102427,19117,2024-09-19 00:00:00,Order Issue,Medium,In Progress,,,,AGT020
TKT102428,13283,2024-04-27 00:00:00,Shipping,High,Open,,,,AGT016
TKT102429,18020,2024-08-21 00:00:00,Technical,Medium,In Progress,,,,AGT019
TKT102430,18478,2024-07-12 00:00:00,Order Issue,High,Resolved,2024-07-12 05:00:00,5,,AGT020
TKT102431,10311,2024-03-27 00:00:00,Payment,Medium,Open,,,,AGT018
TKT102432,16517,2024-09-04 00:00:00,Payment,Urgent,Resolved,2024-09-04 02:00:00,2,,AGT016
TKT102433,12159,2024-03-05 00:00:00,Order Issue,Low,In Progress,,,,AGT012
TKT102434,13818,2024-05-08 00:00:00,Technical,Urgent,Resolved,2024-05-08 04:00:00,4,,AGT013
TKT102435,10224,2024-08-20 00:00:00,Order Issue,Medium,Resolved,2024-08-22 02:00:00,50,,AGT005
TKT102436,16532,2024-10-07 00:00:00,Shipping,Medium,Resolved,2024-10-08 23:00:00,47,,AGT013
TKT102437,14158,2024-07-23 00:00:00,Order Issue,Medium,Closed,2024-07-23 18:00:00,18,1,AGT014
TKT102438,15206,2024-05-23 00:00:00,Order Issue,Medium,Resolved,2024-05-23 22:00:00,22,,AGT008
TKT102439,13525,2024-01-23 00:00:00,Technical,Medium,Closed,2024-01-25 23:00:00,71,1,AGT015
TKT102440,11742,2024-05-30 00:00:00,Product Query,Medium,Resolved,2024-06-01 14:00:00,62,,AGT018
TKT102441,11852,2024-03-31 00:00:00,Order Issue,Urgent,Resolved,2024-03-31 01:00:00,1,,AGT016
TKT102442,11431,2024-09-08 00:00:00,Product Query,Medium,Resolved,2024-09-09 20:00:00,44,,AGT018
TKT102443,15496,2024-09-16 00:00:00,Order Issue,Low,Closed,2024-09-21 19:00:00,139,5,AGT003
TKT102444,19693,2024-09-12 00:00:00,Order Issue,Medium,In Progress,,,,AGT020
TKT102445,14874,2024-07-29 00:00:00,Shipping,Medium,In Progress,,,,AGT018
TKT102446,12083,2024-10-01 00:00:00,Shipping,Medium,In Progress,,,,AGT002
TKT102447,15399,2024-06-21 00:00:00,Payment,Medium,Closed,2024-06-21 19:00:00,19,1,AGT010
TKT102448,10667,2024-01-26 00:00:00,Product Query,Low,Closed,2024-01-27 00:00:00,24,4,AGT004
TKT102449,12682,2024-04-07 00:00:00,Order Issue,Medium,Resolved,2024-04-08 04:00:00,28,,AGT002
TKT102450,11099,2024-03-19 00:00:00,Order Issue,Medium,Closed,2024-03-20 19:00:00,43,2,AGT009
TKT102451,14036,2024-04-30 00:00:00,Shipping,Low,Closed,2024-05-01 03:00:00,27,1,AGT011
TKT102452,19272,2024-09-14 00:00:00,Order Issue,High,Resolved,2024-09-14 14:00:00,14,,AGT004
TKT102453,14724,2024-07-01 00:00:00,Order Issue,High,Closed,2024-07-01 14:00:00,14,5,AGT005
TKT102454,18938,2024-04-27 00:00:00,Product Query,Low,Open,,,,AGT003
TKT102455,14395,2024-08-20 00:00:00,Payment,High,Closed,2024-08-20 19:00:00,19,5,AGT010
TKT102456,13864,2024-02-01 00:00:00,Returns,Low,In Progress,,,,AGT006
TKT102457,18326,2024-03-31 00:00:00,Product Query,High,Closed,2024-03-31 21:00:00,21,4,AGT001
TKT102458,19793,2024-06-24 00:00:00,Technical,Low,In Progress,,,,AGT014
TKT102459,10512,2024-01-23 00:00:00,Returns,Medium,Resolved,2024-01-25 14:00:00,62,,AGT010
TKT102460,12210,2024-07-28 00:00:00,Payment,High,Closed,2024-07-28 18:00:00,18,1,AGT016
TKT102461,13192,2024-06-03 00:00:00,Order Issue,Medium,Resolved,2024-06-05 08:00:00,56,,AGT020
TKT102462,13036,2024-06-05 00:00:00,Payment,Medium,Resolved,2024-06-05 13:00:00,13,,AGT015
TKT102463,14910,2024-02-28 00:00:00,Product Query,High,Resolved,2024-02-28 04:00:00,4,,AGT013
TKT102464,13582,2024-07-20 00:00:00,Order Issue,Low,Closed,2024-07-22 12:00:00,60,2,AGT006
TKT102465,12255,2024-10-31 00:00:00,Product Query,Low,Resolved,2024-11-01 10:00:00,34,,AGT017
TKT102466,15262,2024-03-25 00:00:00,Order Issue,Urgent,Resolved,2024-03-25 04:00:00,4,,AGT020
TKT102467,15573,2024-06-14 00:00:00,Payment,Medium,Resolved,2024-06-15 12:00:00,36,,AGT008
TKT102468,15841,2024-06-02 00:00:00,Technical,Medium,Open,,,,AGT012
TKT102469,11746,2024-07-19 00:00:00,Shipping,Low,Resolved,2024-07-23 08:00:00,104,,AGT010
TKT102470,12602,2024-05-25 00:00:00,Other,Low,Closed,2024-05-29 21:00:00,117,5,AGT014
TKT102471,12522,2024-04-26 00:00:00,Shipping,Medium,Closed,2024-04-28 03:00:00,51,3,AGT006
TKT102472,10937,2024-07-03 00:00:00,Technical,High,Open,,,,AGT016
TKT102473,10151,2024-01-07 00:00:00,Product Query,Medium,Open,,,,AGT013
TKT102474,12537,2024-07-21 00:00:00,Order Issue,Medium,Closed,2024-07-23 09:00:00,57,5,AGT010
TKT102475,19062,2024-10-03 00:00:00,Payment,High,Closed,2024-10-03 06:00:00,6,3,AGT008
TKT102476,15773,2024-02-13 00:00:00,Payment,Medium,Closed,2024-02-15 14:00:00,62,3,AGT012
TKT102477,14510,2024-06-27 00:00:00,Product Query,High,Resolved,2024-06-27 18:00:00,18,,AGT007
TKT102478,18958,2024-03-18 00:00:00,Other,Low,Closed,2024-03-23 13:00:00,133,1,AGT018
TKT102479,12224,2024-08-11 00:00:00,Order Issue,Medium,Closed,2024-08-13 16:00:00,64,3,AGT016
TKT102480,19479,2024-01-23 00:00:00,Technical,High,Open,,,,AGT010
TKT102481,13284,2024-09-18 00:00:00,Payment,Medium,In Progress,,,,AGT002
TKT102482,15640,2024-10-28 00:00:00,Payment,Low,In Progress,,,,AGT003
TKT102483,16073,2024-05-27 00:00:00,Product Query,Low,Open,,,,AGT010
TKT102484,16939,2024-10-28 00:00:00,Payment,Medium,In Progress,,,,AGT003
TKT102485,10311,2024-09-30 00:00:00,Order Issue,Medium,In Progress,,,,AGT001
TKT102486,15075,2024-03-28 00:00:00,Order Issue,Low,Closed,2024-04-01 23:00:00,119,2,AGT016
TKT102487,10303,2024-04-05 00:00:00,Other,Low,Resolved,2024-04-09 19:00:00,115,,AGT003
TKT102488,15707,2024-04-01 00:00:00,Product Query,Medium,Resolved,2024-04-03 22:00:00,70,,AGT012
TKT102489,19707,2024-09-14 00:00:00,Order Issue,Low,Closed,2024-09-15 01:00:00,25,1,AGT015
TKT102490,13253,2024-03-30 00:00:00,Returns,Low,In Progress,,,,AGT010
TKT102491,11025,2024-10-13 00:00:00,Product Query,Medium,Closed,2024-10-13 12:00:00,12,3,AGT006
TKT102492,16885,2024-05-07 00:00:00,Returns,High,Closed,2024-05-07 19:00:00,19,2,AGT016
TKT102493,10388,2024-03-31 00:00:00,Returns,Medium,In Progress,,,,AGT018
TKT102494,11056,2024-06-30 00:00:00,Product Query,Low,Closed,2024-07-03 02:00:00,74,1,AGT020
TKT102495,19524,2024-05-10 00:00:00,Technical,Medium,Resolved,2024-05-11 21:00:00,45,,AGT003
TKT102496,15871,2024-02-16 00:00:00,Product Query,Low,Resolved,2024-02-17 16:00:00,40,,AGT007
TKT102497,12301,2024-04-02 00:00:00,Order Issue,Medium,Closed,2024-04-04 00:00:00,48,2,AGT020
TKT102498,19414,2024-04-25 00:00:00,Product Query,Medium,Resolved,2024-04-26 14:00:00,38,,AGT002
TKT102499,12949,2024-08-27 00:00:00,Product Query,Medium,Resolved,2024-08-29 18:00:00,66,,AGT006
TKT102500,14474,2024-10-25 00:00:00,Returns,Medium,In Progress,,,,AGT014
TKT102501,12562,2024-07-30 00:00:00,Other,Medium,Closed,2024-08-01 20:00:00,68,5,AGT002
TKT102502,15563,2024-08-19 00:00:00,Order Issue,Medium,Closed,2024-08-20 09:00:00,33,5,AGT004
TKT102503,14095,2024-06-12 00:00:00,Order Issue,Low,Resolved,2024-06-15 09:00:00,81,,AGT017
TKT102504,17484,2024-04-24 00:00:00,Returns,Medium,In Progress,,,,AGT010
TKT102505,15267,2024-05-29 00:00:00,Order Issue,Low,Closed,2024-06-02 01:00:00,97,5,AGT019
TKT102506,19434,2024-04-29 00:00:00,Product Query,High,Resolved,2024-04-29 08:00:00,8,,AGT020
TKT102507,15269,2024-08-05 00:00:00,Order Issue,Medium,Resolved,2024-08-07 14:00:00,62,,AGT018
TKT102508,15465,2024-10-19 00:00:00,Order Issue,Urgent,In Progress,,,,AGT010
TKT102509,11559,2024-02-18 00:00:00,Product Query,Medium,Resolved,2024-02-19 13:00:00,37,,AGT018
TKT102510,15645,2024-04-06 00:00:00,Product Query,High,Resolved,2024-04-06 10:00:00,10,,AGT020
TKT102511,12732,2024-06-05 00:00:00,Returns,Medium,Resolved,2024-06-07 15:00:00,63,,AGT010
TKT102512,11077,2024-01-14 00:00:00,Product Query,High,Open,,,,AGT008
TKT102513,17404,2024-05-23 00:00:00,Order Issue,Urgent,In Progress,,,,AGT019
TKT102514,10906,2024-09-29 00:00:00,Shipping,Medium,Closed,2024-09-30 01:00:00,25,1,AGT002
TKT102515,12609,2024-06-25 00:00:00,Payment,Medium,Closed,2024-06-26 13:00:00,37,2,AGT009
TKT102516,13849,2024-04-16 00:00:00,Order Issue,Medium,Resolved,2024-04-16 13:00:00,13,,AGT009
TKT102517,12819,2024-08-15 00:00:00,Returns,High,Closed,2024-08-15 12:00:00,12,4,AGT007
TKT102518,12548,2024-01-16 00:00:00,Product Query,High,Closed,2024-01-16 22:00:00,22,2,AGT018
TKT102519,13363,2024-10-15 00:00:00,Returns,Low,Closed,2024-10-17 10:00:00,58,3,AGT011
TKT102520,12971,2024-05-19 00:00:00,Technical,Medium,Open,,,,AGT013
TKT102521,18717,2024-08-13 00:00:00,Product Query,Low,In Progress,,,,AGT014
TKT102522,12571,2024-01-22 00:00:00,Payment,Medium,Resolved,2024-01-22 17:00:00,17,,AGT013
TKT102523,19693,2024-10-31 00:00:00,Returns,Low,Resolved,2024-11-01 16:00:00,40,,AGT005
TKT102524,14493,2024-10-02 00:00:00,Technical,High,Open,,,,AGT006
TKT102525,11620,2024-07-29 00:00:00,Product Query,High,Resolved,2024-07-29 21:00:00,21,,AGT013
TKT102526,12928,2024-05-25 00:00:00,Shipping,Medium,Open,,,,AGT009
TKT102527,18671,2024-01-15 00:00:00,Technical,High,Closed,2024-01-15 20:00:00,20,4,AGT019
TKT102528,15174,2024-06-29 00:00:00,Returns,Medium,In Progress,,,,AGT014
TKT102529,13570,2024-04-18 00:00:00,Shipping,High,Resolved,2024-04-18 12:00:00,12,,AGT012
TKT102530,10345,2024-05-11 00:00:00,Product Query,Low,Resolved,2024-05-16 22:00:00,142,,AGT008
TKT102531,17593,2024-10-23 00:00:00,Order Issue,High,Resolved,2024-10-23 08:00:00,8,,AGT004
TKT102532,18810,2024-01-06 00:00:00,Order Issue,Urgent,In Progress,,,,AGT018
TKT102533,17304,2024-07-01 00:00:00,Shipping,Medium,Resolved,2024-07-03 13:00:00,61,,AGT017
TKT102534,15422,2024-10-16 00:00:00,Payment,High,Open,,,,AGT016
TKT102535,11401,2024-06-03 00:00:00,Order Issue,Urgent,Resolved,2024-06-03 02:00:00,2,,AGT016
TKT102536,16329,2024-07-19 00:00:00,Order Issue,Medium,In Progress,,,,AGT019
TKT102537,10176,2024-07-03 00:00:00,Returns,High,Closed,2024-07-03 20:00:00,20,3,AGT009
TKT102538,15100,2024-03-31 00:00:00,Product Query,Medium,Resolved,2024-04-02 22:00:00,70,,AGT006
TKT102539,16727,2024-09-05 00:00:00,Product Query,Low,Resolved,2024-09-08 09:00:00,81,,AGT008
TKT102540,10687,2024-02-11 00:00:00,Product Query,High,Closed,2024-02-11 21:00:00,21,1,AGT001
TKT102541,11238,2024-05-23 00:00:00,Payment,Low,Resolved,2024-05-25 14:00:00,62,,AGT006
TKT102542,18215,2024-07-22 00:00:00,Order Issue,Low,Closed,2024-07-23 02:00:00,26,3,AGT008
TKT102543,10917,2024-01-03 00:00:00,Returns,High,Resolved,2024-01-03 21:00:00,21,,AGT004
TKT102544,15664,2024-06-19 00:00:00,Product Query,Medium,Open,,,,AGT006
TKT102545,16504,2024-03-28 00:00:00,Technical,High,Closed,2024-03-28 16:00:00,16,1,AGT007
TKT102546,12078,2024-05-26 00:00:00,Product Query,Low,Closed,2024-05-29 04:00:00,76,2,AGT008
TKT102547,12182,2024-06-27 00:00:00,Order Issue,Medium,In Progress,,,,AGT014
TKT102548,13644,2024-01-27 00:00:00,Payment,Medium,Resolved,2024-01-27 18:00:00,18,,AGT010
TKT102549,10378,2024-01-29 00:00:00,Payment,High,Closed,2024-01-29 19:00:00,19,4,AGT012
TKT102550,15424,2024-07-19 00:00:00,Order Issue,Low,Resolved,2024-07-23 15:00:00,111,,AGT014
TKT102551,18506,2024-08-08 00:00:00,Product Query,Medium,Resolved,2024-08-10 20:00:00,68,,AGT002
TKT102552,16205,2024-04-07 00:00:00,Product Query,Medium,Open,,,,AGT013
TKT102553,18515,2024-08-02 00:00:00,Product Query,Medium,Resolved,2024-08-03 15:00:00,39,,AGT019
TKT102554,18466,2024-04-10 00:00:00,Payment,Medium,Closed,2024-04-11 14:00:00,38,4,AGT009
TKT102555,13059,2024-10-14 00:00:00,Product Query,Low,In Progress,,,,AGT013
TKT102556,16445,2024-04-23 00:00:00,Product Query,Medium,Closed,2024-04-23 19:00:00,19,4,AGT019
TKT102557,15257,2024-06-28 00:00:00,Order Issue,Urgent,Resolved,2024-06-28 05:00:00,5,,AGT017
TKT102558,16529,2024-07-20 00:00:00,Shipping,Medium,Resolved,2024-07-22 14:00:00,62,,AGT010
TKT102559,13192,2024-01-24 00:00:00,Order Issue,High,Resolved,2024-01-24 17:00:00,17,,AGT006
TKT102560,11492,2024-08-16 00:00:00,Technical,Low,Closed,2024-08-21 19:00:00,139,4,AGT007
TKT102561,16062,2024-04-19 00:00:00,Payment,High,Resolved,2024-04-19 16:00:00,16,,AGT012
TKT102562,19572,2024-05-25 00:00:00,Returns,Medium,Closed,2024-05-25 20:00:00,20,5,AGT012
TKT102563,12241,2024-08-27 00:00:00,Technical,Medium,Resolved,2024-08-29 13:00:00,61,,AGT020
TKT102564,19024,2024-08-10 00:00:00,Shipping,Medium,Resolved,2024-08-11 23:00:00,47,,AGT001
TKT102565,10687,2024-07-05 00:00:00,Payment,Low,Resolved,2024-07-10 11:00:00,131,,AGT015
TKT102566,18421,2024-07-16 00:00:00,Order Issue,Urgent,Closed,2024-07-16 04:00:00,4,2,AGT010
TKT102567,10382,2024-09-22 00:00:00,Other,High,Closed,2024-09-22 09:00:00,9,4,AGT005
TKT102568,12756,2024-03-21 00:00:00,Order Issue,Low,Closed,2024-03-26 00:00:00,120,5,AGT019
TKT102569,11910,2024-10-29 00:00:00,Order Issue,Low,Resolved,2024-11-03 04:00:00,124,,AGT019
TKT102570,18719,2024-09-07 00:00:00,Technical,Urgent,Resolved,2024-09-07 02:00:00,2,,AGT006
TKT102571,13273,2024-05-25 00:00:00,Payment,Medium,Resolved,2024-05-27 07:00:00,55,,AGT009
TKT102572,11099,2024-03-25 00:00:00,Technical,Medium,In Progress,,,,AGT018
TKT102573,16519,2024-07-28 00:00:00,Order Issue,Medium,Resolved,2024-07-30 04:00:00,52,,AGT002
TKT102574,16473,2024-09-20 00:00:00,Returns,High,Closed,2024-09-20 11:00:00,11,3,AGT018
TKT102575,11027,2024-07-17 00:00:00,Technical,High,Resolved,2024-07-17 07:00:00,7,,AGT005
TKT102576,13302,2024-06-27 00:00:00,Returns,Low,Resolved,2024-07-02 16:00:00,136,,AGT010
TKT102577,15871,2024-04-09 00:00:00,Payment,Medium,Resolved,2024-04-11 08:00:00,56,,AGT018
TKT102578,10532,2024-02-28 00:00:00,Payment,Medium,Resolved,2024-02-29 23:00:00,47,,AGT006
TKT102579,16436,2024-01-21 00:00:00,Product Query,Medium,Closed,2024-01-23 21:00:00,69,2,AGT010
TKT102580,13457,2024-02-04 00:00:00,Returns,Low,In Progress,,,,AGT005
TKT102581,12056,2024-05-23 00:00:00,Order Issue,Low,In Progress,,,,AGT009
TKT102582,16531,2024-07-04 00:00:00,Order Issue,Medium,Closed,2024-07-06 11:00:00,59,2,AGT016
TKT102583,12278,2024-04-25 00:00:00,Returns,Medium,Closed,2024-04-25 13:00:00,13,1,AGT012
TKT102584,16198,2024-07-11 00:00:00,Order Issue,Medium,Resolved,2024-07-12 01:00:00,25,,AGT003
TKT102585,19259,2024-07-10 00:00:00,Shipping,Medium,Resolved,2024-07-11 10:00:00,34,,AGT002
TKT102586,13864,2024-08-07 00:00:00,Order Issue,Low,Closed,2024-08-09 00:00:00,48,5,AGT010
TKT102587,12593,2024-02-03 00:00:00,Shipping,High,Resolved,2024-02-03 14:00:00,14,,AGT014
TKT102588,17158,2024-04-23 00:00:00,Order Issue,Medium,Resolved,2024-04-24 02:00:00,26,,AGT002
TKT102589,11910,2024-01-10 00:00:00,Order Issue,High,In Progress,,,,AGT003
TKT102590,11731,2024-05-05 00:00:00,Shipping,High,Closed,2024-05-05 09:00:00,9,5,AGT012
TKT102591,19837,2024-08-04 00:00:00,Payment,Medium,In Progress,,,,AGT016
TKT102592,17901,2024-10-09 00:00:00,Order Issue,Medium,Resolved,2024-10-11 04:00:00,52,,AGT015
TKT102593,19291,2024-10-11 00:00:00,Technical,Medium,Closed,2024-10-13 23:00:00,71,1,AGT006
TKT102594,10703,2024-03-24 00:00:00,Order Issue,High,Closed,2024-03-24 07:00:00,7,2,AGT015
TKT102595,12593,2024-02-27 00:00:00,Order Issue,Low,Open,,,,AGT013
TKT102596,16026,2024-02-13 00:00:00,Product Query,Low,Closed,2024-02-14 10:00:00,34,2,AGT009
TKT102597,17049,2024-04-22 00:00:00,Payment,Low,Closed,2024-04-26 12:00:00,108,4,AGT006
TKT102598,19641,2024-08-24 00:00:00,Product Query,High,Resolved,2024-08-24 12:00:00,12,,AGT013
TKT102599,15444,2024-09-01 00:00:00,Order Issue,High,Closed,2024-09-01 12:00:00,12,2,AGT005
TKT102600,19997,2024-09-26 00:00:00,Returns,Medium,Closed,2024-09-26 14:00:00,14,5,AGT011
TKT102601,13638,2024-10-22 00:00:00,Order Issue,High,Closed,2024-10-22 17:00:00,17,3,AGT016
TKT102602,11852,2024-03-14 00:00:00,Payment,High,Closed,2024-03-14 05:00:00,5,1,AGT011
TKT102603,12321,2024-03-31 00:00:00,Payment,Low,Closed,2024-04-01 18:00:00,42,4,AGT006
TKT102604,16885,2024-04-20 00:00:00,Payment,High,Closed,2024-04-20 17:00:00,17,5,AGT016
TKT102605,12748,2024-10-10 00:00:00,Returns,High,Closed,2024-10-10 05:00:00,5,5,AGT016
TKT102606,13849,2024-02-13 00:00:00,Product Query,High,Resolved,2024-02-13 10:00:00,10,,AGT012
TKT102607,15757,2024-04-03 00:00:00,Product Query,Low,Closed,2024-04-07 18:00:00,114,1,AGT010
TKT102608,10722,2024-05-08 00:00:00,Payment,Medium,Closed,2024-05-08 19:00:00,19,4,AGT017
TKT102609,19023,2024-03-02 00:00:00,Other,Low,Closed,2024-03-05 03:00:00,75,3,AGT012
TKT102610,12585,2024-04-30 00:00:00,Payment,Medium,Resolved,2024-05-02 14:00:00,62,,AGT001
TKT102611,15615,2024-06-14 00:00:00,Payment,Medium,Resolved,2024-06-15 13:00:00,37,,AGT010
TKT102612,11014,2024-01-28 00:00:00,Product Query,Medium,In Progress,,,,AGT017
TKT102613,19321,2024-09-30 00:00:00,Order Issue,Medium,Resolved,2024-10-01 10:00:00,34,,AGT001
TKT102614,13174,2024-06-28 00:00:00,Payment,High,Closed,2024-06-28 22:00:00,22,5,AGT012
TKT102615,15573,2024-02-22 00:00:00,Returns,High,Resolved,2024-02-22 05:00:00,5,,AGT006
TKT102616,14835,2024-09-14 00:00:00,Returns,Medium,Resolved,2024-09-16 23:00:00,71,,AGT011
TKT102617,12571,2024-03-23 00:00:00,Technical,Urgent,Open,,,,AGT005
TKT102618,12424,2024-08-12 00:00:00,Shipping,Urgent,Closed,2024-08-12 01:00:00,1,5,AGT019
TKT102619,13070,2024-10-14 00:00:00,Technical,High,Open,,,,AGT004
TKT102620,15534,2024-05-03 00:00:00,Order Issue,Medium,In Progress,,,,AGT008
TKT102621,14823,2024-04-14 00:00:00,Returns,Low,In Progress,,,,AGT012
TKT102622,15103,2024-09-04 00:00:00,Order Issue,Medium,In Progress,,,,AGT002
TKT102623,16953,2024-03-05 00:00:00,Returns,High,Resolved,2024-03-05 22:00:00,22,,AGT018
TKT102624,19844,2024-06-05 00:00:00,Order Issue,Medium,Closed,2024-06-06 05:00:00,29,1,AGT004
TKT102625,19087,2024-05-16 00:00:00,Returns,High,Open,,,,AGT009
TKT102626,14048,2024-03-13 00:00:00,Product Query,Low,Closed,2024-03-15 23:00:00,71,3,AGT008
TKT102627,17110,2024-09-25 00:00:00,Order Issue,High,In Progress,,,,AGT014
TKT102628,12904,2024-08-23 00:00:00,Technical,Low,Resolved,2024-08-25 03:00:00,51,,AGT017
TKT102629,14165,2024-05-14 00:00:00,Order Issue,Medium,Resolved,2024-05-15 15:00:00,39,,AGT001
TKT102630,13511,2024-10-23 00:00:00,Other,Medium,Resolved,2024-10-23 14:00:00,14,,AGT010
TKT102631,13868,2024-10-15 00:00:00,Payment,Medium,Resolved,2024-10-17 14:00:00,62,,AGT010
TKT102632,13906,2024-10-24 00:00:00,Other,Low,In Progress,,,,AGT019
TKT102633,19972,2024-03-22 00:00:00,Technical,Medium,Closed,2024-03-22 14:00:00,14,4,AGT002
TKT102634,19655,2024-04-17 00:00:00,Payment,Medium,Resolved,2024-04-18 10:00:00,34,,AGT006
TKT102635,14295,2024-01-16 00:00:00,Shipping,Medium,Resolved,2024-01-17 14:00:00,38,,AGT012
TKT102636,10836,2024-08-08 00:00:00,Technical,Medium,Resolved,2024-08-09 12:00:00,36,,AGT004
TKT102637,17758,2024-08-09 00:00:00,Order Issue,Low,Resolved,2024-08-13 21:00:00,117,,AGT011
TKT102638,18180,2024-07-29 00:00:00,Product Query,Medium,Open,,,,AGT008
TKT102639,11165,2024-06-18 00:00:00,Payment,Low,Open,,,,AGT008
TKT102640,10029,2024-05-31 00:00:00,Order Issue,Low,Resolved,2024-06-03 16:00:00,88,,AGT020
TKT102641,19201,2024-07-11 00:00:00,Shipping,Low,Closed,2024-07-14 19:00:00,91,5,AGT019
TKT102642,14127,2024-05-31 00:00:00,Returns,Low,Closed,2024-06-03 10:00:00,82,5,AGT018
TKT102643,14834,2024-02-13 00:00:00,Returns,Medium,Resolved,2024-02-15 08:00:00,56,,AGT004
TKT102644,13049,2024-02-06 00:00:00,Shipping,High,In Progress,,,,AGT013
TKT102645,19321,2024-02-27 00:00:00,Payment,Urgent,Closed,2024-02-27 03:00:00,3,1,AGT001
TKT102646,12078,2024-07-23 00:00:00,Shipping,Low,Closed,2024-07-24 06:00:00,30,5,AGT017
TKT102647,10645,2024-05-04 00:00:00,Payment,Low,Resolved,2024-05-09 16:00:00,136,,AGT016
TKT102648,16258,2024-03-02 00:00:00,Product Query,Medium,Resolved,2024-03-03 17:00:00,41,,AGT008
TKT102649,17204,2024-08-16 00:00:00,Order Issue,Medium,Open,,,,AGT016
TKT102650,15573,2024-09-05 00:00:00,Product Query,Low,Closed,2024-09-09 05:00:00,101,1,AGT012
TKT102651,12733,2024-07-06 00:00:00,Shipping,Urgent,Resolved,2024-07-06 04:00:00,4,,AGT012
TKT102652,18013,2024-08-25 00:00:00,Product Query,Urgent,Closed,2024-08-25 05:00:00,5,1,AGT013
TKT102653,18296,2024-06-22 00:00:00,Payment,Medium,In Progress,,,,AGT019
TKT102654,17110,2024-03-05 00:00:00,Returns,Low,In Progress,,,,AGT015
TKT102655,18038,2024-08-22 00:00:00,Product Query,Low,Resolved,2024-08-25 02:00:00,74,,AGT013
TKT102656,11536,2024-02-23 00:00:00,Shipping,High,Resolved,2024-02-23 09:00:00,9,,AGT005
TKT102657,12342,2024-05-29 00:00:00,Other,Medium,Open,,,,AGT006
TKT102658,15457,2024-05-22 00:00:00,Product Query,Urgent,In Progress,,,,AGT019
TKT102659,14922,2024-02-04 00:00:00,Order Issue,Low,Closed,2024-02-08 10:00:00,106,4,AGT003
TKT102660,12081,2024-02-28 00:00:00,Shipping,Medium,Closed,2024-02-29 23:00:00,47,4,AGT005
TKT102661,13365,2024-08-02 00:00:00,Technical,Medium,Resolved,2024-08-04 22:00:00,70,,AGT014
TKT102662,10231,2024-06-10 00:00:00,Order Issue,Medium,Resolved,2024-06-11 17:00:00,41,,AGT019
TKT102663,16962,2024-01-04 00:00:00,Shipping,Medium,Resolved,2024-01-06 06:00:00,54,,AGT013
TKT102664,16983,2024-05-27 00:00:00,Order Issue,Medium,Resolved,2024-05-28 02:00:00,26,,AGT007
TKT102665,17705,2024-06-12 00:00:00,Payment,High,Resolved,2024-06-12 10:00:00,10,,AGT001
TKT102666,12276,2024-09-25 00:00:00,Payment,High,In Progress,,,,AGT001
TKT102667,10310,2024-09-20 00:00:00,Shipping,Low,Resolved,2024-09-23 23:00:00,95,,AGT004
TKT102668,14933,2024-04-06 00:00:00,Product Query,Medium,In Progress,,,,AGT006
TKT102669,13619,2024-09-15 00:00:00,Returns,High,Resolved,2024-09-15 20:00:00,20,,AGT012
TKT102670,11410,2024-03-21 00:00:00,Order Issue,Low,Closed,2024-03-24 20:00:00,92,4,AGT017
TKT102671,15733,2024-05-25 00:00:00,Returns,Medium,Closed,2024-05-25 19:00:00,19,1,AGT005
TKT102672,11014,2024-05-07 00:00:00,Order Issue,High,In Progress,,,,AGT019
TKT102673,15538,2024-09-04 00:00:00,Returns,Medium,Closed,2024-09-06 06:00:00,54,4,AGT015
TKT102674,12107,2024-07-30 00:00:00,Payment,Medium,Open,,,,AGT010
TKT102675,13765,2024-10-07 00:00:00,Returns,Medium,Closed,2024-10-08 01:00:00,25,5,AGT010
TKT102676,13966,2024-07-01 00:00:00,Product Query,Low,In Progress,,,,AGT018
TKT102677,14069,2024-10-22 00:00:00,Payment,Medium,Resolved,2024-10-22 18:00:00,18,,AGT020
TKT102678,11115,2024-03-23 00:00:00,Product Query,Urgent,In Progress,,,,AGT013
TKT102679,17636,2024-07-05 00:00:00,Shipping,High,Closed,2024-07-05 16:00:00,16,4,AGT007
TKT102680,17292,2024-07-12 00:00:00,Product Query,Medium,Open,,,,AGT002
TKT102681,13174,2024-09-28 00:00:00,Technical,Medium,In Progress,,,,AGT005
TKT102682,18290,2024-10-21 00:00:00,Shipping,Medium,Open,,,,AGT001
TKT102683,14471,2024-08-30 00:00:00,Order Issue,Medium,Closed,2024-08-31 07:00:00,31,4,AGT004
TKT102684,11121,2024-01-31 00:00:00,Other,Medium,Closed,2024-01-31 17:00:00,17,5,AGT004
TKT102685,19746,2024-06-11 00:00:00,Returns,Medium,Resolved,2024-06-12 02:00:00,26,,AGT001
TKT102686,12873,2024-03-03 00:00:00,Returns,Medium,Open,,,,AGT009
TKT102687,11692,2024-04-03 00:00:00,Shipping,Medium,Resolved,2024-04-04 10:00:00,34,,AGT008
TKT102688,19248,2024-07-04 00:00:00,Returns,Low,Closed,2024-07-07 20:00:00,92,2,AGT011
TKT102689,11564,2024-03-18 00:00:00,Product Query,Low,Resolved,2024-03-21 00:00:00,72,,AGT006
TKT102690,16342,2024-01-10 00:00:00,Shipping,Medium,Resolved,2024-01-11 20:00:00,44,,AGT016
TKT102691,12999,2024-08-07 00:00:00,Product Query,Medium,Closed,2024-08-09 07:00:00,55,2,AGT012
TKT102692,16881,2024-01-25 00:00:00,Returns,Low,Resolved,2024-01-28 05:00:00,77,,AGT001
TKT102693,10363,2024-04-22 00:00:00,Product Query,Medium,Closed,2024-04-23 06:00:00,30,5,AGT015
TKT102694,12846,2024-07-11 00:00:00,Product Query,Medium,In Progress,,,,AGT009
TKT102695,15645,2024-02-06 00:00:00,Order Issue,Medium,In Progress,,,,AGT009
TKT102696,19982,2024-08-20 00:00:00,Technical,Medium,Resolved,2024-08-20 13:00:00,13,,AGT014
TKT102697,15843,2024-08-24 00:00:00,Payment,Medium,Closed,2024-08-25 00:00:00,24,5,AGT018
TKT102698,15941,2024-07-13 00:00:00,Order Issue,Low,Open,,,,AGT001
TKT102699,15093,2024-10-04 00:00:00,Returns,Medium,Closed,2024-10-06 04:00:00,52,2,AGT002
TKT102700,17348,2024-06-28 00:00:00,Order Issue,Medium,In Progress,,,,AGT013
TKT102701,19333,2024-02-29 00:00:00,Shipping,Low,Open,,,,AGT003
TKT102702,11852,2024-02-08 00:00:00,Product Query,High,In Progress,,,,AGT012
TKT102703,17156,2024-03-15 00:00:00,Product Query,Medium,Resolved,2024-03-17 02:00:00,50,,AGT016
TKT102704,16300,2024-10-14 00:00:00,Payment,Medium,In Progress,,,,AGT015
TKT102705,19223,2024-04-06 00:00:00,Product Query,Low,Closed,2024-04-11 19:00:00,139,4,AGT007
TKT102706,15475,2024-09-17 00:00:00,Returns,Low,Closed,2024-09-19 00:00:00,48,4,AGT018
TKT102707,18034,2024-03-03 00:00:00,Shipping,Low,Closed,2024-03-06 20:00:00,92,4,AGT006
TKT102708,19893,2024-05-17 00:00:00,Technical,Medium,Closed,2024-05-18 08:00:00,32,2,AGT008
TKT102709,12854,2024-07-13 00:00:00,Other,Medium,In Progress,,,,AGT006
TKT102710,11187,2024-07-01 00:00:00,Order Issue,Medium,Closed,2024-07-03 00:00:00,48,5,AGT019
TKT102711,18494,2024-09-01 00:00:00,Payment,High,Resolved,2024-09-01 20:00:00,20,,AGT003
TKT102712,11258,2024-10-18 00:00:00,Product Query,Urgent,In Progress,,,,AGT016
TKT102713,13944,2024-05-17 00:00:00,Technical,High,In Progress,,,,AGT010
TKT102714,11613,2024-04-12 00:00:00,Product Query,High,Resolved,2024-04-12 15:00:00,15,,AGT010
TKT102715,19026,2024-01-05 00:00:00,Returns,Medium,Closed,2024-01-07 06:00:00,54,5,AGT012
TKT102716,14028,2024-08-25 00:00:00,Technical,Low,Closed,2024-08-28 11:00:00,83,3,AGT011
TKT102717,13039,2024-01-27 00:00:00,Shipping,Low,Closed,2024-01-31 00:00:00,96,2,AGT018
TKT102718,14808,2024-09-01 00:00:00,Payment,Low,Closed,2024-09-04 12:00:00,84,3,AGT017
TKT102719,13284,2024-07-02 00:00:00,Technical,Low,Closed,2024-07-05 13:00:00,85,1,AGT014
TKT102720,15303,2024-04-04 00:00:00,Shipping,Low,Closed,2024-04-07 13:00:00,85,2,AGT014
TKT102721,12637,2024-07-14 00:00:00,Order Issue,Low,In Progress,,,,AGT013
TKT102722,14339,2024-04-16 00:00:00,Payment,High,Resolved,2024-04-16 15:00:00,15,,AGT018
TKT102723,12511,2024-03-12 00:00:00,Returns,Medium,Open,,,,AGT012
TKT102724,11608,2024-10-21 00:00:00,Product Query,Low,Open,,,,AGT009
TKT102725,12274,2024-08-12 00:00:00,Order Issue,Medium,Closed,2024-08-14 02:00:00,50,1,AGT016
TKT102726,10203,2024-06-10 00:00:00,Other,Medium,Open,,,,AGT020
TKT102727,10703,2024-07-04 00:00:00,Product Query,Medium,Resolved,2024-07-04 18:00:00,18,,AGT013
TKT102728,15103,2024-06-08 00:00:00,Product Query,Low,Resolved,2024-06-12 17:00:00,113,,AGT015
TKT102729,15264,2024-03-28 00:00:00,Product Query,High,In Progress,,,,AGT012
TKT102730,13463,2024-03-31 00:00:00,Other,High,Resolved,2024-03-31 10:00:00,10,,AGT018
TKT102731,16342,2024-05-03 00:00:00,Order Issue,Medium,Closed,2024-05-05 10:00:00,58,3,AGT016
TKT102732,15036,2024-06-24 00:00:00,Product Query,Low,Closed,2024-06-25 05:00:00,29,2,AGT009
TKT102733,10595,2024-02-19 00:00:00,Product Query,High,Resolved,2024-02-19 10:00:00,10,,AGT008
TKT102734,10053,2024-03-21 00:00:00,Payment,Medium,Closed,2024-03-23 03:00:00,51,4,AGT006
TKT102735,12301,2024-06-23 00:00:00,Technical,Medium,Resolved,2024-06-25 00:00:00,48,,AGT001
TKT102736,13577,2024-02-18 00:00:00,Shipping,Low,Resolved,2024-02-22 18:00:00,114,,AGT005
TKT102737,13644,2024-09-11 00:00:00,Order Issue,Low,Resolved,2024-09-14 12:00:00,84,,AGT017
TKT102738,15222,2024-03-22 00:00:00,Payment,Low,Closed,2024-03-24 00:00:00,48,5,AGT007
TKT102739,11821,2024-07-09 00:00:00,Product Query,Medium,Resolved,2024-07-10 05:00:00,29,,AGT010
TKT102740,10082,2024-04-09 00:00:00,Shipping,High,Resolved,2024-04-09 14:00:00,14,,AGT005
TKT102741,15925,2024-01-18 00:00:00,Shipping,Medium,In Progress,,,,AGT012
TKT102742,10551,2024-08-09 00:00:00,Order Issue,Low,In Progress,,,,AGT019
TKT102743,14911,2024-03-29 00:00:00,Order Issue,Low,Resolved,2024-04-01 17:00:00,89,,AGT002
TKT102744,19379,2024-03-29 00:00:00,Order Issue,Medium,Open,,,,AGT005
TKT102745,19223,2024-07-03 00:00:00,Technical,Medium,In Progress,,,,AGT002
TKT102746,17408,2024-01-17 00:00:00,Order Issue,High,Resolved,2024-01-17 12:00:00,12,,AGT019
TKT102747,11970,2024-02-19 00:00:00,Technical,Medium,In Progress,,,,AGT019
TKT102748,15541,2024-08-22 00:00:00,Payment,Medium,Resolved,2024-08-24 22:00:00,70,,AGT009
TKT102749,12185,2024-07-31 00:00:00,Product Query,High,Open,,,,AGT012
TKT102750,13359,2024-07-27 00:00:00,Returns,High,Resolved,2024-07-27 15:00:00,15,,AGT018
TKT102751,12051,2024-09-06 00:00:00,Product Query,Low,Resolved,2024-09-10 00:00:00,96,,AGT017
TKT102752,11016,2024-03-13 00:00:00,Product Query,Medium,Open,,,,AGT018
TKT102753,15284,2024-07-19 00:00:00,Product Query,High,Resolved,2024-07-19 19:00:00,19,,AGT001
TKT102754,12264,2024-10-19 00:00:00,Technical,Low,Closed,2024-10-22 16:00:00,88,2,AGT007
TKT102755,14923,2024-09-06 00:00:00,Product Query,Medium,Resolved,2024-09-07 07:00:00,31,,AGT012
TKT102756,10429,2024-08-02 00:00:00,Order Issue,Medium,Closed,2024-08-04 06:00:00,54,3,AGT008
TKT102757,17787,2024-06-07 00:00:00,Order Issue,Low,In Progress,,,,AGT020
TKT102758,10990,2024-03-06 00:00:00,Technical,Medium,Resolved,2024-03-07 03:00:00,27,,AGT020
TKT102759,19905,2024-03-14 00:00:00,Order Issue,Medium,Open,,,,AGT004
TKT102760,12304,2024-03-19 00:00:00,Technical,Low,Resolved,2024-03-23 00:00:00,96,,AGT020
TKT102761,16207,2024-07-23 00:00:00,Returns,High,Resolved,2024-07-23 07:00:00,7,,AGT017
TKT102762,19105,2024-01-17 00:00:00,Product Query,Medium,Closed,2024-01-18 08:00:00,32,2,AGT004
TKT102763,12854,2024-01-26 00:00:00,Order Issue,High,Resolved,2024-01-26 06:00:00,6,,AGT009
TKT102764,14340,2024-01-22 00:00:00,Shipping,Medium,Resolved,2024-01-23 03:00:00,27,,AGT005
TKT102765,10217,2024-10-12 00:00:00,Product Query,Medium,In Progress,,,,AGT011
TKT102766,12732,2024-07-30 00:00:00,Shipping,Medium,Resolved,2024-08-01 04:00:00,52,,AGT001
TKT102767,17231,2024-09-17 00:00:00,Shipping,Low,Closed,2024-09-18 04:00:00,28,1,AGT018
TKT102768,14887,2024-07-11 00:00:00,Product Query,Medium,Resolved,2024-07-11 16:00:00,16,,AGT005
TKT102769,17142,2024-10-24 00:00:00,Returns,Medium,Closed,2024-10-26 04:00:00,52,4,AGT003
TKT102770,13036,2024-05-10 00:00:00,Returns,Medium,Closed,2024-05-12 08:00:00,56,1,AGT011
TKT102771,12631,2024-01-22 00:00:00,Order Issue,High,Open,,,,AGT004
TKT102772,16308,2024-01-08 00:00:00,Returns,Medium,Closed,2024-01-10 03:00:00,51,4,AGT002
TKT102773,11082,2024-04-13 00:00:00,Returns,High,In Progress,,,,AGT009
TKT102774,13465,2024-10-08 00:00:00,Product Query,Medium,In Progress,,,,AGT018
TKT102775,19229,2024-02-19 00:00:00,Technical,High,Closed,2024-02-19 06:00:00,6,3,AGT005
TKT102776,11756,2024-03-23 00:00:00,Shipping,Medium,Closed,2024-03-25 04:00:00,52,3,AGT020
TKT102777,15457,2024-09-17 00:00:00,Order Issue,Medium,Resolved,2024-09-19 08:00:00,56,,AGT014
TKT102778,14689,2024-07-03 00:00:00,Order Issue,Urgent,Closed,2024-07-03 04:00:00,4,4,AGT019
TKT102779,13594,2024-04-20 00:00:00,Technical,Medium,Open,,,,AGT008
TKT102780,17709,2024-08-10 00:00:00,Product Query,Low,Resolved,2024-08-15 09:00:00,129,,AGT013
TKT102781,19853,2024-07-06 00:00:00,Product Query,Medium,In Progress,,,,AGT011
TKT102782,15281,2024-08-20 00:00:00,Product Query,High,In Progress,,,,AGT002
TKT102783,17251,2024-08-18 00:00:00,Returns,Low,Closed,2024-08-23 04:00:00,124,3,AGT018
TKT102784,13149,2024-03-18 00:00:00,Order Issue,Low,Closed,2024-03-23 15:00:00,135,2,AGT010
TKT102785,19126,2024-01-28 00:00:00,Product Query,Low,In Progress,,,,AGT001
TKT102786,19982,2024-09-25 00:00:00,Product Query,Medium,Resolved,2024-09-27 13:00:00,61,,AGT007
TKT102787,17343,2024-09-05 00:00:00,Order Issue,Low,Closed,2024-09-10 17:00:00,137,2,AGT019
TKT102788,10080,2024-09-12 00:00:00,Other,Medium,Closed,2024-09-13 14:00:00,38,1,AGT019
TKT102789,11946,2024-10-14 00:00:00,Product Query,Medium,Closed,2024-10-16 12:00:00,60,3,AGT002
TKT102790,16347,2024-03-16 00:00:00,Payment,Medium,Closed,2024-03-16 19:00:00,19,3,AGT010
TKT102791,17827,2024-10-10 00:00:00,Order Issue,Low,Closed,2024-10-15 09:00:00,129,1,AGT019
TKT102792,10777,2024-03-29 00:00:00,Other,Low,Closed,2024-03-31 10:00:00,58,5,AGT015
TKT102793,16173,2024-04-27 00:00:00,Other,Low,Resolved,2024-04-30 00:00:00,72,,AGT019
TKT102794,10339,2024-09-01 00:00:00,Product Query,Low,Resolved,2024-09-05 08:00:00,104,,AGT001
TKT102795,17980,2024-06-26 00:00:00,Shipping,High,Resolved,2024-06-26 23:00:00,23,,AGT001
TKT102796,11057,2024-08-30 00:00:00,Order Issue,Medium,Resolved,2024-08-31 20:00:00,44,,AGT017
TKT102797,12395,2024-03-10 00:00:00,Returns,Medium,Closed,2024-03-12 16:00:00,64,4,AGT013
TKT102798,15885,2024-07-29 00:00:00,Payment,Medium,Closed,2024-07-31 10:00:00,58,2,AGT016
TKT102799,11458,2024-05-19 00:00:00,Order Issue,High,Closed,2024-05-19 14:00:00,14,1,AGT010
TKT102800,13374,2024-02-15 00:00:00,Shipping,Low,Closed,2024-02-19 16:00:00,112,3,AGT008
TKT102801,14878,2024-07-07 00:00:00,Order Issue,Low,In Progress,,,,AGT016
TKT102802,10742,2024-05-24 00:00:00,Technical,Medium,Closed,2024-05-25 20:00:00,44,4,AGT004
TKT102803,16675,2024-03-07 00:00:00,Other,High,Closed,2024-03-07 17:00:00,17,2,AGT001
TKT102804,16532,2024-07-08 00:00:00,Product Query,Low,Closed,2024-07-13 12:00:00,132,3,AGT009
TKT102805,10345,2024-02-29 00:00:00,Product Query,Medium,Closed,2024-03-02 09:00:00,57,1,AGT018
TKT102806,10817,2024-03-03 00:00:00,Shipping,Medium,Closed,2024-03-05 13:00:00,61,5,AGT002
TKT102807,15435,2024-10-07 00:00:00,Shipping,Medium,Open,,,,AGT011
TKT102808,14033,2024-03-11 00:00:00,Payment,Medium,Closed,2024-03-12 00:00:00,24,3,AGT017
TKT102809,19627,2024-01-14 00:00:00,Order Issue,Medium,Resolved,2024-01-16 10:00:00,58,,AGT014
TKT102810,14318,2024-05-11 00:00:00,Order Issue,Medium,Resolved,2024-05-13 08:00:00,56,,AGT009
TKT102811,12148,2024-05-23 00:00:00,Returns,Medium,Closed,2024-05-25 21:00:00,69,1,AGT017
TKT102812,15105,2024-03-19 00:00:00,Shipping,High,Resolved,2024-03-19 10:00:00,10,,AGT005
TKT102813,11353,2024-02-22 00:00:00,Other,Medium,In Progress,,,,AGT020
TKT102814,13279,2024-06-23 00:00:00,Shipping,Low,Closed,2024-06-28 02:00:00,122,2,AGT004
TKT102815,15514,2024-08-02 00:00:00,Order Issue,Low,Open,,,,AGT007
TKT102816,11660,2024-01-08 00:00:00,Order Issue,Low,Closed,2024-01-10 07:00:00,55,2,AGT009
TKT102817,15563,2024-06-01 00:00:00,Order Issue,High,Resolved,2024-06-01 07:00:00,7,,AGT015
TKT102818,13615,2024-04-25 00:00:00,Technical,Medium,Closed,2024-04-25 12:00:00,12,5,AGT001
TKT102819,14987,2024-03-20 00:00:00,Order Issue,Medium,Resolved,2024-03-22 12:00:00,60,,AGT009
TKT102820,13957,2024-02-29 00:00:00,Product Query,Medium,Closed,2024-03-01 18:00:00,42,4,AGT011
TKT102821,10595,2024-10-19 00:00:00,Payment,High,Resolved,2024-10-19 16:00:00,16,,AGT016
TKT102822,12051,2024-05-26 00:00:00,Payment,Low,Closed,2024-05-28 17:00:00,65,4,AGT007
TKT102823,11516,2024-04-12 00:00:00,Payment,Medium,Closed,2024-04-13 19:00:00,43,2,AGT019
TKT102824,13656,2024-07-04 00:00:00,Payment,Medium,Resolved,2024-07-04 21:00:00,21,,AGT014
TKT102825,14273,2024-02-11 00:00:00,Returns,Medium,Closed,2024-02-13 19:00:00,67,3,AGT011
TKT102826,13283,2024-02-11 00:00:00,Product Query,High,Resolved,2024-02-11 10:00:00,10,,AGT014
TKT102827,16897,2024-01-06 00:00:00,Product Query,Medium,Open,,,,AGT007
TKT102828,18936,2024-03-15 00:00:00,Order Issue,Urgent,Resolved,2024-03-15 01:00:00,1,,AGT009
TKT102829,16328,2024-02-20 00:00:00,Order Issue,Medium,Resolved,2024-02-21 16:00:00,40,,AGT008
TKT102830,17820,2024-10-30 00:00:00,Returns,Medium,Closed,2024-11-01 19:00:00,67,3,AGT020
TKT102831,12124,2024-09-15 00:00:00,Product Query,Medium,Resolved,2024-09-17 05:00:00,53,,AGT001
TKT102832,17872,2024-01-27 00:00:00,Returns,High,Resolved,2024-01-27 15:00:00,15,,AGT002
TKT102833,15206,2024-06-17 00:00:00,Order Issue,Medium,In Progress,,,,AGT011
TKT102834,13656,2024-06-20 00:00:00,Shipping,Low,Resolved,2024-06-22 13:00:00,61,,AGT017
TKT102835,16885,2024-08-30 00:00:00,Order Issue,Low,Resolved,2024-09-03 08:00:00,104,,AGT016
TKT102836,12140,2024-01-20 00:00:00,Other,Urgent,Resolved,2024-01-20 05:00:00,5,,AGT007
TKT102837,15316,2024-03-03 00:00:00,Product Query,Urgent,Resolved,2024-03-03 05:00:00,5,,AGT010
TKT102838,11639,2024-09-24 00:00:00,Order Issue,Urgent,Closed,2024-09-24 04:00:00,4,1,AGT005
TKT102839,19223,2024-07-02 00:00:00,Payment,High,In Progress,,,,AGT009
TKT102840,13906,2024-08-19 00:00:00,Order Issue,Low,Closed,2024-08-20 23:00:00,47,4,AGT002
TKT102841,16174,2024-02-18 00:00:00,Product Query,High,Resolved,2024-02-18 19:00:00,19,,AGT002
TKT102842,13474,2024-10-30 00:00:00,Payment,High,Resolved,2024-10-30 06:00:00,6,,AGT001
TKT102843,10532,2024-05-07 00:00:00,Returns,High,Closed,2024-05-07 06:00:00,6,3,AGT009
TKT102844,14727,2024-04-26 00:00:00,Returns,Medium,Closed,2024-04-28 03:00:00,51,1,AGT011
TKT102845,14586,2024-06-20 00:00:00,Order Issue,High,Resolved,2024-06-20 18:00:00,18,,AGT004
TKT102846,18075,2024-04-03 00:00:00,Technical,Medium,In Progress,,,,AGT016
TKT102847,16550,2024-02-07 00:00:00,Shipping,Medium,Resolved,2024-02-08 06:00:00,30,,AGT016
TKT102848,14194,2024-03-19 00:00:00,Returns,Medium,Open,,,,AGT011
TKT102849,19375,2024-06-09 00:00:00,Other,Medium,Resolved,2024-06-10 20:00:00,44,,AGT014
TKT102850,10836,2024-10-03 00:00:00,Payment,Medium,Open,,,,AGT019
TKT102851,14277,2024-07-11 00:00:00,Order Issue,Medium,Resolved,2024-07-12 16:00:00,40,,AGT004
TKT102852,18605,2024-08-04 00:00:00,Returns,Low,Closed,2024-08-06 21:00:00,69,2,AGT001
TKT102853,19644,2024-09-22 00:00:00,Product Query,Low,Closed,2024-09-24 04:00:00,52,2,AGT017
TKT102854,17473,2024-01-18 00:00:00,Returns,Medium,Open,,,,AGT013
TKT102855,18088,2024-02-20 00:00:00,Shipping,Medium,Closed,2024-02-21 23:00:00,47,5,AGT015
TKT102856,19169,2024-09-29 00:00:00,Payment,Medium,Resolved,2024-09-30 21:00:00,45,,AGT014
TKT102857,11811,2024-07-29 00:00:00,Returns,Medium,In Progress,,,,AGT001
TKT102858,11122,2024-04-28 00:00:00,Payment,Urgent,Resolved,2024-04-28 05:00:00,5,,AGT020
TKT102859,12651,2024-06-21 00:00:00,Order Issue,High,Closed,2024-06-21 22:00:00,22,5,AGT020
TKT102860,14922,2024-02-07 00:00:00,Other,High,Resolved,2024-02-07 20:00:00,20,,AGT011
TKT102861,18610,2024-09-04 00:00:00,Shipping,Low,Closed,2024-09-08 16:00:00,112,2,AGT012
TKT102862,10310,2024-02-02 00:00:00,Order Issue,Medium,Resolved,2024-02-03 12:00:00,36,,AGT020
TKT102863,18653,2024-08-10 00:00:00,Returns,Medium,Open,,,,AGT020
TKT102864,13126,2024-04-06 00:00:00,Shipping,Low,Closed,2024-04-10 02:00:00,98,3,AGT016
TKT102865,11438,2024-02-28 00:00:00,Product Query,Medium,Resolved,2024-02-29 23:00:00,47,,AGT005
TKT102866,13703,2024-06-14 00:00:00,Technical,Medium,In Progress,,,,AGT010
TKT102867,12358,2024-02-10 00:00:00,Other,Low,In Progress,,,,AGT016
TKT102868,10595,2024-04-26 00:00:00,Other,Low,Resolved,2024-04-29 00:00:00,72,,AGT008
TKT102869,12945,2024-08-18 00:00:00,Payment,Urgent,Resolved,2024-08-18 01:00:00,1,,AGT004
TKT102870,13753,2024-10-02 00:00:00,Payment,Low,Closed,2024-10-07 13:00:00,133,4,AGT013
TKT102871,17574,2024-01-31 00:00:00,Technical,Low,Closed,2024-02-05 19:00:00,139,5,AGT020
TKT102872,18447,2024-03-04 00:00:00,Returns,Medium,Closed,2024-03-04 14:00:00,14,3,AGT012
TKT102873,16613,2024-10-30 00:00:00,Payment,Medium,Resolved,2024-10-31 12:00:00,36,,AGT006
TKT102874,15688,2024-06-05 00:00:00,Product Query,Low,Closed,2024-06-08 17:00:00,89,5,AGT007
TKT102875,18949,2024-06-27 00:00:00,Shipping,High,Closed,2024-06-27 10:00:00,10,1,AGT020
TKT102876,11089,2024-10-17 00:00:00,Product Query,Medium,Closed,2024-10-19 03:00:00,51,5,AGT003
TKT102877,19513,2024-04-25 00:00:00,Order Issue,Medium,Closed,2024-04-27 01:00:00,49,1,AGT017
TKT102878,17856,2024-07-19 00:00:00,Shipping,High,Resolved,2024-07-19 17:00:00,17,,AGT017
TKT102879,14333,2024-03-03 00:00:00,Returns,High,Closed,2024-03-03 04:00:00,4,3,AGT004
TKT102880,13849,2024-02-22 00:00:00,Returns,Low,Resolved,2024-02-23 15:00:00,39,,AGT006
TKT102881,16026,2024-03-30 00:00:00,Product Query,Medium,Resolved,2024-03-31 04:00:00,28,,AGT013
TKT102882,14666,2024-02-19 00:00:00,Order Issue,Medium,Closed,2024-02-21 00:00:00,48,4,AGT001
TKT102883,12030,2024-06-16 00:00:00,Shipping,Medium,Closed,2024-06-16 23:00:00,23,1,AGT015
TKT102884,11702,2024-04-07 00:00:00,Returns,Medium,Closed,2024-04-09 12:00:00,60,5,AGT010
TKT102885,19751,2024-10-27 00:00:00,Payment,Low,Resolved,2024-10-28 13:00:00,37,,AGT019
TKT102886,17995,2024-09-09 00:00:00,Order Issue,Medium,Resolved,2024-09-11 03:00:00,51,,AGT002
TKT102887,11749,2024-01-23 00:00:00,Product Query,Urgent,In Progress,,,,AGT016
TKT102888,19178,2024-09-09 00:00:00,Technical,High,Closed,2024-09-09 10:00:00,10,3,AGT004
TKT102889,10817,2024-03-18 00:00:00,Returns,Urgent,Open,,,,AGT013
TKT102890,17142,2024-10-25 00:00:00,Product Query,Low,In Progress,,,,AGT004
TKT102891,14683,2024-09-04 00:00:00,Payment,Low,Resolved,2024-09-09 11:00:00,131,,AGT001
TKT102892,13184,2024-01-22 00:00:00,Payment,High,Resolved,2024-01-22 16:00:00,16,,AGT007
TKT102893,19143,2024-02-29 00:00:00,Shipping,Medium,Closed,2024-02-29 22:00:00,22,3,AGT011
TKT102894,19513,2024-03-29 00:00:00,Payment,High,Closed,2024-03-29 15:00:00,15,1,AGT008
TKT102895,11495,2024-08-23 00:00:00,Technical,Medium,In Progress,,,,AGT005
TKT102896,10118,2024-07-23 00:00:00,Order Issue,High,Closed,2024-07-23 08:00:00,8,2,AGT008
TKT102897,14411,2024-02-07 00:00:00,Order Issue,Low,Closed,2024-02-11 19:00:00,115,5,AGT020
TKT102898,11187,2024-05-31 00:00:00,Returns,Low,Open,,,,AGT011
TKT102899,14206,2024-08-11 00:00:00,Other,Low,Closed,2024-08-12 11:00:00,35,5,AGT018
TKT102900,14612,2024-06-12 00:00:00,Product Query,High,Closed,2024-06-12 07:00:00,7,3,AGT015
TKT102901,19183,2024-08-31 00:00:00,Returns,High,Resolved,2024-08-31 21:00:00,21,,AGT019
TKT102902,12078,2024-05-10 00:00:00,Payment,Low,Resolved,2024-05-11 05:00:00,29,,AGT012
TKT102903,15218,2024-01-12 00:00:00,Shipping,High,Closed,2024-01-12 08:00:00,8,2,AGT001
TKT102904,15142,2024-01-19 00:00:00,Order Issue,Low,Open,,,,AGT007
TKT102905,18113,2024-07-19 00:00:00,Product Query,Medium,Open,,,,AGT012
TKT102906,13580,2024-06-03 00:00:00,Other,Medium,Open,,,,AGT001
TKT102907,16038,2024-07-22 00:00:00,Payment,High,Resolved,2024-07-22 10:00:00,10,,AGT007
TKT102908,10774,2024-02-24 00:00:00,Shipping,High,In Progress,,,,AGT006
TKT102909,12732,2024-10-14 00:00:00,Product Query,Low,Open,,,,AGT014
TKT102910,12697,2024-09-29 00:00:00,Shipping,Low,Resolved,2024-09-30 11:00:00,35,,AGT015
TKT102911,11002,2024-09-25 00:00:00,Returns,Medium,Closed,2024-09-26 14:00:00,38,1,AGT012
TKT102912,16015,2024-04-06 00:00:00,Returns,Urgent,Closed,2024-04-06 04:00:00,4,2,AGT014
TKT102913,19953,2024-01-17 00:00:00,Returns,Low,Resolved,2024-01-21 17:00:00,113,,AGT010
TKT102914,14657,2024-08-29 00:00:00,Payment,Urgent,Resolved,2024-08-29 05:00:00,5,,AGT011
TKT102915,10686,2024-10-03 00:00:00,Other,Low,In Progress,,,,AGT019
TKT102916,12977,2024-01-19 00:00:00,Other,Medium,Closed,2024-01-20 05:00:00,29,4,AGT006
TKT102917,10856,2024-03-23 00:00:00,Other,Low,Resolved,2024-03-27 23:00:00,119,,AGT005
TKT102918,17832,2024-01-31 00:00:00,Order Issue,High,In Progress,,,,AGT008
TKT102919,19133,2024-03-27 00:00:00,Order Issue,High,Closed,2024-03-27 15:00:00,15,3,AGT012
TKT102920,15618,2024-03-04 00:00:00,Shipping,Low,Closed,2024-03-09 12:00:00,132,4,AGT008
TKT102921,18181,2024-07-28 00:00:00,Product Query,Medium,In Progress,,,,AGT018
TKT102922,16693,2024-04-16 00:00:00,Technical,Medium,Closed,2024-04-18 07:00:00,55,1,AGT008
TKT102923,17749,2024-04-26 00:00:00,Product Query,High,Resolved,2024-04-26 22:00:00,22,,AGT016
TKT102924,13190,2024-09-01 00:00:00,Product Query,Urgent,Resolved,2024-09-01 03:00:00,3,,AGT016
TKT102925,12944,2024-03-30 00:00:00,Product Query,Medium,Closed,2024-03-30 13:00:00,13,1,AGT018
TKT102926,18420,2024-03-06 00:00:00,Returns,Medium,Resolved,2024-03-08 07:00:00,55,,AGT013
TKT102927,18124,2024-04-10 00:00:00,Returns,Medium,Closed,2024-04-10 18:00:00,18,3,AGT002
TKT102928,16872,2024-03-29 00:00:00,Payment,Medium,Closed,2024-03-29 16:00:00,16,4,AGT001
TKT102929,17115,2024-04-17 00:00:00,Order Issue,Medium,Closed,2024-04-18 06:00:00,30,1,AGT007
TKT102930,14308,2024-05-30 00:00:00,Payment,Urgent,Resolved,2024-05-30 05:00:00,5,,AGT006
TKT102931,14370,2024-09-04 00:00:00,Payment,High,Resolved,2024-09-04 12:00:00,12,,AGT020
TKT102932,15019,2024-09-12 00:00:00,Product Query,Low,In Progress,,,,AGT020
TKT102933,18430,2024-10-24 00:00:00,Order Issue,Low,In Progress,,,,AGT020
TKT102934,19982,2024-01-16 00:00:00,Order Issue,Medium,Resolved,2024-01-18 08:00:00,56,,AGT017
TKT102935,19905,2024-04-30 00:00:00,Returns,High,Open,,,,AGT014
TKT102936,11857,2024-07-14 00:00:00,Order Issue,Medium,Closed,2024-07-16 20:00:00,68,3,AGT005
TKT102937,12600,2024-09-02 00:00:00,Order Issue,Low,Open,,,,AGT017
TKT102938,18008,2024-04-30 00:00:00,Returns,Medium,Resolved,2024-05-02 01:00:00,49,,AGT006
TKT102939,10151,2024-05-11 00:00:00,Technical,Medium,Closed,2024-05-13 02:00:00,50,2,AGT004
TKT102940,17148,2024-08-07 00:00:00,Product Query,High,Closed,2024-08-07 11:00:00,11,4,AGT016
TKT102941,15099,2024-09-23 00:00:00,Order Issue,Low,Closed,2024-09-28 13:00:00,133,5,AGT010
TKT102942,13592,2024-05-04 00:00:00,Returns,Medium,Closed,2024-05-06 19:00:00,67,3,AGT014
TKT102943,15647,2024-07-18 00:00:00,Returns,Low,Open,,,,AGT018
TKT102944,18029,2024-07-02 00:00:00,Payment,Urgent,Closed,2024-07-02 01:00:00,1,4,AGT001
TKT102945,12786,2024-10-21 00:00:00,Payment,Low,Closed,2024-10-23 12:00:00,60,3,AGT008
TKT102946,13149,2024-04-25 00:00:00,Payment,Medium,Closed,2024-04-25 23:00:00,23,1,AGT019
TKT102947,13166,2024-10-24 00:00:00,Payment,Low,Resolved,2024-10-29 00:00:00,120,,AGT012
TKT102948,10968,2024-01-18 00:00:00,Order Issue,High,Resolved,2024-01-18 07:00:00,7,,AGT013
TKT102949,16082,2024-02-21 00:00:00,Order Issue,Medium,Resolved,2024-02-21 13:00:00,13,,AGT005
TKT102950,11365,2024-08-04 00:00:00,Technical,Low,In Progress,,,,AGT008
TKT102951,12279,2024-07-28 00:00:00,Shipping,Low,Closed,2024-07-30 11:00:00,59,5,AGT018
TKT102952,13532,2024-03-07 00:00:00,Product Query,High,Closed,2024-03-07 09:00:00,9,5,AGT013
TKT102953,10836,2024-08-27 00:00:00,Product Query,Medium,Resolved,2024-08-28 09:00:00,33,,AGT013
TKT102954,12148,2024-01-04 00:00:00,Technical,High,Closed,2024-01-04 09:00:00,9,3,AGT007
TKT102955,10483,2024-07-15 00:00:00,Technical,High,Closed,2024-07-15 12:00:00,12,1,AGT004
TKT102956,16154,2024-04-26 00:00:00,Returns,Medium,Closed,2024-04-28 20:00:00,68,5,AGT001
TKT102957,10532,2024-09-14 00:00:00,Shipping,Low,Resolved,2024-09-18 20:00:00,116,,AGT010
TKT102958,16320,2024-02-19 00:00:00,Product Query,Low,Resolved,2024-02-20 04:00:00,28,,AGT012
TKT102959,14612,2024-04-08 00:00:00,Product Query,Low,Resolved,2024-04-11 12:00:00,84,,AGT010
TKT102960,17148,2024-05-11 00:00:00,Other,Low,In Progress,,,,AGT017
TKT102961,16380,2024-04-08 00:00:00,Payment,Low,Closed,2024-04-13 11:00:00,131,1,AGT018
TKT102962,12522,2024-10-02 00:00:00,Payment,High,In Progress,,,,AGT001
TKT102963,15647,2024-03-07 00:00:00,Shipping,Medium,Resolved,2024-03-08 15:00:00,39,,AGT019
TKT102964,15783,2024-02-26 00:00:00,Product Query,Low,Resolved,2024-03-01 13:00:00,109,,AGT020
TKT102965,19118,2024-04-23 00:00:00,Product Query,Medium,Resolved,2024-04-25 14:00:00,62,,AGT014
TKT102966,17593,2024-05-28 00:00:00,Order Issue,High,Resolved,2024-05-28 05:00:00,5,,AGT017
TKT102967,14031,2024-05-06 00:00:00,Returns,Medium,In Progress,,,,AGT011
TKT102968,16924,2024-04-03 00:00:00,Product Query,Low,Closed,2024-04-05 09:00:00,57,3,AGT003
TKT102969,16342,2024-04-21 00:00:00,Shipping,Medium,In Progress,,,,AGT012
TKT102970,11736,2024-04-13 00:00:00,Shipping,Urgent,In Progress,,,,AGT009
TKT102971,18730,2024-03-14 00:00:00,Order Issue,High,Resolved,2024-03-14 17:00:00,17,,AGT001
TKT102972,10012,2024-01-30 00:00:00,Payment,Medium,Closed,2024-02-01 12:00:00,60,4,AGT001
TKT102973,19011,2024-07-19 00:00:00,Payment,High,Closed,2024-07-19 20:00:00,20,3,AGT004
TKT102974,10485,2024-07-10 00:00:00,Order Issue,Medium,Resolved,2024-07-11 15:00:00,39,,AGT002
TKT102975,17829,2024-05-27 00:00:00,Payment,High,Resolved,2024-05-27 18:00:00,18,,AGT017
TKT102976,18365,2024-05-08 00:00:00,Order Issue,Medium,In Progress,,,,AGT017
TKT102977,14773,2024-04-17 00:00:00,Order Issue,Urgent,In Progress,,,,AGT018
TKT102978,11275,2024-04-23 00:00:00,Payment,High,Resolved,2024-04-23 22:00:00,22,,AGT012
TKT102979,18595,2024-10-06 00:00:00,Payment,Medium,Closed,2024-10-07 03:00:00,27,3,AGT009
TKT102980,16805,2024-01-15 00:00:00,Order Issue,Low,Resolved,2024-01-18 09:00:00,81,,AGT008
TKT102981,10990,2024-07-04 00:00:00,Returns,Low,Resolved,2024-07-09 20:00:00,140,,AGT005
TKT102982,14376,2024-06-18 00:00:00,Order Issue,Medium,Closed,2024-06-20 06:00:00,54,5,AGT006
TKT102983,15264,2024-01-15 00:00:00,Order Issue,Medium,Closed,2024-01-16 13:00:00,37,4,AGT010
TKT102984,19143,2024-02-15 00:00:00,Shipping,Low,Resolved,2024-02-19 15:00:00,111,,AGT018
TKT102985,16436,2024-03-06 00:00:00,Other,Medium,Resolved,2024-03-08 13:00:00,61,,AGT004
TKT102986,15700,2024-03-05 00:00:00,Product Query,Low,Closed,2024-03-08 21:00:00,93,2,AGT009
TKT102987,12343,2024-02-11 00:00:00,Payment,Medium,Closed,2024-02-12 18:00:00,42,2,AGT008
TKT102988,18699,2024-03-25 00:00:00,Order Issue,High,Closed,2024-03-25 20:00:00,20,5,AGT017
TKT102989,15206,2024-10-03 00:00:00,Payment,Medium,Closed,2024-10-04 10:00:00,34,4,AGT012
TKT102990,11146,2024-04-26 00:00:00,Shipping,Medium,Closed,2024-04-28 15:00:00,63,2,AGT009
TKT102991,16395,2024-10-18 00:00:00,Shipping,Medium,Open,,,,AGT014
TKT102992,15062,2024-07-12 00:00:00,Shipping,Medium,Closed,2024-07-14 09:00:00,57,2,AGT013
TKT102993,10204,2024-08-27 00:00:00,Shipping,Low,Resolved,2024-08-31 18:00:00,114,,AGT008
TKT102994,19434,2024-05-19 00:00:00,Shipping,Medium,Resolved,2024-05-21 01:00:00,49,,AGT016
TKT102995,15473,2024-09-03 00:00:00,Order Issue,Medium,Closed,2024-09-05 12:00:00,60,5,AGT006
TKT102996,19365,2024-07-19 00:00:00,Product Query,Medium,Closed,2024-07-21 15:00:00,63,4,AGT001
TKT102997,13656,2024-09-18 00:00:00,Product Query,Low,In Progress,,,,AGT012
TKT102998,12500,2024-07-21 00:00:00,Order Issue,Low,Resolved,2024-07-23 04:00:00,52,,AGT019
TKT102999,12602,2024-03-23 00:00:00,Product Query,Medium,Resolved,2024-03-24 11:00:00,35,,AGT009
