order_id,customer_id,order_date,order_time,status,payment_method,subtotal,shipping,tax,total,items_count,shipping_city,shipping_country
100001,10005,2024-03-04,02:30:00,delivered,Credit Card,1031.82,0,185.73,1217.55,1,Mumbai,India
100002,10005,2024-07-08,13:10:00,processing,UPI,1999.0,0,359.82,2358.82,1,Mumbai,India
100003,10005,2024-04-01,15:04:00,delivered,Debit Card,999.0,0,179.82,1178.82,1,Mumbai,India
100004,10008,2024-06-17,04:23:00,pending,Credit Card,998.0,149,179.64,1326.64,1,Mumbai,Australia
100005,10008,2024-04-17,22:02:00,delivered,Debit Card,11300.72,0,2034.13,13334.85,2,Mumbai,Australia
100006,10008,2024-03-27,17:49:00,delivered,Debit Card,8997.0,0,1619.46,10616.46,2,Mumbai,Australia
100007,10012,2023-08-07,09:46:00,shipped,Debit Card,10797.0,0,1943.46,12740.46,2,Mumbai,India
100008,10016,2024-04-08,13:47:00,delivered,Credit Card,999.0,0,179.82,1178.82,1,Mumbai,India
100009,10016,2024-04-16,14:15:00,delivered,UPI,599.0,149,107.82,855.82,1,Mumbai,India
100010,10016,2024-04-25,00:40:00,delivered,Credit Card,6998.0,0,1259.64,8257.64,1,Mumbai,India
100011,10016,2024-01-14,14:17:00,delivered,UPI,6798.0,0,1223.64,8021.64,2,Mumbai,India
100012,10016,2024-02-18,09:26:00,delivered,Net Banking,799.0,99,143.82,1041.82,1,Mumbai,India
100013,10016,2024-02-29,06:52:00,delivered,Credit Card,49998.0,0,8999.64,58997.64,1,Mumbai,India
100014,10016,2024-04-09,10:27:00,delivered,Credit Card,3499.0,0,629.82,4128.82,1,Mumbai,India
100015,10016,2024-02-18,07:59:00,delivered,Debit Card,1297.68,0,233.58,1531.26,1,Mumbai,India
100016,10016,2024-02-07,00:32:00,delivered,UPI,11881.0,0,2138.58,14019.58,5,Mumbai,India
100017,10016,2024-05-02,14:15:00,delivered,UPI,5239.52,0,943.11,6182.63,2,Mumbai,India
100018,10016,2024-01-17,04:50:00,returned,Credit Card,599.0,99,107.82,805.82,1,Mumbai,India
100019,10016,2024-03-11,07:57:00,delivered,Debit Card,2597.0,0,467.46,3064.46,2,Mumbai,India
100020,10016,2024-06-02,13:19:00,processing,Net Banking,9998.0,0,1799.64,11797.64,1,Mumbai,India
100021,10016,2024-06-18,20:11:00,pending,Credit Card,1421.23,0,255.82,1677.05,2,Mumbai,India
100022,10016,2024-03-25,16:36:00,processing,Debit Card,6698.0,0,1205.64,7903.64,2,Mumbai,India
100023,10016,2024-03-25,03:55:00,delivered,COD,1598.0,0,287.64,1885.64,1,Mumbai,India
100024,10016,2024-01-15,16:43:00,delivered,Credit Card,6526.88,0,1174.84,7701.72,3,Mumbai,India
100025,10016,2024-05-14,05:38:00,delivered,Net Banking,11120.82,0,2001.75,13122.57,2,Mumbai,India
100026,10016,2024-02-23,00:18:00,delivered,Credit Card,799.0,99,143.82,1041.82,1,Mumbai,India
100027,10016,2024-05-02,21:50:00,delivered,Credit Card,12995.0,0,2339.1,15334.1,3,Mumbai,India
100028,10016,2024-05-18,15:47:00,processing,Wallet,684.0,99,123.12,906.12,1,Mumbai,India
100029,10016,2024-06-10,13:13:00,processing,UPI,561.63,149,101.09,811.72,1,Mumbai,India
100030,10016,2024-02-20,08:39:00,delivered,Credit Card,199.0,49,35.82,283.82,1,Mumbai,India
100031,10016,2024-01-10,19:40:00,pending,Wallet,6994.0,0,1258.92,8252.92,4,Mumbai,India
100032,10017,2025-06-15,03:05:00,delivered,Credit Card,901.14,49,162.21,1112.35,1,Mumbai,India
100033,10017,2023-08-10,16:34:00,delivered,Wallet,1299.0,0,233.82,1532.82,1,Mumbai,India
100034,10017,2024-01-23,16:23:00,shipped,Debit Card,17774.34,0,3199.38,20973.72,4,Mumbai,India
100036,10025,2024-02-13,07:18:00,shipped,Debit Card,1598.0,0,287.64,1885.64,2,Mumbai,India
100037,10025,2024-01-15,10:03:00,delivered,Credit Card,594.75,49,107.06,750.81,1,Mumbai,India
100039,10027,2024-06-30,22:28:00,delivered,Debit Card,1198.0,0,215.64,1413.64,1,Mumbai,India
100040,10029,2023-08-07,13:06:00,returned,Wallet,5996.0,0,1079.28,7075.28,2,Mumbai,USA
100041,10030,2023-11-13,04:45:00,delivered,Debit Card,14138.01,0,2544.84,16682.85,4,Mumbai,India
100044,10033,2023-09-18,17:20:00,delivered,Net Banking,13162.29,0,2369.21,15531.5,4,Mumbai,UK
100045,10033,2024-03-14,13:11:00,delivered,Debit Card,8998.0,0,1619.64,10617.64,1,Mumbai,UK
100046,10037,2024-06-29,18:43:00,delivered,Net Banking,181.81,149,32.73,363.54,1,Mumbai,USA
100047,10053,2022-10-02,08:32:00,delivered,UPI,4950.8,0,891.14,5841.94,3,Mumbai,India
100048,10062,2024-10-13,00:17:00,delivered,Debit Card,398.0,99,71.64,568.64,1,Mumbai,India
100049,10062,2024-10-13,01:18:00,delivered,Credit Card,12999.0,0,2339.82,15338.82,1,Mumbai,India
100051,10066,2023-04-22,12:04:00,delivered,Credit Card,12999.0,0,2339.82,15338.82,1,Mumbai,Australia
100052,10069,2024-03-13,13:00:00,delivered,UPI,4272.96,0,769.13,5042.09,2,Mumbai,UK
100053,10069,2024-03-14,17:51:00,delivered,Credit Card,26797.0,0,4823.46,31620.46,2,Mumbai,UK
100054,10069,2024-01-02,02:43:00,returned,Credit Card,7197.0,0,1295.46,8492.46,3,Mumbai,UK
100056,10069,2024-04-04,09:28:00,processing,Debit Card,1998.0,0,359.64,2357.64,1,Mumbai,UK
100057,10069,2024-04-01,08:58:00,delivered,Debit Card,535.53,149,96.4,780.93,1,Mumbai,UK
100058,10069,2024-02-16,16:40:00,shipped,Debit Card,2430.48,0,437.49,2867.97,1,Mumbai,UK
100059,10069,2024-04-01,22:59:00,shipped,Debit Card,7998.0,0,1439.64,9437.64,1,Mumbai,UK
100060,10069,2024-02-16,15:48:00,delivered,Debit Card,1499.0,0,269.82,1768.82,1,Mumbai,UK
100061,10076,2023-11-18,10:17:00,delivered,Credit Card,2596.0,0,467.28,3063.28,3,Mumbai,India
100062,10076,2023-08-25,01:36:00,processing,Credit Card,4381.99,0,788.76,5170.75,2,Mumbai,India
100063,10076,2023-12-07,01:50:00,delivered,Credit Card,1499.0,0,269.82,1768.82,1,Mumbai,India
100064,10076,2023-12-09,06:23:00,delivered,Credit Card,2997.0,0,539.46,3536.46,1,Mumbai,India
100065,10076,2023-07-24,19:53:00,delivered,Credit Card,13239.68,0,2383.14,15622.82,3,Mumbai,India
100066,10076,2023-11-21,06:40:00,cancelled,Credit Card,2559.94,0,460.79,3020.73,2,Mumbai,India
100067,10078,2024-09-25,09:14:00,delivered,Credit Card,176.48,49,31.77,257.25,1,Mumbai,USA
100069,10080,2023-12-19,10:30:00,delivered,UPI,51920.14,0,9345.63,61265.77,3,Mumbai,India
100070,10080,2023-11-06,06:01:00,delivered,UPI,46495.0,0,8369.1,54864.1,3,Mumbai,India
100071,10082,2024-10-06,02:46:00,delivered,Net Banking,49998.0,0,8999.64,58997.64,1,Mumbai,Germany
100072,10089,2024-06-18,23:55:00,delivered,Debit Card,2205.83,0,397.05,2602.88,2,Mumbai,Canada
100073,10101,2024-08-26,22:23:00,pending,Credit Card,7124.43,0,1282.4,8406.83,5,Mumbai,India
100074,10104,2024-09-10,11:48:00,processing,UPI,599.0,99,107.82,805.82,1,Mumbai,USA
100075,10104,2024-08-17,02:10:00,delivered,Credit Card,9998.0,0,1799.64,11797.64,1,Mumbai,USA
100076,10104,2024-08-09,17:44:00,processing,Debit Card,7998.0,0,1439.64,9437.64,1,Mumbai,USA
100077,10104,2024-08-31,22:47:00,delivered,Credit Card,2883.34,0,519.0,3402.34,2,Mumbai,USA
100078,10104,2024-09-09,00:41:00,delivered,Net Banking,2998.0,0,539.64,3537.64,1,Mumbai,USA
100079,10104,2024-08-07,10:35:00,delivered,COD,999.0,0,179.82,1178.82,1,Mumbai,USA
100080,10104,2024-07-24,08:47:00,delivered,UPI,5877.96,0,1058.03,6935.99,2,Mumbai,USA
100081,10104,2024-08-06,00:24:00,delivered,Wallet,7797.0,0,1403.46,9200.46,2,Mumbai,USA
100082,10104,2024-08-26,12:50:00,shipped,Credit Card,15999.0,0,2879.82,18878.82,1,Mumbai,USA
100083,10104,2024-08-10,14:59:00,processing,Debit Card,2499.0,0,449.82,2948.82,1,Mumbai,USA
100084,10104,2024-08-11,23:41:00,delivered,Wallet,1798.0,0,323.64,2121.64,1,Mumbai,USA
100085,10104,2024-08-19,10:23:00,delivered,UPI,599.0,49,107.82,755.82,1,Mumbai,USA
100086,10106,2024-01-02,15:53:00,delivered,Net Banking,6435.74,0,1158.43,7594.17,4,Mumbai,USA
100087,10106,2023-10-07,11:18:00,delivered,Debit Card,17997.0,0,3239.46,21236.46,1,Mumbai,USA
100088,10106,2023-11-18,00:40:00,delivered,Wallet,4134.77,0,744.26,4879.03,2,Mumbai,USA
100090,10106,2024-02-03,04:37:00,delivered,Debit Card,1999.0,0,359.82,2358.82,1,Mumbai,USA
100092,10106,2023-10-04,15:13:00,delivered,Credit Card,2997.0,0,539.46,3536.46,2,Mumbai,USA
100094,10109,2024-01-14,03:45:00,shipped,Credit Card,799.0,149,143.82,1091.82,1,Mumbai,India
100095,10109,2022-05-17,06:40:00,delivered,Debit Card,599.0,149,107.82,855.82,1,Mumbai,India
100096,10109,2022-08-12,13:15:00,delivered,Credit Card,2482.2,0,446.8,2929.0,2,Mumbai,India
100097,10109,2022-08-06,11:07:00,delivered,Credit Card,1499.0,0,269.82,1768.82,1,Mumbai,India
100098,10109,2022-05-05,10:44:00,pending,Credit Card,4369.69,0,786.54,5156.23,1,Mumbai,India
100099,10118,2024-07-26,12:46:00,processing,Credit Card,999.0,0,179.82,1178.82,1,Mumbai,Canada
100100,10119,2024-09-15,01:28:00,delivered,Credit Card,5205.11,0,936.92,6142.03,4,Mumbai,India
100101,10121,2024-07-01,06:31:00,delivered,Wallet,5999.0,0,1079.82,7078.82,1,Mumbai,USA
100102,10121,2024-07-14,11:36:00,delivered,Debit Card,599.0,149,107.82,855.82,1,Mumbai,USA
100103,10121,2024-07-20,15:09:00,delivered,Credit Card,1499.0,0,269.82,1768.82,1,Mumbai,USA
100104,10122,2024-03-26,11:25:00,delivered,UPI,899.0,49,161.82,1109.82,1,Mumbai,UK
100105,10122,2024-01-20,04:50:00,delivered,Net Banking,14498.0,0,2609.64,17107.64,2,Mumbai,UK
100106,10122,2024-03-25,22:24:00,delivered,Wallet,3538.75,0,636.98,4175.73,2,Mumbai,UK
100107,10122,2024-03-13,14:07:00,delivered,Credit Card,50597.0,0,9107.46,59704.46,2,Mumbai,UK
100109,10122,2024-02-25,20:37:00,delivered,Credit Card,1499.0,0,269.82,1768.82,1,Mumbai,UK
100110,10138,2024-03-26,04:59:00,delivered,Debit Card,599.0,149,107.82,855.82,1,Mumbai,India
100112,10151,2023-03-11,16:55:00,delivered,Debit Card,17995.0,0,3239.1,21234.1,4,Mumbai,India
100113,10151,2023-05-23,04:38:00,cancelled,Wallet,799.0,49,143.82,991.82,1,Mumbai,India
100114,10151,2023-03-17,23:59:00,delivered,COD,3997.0,0,719.46,4716.46,2,Mumbai,India
100115,10151,2023-03-31,15:52:00,pending,Wallet,2419.9,0,435.58,2855.48,2,Mumbai,India
100116,10151,2023-07-18,20:23:00,shipped,UPI,7997.0,0,1439.46,9436.46,2,Mumbai,India
100117,,2023-07-10,20:20:00,delivered,Debit Card,1697.0,0,305.46,2002.46,2,Mumbai,India
100119,10151,2023-09-02,05:51:00,shipped,Credit Card,3675.27,0,661.55,4336.82,2,Mumbai,India
100120,10154,2023-05-05,19:21:00,delivered,UPI,530.57,99,95.5,725.07,1,Mumbai,India
100121,10154,2023-03-27,08:58:00,delivered,Debit Card,29602.18,0,5328.39,34930.57,2,Mumbai,India
100122,10154,2023-09-15,11:55:00,delivered,Net Banking,8638.28,0,1554.89,10193.17,3,Mumbai,India
100123,10156,2024-08-03,07:51:00,cancelled,Credit Card,2997.0,0,539.46,3536.46,1,Mumbai,India
100124,10160,2023-02-11,05:09:00,delivered,Credit Card,1798.0,0,323.64,2121.64,1,Mumbai,USA
100125,10174,2022-09-18,11:38:00,delivered,Wallet,9496.0,0,1709.28,11205.28,4,Mumbai,Australia
100126,10174,2022-11-23,13:59:00,delivered,Debit Card,1999.0,0,359.82,2358.82,1,Mumbai,Australia
100127,10174,2022-08-30,22:39:00,delivered,UPI,2997.0,0,539.46,3536.46,1,Mumbai,Australia
100128,10176,2023-08-26,13:41:00,delivered,Credit Card,999.0,0,179.82,1178.82,1,Mumbai,USA
100129,10203,2023-10-16,10:55:00,delivered,Credit Card,5998.0,0,1079.64,7077.64,1,Mumbai,India
100131,10204,2023-06-11,16:11:00,delivered,Credit Card,3369.83,0,606.57,3976.4,2,Mumbai,India
100132,10204,2023-09-24,03:29:00,delivered,Credit Card,2266.67,0,408.0,2674.67,1,Mumbai,India
100133,10205,2024-06-26,23:41:00,processing,Credit Card,5297.0,0,953.46,6250.46,3,Mumbai,USA
100134,10207,2022-07-05,13:22:00,delivered,Wallet,10197.0,0,1835.46,12032.46,2,Mumbai,India
100135,10217,2024-06-23,07:02:00,delivered,Debit Card,3124.5,0,562.41,3686.91,1,Mumbai,Canada
100136,10217,2024-03-06,04:32:00,shipped,Wallet,11057.18,0,1990.29,13047.47,2,Mumbai,Canada
100137,,2023-12-16,11:37:00,delivered,Credit Card,2436.84,0,438.63,2875.47,1,Mumbai,Canada
100138,10217,2024-02-13,18:51:00,processing,Credit Card,799.0,49,143.82,991.82,1,Mumbai,Canada
100139,10219,2023-04-15,04:33:00,delivered,Debit Card,4999.0,0,899.82,5898.82,1,Mumbai,USA
100140,10224,2023-03-08,22:22:00,delivered,Debit Card,1999.0,0,359.82,2358.82,1,Mumbai,USA
100142,10224,2023-08-03,19:25:00,delivered,Net Banking,899.0,149,161.82,1209.82,1,Mumbai,USA
100143,10224,2023-04-09,09:00:00,processing,Net Banking,1999.0,0,359.82,2358.82,1,Mumbai,USA
100144,10231,2023-10-28,03:50:00,processing,Debit Card,299.0,49,53.82,401.82,1,Mumbai,India
100145,10231,2024-01-25,01:15:00,delivered,Debit Card,2499.0,0,449.82,2948.82,1,Mumbai,India
100146,10231,2023-09-18,02:35:00,delivered,Debit Card,19694.0,0,3544.92,23238.92,3,Mumbai,India
100147,10231,2024-01-25,00:30:00,delivered,UPI,11381.18,0,2048.61,13429.79,4,Mumbai,India
100148,10231,2023-09-01,02:30:00,delivered,Debit Card,899.0,149,161.82,1209.82,1,Mumbai,India
100149,10231,2023-10-17,19:05:00,pending,UPI,899.0,149,161.82,1209.82,1,Mumbai,India
100150,10231,2023-10-26,12:23:00,processing,COD,9596.0,0,1727.28,11323.28,3,Mumbai,India
100151,10231,2023-09-02,12:46:00,delivered,Credit Card,30329.94,0,5459.39,35789.33,5,Mumbai,India
100152,10231,2024-04-13,04:12:00,delivered,Debit Card,51215.35,0,9218.76,60434.11,3,Mumbai,India
100153,10231,2023-07-16,02:46:00,delivered,Credit Card,16780.52,0,3020.49,19801.01,3,Mumbai,India
100154,10231,2023-11-20,19:50:00,returned,Net Banking,11998.0,0,2159.64,14157.64,1,Mumbai,India
100155,10231,2023-09-23,06:05:00,processing,Credit Card,5297.0,0,953.46,6250.46,2,Mumbai,India
100156,10231,2023-07-04,14:19:00,delivered,UPI,39996.0,0,7199.28,47195.28,2,Mumbai,India
100158,10231,2023-10-17,23:52:00,delivered,Credit Card,1299.0,0,233.82,1532.82,1,Mumbai,India
100159,10231,2024-02-08,08:35:00,delivered,Wallet,850.76,99,153.14,1102.9,1,Mumbai,India
100160,10231,2023-10-02,03:23:00,delivered,Credit Card,25497.0,0,4589.46,30086.46,3,Mumbai,India
100161,10231,2023-11-06,23:21:00,delivered,Wallet,8096.0,0,1457.28,9553.28,4,Mumbai,India
100163,10231,2024-03-13,03:01:00,delivered,Credit Card,2329.9,0,419.38,2749.28,1,Mumbai,India
100164,10231,2024-01-29,14:02:00,delivered,UPI,2998.0,0,539.64,3537.64,1,Mumbai,India
100165,10231,2024-03-15,13:41:00,processing,Wallet,1299.0,0,233.82,1532.82,1,Mumbai,India
100166,10231,2023-08-08,03:19:00,delivered,Debit Card,799.0,149,143.82,1091.82,1,Mumbai,India
100167,10231,2023-07-07,06:44:00,delivered,Credit Card,52497.0,0,9449.46,61946.46,2,Mumbai,India
100168,10231,2023-08-27,06:23:00,delivered,Credit Card,6795.0,0,1223.1,8018.1,4,Mumbai,India
100169,10231,2023-11-06,01:09:00,delivered,Credit Card,4497.0,0,809.46,5306.46,2,Mumbai,India
100170,10231,2023-09-15,21:54:00,processing,Debit Card,171.58,149,30.88,351.46,1,Mumbai,India
100171,10243,2023-01-28,04:02:00,delivered,Wallet,3052.3,0,549.41,3601.71,2,Mumbai,USA
100172,10243,2022-11-08,08:10:00,delivered,Debit Card,5541.12,0,997.4,6538.52,1,Mumbai,USA
100173,10249,2024-08-15,03:40:00,delivered,UPI,2714.28,0,488.57,3202.85,1,Mumbai,Germany
100174,10249,2024-08-14,17:51:00,delivered,Debit Card,899.0,149,161.82,1209.82,1,Mumbai,Germany
100175,10271,2023-06-21,19:24:00,delivered,Debit Card,10797.36,0,1943.52,12740.88,2,Mumbai,India
100176,10271,2023-07-30,16:14:00,pending,COD,10995.0,0,1979.1,12974.1,3,Mumbai,India
100178,10273,2024-10-30,10:28:00,delivered,Credit Card,8798.0,0,1583.64,10381.64,2,Mumbai,India
100180,10273,2024-10-30,07:33:00,delivered,Credit Card,13872.18,0,2496.99,16369.17,1,Mumbai,India
100181,10294,2023-07-26,08:52:00,pending,Credit Card,11994.0,0,2158.92,14152.92,3,Mumbai,India
100182,10296,2023-11-23,00:13:00,delivered,Credit Card,899.0,149,161.82,1209.82,1,Mumbai,Germany
100183,10300,2025-06-15,12:34:00,delivered,Credit Card,9196.0,0,1655.28,10851.28,3,Mumbai,USA
100184,10300,2024-07-23,09:18:00,delivered,Credit Card,5514.55,0,992.62,6507.17,2,Mumbai,USA
100185,10300,2024-09-25,14:14:00,delivered,UPI,1198.0,0,215.64,1413.64,1,Mumbai,USA
100186,10300,2024-08-31,07:07:00,delivered,Net Banking,5264.68,0,947.64,6212.32,3,Mumbai,USA
100187,10300,2024-08-18,13:39:00,delivered,Net Banking,2996.0,0,539.28,3535.28,2,Mumbai,USA
100188,10300,2025-06-15,04:47:00,cancelled,Credit Card,5999.0,0,1079.82,7078.82,1,Mumbai,USA
100189,10300,2024-07-28,08:51:00,delivered,Credit Card,699.0,99,125.82,923.82,1,Mumbai,USA
100190,10303,2022-04-12,08:11:00,delivered,COD,4695.0,0,845.1,5540.1,3,Mumbai,Germany
100191,10303,2024-01-08,02:28:00,processing,UPI,555.31,99,99.96,754.27,1,Mumbai,Germany
100192,10309,2023-02-23,06:00:00,delivered,Credit Card,1842.16,0,331.59,2173.75,2,Mumbai,USA
100193,10309,2023-05-15,10:58:00,pending,Net Banking,5011.2,0,902.02,5913.22,4,Mumbai,USA
100194,10310,2024-08-27,20:54:00,pending,Wallet,5996.0,0,1079.28,7075.28,3,Mumbai,Germany
100195,10311,2024-02-27,16:19:00,delivered,Net Banking,1674.9,0,301.48,1976.38,1,Mumbai,India
100196,10339,2023-07-03,01:26:00,delivered,UPI,6649.89,0,1196.98,7846.87,2,Mumbai,USA
100197,10339,2022-09-04,23:52:00,cancelled,Wallet,1310.7,0,235.93,1546.63,1,Mumbai,USA
100198,10339,2022-08-07,18:36:00,delivered,Net Banking,1299.0,0,233.82,1532.82,1,Mumbai,USA
100199,10345,2024-07-24,15:02:00,delivered,COD,1998.0,0,359.64,2357.64,1,Mumbai,USA
100200,10349,2023-09-25,19:55:00,delivered,Credit Card,8297.0,0,1493.46,9790.46,2,Mumbai,India
100201,10349,2025-06-15,11:07:00,processing,UPI,3499.0,0,629.82,-4128.82,1,Mumbai,India
100202,10349,2024-01-28,23:11:00,delivered,Credit Card,4595.0,0,827.1,5422.1,3,Mumbai,India
100204,10349,2024-02-03,07:40:00,pending,Credit Card,999.0,0,179.82,1178.82,1,Mumbai,India
100206,10349,2023-09-21,10:37:00,delivered,Net Banking,4999.0,0,899.82,5898.82,1,Mumbai,India
100207,10349,2024-02-25,09:32:00,delivered,Debit Card,81996.0,0,14759.28,96755.28,2,Mumbai,India
100208,10349,2024-01-29,07:00:00,delivered,UPI,17643.3,0,3175.79,20819.09,5,Mumbai,India
100209,10349,2023-11-28,19:57:00,delivered,UPI,3797.0,0,683.46,4480.46,3,Mumbai,India
100210,10349,2024-05-11,02:34:00,delivered,Debit Card,599.0,149,107.82,855.82,1,Mumbai,India
100211,10349,2023-09-01,20:37:00,delivered,Debit Card,1398.0,0,251.64,1649.64,1,Mumbai,India
100212,10349,2023-09-18,20:57:00,shipped,Debit Card,1998.0,0,359.64,2357.64,1,Mumbai,India
100213,10349,2023-11-09,06:31:00,delivered,Credit Card,10148.58,0,1826.74,11975.32,4,Mumbai,India
100214,10349,2023-09-15,15:44:00,delivered,Net Banking,999.0,0,179.82,1178.82,1,Mumbai,India
100215,10354,2022-07-04,04:56:00,shipped,UPI,999.0,0,179.82,1178.82,1,Mumbai,India
100216,10356,2023-11-11,03:34:00,returned,Net Banking,1299.0,0,233.82,1532.82,1,Mumbai,India
100217,10356,2024-02-24,03:01:00,delivered,Credit Card,9997.0,0,1799.46,11796.46,2,Mumbai,India
100219,10363,2023-09-12,19:17:00,delivered,UPI,49998.0,0,8999.64,58997.64,1,Mumbai,India
100220,10363,2023-05-15,05:23:00,delivered,Credit Card,1499.0,0,269.82,1768.82,1,Mumbai,India
100221,10363,2023-07-01,07:55:00,delivered,UPI,2499.0,0,449.82,2948.82,1,Mumbai,India
100222,10364,2023-12-05,12:24:00,delivered,Credit Card,13872.59,0,2497.07,16369.66,2,Mumbai,India
100223,10376,2024-01-03,06:45:00,delivered,Net Banking,3145.38,0,566.17,3711.55,2,Mumbai,India
100224,10378,2022-05-01,20:53:00,shipped,Credit Card,2998.0,0,539.64,3537.64,1,Mumbai,India
100225,10382,2024-10-08,19:55:00,delivered,Credit Card,22367.7,0,4026.19,26393.89,3,Mumbai,USA
100226,10388,2024-10-04,00:12:00,delivered,Credit Card,16597.0,0,2987.46,19584.46,2,Mumbai,India
100227,10388,2024-09-06,18:12:00,delivered,UPI,15999.0,0,2879.82,18878.82,1,Mumbai,India
100228,10388,2024-09-05,11:21:00,delivered,Debit Card,8196.0,0,1475.28,9671.28,3,Mumbai,India
100229,10388,2024-09-23,06:42:00,delivered,Debit Card,16898.0,0,3041.64,19939.64,2,Mumbai,India
100230,10397,2024-09-23,07:22:00,delivered,Credit Card,2521.87,0,453.94,2975.81,2,Mumbai,USA
100231,10397,2024-09-19,15:59:00,shipped,Wallet,17997.0,0,3239.46,21236.46,3,Mumbai,USA
100232,10397,2024-09-16,20:51:00,delivered,Wallet,5998.0,0,1079.64,7077.64,1,Mumbai,USA
100233,10397,2024-09-15,09:03:00,delivered,UPI,1182.72,0,212.89,1395.61,2,Mumbai,USA
100234,10403,2023-08-31,23:25:00,delivered,COD,11915.5,0,2144.79,14060.29,2,Mumbai,Germany
100235,10408,2024-07-17,11:20:00,returned,Credit Card,999.0,0,179.82,1178.82,1,Mumbai,UK
100236,10422,2024-10-02,13:08:00,returned,Debit Card,11133.64,0,2004.06,13137.7,1,Mumbai,India
100237,10429,2023-10-29,00:59:00,delivered,Debit Card,9673.42,0,1741.22,11414.64,3,Mumbai,USA
100238,10431,2024-09-08,19:49:00,delivered,Debit Card,6732.9,0,1211.92,7944.82,2,Mumbai,India
100240,10433,2024-01-03,13:33:00,cancelled,Debit Card,2597.0,0,467.46,3064.46,2,Mumbai,Canada
100241,10433,2023-06-14,11:14:00,delivered,Debit Card,699.0,99,125.82,923.82,1,Mumbai,Canada
100243,10433,2023-08-05,08:43:00,pending,Debit Card,1047.56,0,188.56,1236.12,1,Mumbai,Canada
100244,10433,2024-02-18,21:29:00,delivered,Credit Card,2578.94,0,464.21,3043.15,2,Mumbai,Canada
100245,10433,2023-07-04,07:05:00,delivered,Net Banking,3396.0,0,611.28,4007.28,2,Mumbai,Canada
100246,10433,2023-09-14,23:53:00,delivered,Debit Card,33679.41,0,6062.29,39741.7,3,Mumbai,Canada
100247,10433,2023-10-12,01:07:00,delivered,Credit Card,4768.15,0,858.27,5626.42,2,Mumbai,Canada
100249,10433,2023-11-18,03:53:00,shipped,Debit Card,6998.0,0,1259.64,8257.64,1,Mumbai,Canada
100250,10433,2024-02-05,18:10:00,delivered,Net Banking,1797.0,0,323.46,2120.46,1,Mumbai,Canada
100251,10433,2023-08-15,07:35:00,delivered,Debit Card,10997.0,0,1979.46,12976.46,2,Mumbai,Canada
100252,10433,2023-06-08,04:27:00,returned,Debit Card,499.0,99,89.82,687.82,1,Mumbai,Canada
100253,10433,2023-10-22,16:04:00,delivered,Credit Card,599.0,49,107.82,755.82,1,Mumbai,Canada
100254,10433,2023-08-25,14:10:00,shipped,Debit Card,3946.05,0,710.29,4656.34,3,Mumbai,Canada
100255,10433,2023-12-16,05:05:00,delivered,Debit Card,3499.0,0,629.82,4128.82,1,Mumbai,Canada
100256,10433,2023-11-14,01:31:00,cancelled,Credit Card,24999.0,0,4499.82,29498.82,1,Mumbai,Canada
100257,10433,2023-08-28,05:57:00,delivered,Debit Card,22539.18,0,4057.05,26596.23,3,Mumbai,Canada
100258,10433,2023-07-25,10:52:00,delivered,UPI,6036.51,0,1086.57,7123.08,4,Mumbai,Canada
100259,10433,2023-09-02,09:47:00,delivered,Credit Card,49998.0,0,8999.64,58997.64,1,Mumbai,Canada
100260,10433,2023-07-31,19:39:00,shipped,Debit Card,604.13,99,108.74,811.87,1,Mumbai,Canada
100261,10433,2024-03-26,18:44:00,delivered,Credit Card,28292.83,0,5092.71,33385.54,4,Mumbai,Canada
100262,10433,2023-09-11,15:42:00,processing,Net Banking,4074.79,0,733.46,4808.25,2,Mumbai,Canada
100263,10433,2023-09-27,05:46:00,delivered,Net Banking,17196.14,0,3095.31,20291.45,4,Mumbai,Canada
100264,10434,2023-07-19,20:25:00,delivered,Credit Card,8794.0,0,1582.92,10376.92,3,Mumbai,India
100265,10448,2024-06-29,09:45:00,delivered,Debit Card,4197.0,0,755.46,4952.46,3,Mumbai,India
100266,10451,2023-04-28,06:17:00,returned,COD,10296.0,0,1853.28,12149.28,3,Mumbai,UK
100267,10451,2023-12-06,10:25:00,cancelled,Wallet,999.0,0,179.82,1178.82,1,Mumbai,UK
100268,10451,2023-07-03,02:08:00,shipped,Wallet,999.0,0,179.82,-1178.82,1,Mumbai,UK
100269,10451,2023-07-07,23:24:00,returned,Net Banking,10796.0,0,1943.28,12739.28,2,Mumbai,UK
100270,10451,2023-05-06,19:39:00,shipped,Net Banking,31998.0,0,5759.64,37757.64,1,Mumbai,UK
100271,10451,2023-07-29,12:15:00,delivered,Debit Card,699.0,99,125.82,923.82,1,Mumbai,UK
100272,10451,2023-08-06,23:07:00,delivered,Credit Card,1998.0,0,359.64,2357.64,1,Mumbai,UK
100273,10466,2023-05-09,18:40:00,delivered,Wallet,16598.0,0,2987.64,19585.64,2,Mumbai,USA
100274,10466,2023-08-14,19:05:00,shipped,UPI,18497.0,0,3329.46,21826.46,2,Mumbai,USA
100275,10466,2023-09-25,09:56:00,delivered,UPI,799.0,99,143.82,1041.82,1,Mumbai,USA
100276,10474,2024-06-15,22:17:00,delivered,Credit Card,8908.88,0,1603.6,10512.48,1,Mumbai,Singapore
100277,10474,2024-05-24,08:55:00,delivered,Wallet,687.66,49,123.78,860.44,1,Mumbai,Singapore
100278,10479,2023-05-29,20:27:00,delivered,Credit Card,999.0,0,179.82,1178.82,1,Mumbai,USA
100279,10481,2023-12-29,12:18:00,delivered,UPI,10122.42,0,1822.04,11944.46,2,Mumbai,Australia
100280,10483,2023-09-18,15:31:00,delivered,Credit Card,3499.0,0,629.82,4128.82,1,Mumbai,India
100281,10483,2023-11-09,13:56:00,pending,Net Banking,3752.92,0,675.53,4428.45,3,Mumbai,India
100282,10483,2023-07-09,07:42:00,delivered,Credit Card,2999.0,0,539.82,3538.82,1,Mumbai,India
100283,10483,2023-06-30,11:43:00,delivered,Credit Card,3998.0,0,719.64,4717.64,1,Mumbai,India
100284,10485,2023-10-26,18:14:00,delivered,UPI,6998.0,0,1259.64,8257.64,2,Mumbai,India
100285,10485,2024-03-08,02:13:00,delivered,COD,15999.0,0,2879.82,18878.82,1,Mumbai,India
100286,10485,2023-12-12,19:31:00,processing,UPI,5394.0,0,970.92,6364.92,3,Mumbai,India
100287,10498,2022-09-09,11:06:00,delivered,Debit Card,699.0,149,125.82,973.82,1,Mumbai,USA
100288,10498,2023-04-03,19:16:00,returned,COD,1834.47,0,330.2,2164.67,1,Mumbai,USA
100289,10498,2022-04-18,07:59:00,delivered,Debit Card,599.0,49,107.82,755.82,1,Mumbai,USA
100290,10498,2022-11-14,23:43:00,delivered,UPI,843.81,149,151.89,1144.7,1,Mumbai,USA
100291,10498,2022-12-30,02:41:00,delivered,Debit Card,699.0,149,125.82,973.82,1,Mumbai,USA
100292,10498,2023-05-06,14:54:00,delivered,Net Banking,5498.0,0,989.64,6487.64,2,Mumbai,USA
100293,10498,2023-02-27,05:04:00,shipped,Credit Card,34395.0,0,6191.1,40586.1,4,Mumbai,USA
100294,10498,2023-05-06,02:07:00,delivered,Credit Card,11998.0,0,2159.64,14157.64,1,Mumbai,USA
100295,10498,2023-02-13,01:32:00,delivered,UPI,10694.58,0,1925.02,12619.6,2,Mumbai,USA
100297,10498,2022-04-18,23:53:00,delivered,Net Banking,499.0,99,89.82,687.82,1,Mumbai,USA
100298,10498,2022-05-28,01:16:00,delivered,Debit Card,13295.0,0,2393.1,15688.1,3,Mumbai,USA
100299,10498,2022-06-10,04:57:00,delivered,UPI,1198.0,0,215.64,1413.64,1,Mumbai,USA
100300,10498,2022-08-12,08:06:00,delivered,Credit Card,36974.92,0,6655.49,43630.41,3,Mumbai,USA
100301,10498,2023-06-30,00:12:00,returned,UPI,566.58,99,101.98,767.56,1,Mumbai,USA
100302,10498,2023-03-13,21:10:00,delivered,Debit Card,18794.0,0,3382.92,22176.92,4,Mumbai,USA
100303,10498,2022-07-31,06:16:00,delivered,UPI,1499.0,0,269.82,1768.82,1,Mumbai,USA
100304,10498,2022-05-26,14:09:00,delivered,UPI,2898.0,0,521.64,3419.64,2,Mumbai,USA
100305,10498,2022-08-20,06:41:00,delivered,Debit Card,1499.0,0,269.82,1768.82,1,Mumbai,USA
100306,10498,2023-01-12,06:42:00,returned,UPI,799.0,99,143.82,1041.82,1,Mumbai,USA
100307,10498,2022-10-04,03:01:00,delivered,Wallet,3113.96,0,560.51,3674.47,2,Mumbai,USA
100308,10498,2022-11-10,08:16:00,shipped,Credit Card,11297.0,0,2033.46,13330.46,2,Mumbai,USA
100309,10498,2023-04-11,00:02:00,delivered,UPI,999.0,0,179.82,1178.82,1,Mumbai,USA
100310,10498,2023-09-07,07:10:00,delivered,Wallet,2097.0,0,377.46,2474.46,2,Mumbai,USA
100311,10498,2023-09-05,18:30:00,returned,Debit Card,999.0,0,179.82,1178.82,1,Mumbai,USA
100313,10498,2022-09-02,19:14:00,delivered,Net Banking,4817.66,0,867.18,5684.84,2,Mumbai,USA
100314,10498,2022-07-10,05:03:00,shipped,UPI,4497.0,0,809.46,5306.46,2,Mumbai,USA
100315,10498,2023-04-05,10:52:00,processing,Credit Card,1499.0,0,269.82,1768.82,1,Mumbai,USA
100316,10498,2022-10-20,15:31:00,shipped,Debit Card,7519.91,0,1353.58,8873.49,3,Mumbai,USA
100317,10498,2022-09-18,04:20:00,shipped,UPI,1798.0,0,323.64,2121.64,1,Mumbai,USA
100318,10498,2022-06-30,18:26:00,processing,Wallet,899.0,99,161.82,1159.82,1,Mumbai,USA
100319,10498,2023-02-18,04:02:00,delivered,COD,6065.99,0,1091.88,7157.87,2,Mumbai,USA
100320,10498,2022-09-10,06:09:00,delivered,UPI,999.0,0,179.82,1178.82,1,Mumbai,USA
100321,10498,2022-09-15,07:14:00,delivered,Debit Card,1917.01,0,345.06,2262.07,2,Mumbai,USA
100322,10498,2022-07-30,23:58:00,delivered,Debit Card,4663.49,0,839.43,5502.92,3,Mumbai,USA
100323,10498,2022-12-27,17:05:00,delivered,UPI,1999.0,0,359.82,2358.82,1,Mumbai,USA
100324,10498,2023-06-01,06:39:00,delivered,Debit Card,2599.88,0,467.98,3067.86,1,Mumbai,USA
100325,10498,2022-10-21,16:21:00,pending,Debit Card,31995.0,0,5759.1,37754.1,3,Mumbai,USA
100326,10498,2022-08-01,03:53:00,delivered,Debit Card,8295.25,0,1493.14,9788.39,3,Mumbai,USA
100327,10498,2023-09-16,03:30:00,delivered,Debit Card,4159.04,0,748.63,4907.67,3,Mumbai,USA
100329,10498,2022-11-12,13:58:00,delivered,Credit Card,2310.25,0,415.84,2726.09,3,Mumbai,USA
100330,10498,2022-06-12,00:25:00,shipped,Net Banking,1797.0,0,323.46,2120.46,1,Mumbai,USA
100331,10498,2023-09-09,19:22:00,delivered,Credit Card,2098.0,0,377.64,2475.64,2,Mumbai,USA
100332,10498,2023-06-25,23:19:00,delivered,UPI,13729.1,0,2471.24,16200.34,2,Mumbai,USA
100333,10498,2022-09-05,19:27:00,delivered,Credit Card,24320.87,0,4377.76,28698.63,2,Mumbai,USA
100334,10498,2022-08-20,17:59:00,delivered,Credit Card,3298.0,0,593.64,3891.64,2,Mumbai,USA
100335,10498,2023-02-01,11:11:00,delivered,Debit Card,3797.0,0,683.46,4480.46,3,Mumbai,USA
100336,10498,2022-10-10,16:36:00,cancelled,Net Banking,19838.43,0,3570.92,23409.35,4,Mumbai,USA
100338,10498,2022-06-23,08:32:00,delivered,Wallet,1422.52,0,256.05,1678.57,1,Mumbai,USA
100339,10498,2022-07-26,00:40:00,delivered,UPI,10297.0,0,1853.46,12150.46,2,Mumbai,USA
100340,10498,2022-10-01,06:02:00,delivered,Net Banking,4226.2,0,760.72,4986.92,3,Mumbai,USA
100341,10498,2022-08-19,06:54:00,delivered,Credit Card,4600.46,0,828.08,5428.54,4,Mumbai,USA
100342,10498,2022-09-16,06:08:00,delivered,Debit Card,1999.0,0,359.82,2358.82,1,Mumbai,USA
100343,10498,2022-11-05,19:18:00,shipped,Net Banking,3499.0,0,629.82,4128.82,1,Mumbai,USA
100344,10498,2023-04-21,01:59:00,delivered,Debit Card,3330.27,0,599.45,3929.72,3,Mumbai,USA
100345,10498,2022-08-13,15:47:00,delivered,Credit Card,25998.0,0,4679.64,30677.64,1,Mumbai,USA
100346,10498,2022-12-04,22:35:00,delivered,Credit Card,4997.0,0,899.46,5896.46,3,Mumbai,USA
100347,10498,2023-02-27,04:56:00,shipped,UPI,799.0,99,143.82,1041.82,1,Mumbai,USA
100348,10498,2022-08-09,22:14:00,processing,Net Banking,6195.0,0,1115.1,7310.1,3,Mumbai,USA
100349,10498,2022-04-06,16:51:00,delivered,Credit Card,683.19,49,122.97,855.16,1,Mumbai,USA
100351,10498,2023-03-29,10:13:00,delivered,UPI,3497.0,0,629.46,4126.46,2,Mumbai,USA
100352,10498,2024-04-16,10:28:00,returned,Debit Card,8995.0,0,1619.1,10614.1,2,Mumbai,USA
100353,10498,2022-05-07,03:37:00,delivered,Debit Card,1999.0,0,359.82,2358.82,1,Mumbai,USA
100354,10498,2022-08-04,11:11:00,delivered,Debit Card,28596.0,0,5147.28,33743.28,3,Mumbai,USA
100355,10498,2023-07-30,05:58:00,delivered,Credit Card,11998.0,0,2159.64,14157.64,1,Mumbai,USA
100356,10498,2022-04-26,06:47:00,delivered,Net Banking,18195.0,0,3275.1,21470.1,3,Mumbai,USA
100357,10498,2022-08-07,21:06:00,shipped,Net Banking,19894.0,0,3580.92,23474.92,4,Mumbai,USA
100358,10498,2023-04-15,10:15:00,delivered,Debit Card,1059.04,0,190.63,1249.67,1,Mumbai,USA
100360,10500,2023-04-22,17:01:00,delivered,Credit Card,4998.0,0,899.64,5897.64,1,Mumbai,USA
100361,10500,2022-11-22,05:47:00,delivered,Wallet,13494.0,0,2428.92,15922.92,4,Mumbai,USA
100362,10512,2024-07-08,22:20:00,delivered,Net Banking,899.0,149,161.82,1209.82,1,Mumbai,India
100363,10518,2023-06-26,16:43:00,delivered,UPI,5097.0,0,917.46,6014.46,3,Mumbai,Canada
100364,10520,2023-08-23,11:05:00,delivered,Debit Card,2598.0,0,467.64,3065.64,1,Mumbai,India
100367,10526,2023-07-08,09:32:00,delivered,Debit Card,699.0,49,125.82,873.82,1,Mumbai,India
100368,10526,2023-05-15,15:53:00,shipped,Net Banking,3909.72,0,703.75,4613.47,2,Mumbai,India
100369,10526,2023-11-29,12:43:00,delivered,Net Banking,4758.6,0,856.55,5615.15,3,Mumbai,India
100370,10532,2022-09-23,20:14:00,shipped,Credit Card,1299.0,0,233.82,1532.82,1,Mumbai,UK
100371,10543,2024-06-20,10:40:00,delivered,Credit Card,10356.35,0,1864.14,12220.49,5,Mumbai,UK
100372,10544,2024-01-02,09:51:00,delivered,UPI,199.0,49,35.82,283.82,1,Mumbai,USA
100373,10544,2023-04-21,08:33:00,delivered,Debit Card,12972.96,0,2335.13,15308.09,4,Mumbai,USA
100374,10544,2023-06-29,15:49:00,delivered,Credit Card,9998.0,0,1799.64,11797.64,1,Mumbai,USA
100375,10544,2023-08-03,08:58:00,delivered,UPI,33904.22,0,6102.76,40006.98,3,Mumbai,USA
100376,10544,2023-05-21,05:21:00,delivered,Debit Card,199.0,149,35.82,383.82,1,Mumbai,USA
100377,10544,2023-10-27,22:13:00,delivered,Debit Card,6596.0,0,1187.28,7783.28,3,Mumbai,USA
100378,10544,2023-11-20,06:20:00,delivered,Credit Card,14489.41,0,2608.09,17097.5,2,Mumbai,USA
100379,10544,2023-08-13,02:23:00,delivered,Net Banking,46143.78,0,8305.88,54449.66,1,Mumbai,USA
100380,10544,2023-08-15,16:10:00,cancelled,Credit Card,1198.0,0,215.64,1413.64,1,Mumbai,USA
100381,10544,2023-04-10,16:25:00,delivered,Debit Card,1499.0,0,269.82,1768.82,1,Mumbai,USA
100382,10544,2023-11-13,04:09:00,delivered,Net Banking,2297.0,0,413.46,2710.46,2,Mumbai,USA
100383,10544,2024-01-03,03:44:00,cancelled,Credit Card,44052.88,0,7929.52,51982.4,2,Mumbai,USA
100384,10544,2023-12-03,18:21:00,delivered,UPI,5904.93,0,1062.89,6967.82,2,Mumbai,USA
100385,10544,2023-09-01,04:51:00,delivered,Wallet,9426.37,0,1696.75,11123.12,3,Mumbai,USA
100386,10544,2023-12-30,02:28:00,delivered,Credit Card,2997.0,0,539.46,3536.46,1,Mumbai,USA
100387,10545,2023-05-12,15:13:00,shipped,Credit Card,49998.0,0,8999.64,58997.64,1,Mumbai,USA
100388,10545,2023-06-26,11:28:00,processing,Debit Card,5796.0,0,1043.28,6839.28,3,Mumbai,USA
100389,10545,2023-09-30,07:46:00,delivered,Credit Card,34994.0,0,6298.92,41292.92,4,Mumbai,USA
100390,10545,2023-02-15,14:39:00,delivered,Credit Card,12385.42,0,2229.38,14614.8,3,Mumbai,USA
100391,10549,2024-03-10,21:33:00,delivered,Credit Card,999.0,0,179.82,1178.82,1,Mumbai,India
100392,10549,2024-03-25,15:49:00,delivered,Net Banking,999.0,0,179.82,1178.82,1,Mumbai,India
100393,10549,2024-04-18,13:24:00,delivered,Credit Card,1198.0,0,215.64,1413.64,1,Mumbai,India
100394,10549,2024-04-29,23:19:00,delivered,UPI,5383.35,0,969.0,6352.35,1,Mumbai,India
100395,10549,2024-03-20,20:43:00,pending,Credit Card,1198.0,0,215.64,1413.64,1,Mumbai,India
100396,10549,2024-05-04,23:21:00,shipped,UPI,11313.89,0,2036.5,13350.39,4,Mumbai,India
100397,10549,2024-04-17,01:50:00,processing,Debit Card,18265.06,0,3287.71,21552.77,3,Mumbai,India
100398,10549,2024-04-16,16:55:00,delivered,UPI,4999.0,0,899.82,5898.82,1,Mumbai,India
100399,10549,2024-03-01,14:26:00,delivered,Credit Card,999.0,0,179.82,1178.82,1,Mumbai,India
100400,10549,2024-04-08,05:08:00,pending,Debit Card,5998.0,0,1079.64,7077.64,2,Mumbai,India
100401,10549,2024-03-15,12:40:00,delivered,UPI,1999.0,0,359.82,2358.82,1,Mumbai,India
100402,10549,2024-02-06,21:56:00,delivered,Debit Card,31544.66,0,5678.04,37222.7,2,Mumbai,India
100403,10549,2024-03-09,17:35:00,delivered,UPI,1661.94,0,299.15,1961.09,3,Mumbai,India
100404,10549,2024-02-11,13:04:00,delivered,Debit Card,999.0,0,179.82,1178.82,1,Mumbai,India
100405,10549,2024-05-31,16:42:00,delivered,COD,24999.0,0,4499.82,29498.82,1,Mumbai,India
100406,10549,2024-04-14,04:20:00,delivered,Debit Card,5394.0,0,970.92,6364.92,5,Mumbai,India
100407,10549,2024-03-02,17:26:00,delivered,Debit Card,899.0,49,161.82,1109.82,1,Mumbai,India
100408,10549,2024-04-21,20:09:00,delivered,Credit Card,12697.0,0,2285.46,14982.46,2,Mumbai,India
100409,10549,2024-06-26,21:10:00,delivered,Debit Card,5999.0,0,1079.82,7078.82,1,Mumbai,India
100410,10549,2024-06-03,13:52:00,processing,Debit Card,3499.0,0,629.82,4128.82,1,Mumbai,India
100411,10549,2024-04-04,05:33:00,delivered,Credit Card,2759.36,0,496.68,3256.04,1,Mumbai,India
100412,10549,2024-07-18,07:33:00,cancelled,UPI,3998.0,0,719.64,4717.64,1,Mumbai,India
100413,10549,2024-03-16,03:30:00,delivered,Wallet,1698.0,0,305.64,2003.64,2,Mumbai,India
100414,10549,2024-07-09,06:08:00,delivered,COD,5999.0,0,1079.82,7078.82,1,Mumbai,India
100415,10549,2024-04-19,14:54:00,delivered,Credit Card,999.0,0,179.82,1178.82,1,Mumbai,India
100416,10549,2024-05-15,01:54:00,processing,UPI,1499.0,0,269.82,1768.82,1,Mumbai,India
100417,10549,2024-03-30,08:06:00,delivered,Credit Card,3051.51,0,549.27,3600.78,1,Mumbai,India
100418,10549,2024-03-03,16:59:00,pending,UPI,3597.0,0,647.46,4244.46,3,Mumbai,India
100419,10549,2024-04-03,23:19:00,delivered,Wallet,8496.0,0,1529.28,10025.28,3,Mumbai,India
100420,10549,2024-04-25,04:55:00,cancelled,Net Banking,10550.52,0,1899.09,12449.61,3,Mumbai,India
100421,10551,2023-03-15,09:54:00,delivered,Debit Card,1299.0,0,233.82,1532.82,1,Mumbai,USA
100422,10551,2022-08-28,04:18:00,delivered,Debit Card,11497.0,0,2069.46,13566.46,2,Mumbai,USA
100423,10551,2023-09-14,00:08:00,delivered,UPI,27197.0,0,4895.46,32092.46,3,Mumbai,USA
100424,10553,2023-08-07,02:10:00,processing,Credit Card,6998.0,0,1259.64,8257.64,1,Mumbai,Germany
100425,10553,2024-02-13,03:55:00,delivered,Credit Card,8196.0,0,1475.28,9671.28,3,Mumbai,Germany
100426,10563,2023-08-26,15:47:00,delivered,Net Banking,8823.92,0,1588.31,10412.23,2,Mumbai,USA
100427,10563,2023-04-20,01:48:00,processing,Debit Card,4898.0,0,881.64,5779.64,2,Mumbai,USA
100428,10570,2023-07-15,18:55:00,shipped,Net Banking,1998.0,0,359.64,2357.64,1,Mumbai,Germany
100429,10570,2024-03-04,08:36:00,shipped,Credit Card,25995.0,0,4679.1,30674.1,3,Mumbai,Germany
100430,10570,2023-10-31,02:05:00,delivered,Debit Card,17097.0,0,3077.46,20174.46,3,Mumbai,Germany
100431,10570,2023-08-14,16:36:00,delivered,Credit Card,12794.0,0,2302.92,15096.92,4,Mumbai,Germany
100432,10570,2024-01-09,11:06:00,delivered,Debit Card,699.0,99,125.82,923.82,1,Mumbai,Germany
100433,10570,2023-07-19,00:27:00,delivered,Debit Card,4999.0,0,899.82,5898.82,1,Mumbai,Germany
100434,10570,2023-12-06,15:11:00,delivered,UPI,15032.3,0,2705.81,17738.11,4,Mumbai,Germany
100435,10570,2023-10-21,14:06:00,delivered,UPI,2097.0,0,377.46,2474.46,2,Mumbai,Germany
100436,10570,2024-05-22,18:34:00,processing,Credit Card,18929.77,0,3407.36,22337.13,4,Mumbai,Germany
100437,10570,2024-04-05,16:25:00,delivered,Debit Card,1997.0,0,359.46,2356.46,3,Mumbai,Germany
100439,10570,2023-08-12,09:22:00,delivered,UPI,799.0,149,143.82,1091.82,1,Mumbai,Germany
100440,10570,2023-07-27,03:11:00,delivered,Debit Card,27481.98,0,4946.76,32428.74,3,Mumbai,Germany
100441,10570,2024-01-27,16:13:00,processing,UPI,7855.29,0,1413.95,9269.24,2,Mumbai,Germany
100442,10570,2024-03-17,23:34:00,delivered,Credit Card,6698.0,0,1205.64,7903.64,2,Mumbai,Germany
100443,10571,2024-07-06,19:23:00,delivered,Debit Card,2397.0,0,431.46,2828.46,2,Mumbai,India
100444,10571,2024-07-17,08:00:00,delivered,Credit Card,6998.0,0,1259.64,8257.64,2,Mumbai,India
100445,10571,2024-07-13,16:17:00,delivered,Net Banking,1299.0,0,233.82,1532.82,1,Mumbai,India
100446,10580,2023-02-24,21:01:00,shipped,Credit Card,5999.0,0,1079.82,7078.82,1,Mumbai,India
100447,10580,2023-06-26,05:52:00,processing,Debit Card,2997.0,0,539.46,3536.46,2,Mumbai,India
100448,10580,2022-10-18,08:55:00,shipped,UPI,4497.0,0,809.46,5306.46,1,Mumbai,India
100449,10593,2023-05-25,14:22:00,delivered,UPI,1499.0,0,269.82,1768.82,1,Mumbai,India
100450,10595,2024-03-28,07:18:00,delivered,Debit Card,3098.0,0,557.64,3655.64,2,Mumbai,UK
100451,10595,2024-03-12,21:29:00,processing,Credit Card,7897.0,0,1421.46,9318.46,2,Mumbai,UK
100452,10595,2024-04-02,22:13:00,pending,Net Banking,693.27,49,124.79,867.06,1,Mumbai,UK
100453,10598,2024-06-22,06:29:00,shipped,Net Banking,799.0,49,143.82,991.82,1,Mumbai,India
100454,10609,2023-06-15,09:46:00,pending,Net Banking,34295.0,0,6173.1,40468.1,3,Mumbai,Germany
100455,10617,2023-07-04,05:37:00,delivered,Debit Card,1998.0,0,359.64,2357.64,1,Mumbai,USA
100456,10617,2023-10-16,01:52:00,delivered,Credit Card,18996.0,0,3419.28,22415.28,2,Mumbai,USA
100457,10617,2023-11-03,03:52:00,delivered,Wallet,3497.0,0,629.46,4126.46,2,Mumbai,USA
100458,10617,2023-08-19,19:43:00,delivered,Credit Card,4098.0,0,737.64,4835.64,2,Mumbai,USA
100459,10617,2023-07-07,08:37:00,shipped,Debit Card,1198.0,0,215.64,1413.64,1,Mumbai,USA
100460,10617,2023-07-26,01:52:00,delivered,Credit Card,1398.0,0,251.64,1649.64,1,Mumbai,USA
100461,10622,2024-03-19,19:01:00,returned,Debit Card,4673.06,0,841.15,5514.21,4,Mumbai,Germany
100462,10628,2023-03-23,12:51:00,delivered,Wallet,8027.47,0,1444.94,9472.41,5,Mumbai,India
100463,10630,2024-08-16,08:16:00,delivered,Wallet,16497.0,0,2969.46,19466.46,3,Mumbai,USA
100464,10630,2023-09-24,10:53:00,delivered,Net Banking,1398.0,0,251.64,1649.64,1,Mumbai,USA
100465,10630,2023-08-18,18:26:00,delivered,Debit Card,13095.0,0,2357.1,15452.1,5,Mumbai,USA
100466,10634,2023-08-15,18:58:00,delivered,UPI,1716.53,0,308.98,2025.51,2,Mumbai,India
100468,10645,2024-10-20,23:46:00,delivered,COD,3999.0,0,719.82,4718.82,1,Mumbai,India
100469,10645,2024-10-18,07:05:00,delivered,Credit Card,19875.18,0,3577.53,23452.71,2,Mumbai,India
100470,10645,2024-10-16,12:08:00,returned,Credit Card,7747.04,0,1394.47,9141.51,3,Mumbai,India
100472,10645,2024-10-18,20:17:00,cancelled,Credit Card,5098.0,0,917.64,6015.64,2,Mumbai,India
100476,10657,2023-06-13,13:12:00,shipped,Debit Card,699.0,99,125.82,923.82,1,Mumbai,UK
100477,10657,2023-05-18,03:27:00,pending,UPI,15998.0,0,2879.64,18877.64,1,Mumbai,UK
100478,10657,2023-06-24,20:08:00,delivered,Debit Card,12635.17,0,2274.33,14909.5,3,Mumbai,UK
100479,10667,2023-04-20,08:41:00,shipped,Credit Card,21309.2,0,3835.66,25144.86,4,Mumbai,India
100480,10667,2023-01-01,15:29:00,delivered,Debit Card,15495.0,0,2789.1,18284.1,4,Mumbai,India
100481,10667,2023-07-01,20:09:00,delivered,Credit Card,10865.58,0,1955.8,12821.38,3,Mumbai,India
100482,10679,2023-06-13,06:46:00,delivered,Debit Card,10496.0,0,1889.28,12385.28,3,Mumbai,USA
100483,10679,2023-11-08,13:18:00,delivered,Credit Card,651.93,49,117.35,818.28,1,Mumbai,USA
100484,10679,2023-02-13,10:59:00,delivered,UPI,75596.0,0,13607.28,89203.28,2,Mumbai,USA
100485,10679,2024-03-11,00:13:00,processing,Credit Card,19296.0,0,3473.28,22769.28,3,Mumbai,USA
100486,10686,2024-06-03,10:02:00,delivered,UPI,10194.0,0,1834.92,12028.92,4,Mumbai,Singapore
100487,10687,2023-09-21,17:49:00,delivered,Credit Card,7498.0,0,1349.64,8847.64,2,Mumbai,India
100488,10695,2022-12-28,11:04:00,delivered,Credit Card,12999.0,0,2339.82,15338.82,1,Mumbai,India
100489,10703,2024-10-17,12:19:00,processing,UPI,13433.57,0,2418.04,15851.61,2,Mumbai,India
100490,10714,2024-01-31,23:52:00,shipped,Credit Card,2758.47,0,496.52,3254.99,2,Mumbai,USA
100491,10722,2023-09-15,15:50:00,delivered,Debit Card,7993.0,0,1438.74,9431.74,4,Mumbai,UK
100492,10722,2023-09-06,16:28:00,delivered,Credit Card,556.79,49,100.22,706.01,1,Mumbai,UK
100494,10728,2023-08-09,09:21:00,returned,Credit Card,2920.03,0,525.61,3445.64,3,Mumbai,India
100495,10728,2022-11-21,10:01:00,delivered,UPI,799.0,99,143.82,1041.82,1,Mumbai,India
100496,10728,2023-11-24,18:24:00,delivered,Credit Card,1398.0,0,251.64,1649.64,1,Mumbai,India
100497,10729,2024-06-13,08:36:00,delivered,UPI,71994.0,0,12958.92,84952.92,3,Mumbai,USA
100498,10729,2024-07-14,05:20:00,shipped,Wallet,3998.0,0,719.64,4717.64,1,Mumbai,USA
100499,10729,2024-07-17,09:58:00,delivered,Net Banking,5999.0,0,1079.82,7078.82,1,Mumbai,USA
100500,10729,2024-06-08,13:25:00,delivered,Wallet,27596.0,0,4967.28,32563.28,3,Mumbai,USA
100501,10736,2023-01-25,18:45:00,shipped,Wallet,2499.0,0,449.82,2948.82,1,Mumbai,Singapore
100502,10742,2024-06-13,10:29:00,delivered,UPI,18269.14,0,3288.45,21557.59,3,Mumbai,India
100503,10743,2023-10-15,07:27:00,delivered,Wallet,19026.22,0,3424.72,22450.94,4,Mumbai,USA
100504,10743,2023-07-12,05:38:00,delivered,UPI,16997.0,0,3059.46,20056.46,2,Mumbai,USA
100506,10743,2023-12-30,00:58:00,delivered,Credit Card,2177.05,0,391.87,2568.92,1,Mumbai,USA
100507,,2024-05-11,09:59:00,returned,Wallet,3575.3,0,643.55,4218.85,3,Mumbai,USA
100508,10749,2024-05-22,11:44:00,cancelled,Debit Card,5999.0,0,1079.82,7078.82,1,Mumbai,USA
100509,10749,2024-04-05,15:34:00,delivered,UPI,2306.6,0,415.19,2721.79,1,Mumbai,USA
100510,10749,2024-09-05,03:47:00,delivered,Credit Card,2499.0,0,449.82,2948.82,1,Mumbai,USA
100511,10749,2024-04-14,04:30:00,delivered,Debit Card,2897.0,0,521.46,3418.46,2,Mumbai,USA
100512,10749,2024-06-19,16:00:00,delivered,Wallet,1192.83,0,214.71,1407.54,1,Mumbai,USA
100513,10752,2024-07-01,23:44:00,delivered,Debit Card,2998.0,0,539.64,3537.64,2,Mumbai,India
100514,10758,2023-05-30,12:12:00,delivered,Credit Card,999.0,0,179.82,1178.82,1,Mumbai,India
100515,10758,2023-04-29,13:35:00,delivered,COD,561.62,49,101.09,711.71,1,Mumbai,India
100516,10774,2024-05-24,05:48:00,shipped,Credit Card,1998.0,0,359.64,2357.64,2,Mumbai,USA
100517,10777,2023-04-22,03:39:00,delivered,Credit Card,1781.49,0,320.67,2102.16,1,Mumbai,India
100519,10780,2024-01-06,19:11:00,delivered,Credit Card,51312.54,0,9236.26,60548.8,3,Mumbai,India
100520,10780,2023-10-27,10:40:00,delivered,UPI,11756.57,0,2116.18,13872.75,5,Mumbai,India
100521,10780,2024-04-30,14:29:00,pending,Debit Card,643.11,99,115.76,857.87,1,Mumbai,India
100524,10789,2022-12-28,11:35:00,pending,Wallet,6245.84,0,1124.25,7370.09,2,Mumbai,USA
100526,10789,2023-01-23,18:07:00,shipped,Credit Card,299.0,99,53.82,451.82,1,Mumbai,USA
100527,10790,2023-01-25,13:56:00,shipped,Debit Card,39996.0,0,7199.28,47195.28,2,Mumbai,India
100528,10790,2023-10-01,00:43:00,delivered,Debit Card,899.0,149,161.82,1209.82,1,Mumbai,India
100529,10793,2023-03-22,18:00:00,shipped,Wallet,699.0,99,125.82,923.82,1,Mumbai,India
100530,10802,2024-06-11,01:06:00,delivered,UPI,9998.0,0,1799.64,11797.64,1,Mumbai,India
100531,10807,2022-12-25,15:56:00,delivered,Wallet,3121.5,0,561.87,3683.37,3,Mumbai,India
100532,10807,2022-07-10,20:39:00,shipped,Debit Card,5103.21,0,918.58,6021.79,2,Mumbai,India
100533,10807,2022-06-16,18:29:00,shipped,Debit Card,6497.0,0,1169.46,7666.46,2,Mumbai,India
100534,10807,2023-08-19,02:20:00,delivered,Debit Card,11998.0,0,2159.64,14157.64,1,Mumbai,India
100535,10807,2022-09-18,09:22:00,delivered,Credit Card,1598.0,0,287.64,1885.64,1,Mumbai,India
100536,10807,2022-09-03,16:48:00,shipped,Credit Card,4999.0,0,899.82,5898.82,1,Mumbai,India
100537,10807,2023-08-03,02:53:00,processing,Debit Card,6044.98,0,1088.1,7133.08,3,Mumbai,India
100538,10814,2023-05-27,16:50:00,delivered,Net Banking,2598.0,0,467.64,3065.64,1,Mumbai,Canada
100539,10814,2023-03-03,10:07:00,delivered,UPI,1299.0,0,233.82,1532.82,1,Mumbai,Canada
100540,10814,2023-06-06,04:39:00,delivered,COD,1598.0,0,287.64,1885.64,1,Mumbai,Canada
100541,10814,2023-07-14,17:18:00,delivered,Debit Card,1499.0,0,269.82,1768.82,1,Mumbai,Canada
100542,10814,2025-06-15,19:18:00,pending,Credit Card,6997.0,0,1259.46,8256.46,2,Mumbai,Canada
100543,10814,2023-01-28,16:30:00,delivered,Net Banking,33441.12,0,6019.4,39460.52,4,Mumbai,Canada
100544,10816,2024-06-07,14:30:00,delivered,Wallet,7999.0,0,1439.82,9438.82,1,Mumbai,India
100545,10816,2024-07-03,06:41:00,delivered,Debit Card,3898.81,0,701.79,4600.6,2,Mumbai,India
100546,10816,2024-06-27,23:53:00,delivered,Credit Card,8869.64,0,1596.54,10466.18,1,Mumbai,India
100547,10817,2022-07-27,02:47:00,delivered,Debit Card,17998.0,0,3239.64,21237.64,2,Mumbai,USA
100548,10817,2023-01-02,23:21:00,cancelled,Debit Card,5711.21,0,1028.02,6739.23,4,Mumbai,USA
100549,10817,2022-08-05,18:40:00,cancelled,UPI,998.0,149,179.64,1326.64,1,Mumbai,USA
100550,10817,2023-02-06,05:18:00,delivered,Net Banking,11045.72,0,1988.23,13033.95,2,Mumbai,USA
100552,10817,2022-12-15,07:35:00,delivered,Credit Card,6496.0,0,1169.28,7665.28,2,Mumbai,USA
100553,10819,2024-10-11,15:07:00,cancelled,Debit Card,4997.0,0,899.46,5896.46,2,Mumbai,India
100554,10835,2024-05-24,20:39:00,delivered,Net Banking,24999.0,0,4499.82,29498.82,1,Mumbai,India
100555,10835,2024-07-04,16:11:00,pending,Credit Card,11998.0,0,2159.64,14157.64,1,Mumbai,India
100556,10836,2023-02-01,21:24:00,delivered,Credit Card,9998.0,0,1799.64,11797.64,1,Mumbai,USA
100557,10836,2023-07-10,05:13:00,delivered,Credit Card,15998.0,0,2879.64,18877.64,1,Mumbai,USA
100558,10836,2023-04-17,13:03:00,pending,Debit Card,1598.0,0,287.64,1885.64,1,Mumbai,USA
100559,10836,2023-05-29,04:41:00,delivered,UPI,19194.0,0,3454.92,22648.92,4,Mumbai,USA
100560,10836,2023-07-03,03:33:00,delivered,COD,1785.98,0,321.48,2107.46,1,Mumbai,USA
100561,10836,2023-08-31,12:50:00,delivered,Credit Card,7396.0,0,1331.28,8727.28,3,Mumbai,USA
100562,10852,2023-05-04,11:18:00,delivered,Net Banking,4198.0,0,755.64,4953.64,2,Mumbai,Singapore
100563,10856,2023-09-03,09:01:00,delivered,Debit Card,25798.0,0,4643.64,30441.64,2,Mumbai,Canada
100564,10856,2023-09-18,03:52:00,delivered,Wallet,899.0,99,161.82,1159.82,1,Mumbai,Canada
100565,10865,2022-07-29,23:52:00,processing,Credit Card,4588.5,0,825.93,5414.43,3,Mumbai,India
100566,10865,2022-10-27,07:22:00,delivered,UPI,11488.47,0,2067.92,13556.39,1,Mumbai,India
100567,10865,2022-03-21,09:35:00,delivered,COD,4747.22,0,854.5,5601.72,3,Mumbai,India
100568,,2023-06-19,16:42:00,shipped,Credit Card,3995.0,0,719.1,4714.1,4,Mumbai,India
100569,10878,2023-12-24,05:19:00,delivered,Credit Card,999.0,0,179.82,1178.82,1,Mumbai,India
100570,10888,2023-08-21,00:11:00,delivered,Net Banking,2034.6,0,366.23,2400.83,2,Mumbai,USA
100571,10892,2024-07-28,01:14:00,delivered,Debit Card,3296.0,0,593.28,3889.28,3,Mumbai,Germany
100572,10893,2023-07-09,02:54:00,delivered,Credit Card,698.95,99,125.81,923.76,1,Mumbai,India
100573,10899,2023-12-05,11:10:00,delivered,Credit Card,18358.92,0,3304.61,21663.53,5,Mumbai,Singapore
100574,10899,2023-10-05,15:01:00,delivered,Net Banking,8395.0,0,1511.1,9906.1,4,Mumbai,Singapore
100575,10899,2024-06-01,10:14:00,pending,Debit Card,30867.71,0,5556.19,36423.9,4,Mumbai,Singapore
100576,10901,2024-03-25,18:00:00,delivered,UPI,2002.2,0,360.4,2362.6,3,Mumbai,USA
100578,10906,2023-09-10,19:29:00,delivered,UPI,2505.57,0,451.0,2956.57,1,Mumbai,India
100579,10906,2024-01-13,05:43:00,shipped,Credit Card,899.0,149,161.82,1209.82,1,Mumbai,India
100580,10906,2023-10-13,13:58:00,delivered,Credit Card,3997.0,0,719.46,4716.46,2,Mumbai,India
100581,10906,2024-03-14,10:57:00,delivered,Debit Card,1499.0,0,269.82,1768.82,1,Mumbai,India
100582,10906,2023-10-11,10:16:00,delivered,UPI,11998.0,0,2159.64,14157.64,1,Mumbai,India
100583,10906,2024-03-06,21:47:00,processing,Credit Card,4096.0,0,737.28,4833.28,3,Mumbai,India
100584,10906,2023-11-11,08:34:00,delivered,Debit Card,899.0,149,161.82,1209.82,1,Mumbai,India
100585,10906,2024-02-26,03:21:00,delivered,COD,199.0,149,35.82,383.82,1,Mumbai,India
100586,10906,2023-11-23,15:02:00,delivered,COD,26597.0,0,4787.46,31384.46,2,Mumbai,India
100587,10906,2024-01-02,16:35:00,delivered,Credit Card,2395.33,0,431.16,2826.49,2,Mumbai,India
100588,10906,2024-01-14,22:58:00,delivered,Wallet,27019.76,0,4863.56,31883.32,4,Mumbai,India
100589,10906,2023-11-02,21:28:00,delivered,Net Banking,1598.0,0,287.64,1885.64,1,Mumbai,India
100590,10906,2023-10-05,09:19:00,delivered,Net Banking,3498.0,0,629.64,4127.64,2,Mumbai,India
100591,10910,2023-11-11,16:50:00,delivered,Credit Card,4380.86,0,788.55,5169.41,2,Mumbai,Australia
100592,10910,2023-09-29,23:53:00,pending,UPI,4730.69,0,851.52,5582.21,2,Mumbai,Australia
100594,10923,2023-11-23,22:42:00,delivered,UPI,15999.0,0,2879.82,18878.82,1,Mumbai,Germany
100595,10923,2023-02-11,23:59:00,delivered,UPI,3178.25,0,572.08,3750.33,2,Mumbai,Germany
100596,10923,2023-05-01,02:45:00,delivered,UPI,10497.0,0,1889.46,12386.46,2,Mumbai,Germany
100597,10937,2024-04-09,17:26:00,delivered,Credit Card,897.0,99,161.46,1157.46,1,Mumbai,USA
100598,10956,2023-05-04,17:46:00,processing,Credit Card,14789.2,0,2662.06,17451.26,2,Mumbai,UK
100599,10962,2023-06-15,10:50:00,delivered,Debit Card,6494.0,0,1168.92,7662.92,5,Mumbai,India
100600,10968,2023-08-07,10:02:00,shipped,Debit Card,4138.98,0,745.02,4884.0,2,Mumbai,UK
100601,10971,2024-08-09,19:14:00,delivered,UPI,9297.0,0,1673.46,10970.46,3,Mumbai,Australia
100602,10971,2024-09-13,00:53:00,delivered,Debit Card,6796.0,0,1223.28,8019.28,2,Mumbai,Australia
100603,10971,2024-08-09,15:46:00,delivered,UPI,44569.9,0,8022.58,52592.48,1,Mumbai,Australia
100604,10971,2024-08-03,18:31:00,cancelled,Debit Card,831.4,99,149.65,1080.05,1,Mumbai,Australia
100605,10978,2024-08-13,00:43:00,delivered,Net Banking,14995.0,0,2699.1,17694.1,3,Mumbai,India
100606,10978,2024-08-16,17:01:00,delivered,Debit Card,15998.0,0,2879.64,18877.64,1,Mumbai,India
100607,10978,2024-08-27,13:52:00,delivered,Debit Card,26170.41,0,4710.67,30881.08,2,Mumbai,India
100608,10978,2024-08-08,05:30:00,processing,Debit Card,24999.0,0,4499.82,29498.82,1,Mumbai,India
100609,10978,2025-06-15,05:40:00,delivered,Net Banking,4395.88,0,791.26,5187.14,3,Mumbai,India
100610,10978,2024-08-13,05:29:00,delivered,Wallet,17892.0,0,3220.56,21112.56,4,Mumbai,India
100611,10978,2024-09-16,15:56:00,delivered,Credit Card,1574.14,0,283.35,1857.49,2,Mumbai,India
100612,10978,2024-08-15,16:53:00,returned,Credit Card,2162.99,0,389.34,2552.33,2,Mumbai,India
100613,10978,2024-07-30,15:45:00,delivered,Credit Card,3018.12,0,543.26,3561.38,2,Mumbai,India
100614,10989,2024-03-07,03:47:00,delivered,Credit Card,22452.91,0,4041.52,26494.43,5,Mumbai,India
100615,10989,2023-09-23,07:07:00,delivered,Debit Card,7596.0,0,1367.28,8963.28,2,Mumbai,India
100616,10989,2024-04-07,15:15:00,shipped,Net Banking,26797.0,0,4823.46,31620.46,2,Mumbai,India
100617,10989,2023-06-06,07:52:00,delivered,Credit Card,5497.0,0,989.46,6486.46,2,Mumbai,India
100618,10989,2023-11-10,19:50:00,delivered,Debit Card,2098.0,0,377.64,2475.64,2,Mumbai,India
100619,10989,2023-07-26,15:05:00,delivered,UPI,510.49,49,91.89,651.38,1,Mumbai,India
100620,10989,2024-02-23,00:16:00,delivered,UPI,9196.0,0,1655.28,10851.28,3,Mumbai,India
100621,10989,2023-12-24,21:10:00,delivered,Credit Card,2499.0,0,449.82,2948.82,1,Mumbai,India
100622,10989,2023-04-29,05:20:00,delivered,Credit Card,7253.82,0,1305.69,8559.51,1,Mumbai,India
100623,10989,2023-06-27,16:30:00,delivered,Credit Card,5097.0,0,917.46,6014.46,3,Mumbai,India
100624,10989,2023-08-03,16:28:00,delivered,UPI,3895.0,0,701.1,4596.1,3,Mumbai,India
100626,10989,2024-02-22,08:37:00,delivered,Wallet,999.0,0,179.82,1178.82,1,Mumbai,India
100627,10990,2024-09-12,23:34:00,returned,Debit Card,4428.32,0,797.1,5225.42,1,Mumbai,India
100628,10990,2024-09-11,21:01:00,pending,Debit Card,4297.0,0,773.46,5070.46,2,Mumbai,India
100629,10990,2024-09-06,12:31:00,delivered,Credit Card,691.16,99,124.41,914.57,1,Mumbai,India
100630,10997,2024-10-05,12:34:00,delivered,COD,3308.31,0,595.5,3903.81,2,Mumbai,USA
100631,10997,2025-06-15,11:04:00,delivered,Wallet,3201.9,0,576.34,3778.24,3,Mumbai,USA
100632,10997,2024-10-08,15:14:00,delivered,UPI,2698.0,0,485.64,3183.64,2,Mumbai,USA
100634,10997,2024-10-09,06:35:00,delivered,Credit Card,18294.0,0,3292.92,21586.92,3,Mumbai,USA
100635,10997,2024-10-09,12:17:00,delivered,Debit Card,6497.0,0,1169.46,7666.46,2,Mumbai,USA
100636,10997,2024-10-09,03:04:00,delivered,Credit Card,5232.94,0,941.93,6174.87,2,Mumbai,USA
100637,10997,2024-10-11,02:18:00,delivered,UPI,24999.0,0,4499.82,29498.82,1,Mumbai,USA
100638,10997,2024-10-18,00:00:00,processing,Net Banking,5057.17,0,910.29,5967.46,2,Mumbai,USA
100639,10997,2024-10-07,17:28:00,delivered,Credit Card,3998.0,0,719.64,4717.64,2,Mumbai,USA
100640,10997,2024-10-12,02:20:00,delivered,Credit Card,3398.0,0,611.64,4009.64,2,Mumbai,USA
100642,10997,2024-10-09,14:07:00,delivered,Credit Card,26597.0,0,4787.46,31384.46,2,Mumbai,USA
100643,10997,2024-10-04,05:55:00,pending,Debit Card,8820.18,0,1587.63,10407.81,2,Mumbai,USA
100645,10998,2024-02-28,11:34:00,delivered,UPI,509.8,99,91.76,700.56,1,Mumbai,USA
100646,10998,2024-01-13,03:45:00,delivered,Debit Card,3497.0,0,629.46,4126.46,2,Mumbai,USA
100647,10998,2023-12-19,00:02:00,delivered,Debit Card,4649.89,0,836.98,5486.87,3,Mumbai,USA
100648,11002,2024-01-26,01:44:00,delivered,Credit Card,4250.37,0,765.07,5015.44,4,Mumbai,India
100649,11004,2022-12-02,19:10:00,delivered,Wallet,15794.0,0,2842.92,18636.92,3,Mumbai,USA
100650,11005,2023-09-08,12:28:00,pending,Credit Card,15998.0,0,2879.64,18877.64,1,Mumbai,USA
100651,11008,2023-08-23,08:56:00,shipped,Credit Card,623.19,149,112.17,884.36,1,Mumbai,Germany
100652,11011,2024-08-20,04:24:00,delivered,Credit Card,1299.0,0,233.82,1532.82,1,Mumbai,India
100653,11014,2023-09-17,05:11:00,processing,UPI,20985.22,0,3777.34,24762.56,4,Mumbai,USA
100654,11015,2023-08-14,09:06:00,delivered,COD,11998.0,0,2159.64,14157.64,1,Mumbai,USA
100655,11015,2023-03-02,04:19:00,delivered,Credit Card,14397.0,0,2591.46,16988.46,2,Mumbai,USA
100656,11015,2023-02-01,23:34:00,delivered,UPI,548.86,149,98.79,796.65,1,Mumbai,USA
100657,11015,2023-04-29,18:09:00,cancelled,UPI,3097.0,0,557.46,3654.46,2,Mumbai,USA
100658,11015,2022-11-30,16:33:00,processing,Debit Card,22636.56,0,4074.58,26711.14,1,Mumbai,USA
100659,11015,2023-05-17,01:46:00,processing,Debit Card,2498.0,0,449.64,2947.64,2,Mumbai,USA
100660,11015,2023-04-21,18:53:00,delivered,Credit Card,24999.0,0,4499.82,29498.82,1,Mumbai,USA
100661,11015,2023-04-15,00:11:00,delivered,Debit Card,2459.9,0,442.78,2902.68,2,Mumbai,USA
100663,11015,2024-01-11,06:09:00,delivered,COD,6898.0,0,1241.64,8139.64,2,Mumbai,USA
100664,11015,2023-04-19,00:27:00,delivered,Credit Card,5765.84,0,1037.85,6803.69,3,Mumbai,USA
100665,11015,2023-09-09,16:43:00,processing,Credit Card,55796.0,0,10043.28,65839.28,3,Mumbai,USA
100666,11015,2023-02-03,14:49:00,delivered,Debit Card,8998.0,0,1619.64,10617.64,1,Mumbai,USA
100667,11015,2023-08-08,22:14:00,delivered,UPI,8497.0,0,1529.46,10026.46,3,Mumbai,USA
100668,11015,2023-06-26,21:49:00,delivered,Debit Card,1398.0,0,251.64,1649.64,2,Mumbai,USA
100669,11015,2023-01-19,19:45:00,delivered,Credit Card,1116.24,0,200.92,1317.16,1,Mumbai,USA
100670,11015,2023-05-05,05:44:00,delivered,UPI,699.0,49,125.82,873.82,1,Mumbai,USA
100671,,2023-12-15,13:18:00,delivered,Credit Card,1640.88,0,295.36,1936.24,2,Mumbai,USA
100672,11015,2023-08-05,23:02:00,delivered,Debit Card,1798.0,0,323.64,2121.64,1,Mumbai,USA
100673,11015,2023-08-08,10:39:00,delivered,COD,3090.88,0,556.36,3647.24,2,Mumbai,USA
100674,11015,2023-06-15,15:44:00,delivered,Credit Card,18693.0,0,3364.74,22057.74,5,Mumbai,USA
100675,11015,2023-03-04,23:31:00,pending,Credit Card,10296.0,0,1853.28,12149.28,3,Mumbai,USA
100676,11015,2022-11-26,21:21:00,delivered,Debit Card,3751.7,0,675.31,4427.01,3,Mumbai,USA
100677,11015,2023-02-26,16:27:00,delivered,Debit Card,4198.0,0,755.64,4953.64,2,Mumbai,USA
100678,11015,2023-03-09,17:30:00,returned,COD,8196.0,0,1475.28,9671.28,2,Mumbai,USA
100679,11015,2023-07-17,03:13:00,delivered,UPI,2952.69,0,531.48,3484.17,2,Mumbai,USA
100680,11015,2023-01-03,13:44:00,delivered,Credit Card,3242.84,0,583.71,3826.55,3,Mumbai,USA
100681,11015,2023-05-17,02:37:00,shipped,Debit Card,1198.0,0,215.64,1413.64,1,Mumbai,USA
100682,11015,2023-07-15,05:58:00,processing,Wallet,1198.0,0,215.64,1413.64,1,Mumbai,USA
100683,11015,2023-09-18,00:04:00,delivered,UPI,852.1,49,153.38,1054.48,1,Mumbai,USA
100684,11015,2023-04-04,19:30:00,delivered,Credit Card,9908.82,0,1783.59,11692.41,2,Mumbai,USA
100685,11015,2023-06-10,04:19:00,shipped,UPI,7627.25,0,1372.9,9000.15,4,Mumbai,USA
100687,11015,2022-10-26,19:34:00,delivered,Credit Card,5999.0,0,1079.82,7078.82,1,Mumbai,USA
100688,11015,2023-06-07,07:45:00,cancelled,Credit Card,638.61,149,114.95,902.56,1,Mumbai,USA
100689,11015,2023-01-08,02:49:00,delivered,UPI,12999.0,0,2339.82,15338.82,1,Mumbai,USA
100690,11015,2022-12-21,15:29:00,delivered,Wallet,894.1,149,160.94,1204.04,1,Mumbai,USA
100691,11015,2023-07-03,06:36:00,delivered,UPI,2997.0,0,539.46,3536.46,1,Mumbai,USA
100692,11015,2023-03-08,10:28:00,delivered,UPI,699.0,149,125.82,973.82,1,Mumbai,USA
100693,11016,2023-11-06,20:55:00,delivered,Wallet,5997.0,0,1079.46,7076.46,1,Mumbai,USA
100694,11025,2023-07-24,03:12:00,delivered,UPI,7667.44,0,1380.14,9047.58,3,Mumbai,Singapore
100695,11027,2024-10-14,05:19:00,delivered,Debit Card,3998.0,0,719.64,4717.64,1,Mumbai,India
100696,11034,2024-04-25,05:45:00,delivered,COD,3496.0,0,629.28,4125.28,3,Mumbai,India
100697,11034,2024-06-05,11:48:00,delivered,UPI,2497.0,0,449.46,2946.46,3,Mumbai,India
100698,11034,2024-05-25,19:49:00,shipped,Net Banking,1593.39,0,286.81,1880.2,1,Mumbai,India
100699,11034,2024-06-30,12:22:00,delivered,Debit Card,2499.0,0,449.82,2948.82,1,Mumbai,India
100700,11049,2024-08-12,10:49:00,delivered,Wallet,11096.0,0,1997.28,13093.28,2,Mumbai,India
100701,11054,2023-05-09,06:54:00,shipped,UPI,2995.0,0,539.1,3534.1,3,Mumbai,USA
100702,11054,2023-07-31,12:53:00,delivered,Debit Card,14997.0,0,2699.46,17696.46,1,Mumbai,USA
100703,11054,2022-11-25,09:07:00,delivered,UPI,11497.0,0,2069.46,13566.46,3,Mumbai,USA
100704,11056,2022-08-18,10:52:00,delivered,Credit Card,27097.0,0,4877.46,31974.46,3,Mumbai,India
100705,11056,2022-08-31,02:42:00,delivered,Credit Card,899.0,49,161.82,1109.82,1,Mumbai,India
100706,11056,2022-06-12,11:49:00,processing,Net Banking,2382.46,0,428.84,2811.3,1,Mumbai,India
100707,11057,2023-07-29,14:12:00,shipped,Net Banking,2508.98,0,451.62,2960.6,2,Mumbai,India
100708,11057,2024-03-01,10:03:00,cancelled,Net Banking,1665.72,0,299.83,1965.55,1,Mumbai,India
100709,11057,2023-12-30,08:11:00,shipped,Credit Card,71688.82,0,12903.99,84592.81,5,Mumbai,India
100712,11059,2022-08-30,01:20:00,delivered,Credit Card,1035.76,0,186.44,1222.2,1,Mumbai,India
100713,11059,2023-09-25,12:30:00,delivered,Debit Card,1198.0,0,215.64,1413.64,1,Mumbai,India
100714,11059,2022-07-10,22:31:00,delivered,Net Banking,3999.0,0,719.82,4718.82,1,Mumbai,India
100715,,2023-10-26,03:25:00,delivered,Credit Card,1998.0,0,359.64,2357.64,1,Mumbai,India
100716,11069,2022-12-27,09:17:00,delivered,Net Banking,5999.0,0,1079.82,7078.82,1,Mumbai,Germany
100717,11071,2024-07-31,16:33:00,delivered,Credit Card,4252.99,0,765.54,5018.53,2,Mumbai,India
100718,11071,2024-07-08,12:17:00,shipped,Credit Card,5597.0,0,1007.46,6604.46,2,Mumbai,India
100719,11071,2024-08-21,22:09:00,delivered,Debit Card,1985.76,0,357.44,2343.2,2,Mumbai,India
100720,11071,2024-06-17,16:25:00,returned,Credit Card,2798.0,0,503.64,3301.64,2,Mumbai,India
100721,11071,2024-07-10,06:35:00,delivered,UPI,1933.43,0,348.02,2281.45,3,Mumbai,India
100722,11071,2024-06-26,01:26:00,delivered,Debit Card,17356.37,0,3124.15,20480.52,2,Mumbai,India
100723,11077,2022-11-17,04:17:00,returned,UPI,47997.0,0,8639.46,56636.46,1,Mumbai,Singapore
100724,11077,2023-09-19,16:43:00,delivered,Net Banking,1697.0,0,305.46,2002.46,2,Mumbai,Singapore
100725,11077,2023-01-05,11:51:00,shipped,Credit Card,1499.0,0,269.82,1768.82,1,Mumbai,Singapore
100726,11077,2022-08-30,03:21:00,delivered,Credit Card,20703.37,0,3726.61,24429.98,3,Mumbai,Singapore
100727,11082,2023-07-02,01:19:00,processing,Credit Card,599.0,99,107.82,805.82,1,Mumbai,India
100728,11082,2023-05-14,01:53:00,delivered,Wallet,33493.0,0,6028.74,39521.74,5,Mumbai,India
100729,11082,2023-04-02,18:22:00,delivered,Credit Card,2499.0,0,449.82,2948.82,1,Mumbai,India
100730,11082,2023-08-30,16:42:00,delivered,Debit Card,15999.0,0,2879.82,18878.82,1,Mumbai,India
100731,11082,2023-04-10,23:32:00,cancelled,Debit Card,6097.0,0,1097.46,7194.46,3,Mumbai,India
100732,11082,2023-01-19,00:06:00,delivered,UPI,2494.18,0,448.95,2943.13,3,Mumbai,India
100733,11082,2023-11-21,07:39:00,delivered,Credit Card,10305.47,0,1854.98,12160.45,3,Mumbai,India
100734,11082,2023-04-04,18:55:00,cancelled,Net Banking,7216.86,0,1299.03,8515.89,3,Mumbai,India
100735,11082,2023-04-28,17:28:00,pending,Credit Card,2298.0,0,413.64,2711.64,2,Mumbai,India
100736,11082,2023-07-22,13:23:00,delivered,Debit Card,599.0,149,107.82,855.82,1,Mumbai,India
100737,11082,2023-05-04,13:01:00,processing,UPI,699.0,99,125.82,923.82,1,Mumbai,India
100738,11082,2023-04-13,20:19:00,delivered,Debit Card,6498.0,0,1169.64,7667.64,2,Mumbai,India
100739,11082,2023-04-30,08:07:00,pending,Credit Card,698.0,149,125.64,972.64,2,Mumbai,India
100740,11082,2023-04-05,08:50:00,delivered,Credit Card,15331.88,0,2759.74,18091.62,2,Mumbai,India
100741,11082,2023-04-28,17:04:00,pending,Net Banking,15999.0,0,2879.82,18878.82,1,Mumbai,India
100742,11089,2024-09-08,05:08:00,processing,UPI,1499.0,0,269.82,1768.82,1,Mumbai,USA
100743,11094,2023-05-14,08:43:00,shipped,UPI,4499.0,0,809.82,5308.82,1,Mumbai,India
100744,11094,2023-10-12,20:05:00,delivered,Debit Card,5664.49,0,1019.61,6684.1,1,Mumbai,India
100745,11094,2023-02-08,08:44:00,delivered,UPI,17033.11,0,3065.96,20099.07,2,Mumbai,India
100746,11094,2023-02-16,05:19:00,delivered,Debit Card,3487.96,0,627.83,4115.79,1,Mumbai,India
100747,11095,2024-05-19,21:15:00,delivered,UPI,31680.17,0,5702.43,37382.6,3,Mumbai,Australia
100748,11095,2024-01-25,09:37:00,shipped,Credit Card,999.0,0,179.82,1178.82,1,Mumbai,Australia
100749,11095,2024-02-04,12:50:00,delivered,Credit Card,3797.0,0,683.46,4480.46,3,Mumbai,Australia
100751,11095,2024-01-08,23:25:00,delivered,Credit Card,2176.18,0,391.71,2567.89,1,Mumbai,Australia
100753,11099,2022-11-06,20:12:00,delivered,Net Banking,2929.86,0,527.37,3457.23,2,Mumbai,India
100754,11099,2022-04-11,23:56:00,returned,UPI,3298.0,0,593.64,3891.64,2,Mumbai,India
100755,11106,2024-05-14,06:31:00,shipped,Credit Card,6598.0,0,1187.64,7785.64,2,Mumbai,Singapore
100756,11110,2023-06-10,06:23:00,shipped,Wallet,9794.0,0,1762.92,11556.92,4,Mumbai,India
100757,11113,2023-08-31,11:54:00,delivered,UPI,999.0,0,179.82,1178.82,1,Mumbai,Germany
100759,11113,2023-11-25,11:01:00,shipped,Wallet,3998.0,0,719.64,4717.64,2,Mumbai,Germany
100760,11115,2024-03-13,12:07:00,delivered,Credit Card,3499.0,0,629.82,4128.82,1,Mumbai,USA
100761,11118,2022-08-10,17:26:00,delivered,Credit Card,599.0,49,107.82,755.82,1,Mumbai,USA
100762,11118,2022-12-08,03:29:00,delivered,Credit Card,598.0,149,107.64,854.64,1,Mumbai,USA
100763,11118,2023-06-26,10:28:00,shipped,UPI,14995.0,0,2699.1,17694.1,2,Mumbai,USA
100764,11120,2023-08-31,06:59:00,delivered,Wallet,2074.47,0,373.4,2447.87,3,Mumbai,India
100766,11120,2023-04-21,04:35:00,processing,Credit Card,9998.0,0,1799.64,11797.64,1,Mumbai,India
100767,11121,2024-03-02,14:49:00,delivered,Debit Card,3248.09,0,584.66,3832.75,1,Mumbai,Canada
100768,11122,2023-01-11,13:40:00,delivered,Debit Card,1998.0,0,359.64,2357.64,1,Mumbai,India
100769,11122,2023-01-07,01:35:00,delivered,Credit Card,1790.56,0,322.3,2112.86,1,Mumbai,India
100770,11139,2024-02-14,04:52:00,delivered,Debit Card,4793.49,0,862.83,5656.32,2,Mumbai,UK
100771,11139,2023-05-19,23:54:00,processing,Wallet,1999.0,0,359.82,2358.82,1,Mumbai,UK
100772,11139,2023-04-18,07:22:00,delivered,UPI,15932.91,0,2867.92,18800.83,2,Mumbai,UK
100773,11139,2023-02-02,00:30:00,delivered,Credit Card,1798.0,0,323.64,2121.64,1,Mumbai,UK
100774,11139,2023-07-08,22:41:00,delivered,UPI,3498.0,0,629.64,4127.64,2,Mumbai,UK
100776,11139,2023-09-02,07:51:00,pending,Credit Card,4499.0,0,809.82,5308.82,1,Mumbai,UK
100777,11139,2023-09-13,11:03:00,delivered,Debit Card,2999.0,0,539.82,3538.82,1,Mumbai,UK
100778,11139,2023-08-08,07:36:00,pending,Credit Card,27107.08,0,4879.27,31986.35,3,Mumbai,UK
100779,11142,2023-06-11,09:02:00,delivered,Debit Card,6796.0,0,1223.28,8019.28,3,Mumbai,USA
100870,11146,2022-05-05,02:06:00,delivered,Debit Card,1998.0,0,359.64,2357.64,2,Mumbai,India
100871,11165,2023-06-19,16:29:00,delivered,Debit Card,11998.0,0,2159.64,14157.64,1,Mumbai,India
100872,11165,2024-05-28,12:53:00,delivered,Wallet,2196.0,0,395.28,2591.28,2,Mumbai,India
100873,11165,2023-02-27,08:59:00,pending,UPI,31998.0,0,5759.64,37757.64,1,Mumbai,India
100874,11166,2023-09-03,16:25:00,shipped,UPI,9197.0,0,1655.46,10852.46,2,Mumbai,USA
100875,11166,2025-06-15,10:47:00,delivered,UPI,2499.0,0,449.82,2948.82,1,Mumbai,USA
100876,11166,2023-12-17,23:44:00,delivered,UPI,948.48,49,170.73,1168.21,1,Mumbai,USA
100877,11166,2024-02-11,11:59:00,delivered,Debit Card,999.0,0,179.82,1178.82,1,Mumbai,USA
100878,11166,2024-05-01,08:16:00,delivered,UPI,6200.54,0,1116.1,7316.64,5,Mumbai,USA
100879,11166,2023-09-03,01:36:00,delivered,Net Banking,14996.0,0,2699.28,17695.28,3,Mumbai,USA
100880,11172,2023-06-04,17:44:00,delivered,Credit Card,17298.0,0,3113.64,20411.64,2,Mumbai,Australia
100881,11172,2023-11-24,23:42:00,delivered,COD,2217.69,0,399.18,2616.87,1,Mumbai,Australia
100882,11172,2023-05-16,20:30:00,cancelled,Credit Card,32997.0,0,5939.46,38936.46,2,Mumbai,Australia
100883,11172,2023-04-24,04:36:00,processing,Credit Card,1598.0,0,287.64,1885.64,1,Mumbai,Australia
100885,11172,2023-07-05,21:57:00,delivered,Debit Card,3311.02,0,595.98,3907.0,1,Mumbai,Australia
100886,11172,2023-06-28,08:54:00,delivered,Debit Card,6005.5,0,1080.99,7086.49,2,Mumbai,Australia
100887,11172,2023-08-03,21:32:00,delivered,Debit Card,3078.14,0,554.07,3632.21,3,Mumbai,Australia
100888,11172,2023-05-05,00:06:00,delivered,Net Banking,2613.72,0,470.47,3084.19,1,Mumbai,Australia
100889,11172,2023-09-20,16:41:00,shipped,UPI,199.0,149,35.82,383.82,1,Mumbai,Australia
100890,11172,2023-03-03,03:24:00,delivered,Debit Card,4290.72,0,772.33,5063.05,1,Mumbai,Australia
100891,11172,2023-09-16,16:37:00,shipped,UPI,899.0,149,161.82,1209.82,1,Mumbai,Australia
100892,11172,2023-09-10,06:03:00,delivered,Debit Card,4196.0,0,755.28,4951.28,2,Mumbai,Australia
100893,11172,2023-05-27,23:19:00,delivered,COD,1499.0,0,269.82,1768.82,1,Mumbai,Australia
100894,11172,2023-06-16,16:42:00,shipped,Credit Card,16294.0,0,2932.92,19226.92,4,Mumbai,Australia
100895,11172,2023-12-18,18:50:00,delivered,Debit Card,3499.0,0,629.82,4128.82,1,Mumbai,Australia
100896,11172,2023-04-25,14:05:00,delivered,Credit Card,43315.64,0,7796.82,51112.46,3,Mumbai,Australia
100898,11172,2023-07-08,07:35:00,delivered,Credit Card,49998.0,0,8999.64,58997.64,1,Mumbai,Australia
100899,11172,2023-10-04,18:07:00,processing,Debit Card,1499.0,0,269.82,1768.82,1,Mumbai,Australia
100900,11172,2024-04-18,02:10:00,delivered,Debit Card,999.0,0,179.82,1178.82,1,Mumbai,Australia
100901,11172,2023-01-21,01:01:00,delivered,Debit Card,1999.0,0,359.82,2358.82,1,Mumbai,Australia
100902,11172,2023-05-17,17:49:00,delivered,Credit Card,6196.0,0,1115.28,7311.28,3,Mumbai,Australia
100903,11172,2023-09-13,19:38:00,delivered,Debit Card,8897.0,0,1601.46,10498.46,3,Mumbai,Australia
100904,11178,2024-06-02,22:29:00,delivered,UPI,5262.68,0,947.28,6209.96,4,Mumbai,India
100905,11178,2024-07-11,22:20:00,delivered,UPI,999.0,0,179.82,1178.82,1,Mumbai,India
100906,11178,2024-07-22,15:09:00,delivered,Credit Card,1201.71,0,216.31,1418.02,2,Mumbai,India
100907,11178,2024-08-23,06:39:00,delivered,UPI,1714.24,0,308.56,2022.8,2,Mumbai,India
100908,11178,2024-08-04,05:21:00,cancelled,Debit Card,2598.0,0,467.64,3065.64,1,Mumbai,India
100909,11178,2024-07-26,12:22:00,shipped,Debit Card,16396.0,0,2951.28,19347.28,3,Mumbai,India
100910,11187,2022-07-05,10:02:00,delivered,UPI,1998.0,0,359.64,2357.64,1,Mumbai,India
100911,11191,2022-03-22,21:39:00,delivered,COD,699.0,49,125.82,873.82,1,Mumbai,India
100912,11196,2022-04-29,22:12:00,delivered,Credit Card,1999.0,0,359.82,2358.82,1,Mumbai,India
100913,11203,2023-05-17,03:57:00,shipped,Net Banking,5824.31,0,1048.38,6872.69,3,Mumbai,UK
100914,11203,2023-02-02,23:55:00,shipped,Wallet,4998.0,0,899.64,5897.64,1,Mumbai,UK
100915,11203,2023-12-26,10:39:00,delivered,Credit Card,1398.0,0,251.64,1649.64,1,Mumbai,UK
100916,11233,2024-09-02,19:14:00,delivered,Debit Card,919.8,149,165.56,1234.36,1,Mumbai,India
100917,11235,2024-07-11,21:38:00,delivered,Debit Card,2520.16,0,453.63,2973.79,2,Mumbai,India
100918,11237,2022-12-01,20:11:00,processing,Debit Card,699.0,149,125.82,973.82,1,Mumbai,India
100919,11237,2023-08-16,20:00:00,delivered,Wallet,3836.4,0,690.55,4526.95,2,Mumbai,India
100920,11237,2023-02-20,23:17:00,delivered,Net Banking,6163.06,0,1109.35,7272.41,3,Mumbai,India
100921,11238,2024-01-11,07:08:00,processing,Debit Card,1598.0,0,287.64,1885.64,1,Mumbai,India
100922,11239,2023-10-18,10:47:00,delivered,UPI,4999.0,0,899.82,5898.82,1,Mumbai,India
100923,11240,2024-07-13,06:19:00,delivered,Credit Card,4999.0,0,899.82,5898.82,1,Mumbai,USA
100924,11240,2024-08-07,14:27:00,processing,Wallet,2197.0,0,395.46,2592.46,2,Mumbai,USA
100925,11240,2024-07-31,23:00:00,cancelled,Net Banking,3997.0,0,719.46,4716.46,2,Mumbai,USA
100926,11240,2024-06-25,16:01:00,delivered,Debit Card,537.18,149,96.69,782.87,1,Mumbai,USA
100928,11249,2023-05-17,09:42:00,processing,Credit Card,18670.54,0,3360.7,22031.24,2,Mumbai,Germany
100929,11249,2023-04-02,14:17:00,shipped,Wallet,14047.4,0,2528.53,16575.93,1,Mumbai,Germany
100930,11249,2023-08-26,21:41:00,delivered,Debit Card,2897.0,0,521.46,3418.46,2,Mumbai,Germany
100931,11250,2022-11-28,05:20:00,shipped,UPI,912.36,49,164.22,1125.58,1,Mumbai,India
100932,11250,2022-09-14,08:03:00,cancelled,Debit Card,3097.0,0,557.46,3654.46,3,Mumbai,India
100933,11250,2022-09-01,02:50:00,delivered,UPI,5597.0,0,1007.46,6604.46,2,Mumbai,India
100934,11250,2022-10-17,06:43:00,delivered,UPI,8144.92,0,1466.09,9611.01,3,Mumbai,India
100935,11250,2024-01-02,14:29:00,cancelled,Debit Card,45112.95,0,8120.33,53233.28,5,Mumbai,India
100936,11250,2023-01-31,11:52:00,cancelled,Debit Card,2998.0,0,539.64,3537.64,1,Mumbai,India
100937,11250,2023-07-19,09:01:00,delivered,UPI,8997.0,0,1619.46,10616.46,2,Mumbai,India
100938,11250,2023-02-05,10:36:00,processing,Debit Card,199.0,99,35.82,333.82,1,Mumbai,India
100939,11250,2023-08-14,03:25:00,processing,Wallet,2203.64,0,396.66,2600.3,1,Mumbai,India
100940,11250,2022-10-25,01:45:00,shipped,Debit Card,4999.0,0,899.82,5898.82,1,Mumbai,India
100941,11250,2023-03-07,09:35:00,delivered,Net Banking,2896.0,0,521.28,3417.28,3,Mumbai,India
100942,11250,2022-11-09,04:21:00,delivered,Wallet,1999.0,0,359.82,2358.82,1,Mumbai,India
100943,11250,2023-02-10,23:00:00,delivered,Credit Card,2898.0,0,521.64,3419.64,2,Mumbai,India
100944,11250,2023-12-25,15:16:00,processing,COD,21705.24,0,3906.94,25612.18,5,Mumbai,India
100945,11250,2022-10-05,23:09:00,delivered,Debit Card,8497.0,0,1529.46,10026.46,2,Mumbai,India
100946,11250,2023-09-02,10:58:00,shipped,Debit Card,3597.0,0,647.46,4244.46,2,Mumbai,India
100947,11250,2022-09-24,10:26:00,delivered,UPI,1998.0,0,359.64,2357.64,1,Mumbai,India
100948,11250,2022-12-15,19:45:00,delivered,COD,5440.44,0,979.28,6419.72,2,Mumbai,India
100949,11250,2023-03-04,12:06:00,delivered,UPI,899.0,49,161.82,1109.82,1,Mumbai,India
100950,11254,2022-11-06,17:54:00,cancelled,Debit Card,4869.98,0,876.6,5746.58,2,Mumbai,Canada
100951,11258,2024-07-23,14:00:00,delivered,Credit Card,1398.0,0,251.64,1649.64,2,Mumbai,UK
100952,11260,2022-06-19,12:38:00,delivered,Credit Card,2997.0,0,539.46,3536.46,2,Mumbai,UK
100953,11260,2022-09-22,03:47:00,delivered,Debit Card,20996.0,0,3779.28,24775.28,2,Mumbai,UK
100954,11271,2023-07-09,13:35:00,delivered,Credit Card,899.0,49,161.82,1109.82,1,Mumbai,UK
100955,11272,2023-09-19,05:12:00,cancelled,Debit Card,7597.0,0,1367.46,8964.46,3,Mumbai,India
100956,11275,2024-10-30,13:24:00,delivered,Wallet,1379.79,0,248.36,1628.15,1,Mumbai,Germany
100957,11285,2024-08-27,23:01:00,delivered,UPI,6799.43,0,1223.9,8023.33,2,Mumbai,USA
100958,11285,2024-09-26,12:42:00,delivered,Credit Card,24409.08,0,4393.63,28802.71,3,Mumbai,USA
100959,11285,2024-09-12,02:01:00,delivered,COD,2598.0,0,467.64,3065.64,2,Mumbai,USA
100960,11285,2024-09-22,07:42:00,delivered,Debit Card,24912.23,0,4484.2,-29396.43,4,Mumbai,USA
100962,11285,2024-09-28,04:06:00,delivered,Credit Card,699.0,99,125.82,923.82,1,Mumbai,USA
100963,11285,2024-09-03,20:38:00,delivered,Debit Card,3498.0,0,629.64,4127.64,2,Mumbai,USA
100964,11285,2024-08-27,14:56:00,delivered,Debit Card,7551.92,0,1359.35,8911.27,3,Mumbai,USA
100965,11285,2024-08-24,16:50:00,processing,UPI,5327.42,0,958.94,6286.36,2,Mumbai,USA
100966,11294,2024-04-16,02:08:00,shipped,Credit Card,3057.55,0,550.36,3607.91,2,Mumbai,India
100967,11294,2023-10-24,06:23:00,delivered,UPI,1285.83,0,231.45,1517.28,1,Mumbai,India
100969,11306,2023-12-14,09:59:00,processing,Wallet,2996.0,0,539.28,3535.28,2,Mumbai,USA
100970,11309,2024-09-12,18:59:00,delivered,Credit Card,899.0,99,161.82,1159.82,1,Mumbai,India
100971,11309,2024-09-03,09:30:00,delivered,Wallet,6596.0,0,1187.28,7783.28,2,Mumbai,India
100972,11309,2024-09-26,20:47:00,delivered,UPI,4021.02,0,723.78,4744.8,2,Mumbai,India
100973,11320,2024-09-09,19:02:00,delivered,Debit Card,57026.72,0,10264.81,67291.53,5,Mumbai,Germany
100974,11320,2024-08-11,09:40:00,shipped,Net Banking,3999.0,0,719.82,4718.82,1,Mumbai,Germany
100975,11320,2024-08-19,23:16:00,delivered,Wallet,4997.0,0,899.46,5896.46,2,Mumbai,Germany
100976,11325,2024-07-12,15:55:00,returned,Credit Card,1499.0,0,269.82,1768.82,1,Mumbai,Canada
100977,11325,2024-09-03,21:22:00,returned,Wallet,1498.0,0,269.64,1767.64,2,Mumbai,Canada
100978,11325,2024-04-14,01:09:00,delivered,UPI,1499.0,0,269.82,1768.82,1,Mumbai,Canada
100979,11325,2024-05-26,20:47:00,processing,Credit Card,6998.0,0,1259.64,8257.64,1,Mumbai,Canada
100980,11325,2024-06-30,11:45:00,delivered,Debit Card,11998.0,0,2159.64,14157.64,1,Mumbai,Canada
100981,11325,2024-06-23,22:06:00,shipped,UPI,699.0,99,125.82,923.82,1,Mumbai,Canada
100982,11325,2024-04-14,21:33:00,returned,UPI,1796.0,0,323.28,2119.28,2,Mumbai,Canada
100983,11332,2024-05-08,02:19:00,delivered,Net Banking,6997.0,0,1259.46,8256.46,3,Mumbai,India
100984,11336,2023-05-29,19:45:00,processing,Net Banking,899.0,49,161.82,1109.82,1,Mumbai,UK
100986,11339,2023-07-21,10:55:00,pending,Credit Card,2935.31,0,528.36,3463.67,2,Mumbai,India
100988,11350,2024-08-14,14:51:00,cancelled,Debit Card,8297.0,0,1493.46,9790.46,3,Mumbai,Australia
100989,11350,2024-07-25,16:19:00,shipped,UPI,1114.44,0,200.6,1315.04,1,Mumbai,Australia
100990,11350,2024-08-04,06:53:00,shipped,Credit Card,1498.0,0,269.64,1767.64,2,Mumbai,Australia
100991,11353,2022-07-03,18:28:00,delivered,Debit Card,49637.41,0,8934.73,58572.14,3,Mumbai,India
100992,11353,2023-02-27,00:42:00,shipped,COD,5999.0,0,1079.82,7078.82,1,Mumbai,India
100993,11353,2023-02-02,23:48:00,delivered,Debit Card,998.0,49,179.64,1226.64,1,Mumbai,India
100994,11353,2022-09-26,14:55:00,delivered,Debit Card,599.0,149,107.82,855.82,1,Mumbai,India
100995,11353,2023-08-07,05:47:00,shipped,UPI,8597.0,0,1547.46,10144.46,3,Mumbai,India
100996,11353,2022-07-25,17:23:00,delivered,UPI,2998.0,0,539.64,3537.64,2,Mumbai,India
100997,11353,2022-12-12,23:37:00,delivered,UPI,3998.0,0,719.64,4717.64,2,Mumbai,India
100998,11365,2024-08-14,16:35:00,processing,UPI,2998.0,0,539.64,3537.64,1,Mumbai,India
100999,11365,2024-08-24,19:49:00,delivered,Credit Card,2800.65,0,504.12,3304.77,1,Mumbai,India
101000,11365,2024-09-18,01:13:00,delivered,Wallet,999.0,0,179.82,1178.82,1,Mumbai,India
101001,11367,2024-03-05,03:12:00,delivered,Debit Card,3200.52,0,576.09,3776.61,2,Mumbai,Germany
101002,11369,2022-09-26,17:54:00,shipped,Debit Card,1299.0,0,233.82,1532.82,1,Mumbai,Canada
101003,11369,2022-09-15,13:38:00,delivered,Credit Card,1299.0,0,233.82,1532.82,1,Mumbai,Canada
101004,11382,2022-03-22,07:16:00,delivered,Debit Card,3909.94,0,703.79,4613.73,3,Mumbai,India
101005,11382,2022-06-24,23:49:00,delivered,UPI,6998.0,0,1259.64,8257.64,2,Mumbai,India
101006,11382,2023-01-07,03:38:00,delivered,UPI,599.0,49,107.82,755.82,1,Mumbai,India
101007,11390,2023-04-05,08:10:00,delivered,Debit Card,10197.0,0,1835.46,12032.46,3,Mumbai,India
101008,11401,2023-11-17,20:09:00,delivered,Net Banking,1198.0,0,215.64,1413.64,1,Mumbai,USA
101009,11405,2024-09-10,18:35:00,pending,Credit Card,899.0,149,161.82,1209.82,1,Mumbai,India
101010,11405,2024-08-20,19:29:00,delivered,UPI,1922.6,0,346.07,2268.67,2,Mumbai,India
101011,11405,2024-08-31,23:35:00,delivered,Debit Card,14655.6,0,2638.01,17293.61,4,Mumbai,India
101012,11405,2024-08-24,00:32:00,shipped,Credit Card,9320.64,0,1677.72,10998.36,2,Mumbai,India
101013,11408,2023-09-22,09:00:00,delivered,Wallet,49998.0,0,8999.64,58997.64,1,Mumbai,USA
101015,11411,2024-05-31,16:25:00,delivered,Debit Card,9998.0,0,1799.64,11797.64,1,Mumbai,India
101016,11411,2024-06-02,19:01:00,processing,Wallet,28528.36,0,5135.1,33663.46,1,Mumbai,India
101017,11411,2024-07-23,15:05:00,delivered,Debit Card,8346.72,0,1502.41,9849.13,3,Mumbai,India
101018,11413,2024-01-19,06:01:00,delivered,Debit Card,699.0,49,125.82,873.82,1,Mumbai,India
101019,11413,2024-02-02,09:11:00,delivered,Debit Card,3997.0,0,719.46,4716.46,3,Mumbai,India
101020,11413,2024-03-02,06:49:00,shipped,Credit Card,2499.0,0,449.82,2948.82,1,Mumbai,India
101021,11418,2023-12-26,09:28:00,delivered,Debit Card,2499.0,0,449.82,2948.82,1,Mumbai,USA
101022,11418,2024-04-09,20:51:00,delivered,UPI,199.0,99,35.82,333.82,1,Mumbai,USA
101023,11418,2023-11-26,21:00:00,processing,Credit Card,3398.0,0,611.64,4009.64,2,Mumbai,USA
101025,11418,2024-01-02,17:11:00,delivered,Wallet,1998.0,0,359.64,2357.64,1,Mumbai,USA
101026,11418,2023-12-26,02:23:00,delivered,Debit Card,5999.0,0,1079.82,7078.82,1,Mumbai,USA
101027,11418,2023-12-07,12:41:00,pending,COD,4998.0,0,899.64,5897.64,1,Mumbai,USA
101028,11418,2024-01-14,01:40:00,delivered,Debit Card,1499.0,0,269.82,1768.82,1,Mumbai,USA
101029,11418,2023-12-07,09:42:00,delivered,Net Banking,7998.0,0,1439.64,9437.64,1,Mumbai,USA
101030,11418,2024-01-18,13:25:00,delivered,Debit Card,2998.0,0,539.64,3537.64,1,Mumbai,USA
101032,11418,2023-10-17,00:56:00,delivered,UPI,21798.37,0,3923.71,25722.08,5,Mumbai,USA
101033,11418,2024-01-13,12:06:00,delivered,Debit Card,6351.49,0,1143.27,7494.76,2,Mumbai,USA
101034,11424,2022-08-02,11:54:00,delivered,COD,4998.0,0,899.64,5897.64,2,Mumbai,Australia
101035,11425,2022-10-25,17:01:00,delivered,Debit Card,799.0,49,143.82,991.82,1,Mumbai,India
101036,11428,2023-04-06,09:58:00,returned,UPI,4498.0,0,809.64,5307.64,2,Mumbai,UK
101037,11431,2024-02-21,18:54:00,delivered,Debit Card,9997.0,0,1799.46,11796.46,3,Mumbai,India
101038,11431,2024-01-17,14:34:00,delivered,Debit Card,46476.82,0,8365.83,54842.65,2,Mumbai,India
101040,11434,2023-07-24,14:25:00,shipped,UPI,2411.72,0,434.11,2845.83,2,Mumbai,India
101042,11446,2023-04-22,22:22:00,shipped,Debit Card,13998.0,0,2519.64,16517.64,2,Mumbai,India
101044,11446,2023-04-22,14:30:00,pending,UPI,34296.0,0,6173.28,40469.28,3,Mumbai,India
101045,11454,2023-08-03,06:44:00,delivered,Debit Card,10581.3,0,1904.63,12485.93,4,Mumbai,USA
101046,11454,2023-06-06,16:43:00,processing,Debit Card,1421.33,0,255.84,1677.17,3,Mumbai,USA
101047,11454,2023-09-23,07:09:00,delivered,UPI,5205.42,0,936.98,6142.4,5,Mumbai,USA
101048,11454,2023-05-06,16:45:00,delivered,Debit Card,899.0,99,161.82,1159.82,1,Mumbai,USA
101049,11454,2023-01-12,23:26:00,delivered,Credit Card,1499.0,0,269.82,1768.82,1,Mumbai,USA
101050,11454,2023-06-25,23:40:00,delivered,Debit Card,3197.67,0,575.58,3773.25,1,Mumbai,USA
101051,11454,2023-07-15,14:23:00,pending,Credit Card,5146.88,0,926.44,6073.32,2,Mumbai,USA
101052,11454,2023-11-09,21:13:00,shipped,Wallet,1798.0,0,323.64,2121.64,1,Mumbai,USA
101053,11454,2023-04-20,13:55:00,delivered,UPI,3797.0,0,683.46,4480.46,3,Mumbai,USA
101054,11454,2023-08-03,17:42:00,shipped,Debit Card,6996.0,0,1259.28,8255.28,3,Mumbai,USA
101055,11454,2023-02-03,11:04:00,shipped,COD,21982.4,0,3956.83,25939.23,5,Mumbai,USA
101056,11454,2023-02-23,02:16:00,delivered,COD,3197.0,0,575.46,3772.46,2,Mumbai,USA
101057,11454,2023-07-22,10:52:00,shipped,Credit Card,1998.0,0,359.64,2357.64,1,Mumbai,USA
101058,11454,2023-03-07,21:28:00,delivered,UPI,999.0,0,179.82,1178.82,1,Mumbai,USA
101059,11454,2023-05-31,14:08:00,processing,Debit Card,5337.34,0,960.72,6298.06,4,Mumbai,USA
101060,11454,2023-04-11,11:47:00,delivered,Debit Card,11494.0,0,2068.92,13562.92,3,Mumbai,USA
101061,11454,2023-01-22,16:50:00,delivered,Credit Card,8794.0,0,1582.92,-10376.92,4,Mumbai,USA
101062,,2023-06-19,05:16:00,delivered,Net Banking,5295.0,0,953.1,6248.1,3,Mumbai,USA
101063,11454,2023-11-28,00:38:00,delivered,Wallet,8270.91,0,1488.76,9759.67,1,Mumbai,USA
101064,11454,2023-02-16,00:14:00,delivered,Credit Card,28462.63,0,5123.27,33585.9,2,Mumbai,USA
101065,11454,2023-02-02,07:17:00,shipped,Net Banking,1897.0,0,341.46,2238.46,2,Mumbai,USA
101066,11454,2023-07-02,20:00:00,delivered,Credit Card,1866.89,0,336.04,2202.93,2,Mumbai,USA
101067,11454,2023-08-14,09:30:00,delivered,Debit Card,1499.0,0,269.82,1768.82,1,Mumbai,USA
101068,11454,2023-12-05,06:08:00,delivered,UPI,21596.01,0,3887.28,25483.29,5,Mumbai,USA
101069,11455,2024-06-09,03:09:00,delivered,Debit Card,12999.0,0,2339.82,15338.82,1,Mumbai,USA
101070,11455,2024-07-09,23:52:00,delivered,COD,899.0,149,161.82,1209.82,1,Mumbai,USA
101071,11455,2024-06-13,05:16:00,delivered,Credit Card,5696.0,0,1025.28,6721.28,3,Mumbai,USA
101072,11458,2023-08-08,14:22:00,delivered,Credit Card,3350.04,0,603.01,3953.05,2,Mumbai,India
101073,11467,2022-08-20,09:30:00,delivered,Debit Card,899.0,149,161.82,1209.82,1,Mumbai,UK
101074,11467,2022-06-15,10:35:00,delivered,Net Banking,1499.0,0,269.82,1768.82,1,Mumbai,UK
101075,11467,2022-12-11,19:40:00,cancelled,Debit Card,1598.0,0,287.64,1885.64,1,Mumbai,UK
101076,11471,2025-06-15,21:52:00,delivered,Net Banking,43394.99,0,7811.1,51206.09,4,Mumbai,India
101077,,2024-03-31,20:21:00,delivered,COD,10746.44,0,1934.36,12680.8,5,Mumbai,India
101078,11478,2023-05-02,06:55:00,delivered,Net Banking,5798.0,0,1043.64,6841.64,2,Mumbai,India
101079,11478,2023-09-29,14:12:00,pending,Credit Card,11496.0,0,2069.28,13565.28,3,Mumbai,India
101080,11478,2023-01-07,18:25:00,delivered,Debit Card,2697.0,0,485.46,3182.46,1,Mumbai,India
101081,11478,2023-10-29,01:13:00,delivered,UPI,1198.0,0,215.64,1413.64,1,Mumbai,India
101082,11478,2023-04-04,21:56:00,cancelled,Debit Card,4998.0,0,899.64,5897.64,1,Mumbai,India
101083,11478,2022-10-01,07:54:00,processing,Debit Card,1798.0,0,323.64,2121.64,1,Mumbai,India
101084,11478,2023-02-19,15:22:00,delivered,Wallet,8552.22,0,1539.4,10091.62,5,Mumbai,India
101085,11478,2023-05-13,17:42:00,delivered,Wallet,1999.0,0,359.82,2358.82,1,Mumbai,India
101086,11478,2022-11-04,00:00:00,delivered,UPI,25998.0,0,4679.64,30677.64,1,Mumbai,India
101087,11478,2023-07-08,17:01:00,delivered,Credit Card,2499.0,0,449.82,2948.82,1,Mumbai,India
101088,11478,2023-07-11,12:59:00,delivered,UPI,299.0,49,53.82,401.82,1,Mumbai,India
101089,11478,2023-01-20,17:44:00,delivered,Net Banking,446.93,149,80.45,676.38,1,Mumbai,India
101090,11478,2023-03-31,05:08:00,delivered,Credit Card,1413.83,0,254.49,1668.32,1,Mumbai,India
101091,11478,2023-05-17,18:01:00,delivered,COD,16194.0,0,2914.92,19108.92,4,Mumbai,India
101092,11478,2023-05-22,05:56:00,delivered,Credit Card,24107.26,0,4339.31,28446.57,1,Mumbai,India
101093,11478,2023-01-17,04:30:00,delivered,Debit Card,4896.0,0,881.28,5777.28,3,Mumbai,India
101095,11478,2023-02-19,11:08:00,delivered,Debit Card,11705.86,0,2107.05,13812.91,2,Mumbai,India
101097,11478,2023-01-12,04:46:00,shipped,UPI,9997.0,0,1799.46,11796.46,3,Mumbai,India
101098,11483,2024-04-28,02:59:00,processing,Debit Card,4897.0,0,881.46,5778.46,2,Mumbai,India
101100,11492,2024-09-15,16:20:00,delivered,Net Banking,13497.0,0,2429.46,15926.46,1,Mumbai,Germany
101101,11492,2024-09-12,16:21:00,delivered,Debit Card,7129.59,0,1283.33,8412.92,3,Mumbai,Germany
101102,11492,2024-09-26,16:35:00,processing,Net Banking,5242.46,0,943.64,6186.1,2,Mumbai,Germany
101103,11495,2024-03-15,00:20:00,delivered,Credit Card,74997.0,0,13499.46,88496.46,1,Mumbai,USA
101104,11495,2024-01-16,16:35:00,delivered,Credit Card,10796.0,0,1943.28,12739.28,2,Mumbai,USA
101105,11499,2023-11-06,01:51:00,delivered,UPI,1999.0,0,359.82,2358.82,1,Mumbai,India
101106,11500,2023-02-19,16:31:00,processing,UPI,1797.0,0,323.46,2120.46,2,Mumbai,India
101107,11500,2023-12-22,09:30:00,delivered,Credit Card,5818.42,0,1047.32,6865.74,2,Mumbai,India
101108,11500,2023-07-22,14:16:00,shipped,Debit Card,53795.0,0,9683.1,63478.1,3,Mumbai,India
101109,11500,2023-01-12,00:44:00,delivered,Debit Card,2088.12,0,375.86,2463.98,2,Mumbai,India
101110,11512,2022-08-13,01:25:00,delivered,Debit Card,638.49,99,114.93,852.42,1,Mumbai,India
101111,11512,2022-12-07,22:16:00,delivered,Net Banking,24999.0,0,4499.82,29498.82,1,Mumbai,India
101112,11512,2022-10-12,18:08:00,delivered,Credit Card,1499.0,0,269.82,1768.82,1,Mumbai,India
101113,11512,2023-09-14,23:04:00,delivered,Debit Card,1537.93,0,276.83,1814.76,2,Mumbai,India
101114,11512,2022-07-31,21:15:00,returned,UPI,7997.0,0,1439.46,9436.46,2,Mumbai,India
101115,11512,2023-01-08,17:43:00,shipped,Credit Card,999.0,0,179.82,1178.82,1,Mumbai,India
101116,11512,2022-07-24,17:46:00,returned,Credit Card,11998.0,0,2159.64,14157.64,1,Mumbai,India
101117,11512,2023-05-09,15:27:00,delivered,Net Banking,875.36,99,157.56,1131.92,1,Mumbai,India
101118,11512,2023-08-12,13:01:00,delivered,Credit Card,23694.0,0,4264.92,27958.92,5,Mumbai,India
101119,11512,2023-05-29,05:06:00,delivered,Debit Card,1381.94,0,248.75,1630.69,1,Mumbai,India
101120,11516,2024-02-23,08:59:00,cancelled,Net Banking,2597.0,0,467.46,3064.46,2,Mumbai,India
101121,11516,2024-01-17,07:26:00,pending,Credit Card,51421.79,0,9255.92,60677.71,3,Mumbai,India
101122,11516,2024-02-28,09:02:00,processing,Credit Card,8151.68,0,1467.3,9618.98,3,Mumbai,India
101123,11516,2024-04-14,20:11:00,delivered,UPI,1698.0,0,305.64,2003.64,2,Mumbai,India
101124,11516,2023-12-30,23:53:00,delivered,UPI,650.32,49,117.06,816.38,1,Mumbai,India
101125,11516,2024-04-18,05:02:00,delivered,Debit Card,35392.0,0,6370.56,41762.56,4,Mumbai,India
101127,11516,2024-04-22,19:58:00,delivered,Credit Card,8863.6,0,1595.45,10459.05,3,Mumbai,India
101128,11516,2024-03-23,04:53:00,pending,Credit Card,2879.28,0,518.27,3397.55,3,Mumbai,India
101129,11516,2023-10-30,14:50:00,processing,Wallet,799.0,149,143.82,1091.82,1,Mumbai,India
101130,11516,2023-09-27,11:19:00,delivered,Net Banking,699.0,49,125.82,873.82,1,Mumbai,India
101131,11516,2023-11-01,13:52:00,pending,Credit Card,8598.0,0,1547.64,10145.64,2,Mumbai,India
101132,11516,2024-03-05,00:33:00,delivered,Net Banking,5999.0,0,1079.82,7078.82,1,Mumbai,India
101133,11531,2023-09-04,05:00:00,delivered,Credit Card,10498.0,0,1889.64,12387.64,2,Mumbai,Singapore
101134,11531,2023-09-06,18:30:00,delivered,Credit Card,499.0,149,89.82,737.82,1,Mumbai,Singapore
101135,11536,2023-10-01,21:14:00,delivered,Credit Card,4298.0,0,773.64,5071.64,2,Mumbai,USA
101136,11536,2023-07-19,07:39:00,delivered,Credit Card,6397.0,0,1151.46,7548.46,3,Mumbai,USA
101137,11536,2023-08-17,09:19:00,delivered,UPI,398.0,99,71.64,568.64,1,Mumbai,USA
101138,11557,2024-05-26,22:23:00,delivered,UPI,2397.0,0,431.46,2828.46,3,Mumbai,UK
101139,11557,2024-02-05,02:48:00,delivered,Wallet,999.0,0,179.82,1178.82,1,Mumbai,UK
101140,11557,2023-12-15,14:15:00,delivered,Credit Card,2667.66,0,480.18,3147.84,2,Mumbai,UK
101141,11557,2023-10-14,14:27:00,cancelled,Wallet,12696.0,0,2285.28,14981.28,3,Mumbai,UK
101142,11559,2023-09-21,10:46:00,delivered,UPI,1350.29,0,243.05,1593.34,1,Mumbai,India
101143,11564,2023-01-12,13:01:00,delivered,Wallet,1455.32,0,261.96,1717.28,2,Mumbai,India
101144,11564,2023-07-05,10:57:00,delivered,Credit Card,533.18,99,95.97,728.15,1,Mumbai,India
101145,11564,2023-06-26,11:39:00,delivered,Credit Card,2998.0,0,539.64,3537.64,1,Mumbai,India
101146,11566,2024-01-05,22:08:00,delivered,UPI,2499.0,0,449.82,2948.82,1,Mumbai,USA
101147,11568,2023-02-26,00:10:00,delivered,Credit Card,999.0,0,179.82,1178.82,1,Mumbai,Singapore
101148,11572,2024-09-15,18:26:00,delivered,Wallet,3297.0,0,593.46,3890.46,2,Mumbai,India
101149,11590,2023-12-15,03:01:00,shipped,Debit Card,9998.0,0,1799.64,11797.64,1,Mumbai,USA
101150,11590,2024-03-04,08:11:00,delivered,Debit Card,1998.0,0,359.64,2357.64,1,Mumbai,USA
101151,11590,2024-01-15,06:08:00,cancelled,UPI,4798.0,0,863.64,5661.64,2,Mumbai,USA
101152,11590,2024-03-03,22:16:00,delivered,Net Banking,1299.0,0,233.82,1532.82,1,Mumbai,USA
101153,11590,2024-04-15,12:04:00,delivered,UPI,8997.0,0,1619.46,10616.46,2,Mumbai,USA
101154,11590,2024-01-03,20:36:00,delivered,UPI,1255.69,0,226.02,1481.71,2,Mumbai,USA
101155,11590,2024-01-09,20:59:00,shipped,Debit Card,5999.0,0,1079.82,7078.82,1,Mumbai,USA
101156,11590,2024-03-18,01:04:00,delivered,Debit Card,5589.31,0,1006.08,6595.39,3,Mumbai,USA
101157,11590,2024-03-09,01:01:00,delivered,Credit Card,10697.0,0,1925.46,12622.46,2,Mumbai,USA
101158,11592,2023-01-19,02:05:00,pending,Net Banking,2997.0,0,539.46,3536.46,1,Mumbai,India
101159,11598,2024-07-19,03:07:00,delivered,Debit Card,24999.0,0,4499.82,29498.82,1,Mumbai,USA
101160,11599,2023-08-08,04:47:00,processing,Net Banking,1818.3,0,327.29,2145.59,2,Mumbai,USA
101161,11599,2023-02-18,05:24:00,processing,Net Banking,1897.0,0,341.46,2238.46,2,Mumbai,USA
101162,11599,2023-02-11,18:19:00,cancelled,UPI,11998.0,0,2159.64,14157.64,2,Mumbai,USA
101164,11599,2022-12-28,16:52:00,delivered,Credit Card,5098.0,0,917.64,6015.64,2,Mumbai,USA
101165,11599,2022-09-21,16:58:00,shipped,Debit Card,1198.0,0,215.64,1413.64,1,Mumbai,USA
101167,11599,2022-09-18,16:08:00,delivered,Credit Card,2198.0,0,395.64,2593.64,2,Mumbai,USA
101168,11599,2023-03-22,17:27:00,delivered,Net Banking,599.0,49,107.82,755.82,1,Mumbai,USA
101169,11599,2022-09-03,19:02:00,delivered,Debit Card,17294.0,0,3112.92,20406.92,5,Mumbai,USA
101170,11599,2023-06-23,05:45:00,delivered,Net Banking,9695.0,0,1745.1,11440.1,3,Mumbai,USA
101172,11603,2024-07-26,06:24:00,cancelled,Credit Card,6693.0,0,1204.74,7897.74,3,Mumbai,India
101173,11604,2023-02-11,00:22:00,delivered,Debit Card,6395.0,0,1151.1,7546.1,3,Mumbai,UK
101174,11604,2023-08-29,19:53:00,delivered,Debit Card,899.0,149,161.82,1209.82,1,Mumbai,UK
101175,11604,2023-08-31,16:35:00,delivered,Credit Card,9797.0,0,1763.46,11560.46,3,Mumbai,UK
101176,11604,2023-02-23,11:32:00,delivered,Wallet,9998.0,0,1799.64,11797.64,1,Mumbai,UK
101177,11605,2022-08-16,12:08:00,shipped,Credit Card,926.98,149,166.86,1242.84,1,Mumbai,USA
101178,11605,2022-12-06,15:13:00,delivered,Wallet,14896.0,0,2681.28,17577.28,3,Mumbai,USA
101179,11605,2023-05-11,02:32:00,delivered,Credit Card,1998.0,0,359.64,2357.64,1,Mumbai,USA
101180,11606,2023-11-12,19:30:00,processing,Debit Card,5298.0,0,953.64,6251.64,2,Mumbai,USA
101181,11606,2023-08-27,22:49:00,delivered,Wallet,299.0,99,53.82,451.82,1,Mumbai,USA
101182,11606,2023-09-25,06:10:00,delivered,Credit Card,15998.0,0,2879.64,18877.64,1,Mumbai,USA
101183,11608,2023-01-01,11:07:00,delivered,Debit Card,13683.22,0,2462.98,16146.2,3,Mumbai,Germany
101184,11610,2023-01-02,16:16:00,processing,UPI,599.0,99,107.82,805.82,1,Mumbai,India
101185,11613,2023-09-06,20:01:00,delivered,COD,2743.29,0,493.79,3237.08,3,Mumbai,Canada
101186,11613,2023-10-27,11:42:00,pending,Credit Card,14545.82,0,2618.25,17164.07,4,Mumbai,Canada
101187,11613,2023-07-21,07:26:00,pending,Credit Card,6043.83,0,1087.89,7131.72,3,Mumbai,Canada
101188,11616,2024-08-10,23:46:00,shipped,Credit Card,1341.23,0,241.42,1582.65,1,Mumbai,India
101189,11616,2024-05-22,21:38:00,shipped,Net Banking,2237.97,0,402.83,2640.8,2,Mumbai,India
101190,11616,2024-05-17,08:19:00,delivered,Credit Card,5334.14,0,960.15,6294.29,2,Mumbai,India
101191,11619,2022-12-05,08:08:00,delivered,Debit Card,5999.0,0,1079.82,7078.82,1,Mumbai,USA
101192,11620,2024-08-08,08:20:00,delivered,Credit Card,3998.0,0,719.64,4717.64,1,Mumbai,India
101193,11639,2023-01-22,18:38:00,shipped,Debit Card,1997.0,0,359.46,-2356.46,2,Mumbai,India
101194,11648,2025-06-15,07:24:00,delivered,Wallet,54663.39,0,9839.41,64502.8,2,Mumbai,India
101195,11648,2024-10-18,16:13:00,delivered,UPI,4396.0,0,791.28,5187.28,2,Mumbai,India
101196,11648,2024-10-16,10:35:00,shipped,Debit Card,13996.0,0,2519.28,16515.28,3,Mumbai,India
101197,11648,2024-10-12,04:29:00,shipped,Credit Card,14995.0,0,2699.1,17694.1,2,Mumbai,India
101198,11656,2024-07-08,12:53:00,returned,UPI,11096.0,0,1997.28,13093.28,2,Mumbai,UK
101199,11656,2024-05-26,20:18:00,delivered,COD,12999.0,0,2339.82,15338.82,1,Mumbai,UK
101200,11656,2024-07-21,23:36:00,cancelled,Credit Card,199.0,99,35.82,333.82,1,Mumbai,UK
101201,11656,2024-05-27,09:35:00,delivered,UPI,5597.0,0,1007.46,6604.46,3,Mumbai,UK
101202,11660,2024-03-17,21:00:00,pending,UPI,4998.0,0,899.64,5897.64,1,Mumbai,India
101203,11669,2023-01-24,02:47:00,delivered,Wallet,29183.92,0,5253.11,34437.03,2,Mumbai,India
101204,11675,2024-05-12,17:38:00,delivered,Credit Card,55596.0,0,10007.28,65603.28,3,Mumbai,USA
101205,11676,2023-11-09,08:38:00,processing,Debit Card,13239.66,0,2383.14,15622.8,3,Mumbai,USA
101206,11692,2023-12-18,19:50:00,delivered,Debit Card,3218.62,0,579.35,3797.97,1,Mumbai,India
101207,11702,2023-10-27,03:31:00,delivered,Credit Card,199.0,149,35.82,383.82,1,Mumbai,Singapore
101208,11702,2024-05-16,16:44:00,delivered,UPI,52632.72,0,9473.89,62106.61,3,Mumbai,Singapore
101209,11702,2023-11-04,11:28:00,delivered,COD,14339.72,0,2581.15,16920.87,1,Mumbai,Singapore
101210,11705,2024-07-18,04:05:00,delivered,Debit Card,2897.0,0,521.46,3418.46,2,Mumbai,UK
101211,11705,2024-07-08,19:29:00,processing,UPI,11102.24,0,1998.4,13100.64,5,Mumbai,UK
101212,11705,2024-07-24,02:53:00,delivered,Credit Card,2499.0,0,449.82,2948.82,1,Mumbai,UK
101213,11705,2024-07-02,15:45:00,shipped,Credit Card,1298.0,0,233.64,1531.64,2,Mumbai,UK
101214,11705,2024-08-24,13:22:00,delivered,UPI,599.0,149,107.82,855.82,1,Mumbai,UK
101215,11705,2024-08-01,15:22:00,delivered,Credit Card,1999.0,0,359.82,2358.82,1,Mumbai,UK
101216,11705,2024-07-24,23:02:00,delivered,Wallet,1798.0,0,323.64,2121.64,1,Mumbai,UK
101217,11705,2024-08-21,00:04:00,delivered,Net Banking,31998.0,0,5759.64,37757.64,1,Mumbai,UK
101218,11705,2024-07-06,11:50:00,delivered,Debit Card,29495.0,0,5309.1,34804.1,4,Mumbai,UK
101219,11705,2024-08-12,11:16:00,delivered,UPI,3896.0,0,701.28,4597.28,3,Mumbai,UK
101220,11705,2024-07-19,04:16:00,delivered,Debit Card,599.0,149,107.82,855.82,1,Mumbai,UK
101221,11705,2024-08-01,06:04:00,delivered,UPI,3292.73,0,592.69,3885.42,1,Mumbai,UK
101222,11705,2024-07-03,13:25:00,delivered,UPI,5098.0,0,917.64,6015.64,2,Mumbai,UK
101223,11705,2024-07-22,20:10:00,processing,UPI,25798.0,0,4643.64,30441.64,2,Mumbai,UK
101224,11705,2024-07-31,00:50:00,shipped,COD,12344.04,0,2221.93,14565.97,4,Mumbai,UK
101225,11706,2023-12-05,08:01:00,delivered,UPI,9997.0,0,1799.46,11796.46,3,Mumbai,USA
101226,11709,2024-06-13,22:26:00,delivered,Net Banking,23293.0,0,4192.74,27485.74,5,Mumbai,India
101227,11709,2024-06-23,00:03:00,delivered,Credit Card,688.26,149,123.89,961.15,1,Mumbai,India
101228,11709,2024-06-15,05:48:00,delivered,Wallet,9096.0,0,1637.28,10733.28,3,Mumbai,India
101229,11709,2024-05-18,16:26:00,delivered,Net Banking,5999.0,0,1079.82,7078.82,1,Mumbai,India
101231,11726,2023-04-16,04:00:00,delivered,Debit Card,899.0,149,161.82,1209.82,1,Mumbai,India
101232,11726,2023-01-30,13:11:00,delivered,Debit Card,3278.67,0,590.16,3868.83,3,Mumbai,India
101233,11726,2023-10-25,22:33:00,delivered,Wallet,2779.61,0,500.33,3279.94,2,Mumbai,India
101234,11726,2023-08-20,15:51:00,delivered,UPI,3498.0,0,629.64,4127.64,2,Mumbai,India
101235,11726,2023-07-20,04:06:00,delivered,Credit Card,899.0,99,161.82,1159.82,1,Mumbai,India
101236,11726,2023-06-24,09:40:00,shipped,Debit Card,3499.0,0,629.82,4128.82,1,Mumbai,India
101237,11731,2023-10-01,05:32:00,delivered,UPI,8095.0,0,1457.1,9552.1,4,Mumbai,India
101238,11731,2023-04-17,21:50:00,returned,Wallet,899.0,149,161.82,1209.82,1,Mumbai,India
101239,11731,2023-11-20,09:53:00,delivered,Debit Card,5999.0,0,1079.82,7078.82,1,Mumbai,India
101240,11736,2024-06-18,15:34:00,delivered,Wallet,10295.0,0,1853.1,12148.1,4,Mumbai,India
101241,11736,2024-04-27,15:38:00,delivered,Credit Card,899.0,99,161.82,1159.82,1,Mumbai,India
101242,11738,2024-07-27,23:22:00,delivered,UPI,5366.26,0,965.93,6332.19,2,Mumbai,India
101243,11742,2024-06-07,06:47:00,pending,Credit Card,1998.0,0,359.64,2357.64,1,Mumbai,UK
101245,11745,2023-03-08,04:11:00,pending,COD,2387.96,0,429.83,2817.79,2,Mumbai,India
101246,11745,2023-03-28,04:10:00,delivered,Credit Card,598.0,149,107.64,854.64,1,Mumbai,India
101249,11745,2023-07-09,01:48:00,processing,Wallet,8698.0,0,1565.64,10263.64,2,Mumbai,India
101250,11745,2023-03-06,01:13:00,delivered,Credit Card,31998.0,0,5759.64,37757.64,1,Mumbai,India
101251,11745,2023-04-15,07:51:00,processing,UPI,2539.54,0,457.12,2996.66,2,Mumbai,India
101252,11745,2023-08-15,21:10:00,pending,COD,4833.94,0,870.11,5704.05,2,Mumbai,India
101253,11745,2023-04-28,11:04:00,delivered,Credit Card,4008.35,0,721.5,4729.85,2,Mumbai,India
101254,11745,2023-11-13,13:36:00,delivered,Wallet,2998.0,0,539.64,3537.64,2,Mumbai,India
101255,11745,2023-05-28,15:18:00,delivered,Debit Card,8191.46,0,1474.46,9665.92,4,Mumbai,India
101256,11745,2023-06-23,02:14:00,delivered,Credit Card,1299.0,0,233.82,1532.82,1,Mumbai,India
101257,11745,2023-07-09,16:59:00,delivered,Credit Card,12283.84,0,2211.09,14494.93,4,Mumbai,India
101258,11745,2023-03-22,09:44:00,returned,Debit Card,1132.24,0,203.8,1336.04,1,Mumbai,India
101259,11746,2023-07-29,19:47:00,delivered,Credit Card,1999.0,0,359.82,2358.82,1,Mumbai,USA
101260,11749,2024-06-22,05:05:00,delivered,Credit Card,598.0,99,107.64,804.64,1,Mumbai,India
101261,11749,2024-06-29,07:36:00,delivered,Credit Card,7497.0,0,1349.46,8846.46,1,Mumbai,India
101262,11749,2024-07-16,14:15:00,returned,Credit Card,11796.0,0,2123.28,13919.28,4,Mumbai,India
101263,11756,2024-07-02,04:37:00,delivered,Debit Card,2998.0,0,539.64,3537.64,2,Mumbai,India
101264,11756,2024-08-27,12:30:00,delivered,Debit Card,1999.0,0,359.82,2358.82,1,Mumbai,India
101265,11756,2024-07-15,00:47:00,shipped,Credit Card,4899.89,0,881.98,5781.87,2,Mumbai,India
101266,11759,2024-03-10,17:09:00,delivered,UPI,1198.0,0,215.64,1413.64,2,Mumbai,Australia
101267,11759,2024-04-05,14:49:00,delivered,Net Banking,11746.27,0,2114.33,13860.6,5,Mumbai,Australia
101268,11759,2024-01-18,16:06:00,delivered,Credit Card,599.0,99,107.82,805.82,1,Mumbai,Australia
101269,11759,2023-12-25,19:59:00,delivered,UPI,4707.84,0,847.41,5555.25,2,Mumbai,Australia
101270,11759,2023-12-01,00:29:00,delivered,Wallet,35514.92,0,6392.69,41907.61,4,Mumbai,Australia
101271,11759,2024-04-23,01:41:00,delivered,Net Banking,5498.0,0,989.64,6487.64,2,Mumbai,Australia
101272,11784,2023-07-31,05:52:00,processing,Debit Card,1624.73,0,292.45,1917.18,2,Mumbai,India
101273,11785,2024-04-13,12:08:00,delivered,Credit Card,2598.0,0,467.64,3065.64,2,Mumbai,USA
101274,11785,2024-04-25,20:35:00,cancelled,Credit Card,7998.0,0,1439.64,9437.64,1,Mumbai,USA
101275,11785,2024-04-13,12:42:00,delivered,Debit Card,1598.0,0,287.64,1885.64,2,Mumbai,USA
101276,11791,2024-03-11,03:34:00,delivered,Net Banking,1499.0,0,269.82,1768.82,1,Mumbai,India
101277,11796,2023-09-17,12:35:00,delivered,Debit Card,1998.0,0,359.64,2357.64,1,Mumbai,India
101280,11796,2023-03-04,21:05:00,shipped,Debit Card,6595.0,0,1187.1,7782.1,4,Mumbai,India
101281,11796,2022-12-02,05:44:00,delivered,Net Banking,11196.0,0,2015.28,13211.28,3,Mumbai,India
101283,11796,2023-05-12,16:25:00,delivered,Credit Card,10497.0,0,1889.46,12386.46,1,Mumbai,India
101284,11796,2023-01-17,22:48:00,delivered,UPI,799.0,149,143.82,1091.82,1,Mumbai,India
101285,11796,2023-02-11,21:39:00,delivered,Credit Card,499.0,49,89.82,637.82,1,Mumbai,India
101286,11796,2023-03-31,21:19:00,delivered,Net Banking,899.0,149,161.82,1209.82,1,Mumbai,India
101287,11796,2022-12-08,14:03:00,delivered,Net Banking,6397.0,0,1151.46,7548.46,3,Mumbai,India
101288,11796,2022-12-23,17:08:00,delivered,UPI,1497.0,0,269.46,1766.46,1,Mumbai,India
101289,11796,2023-01-25,03:24:00,pending,Credit Card,599.0,149,107.82,855.82,1,Mumbai,India
101290,11799,2023-11-19,02:46:00,delivered,Credit Card,9167.85,0,1650.21,10818.06,3,Mumbai,India
101291,11799,2024-02-10,07:19:00,delivered,Debit Card,12996.0,0,2339.28,15335.28,3,Mumbai,India
101292,11799,2024-02-11,18:58:00,delivered,UPI,899.0,149,161.82,1209.82,1,Mumbai,India
101293,11799,2024-01-19,07:03:00,delivered,Debit Card,999.0,0,179.82,1178.82,1,Mumbai,India
101294,11799,2023-10-17,01:38:00,delivered,UPI,9387.06,0,1689.67,11076.73,1,Mumbai,India
101295,11799,2023-12-08,17:05:00,processing,Credit Card,4998.0,0,899.64,5897.64,2,Mumbai,India
101296,11799,2024-02-29,16:05:00,delivered,UPI,13396.0,0,2411.28,15807.28,3,Mumbai,India
101297,11799,2024-02-01,18:54:00,delivered,Credit Card,5855.14,0,1053.93,6909.07,3,Mumbai,India
101298,11799,2023-11-09,21:22:00,delivered,Debit Card,2497.0,0,449.46,2946.46,2,Mumbai,India
101299,11800,2024-05-14,19:29:00,processing,Debit Card,25698.0,0,4625.64,30323.64,2,Mumbai,India
101300,11800,2024-03-10,14:24:00,shipped,Credit Card,4371.76,0,786.92,5158.68,2,Mumbai,India
101301,11800,2024-03-25,13:17:00,delivered,UPI,4999.0,0,899.82,5898.82,1,Mumbai,India
101302,11800,2024-03-20,19:13:00,delivered,UPI,26843.0,0,4831.74,31674.74,3,Mumbai,India
101303,11811,2023-11-30,17:09:00,delivered,Credit Card,6998.0,0,1259.64,8257.64,1,Mumbai,India
101304,11811,2023-10-14,21:52:00,delivered,Debit Card,3997.0,0,719.46,4716.46,2,Mumbai,India
101305,11811,2023-06-01,16:26:00,delivered,COD,4999.0,0,899.82,5898.82,1,Mumbai,India
101306,11811,2024-01-14,10:45:00,delivered,Credit Card,1499.0,0,269.82,1768.82,1,Mumbai,India
101307,11811,2023-05-23,07:05:00,delivered,Debit Card,3198.0,0,575.64,3773.64,2,Mumbai,India
101308,11811,2023-07-21,22:20:00,delivered,Wallet,799.0,149,143.82,1091.82,1,Mumbai,India
101309,11813,2024-07-31,09:53:00,processing,UPI,1198.0,0,215.64,1413.64,1,Mumbai,UK
101310,11814,2022-11-02,01:01:00,delivered,Net Banking,12823.36,0,2308.2,15131.56,2,Mumbai,USA
101311,11814,2022-07-31,06:24:00,delivered,Credit Card,14497.0,0,2609.46,17106.46,2,Mumbai,USA
101312,11814,2023-02-12,12:24:00,processing,Debit Card,7999.0,0,1439.82,9438.82,1,Mumbai,USA
101313,11821,2024-07-06,13:50:00,delivered,COD,3897.0,0,701.46,4598.46,1,Mumbai,India
101314,11821,2024-07-18,09:00:00,returned,UPI,3499.0,0,629.82,4128.82,1,Mumbai,India
101315,11821,2024-07-22,03:52:00,cancelled,COD,9596.0,0,1727.28,11323.28,3,Mumbai,India
101316,11821,2024-08-28,11:49:00,delivered,Wallet,1863.44,0,335.42,2198.86,1,Mumbai,India
101317,11821,2024-07-08,18:57:00,delivered,UPI,899.0,49,161.82,1109.82,1,Mumbai,India
101318,11821,2024-08-04,03:33:00,delivered,Credit Card,9604.58,0,1728.82,11333.4,5,Mumbai,India
101319,11821,2024-07-20,05:46:00,pending,COD,51396.0,0,9251.28,60647.28,3,Mumbai,India
101320,11821,2024-08-02,08:35:00,returned,Credit Card,4372.68,0,787.08,5159.76,2,Mumbai,India
101321,11821,2024-07-14,09:13:00,delivered,Debit Card,8896.0,0,1601.28,10497.28,3,Mumbai,India
101326,11857,2023-11-12,21:28:00,processing,UPI,5196.0,0,935.28,6131.28,3,Mumbai,India
101327,11857,2023-10-23,19:38:00,cancelled,Net Banking,4998.0,0,899.64,5897.64,1,Mumbai,India
101328,11857,2024-02-02,06:08:00,shipped,Debit Card,2196.0,0,395.28,2591.28,2,Mumbai,India
101329,11857,2024-02-21,10:38:00,delivered,Debit Card,8796.0,0,1583.28,10379.28,2,Mumbai,India
101330,11857,2023-09-19,09:51:00,delivered,Credit Card,2557.01,0,460.26,3017.27,3,Mumbai,India
101332,11872,2023-02-10,21:07:00,delivered,Wallet,771.09,149,138.8,1058.89,1,Mumbai,India
101334,11885,2024-06-30,16:49:00,delivered,Debit Card,4499.0,0,809.82,5308.82,1,Mumbai,India
101335,11885,2024-06-16,03:40:00,delivered,Debit Card,20691.51,0,3724.47,24415.98,5,Mumbai,India
101336,11885,2024-06-09,07:56:00,delivered,Wallet,837.56,99,150.76,1087.32,1,Mumbai,India
101337,11886,2024-08-26,14:27:00,delivered,Net Banking,2219.55,0,399.52,2619.07,2,Mumbai,India
101338,11895,2024-01-09,00:18:00,delivered,COD,3296.0,0,593.28,3889.28,3,Mumbai,India
101339,11895,2024-03-03,16:41:00,delivered,Credit Card,3155.21,0,567.94,3723.15,1,Mumbai,India
101340,11895,2024-04-06,20:34:00,delivered,Debit Card,2697.0,0,485.46,3182.46,3,Mumbai,India
101341,11895,2024-03-04,10:51:00,delivered,Net Banking,2847.43,0,512.54,3359.97,2,Mumbai,India
101342,11896,2023-08-05,12:25:00,delivered,Credit Card,19296.0,0,3473.28,22769.28,3,Mumbai,India
101343,11896,2023-09-23,00:48:00,delivered,UPI,1898.0,0,341.64,2239.64,2,Mumbai,India
101344,11896,2023-08-27,12:33:00,delivered,UPI,23794.0,0,4282.92,28076.92,4,Mumbai,India
101345,11898,2024-06-25,11:29:00,delivered,Credit Card,2597.96,0,467.63,3065.59,1,Mumbai,India
101346,11902,2023-12-06,16:29:00,delivered,UPI,1967.37,0,354.13,2321.5,2,Mumbai,India
101347,11902,2023-12-30,14:44:00,delivered,Net Banking,2397.0,0,431.46,2828.46,2,Mumbai,India
101348,11902,2024-04-04,12:29:00,delivered,Credit Card,21886.67,0,3939.6,25826.27,3,Mumbai,India
101349,11905,2024-09-22,20:18:00,delivered,Net Banking,4494.0,0,808.92,5302.92,5,Mumbai,India
101350,11905,2024-08-06,02:03:00,delivered,Debit Card,1299.0,0,233.82,1532.82,1,Mumbai,India
101351,11905,2024-08-05,12:22:00,processing,UPI,3197.0,0,575.46,3772.46,2,Mumbai,India
101352,11907,2024-08-15,18:44:00,delivered,Credit Card,12678.17,0,2282.07,14960.24,3,Mumbai,USA
101353,11910,2024-08-23,12:00:00,delivered,Net Banking,930.85,99,167.55,1197.4,1,Mumbai,India
101354,11910,2024-08-17,07:19:00,delivered,Debit Card,1197.0,0,215.46,1412.46,2,Mumbai,India
101355,11910,2024-08-08,05:29:00,delivered,Net Banking,299.0,49,53.82,401.82,1,Mumbai,India
101356,11916,2024-05-17,03:01:00,pending,Credit Card,1698.0,0,305.64,2003.64,2,Mumbai,India
101357,11916,2024-04-22,16:00:00,delivered,Wallet,16198.0,0,2915.64,19113.64,2,Mumbai,India
101358,11916,2024-04-11,01:50:00,delivered,Debit Card,8396.0,0,1511.28,9907.28,2,Mumbai,India
101359,11916,2024-02-20,01:01:00,delivered,Debit Card,12501.09,0,2250.2,14751.29,3,Mumbai,India
101360,11916,2024-07-13,05:35:00,shipped,UPI,3997.0,0,719.46,4716.46,3,Mumbai,India
101361,11916,2024-04-16,09:58:00,cancelled,UPI,1499.0,0,269.82,1768.82,1,Mumbai,India
101362,11917,2023-02-09,23:45:00,pending,Wallet,1398.0,0,251.64,1649.64,2,Mumbai,USA
101363,11917,2023-03-18,09:32:00,delivered,UPI,4999.0,0,899.82,5898.82,1,Mumbai,USA
101364,11917,2024-04-17,17:04:00,delivered,UPI,18497.0,0,3329.46,21826.46,2,Mumbai,USA
101365,11918,2024-10-25,13:02:00,delivered,Credit Card,4099.84,0,737.97,4837.81,2,Mumbai,Canada
101366,11921,2024-07-04,05:45:00,delivered,UPI,764.88,49,137.68,951.56,1,Mumbai,UK
101367,11921,2024-05-27,09:51:00,cancelled,UPI,910.38,99,163.87,1173.25,1,Mumbai,UK
101368,11921,2024-07-22,17:55:00,delivered,Debit Card,20894.0,0,3760.92,24654.92,5,Mumbai,UK
101369,11926,2025-06-15,01:50:00,processing,Credit Card,3197.0,0,575.46,3772.46,3,Mumbai,India
101370,11939,2023-03-11,05:29:00,cancelled,Credit Card,864.75,149,155.66,1169.41,1,Mumbai,India
101371,11942,2023-05-07,02:15:00,delivered,Debit Card,555.5,49,99.99,704.49,1,Mumbai,India
101372,11942,2023-02-21,08:40:00,delivered,Credit Card,13796.4,0,2483.35,16279.75,2,Mumbai,India
101373,11946,2023-04-18,05:47:00,delivered,Credit Card,899.0,99,161.82,1159.82,1,Mumbai,USA
101374,11952,2023-04-12,11:29:00,shipped,Debit Card,19394.0,0,3490.92,22884.92,4,Mumbai,USA
101375,11952,2023-05-20,06:54:00,shipped,Credit Card,1998.0,0,359.64,2357.64,1,Mumbai,USA
101376,11952,2023-03-30,20:04:00,shipped,Credit Card,18092.0,0,3256.56,21348.56,5,Mumbai,USA
101377,11957,2022-11-09,16:39:00,processing,Debit Card,7115.54,0,1280.8,8396.34,1,Mumbai,India
101378,11957,2024-02-01,07:07:00,delivered,UPI,1361.68,0,245.1,1606.78,1,Mumbai,India
101379,11957,2023-10-11,06:22:00,delivered,Wallet,45223.22,0,8140.18,53363.4,3,Mumbai,India
101380,11967,2024-03-10,18:26:00,processing,UPI,13898.0,0,2501.64,16399.64,2,Mumbai,India
101381,11967,2024-05-28,11:06:00,delivered,Net Banking,2397.0,0,431.46,2828.46,1,Mumbai,India
101382,11970,2024-06-06,21:05:00,pending,Net Banking,931.84,149,167.73,1248.57,1,Mumbai,India
101383,11970,2024-06-30,20:27:00,delivered,Net Banking,4897.0,0,881.46,5778.46,2,Mumbai,India
101384,11970,2024-07-28,21:44:00,shipped,Debit Card,3697.0,0,665.46,4362.46,3,Mumbai,India
101385,11970,2024-06-23,06:55:00,pending,Credit Card,22393.0,0,4030.74,26423.74,4,Mumbai,India
101386,11970,2024-05-04,21:57:00,delivered,COD,5174.12,0,931.34,6105.46,1,Mumbai,India
101387,11970,2024-06-15,16:03:00,delivered,Wallet,599.0,99,107.82,805.82,1,Mumbai,India
101388,11973,2024-10-26,22:55:00,delivered,Debit Card,1598.0,0,287.64,1885.64,1,Mumbai,India
101390,11973,2024-10-26,16:50:00,shipped,COD,2297.0,0,413.46,2710.46,2,Mumbai,India
101391,11973,2024-10-26,22:46:00,shipped,Net Banking,73883.52,0,13299.03,87182.55,2,Mumbai,India
101393,11973,2024-10-28,07:44:00,shipped,Debit Card,23997.0,0,4319.46,28316.46,1,Mumbai,India
101394,11973,2024-10-25,09:24:00,delivered,Debit Card,5998.0,0,1079.64,7077.64,2,Mumbai,India
101395,11973,2024-10-26,07:35:00,delivered,Credit Card,4996.0,0,899.28,5895.28,2,Mumbai,India
101397,11985,2023-03-31,12:45:00,processing,Credit Card,1798.0,0,323.64,2121.64,1,Mumbai,India
101398,12008,2023-05-25,09:33:00,delivered,Debit Card,999.0,0,179.82,1178.82,1,Mumbai,India
101399,12012,2024-06-23,10:29:00,delivered,Net Banking,5596.0,0,1007.28,6603.28,3,Mumbai,UK
101400,12015,2023-04-30,07:55:00,delivered,Debit Card,2498.0,0,449.64,2947.64,2,Mumbai,India
101401,12015,2022-07-25,18:33:00,pending,Credit Card,5587.12,0,1005.68,6592.8,3,Mumbai,India
101402,12023,2024-07-14,14:00:00,delivered,Wallet,799.0,49,143.82,991.82,1,Mumbai,UK
101403,12030,2024-08-11,19:16:00,processing,Credit Card,2998.0,0,539.64,3537.64,1,Mumbai,USA
101404,12030,2024-07-25,02:38:00,delivered,UPI,15545.98,0,2798.28,18344.26,4,Mumbai,USA
101405,12030,2024-09-11,00:24:00,delivered,Credit Card,5998.0,0,1079.64,7077.64,2,Mumbai,USA
101406,12030,2024-07-11,07:16:00,delivered,Debit Card,899.0,149,161.82,1209.82,1,Mumbai,USA
101407,12030,2024-07-27,22:03:00,delivered,UPI,3109.59,0,559.73,3669.32,2,Mumbai,USA
101408,12039,2024-03-07,13:02:00,delivered,Credit Card,2198.0,0,395.64,2593.64,2,Mumbai,India
101409,12040,2023-10-09,09:27:00,delivered,COD,799.0,149,143.82,1091.82,1,Mumbai,India
101410,12040,2023-10-29,13:59:00,delivered,Debit Card,3998.0,0,719.64,4717.64,1,Mumbai,India
101411,12040,2023-10-21,13:27:00,shipped,Debit Card,6495.0,0,1169.1,7664.1,3,Mumbai,India
101412,12051,2023-10-31,05:50:00,delivered,UPI,5999.0,0,1079.82,7078.82,1,Mumbai,USA
101413,12051,2023-03-23,17:38:00,returned,Debit Card,6972.78,0,1255.1,8227.88,3,Mumbai,USA
101414,12051,2023-01-28,06:52:00,shipped,Credit Card,1999.0,0,359.82,2358.82,1,Mumbai,USA
101415,12056,2024-09-15,04:28:00,delivered,COD,5897.0,0,1061.46,6958.46,2,Mumbai,India
101416,12056,2024-08-31,20:17:00,processing,Debit Card,11104.34,0,1998.78,13103.12,3,Mumbai,India
101417,12056,2024-08-27,14:11:00,delivered,Credit Card,21915.14,0,3944.73,25859.87,1,Mumbai,India
101418,12056,2024-08-03,10:10:00,delivered,Debit Card,2524.44,0,454.4,2978.84,2,Mumbai,India
101419,12061,2023-01-20,07:35:00,shipped,Debit Card,998.0,149,179.64,1326.64,1,Mumbai,India
101422,12061,2022-10-30,09:18:00,shipped,UPI,999.0,0,179.82,1178.82,1,Mumbai,India
101423,12066,2023-09-27,05:31:00,processing,Credit Card,11896.0,0,2141.28,14037.28,3,Mumbai,Canada
101424,12068,2024-09-18,20:07:00,delivered,Debit Card,1630.49,0,293.49,1923.98,2,Mumbai,Australia
101425,12068,2024-09-19,22:59:00,processing,Wallet,2360.01,0,424.8,2784.81,1,Mumbai,Australia
101426,12078,2022-03-28,15:08:00,delivered,Wallet,2994.18,0,538.95,3533.13,2,Mumbai,India
101427,12078,2023-04-21,07:48:00,delivered,Credit Card,11998.0,0,2159.64,14157.64,1,Mumbai,India
101428,12081,2024-02-14,00:43:00,delivered,Net Banking,11997.0,0,2159.46,14156.46,2,Mumbai,Australia
101429,12083,2024-01-16,04:00:00,cancelled,Debit Card,4353.74,0,783.67,5137.41,1,Mumbai,India
101430,12083,2024-03-09,20:27:00,delivered,Credit Card,11998.0,0,2159.64,14157.64,1,Mumbai,India
101431,12083,2024-03-22,12:41:00,returned,Debit Card,5297.0,0,953.46,6250.46,3,Mumbai,India
101432,12091,2023-05-21,23:33:00,delivered,Wallet,2388.07,0,429.85,2817.92,3,Mumbai,USA
101433,12093,2024-05-12,13:54:00,cancelled,Debit Card,1499.0,0,269.82,1768.82,1,Mumbai,USA
101434,12093,2024-05-06,00:47:00,shipped,Credit Card,999.0,0,179.82,1178.82,1,Mumbai,USA
101435,12093,2024-02-07,18:08:00,delivered,UPI,499.0,99,89.82,687.82,1,Mumbai,USA
101436,12104,2022-08-12,21:29:00,processing,Debit Card,6295.0,0,1133.1,7428.1,3,Mumbai,India
101437,12104,2023-01-22,08:11:00,shipped,Credit Card,3996.0,0,719.28,4715.28,3,Mumbai,India
101438,12104,2022-10-19,19:17:00,delivered,Credit Card,25937.98,0,4668.84,30606.82,2,Mumbai,India
101439,12104,2023-05-25,19:28:00,delivered,Credit Card,5998.0,0,1079.64,7077.64,2,Mumbai,India
101440,12104,2023-09-13,05:30:00,delivered,Credit Card,598.0,99,107.64,804.64,1,Mumbai,India
101441,12107,2024-10-22,12:24:00,delivered,Wallet,3197.0,0,575.46,3772.46,2,Mumbai,India
101442,12109,2023-11-08,20:46:00,delivered,Credit Card,999.0,0,179.82,1178.82,1,Mumbai,India
101443,12112,2023-06-19,00:33:00,delivered,Wallet,4746.69,0,854.4,5601.09,3,Mumbai,India
101444,12112,2023-09-12,06:58:00,delivered,Credit Card,1898.0,0,341.64,2239.64,2,Mumbai,India
101445,12112,2023-06-08,13:52:00,delivered,Debit Card,999.0,0,179.82,1178.82,1,Mumbai,India
101446,12112,2023-02-20,23:11:00,delivered,Credit Card,6151.27,0,1107.23,7258.5,4,Mumbai,India
101447,12112,2023-10-06,19:10:00,processing,Wallet,3360.32,0,604.86,3965.18,2,Mumbai,India
101448,12112,2023-08-01,12:36:00,delivered,COD,67340.61,0,12121.31,79461.92,1,Mumbai,India
101450,12112,2023-09-12,22:19:00,delivered,Debit Card,30997.0,0,5579.46,36576.46,2,Mumbai,India
101451,12112,2023-02-28,14:27:00,shipped,Net Banking,5597.0,0,1007.46,6604.46,2,Mumbai,India
101452,12112,2023-07-10,09:27:00,delivered,Debit Card,11996.02,0,2159.28,14155.3,2,Mumbai,India
101453,12112,2023-10-30,14:21:00,delivered,Debit Card,3998.0,0,719.64,-4717.64,2,Mumbai,India
101454,12112,2023-08-15,23:57:00,delivered,Credit Card,798.0,49,143.64,990.64,2,Mumbai,India
101455,12112,2023-08-04,17:04:00,delivered,UPI,4999.0,0,899.82,5898.82,1,Mumbai,India
101456,12112,2023-07-31,06:39:00,shipped,Credit Card,1442.11,0,259.58,1701.69,2,Mumbai,India
101457,12112,2023-07-10,01:42:00,delivered,Credit Card,1999.0,0,359.82,2358.82,1,Mumbai,India
101458,12112,2023-07-22,13:38:00,delivered,UPI,899.0,49,161.82,1109.82,1,Mumbai,India
101459,12112,2023-08-05,11:31:00,delivered,Credit Card,4597.0,0,827.46,5424.46,2,Mumbai,India
101460,12112,2023-10-06,12:03:00,delivered,Debit Card,2999.0,0,539.82,3538.82,1,Mumbai,India
101461,12118,2022-09-30,01:36:00,delivered,Wallet,14497.0,0,2609.46,17106.46,2,Mumbai,India
101462,12124,2023-07-06,00:04:00,delivered,Wallet,29022.32,0,5224.02,34246.34,3,Mumbai,UK
101463,12126,2022-08-07,21:30:00,shipped,Debit Card,34588.18,0,6225.87,40814.05,4,Mumbai,India
101464,12126,2023-03-18,05:26:00,delivered,UPI,18996.0,0,3419.28,22415.28,2,Mumbai,India
101465,12126,2023-02-18,17:54:00,processing,Wallet,10194.0,0,1834.92,12028.92,3,Mumbai,India
101466,12126,2023-02-02,21:22:00,delivered,Net Banking,29895.0,0,5381.1,35276.1,4,Mumbai,India
101467,12126,2022-07-21,07:57:00,shipped,Credit Card,1999.0,0,359.82,2358.82,1,Mumbai,India
101468,12126,2023-02-03,00:02:00,delivered,Debit Card,6297.0,0,1133.46,7430.46,2,Mumbai,India
101469,12126,2022-07-31,03:13:00,delivered,Net Banking,599.0,99,107.82,805.82,1,Mumbai,India
101470,12126,2022-06-17,12:45:00,delivered,Net Banking,20796.0,0,3743.28,24539.28,3,Mumbai,India
101471,12126,2022-06-28,16:28:00,delivered,Credit Card,1198.0,0,215.64,1413.64,1,Mumbai,India
101472,12126,2022-07-01,21:28:00,returned,Debit Card,1198.86,0,215.79,1414.65,1,Mumbai,India
101473,12126,2022-12-21,11:38:00,delivered,Net Banking,70607.01,0,12709.26,83316.27,2,Mumbai,India
101474,12126,2022-06-12,06:36:00,delivered,UPI,1299.0,0,233.82,1532.82,1,Mumbai,India
101475,12126,2023-02-26,19:37:00,delivered,UPI,4999.0,0,899.82,-5898.82,1,Mumbai,India
101476,12127,2023-02-11,14:11:00,delivered,Credit Card,22392.0,0,4030.56,26422.56,5,Mumbai,Canada
101477,12133,2022-05-25,16:09:00,delivered,Debit Card,3775.44,0,679.58,4455.02,2,Mumbai,India
101478,12139,2024-01-10,13:14:00,returned,Wallet,5999.0,0,1079.82,7078.82,1,Mumbai,India
101479,12139,2023-10-27,05:33:00,delivered,COD,185.67,49,33.42,268.09,1,Mumbai,India
101480,12139,2024-03-12,08:25:00,delivered,Net Banking,4499.0,0,809.82,5308.82,1,Mumbai,India
101481,12139,2024-04-25,00:10:00,delivered,COD,999.0,0,179.82,1178.82,1,Mumbai,India
101482,12139,2024-01-30,22:48:00,cancelled,UPI,3998.0,0,719.64,4717.64,2,Mumbai,India
101483,12139,2024-03-18,16:29:00,delivered,UPI,29603.54,0,5328.64,34932.18,1,Mumbai,India
101484,12139,2024-05-27,04:49:00,pending,Net Banking,699.0,49,125.82,873.82,1,Mumbai,India
101485,12140,2024-07-30,02:29:00,delivered,Debit Card,55994.0,0,10078.92,66072.92,4,Mumbai,India
101486,12148,2023-01-24,03:38:00,processing,Debit Card,4441.72,0,799.51,5241.23,1,Mumbai,India
101487,12158,2023-10-20,23:47:00,delivered,Credit Card,2214.24,0,398.56,2612.8,2,Mumbai,India
101488,12159,2024-06-15,01:11:00,delivered,UPI,11446.95,0,2060.45,13507.4,4,Mumbai,India
101489,12159,2024-06-05,08:28:00,delivered,Wallet,905.64,49,163.02,1117.66,1,Mumbai,India
101490,12159,2024-07-15,02:53:00,pending,Wallet,5497.0,0,989.46,6486.46,2,Mumbai,India
101491,12172,2024-01-03,12:19:00,delivered,Credit Card,1499.0,0,269.82,1768.82,1,Mumbai,USA
101492,12172,2024-05-13,15:22:00,delivered,Credit Card,5999.0,0,1079.82,7078.82,1,Mumbai,USA
101493,12172,2024-01-04,16:43:00,delivered,Debit Card,599.0,49,107.82,755.82,1,Mumbai,USA
101494,12172,2024-05-11,03:41:00,delivered,UPI,1598.0,0,287.64,1885.64,1,Mumbai,USA
101495,12173,2023-10-29,04:40:00,delivered,Net Banking,15999.0,0,2879.82,18878.82,1,Mumbai,USA
101496,12173,2022-11-29,13:14:00,delivered,UPI,1308.36,0,235.5,1543.86,1,Mumbai,USA
101497,12173,2023-03-30,13:07:00,shipped,Net Banking,1198.0,0,215.64,1413.64,1,Mumbai,USA
101498,12182,2023-10-28,13:23:00,shipped,Net Banking,699.0,99,125.82,923.82,1,Mumbai,India
101499,12184,2024-01-21,00:41:00,processing,UPI,1761.14,0,317.01,2078.15,1,Mumbai,India
101500,12185,2023-06-23,11:38:00,delivered,UPI,1698.0,0,305.64,2003.64,2,Mumbai,India
101501,12185,2023-04-24,09:44:00,pending,Debit Card,1303.82,0,234.69,1538.51,1,Mumbai,India
101502,12185,2023-04-25,10:01:00,delivered,UPI,7196.0,0,1295.28,8491.28,3,Mumbai,India
101503,12194,2024-05-11,15:12:00,shipped,Credit Card,12605.98,0,2269.08,14875.06,4,Mumbai,USA
101504,12194,2023-08-01,03:52:00,processing,Debit Card,26498.0,0,4769.64,31267.64,2,Mumbai,USA
101506,12194,2023-12-02,01:44:00,delivered,Credit Card,28995.0,0,5219.1,34214.1,3,Mumbai,USA
101507,12194,2023-08-14,10:22:00,returned,Credit Card,599.0,149,107.82,855.82,1,Mumbai,USA
101509,12194,2023-12-17,16:18:00,delivered,Credit Card,699.0,49,125.82,873.82,1,Mumbai,USA
101511,12194,2023-07-28,20:08:00,delivered,Credit Card,4509.19,0,811.65,5320.84,3,Mumbai,USA
101512,12194,2023-07-26,06:17:00,delivered,Credit Card,10195.0,0,1835.1,12030.1,4,Mumbai,USA
101513,12194,2023-11-28,06:00:00,delivered,UPI,799.0,49,143.82,991.82,1,Mumbai,USA
101514,12194,2023-11-06,23:36:00,delivered,Credit Card,3498.0,0,629.64,4127.64,2,Mumbai,USA
101515,12194,2023-08-31,00:19:00,pending,Debit Card,1898.0,0,341.64,2239.64,2,Mumbai,USA
101516,12194,2023-08-25,09:13:00,delivered,Net Banking,21790.54,0,3922.3,25712.84,4,Mumbai,USA
101517,12194,2024-01-05,15:57:00,delivered,Credit Card,2998.0,0,539.64,3537.64,2,Mumbai,USA
101518,12194,2023-09-05,08:47:00,processing,Wallet,8239.89,0,1483.18,9723.07,3,Mumbai,USA
101519,12194,2024-02-17,18:45:00,delivered,Credit Card,7806.26,0,1405.13,9211.39,4,Mumbai,USA
101520,12194,2023-07-29,04:39:00,shipped,Credit Card,27097.0,0,4877.46,31974.46,3,Mumbai,USA
101521,12194,2024-07-23,07:27:00,delivered,UPI,6513.53,0,1172.44,7685.97,3,Mumbai,USA
101522,12194,2023-08-20,04:38:00,delivered,UPI,2499.0,0,449.82,2948.82,1,Mumbai,USA
101523,12194,2023-10-22,18:06:00,delivered,UPI,26297.0,0,4733.46,31030.46,3,Mumbai,USA
101524,12196,2023-12-18,10:06:00,delivered,Net Banking,799.0,49,143.82,991.82,1,Mumbai,USA
101525,12199,2024-06-12,17:17:00,processing,Debit Card,2916.49,0,524.97,3441.46,2,Mumbai,India
101526,12199,2024-05-20,09:06:00,delivered,Credit Card,5387.07,0,969.67,6356.74,4,Mumbai,India
101527,12199,2024-04-24,01:00:00,delivered,Debit Card,1298.0,0,233.64,1531.64,2,Mumbai,India
101528,12204,2024-02-18,05:47:00,delivered,Credit Card,4499.0,0,809.82,5308.82,1,Mumbai,UK
101529,12210,2023-01-25,20:17:00,delivered,UPI,1499.0,0,269.82,1768.82,1,Mumbai,India
101530,12214,2023-03-02,17:56:00,delivered,Debit Card,1998.0,0,359.64,2357.64,1,Mumbai,India
101531,12224,2024-08-05,22:52:00,delivered,UPI,799.0,49,143.82,991.82,1,Mumbai,India
101532,12224,2024-08-12,22:58:00,shipped,Net Banking,46637.84,0,8394.81,55032.65,1,Mumbai,India
101533,12224,2024-08-06,07:29:00,pending,UPI,1082.28,0,194.81,1277.09,1,Mumbai,India
101534,12224,2024-07-15,06:01:00,delivered,Debit Card,9976.97,0,1795.85,11772.82,2,Mumbai,India
101535,12224,2024-07-23,07:23:00,returned,UPI,2098.0,0,377.64,2475.64,2,Mumbai,India
101536,12224,2024-08-08,02:19:00,delivered,Net Banking,3697.0,0,665.46,4362.46,2,Mumbai,India
101537,12232,2024-02-12,16:42:00,delivered,Debit Card,3499.0,0,629.82,4128.82,1,Mumbai,Australia
101538,12232,2023-08-23,05:45:00,delivered,Credit Card,1398.0,0,251.64,1649.64,1,Mumbai,Australia
101539,12232,2023-10-10,19:03:00,shipped,UPI,6698.0,0,1205.64,7903.64,2,Mumbai,Australia
101540,12232,2024-01-06,07:02:00,delivered,Wallet,5997.0,0,1079.46,7076.46,2,Mumbai,Australia
101541,12232,2023-11-19,14:41:00,delivered,Credit Card,2998.0,0,539.64,3537.64,1,Mumbai,Australia
101542,12232,2023-08-12,19:01:00,processing,Credit Card,7913.09,0,1424.36,9337.45,4,Mumbai,Australia
101543,12233,2022-07-16,17:17:00,delivered,Debit Card,14397.0,0,2591.46,16988.46,2,Mumbai,Australia
101544,12233,2023-01-03,07:33:00,delivered,Net Banking,1798.0,0,323.64,2121.64,1,Mumbai,Australia
101545,12233,2022-09-15,17:28:00,delivered,UPI,11495.0,0,2069.1,13564.1,2,Mumbai,Australia
101546,12233,2022-09-23,22:00:00,delivered,UPI,7998.0,0,1439.64,9437.64,2,Mumbai,Australia
101547,12233,2022-09-20,00:25:00,processing,UPI,699.0,99,125.82,923.82,1,Mumbai,Australia
101548,12233,2023-05-12,14:32:00,delivered,Debit Card,1598.0,0,287.64,1885.64,2,Mumbai,Australia
101549,12233,2022-02-10,23:24:00,delivered,Credit Card,4001.0,0,720.18,4721.18,2,Mumbai,Australia
101550,12233,2022-10-03,11:08:00,delivered,Credit Card,998.0,149,179.64,1326.64,1,Mumbai,Australia
101551,12233,2022-07-21,17:11:00,pending,Credit Card,3338.77,0,600.98,3939.75,3,Mumbai,Australia
101552,12233,2022-05-01,09:27:00,processing,Debit Card,5996.0,0,1079.28,7075.28,2,Mumbai,Australia
101553,12233,2022-11-09,06:21:00,pending,Credit Card,1999.0,0,359.82,2358.82,1,Mumbai,Australia
101554,12233,2022-07-04,16:20:00,returned,Debit Card,2097.0,0,377.46,2474.46,1,Mumbai,Australia
101555,12233,2022-03-09,02:24:00,delivered,UPI,7595.93,0,1367.27,8963.2,2,Mumbai,Australia
101556,12233,2022-06-09,21:56:00,returned,Debit Card,2289.3,0,412.07,2701.37,2,Mumbai,Australia
101557,12233,2022-08-06,22:27:00,delivered,Debit Card,7317.41,0,1317.13,8634.54,3,Mumbai,Australia
101558,12234,2024-02-25,20:00:00,cancelled,Net Banking,999.0,0,179.82,1178.82,1,Mumbai,India
101559,12234,2023-10-27,22:04:00,delivered,Net Banking,12149.75,0,2186.96,14336.71,3,Mumbai,India
101560,12234,2023-11-13,14:28:00,pending,COD,8142.8,0,1465.7,9608.5,2,Mumbai,India
101561,12236,2023-09-19,16:05:00,delivered,UPI,8598.0,0,1547.64,10145.64,2,Mumbai,India
101562,12241,2024-07-29,11:02:00,delivered,Net Banking,2618.55,0,471.34,3089.89,2,Mumbai,Singapore
101563,12241,2024-09-11,16:34:00,delivered,Debit Card,2697.0,0,485.46,3182.46,2,Mumbai,Singapore
101564,12241,2024-08-30,19:05:00,delivered,UPI,3135.42,0,564.38,3699.8,3,Mumbai,Singapore
101565,12241,2024-08-26,23:16:00,shipped,COD,6796.0,0,1223.28,8019.28,3,Mumbai,Singapore
101566,12241,2024-09-04,08:18:00,pending,Credit Card,26745.56,0,4814.2,31559.76,3,Mumbai,Singapore
101567,12241,2024-08-26,07:44:00,cancelled,Debit Card,4730.12,0,851.42,5581.54,3,Mumbai,Singapore
101568,12249,2023-03-06,18:01:00,delivered,UPI,3313.2,0,596.38,3909.58,1,Mumbai,India
101569,12255,2023-02-12,06:58:00,delivered,Wallet,499.0,149,89.82,737.82,1,Mumbai,USA
101570,12255,2023-03-04,09:04:00,delivered,UPI,3999.0,0,719.82,4718.82,1,Mumbai,USA
101571,12257,2022-08-13,21:48:00,delivered,Debit Card,1999.0,0,359.82,2358.82,1,Mumbai,UK
101572,12257,2023-09-25,07:56:00,delivered,UPI,2697.0,0,485.46,3182.46,1,Mumbai,UK
101573,12264,2023-01-05,22:46:00,processing,UPI,3443.57,0,619.84,4063.41,1,Mumbai,USA
101574,12264,2022-11-10,22:52:00,delivered,UPI,11396.0,0,2051.28,13447.28,4,Mumbai,USA
101575,12264,2023-09-25,18:45:00,delivered,UPI,4455.62,0,802.01,5257.63,3,Mumbai,USA
101577,12266,2025-06-15,06:46:00,delivered,Credit Card,2798.0,0,503.64,3301.64,2,Mumbai,India
101578,12271,2023-09-08,08:41:00,delivered,Debit Card,2998.0,0,539.64,3537.64,1,Mumbai,India
101579,12271,2023-07-19,18:36:00,shipped,Debit Card,8495.0,0,1529.1,10024.1,2,Mumbai,India
101580,12271,2023-03-07,07:02:00,delivered,Debit Card,6742.49,0,1213.65,7956.14,2,Mumbai,India
101581,12271,2023-06-20,00:31:00,processing,Net Banking,1499.0,0,269.82,1768.82,1,Mumbai,India
101582,12271,2023-05-14,00:33:00,delivered,Debit Card,899.0,49,161.82,1109.82,1,Mumbai,India
101583,12271,2023-07-29,04:55:00,delivered,Credit Card,15396.0,0,2771.28,18167.28,3,Mumbai,India
101584,12271,2023-12-25,07:32:00,delivered,COD,4999.0,0,899.82,5898.82,1,Mumbai,India
101585,12271,2023-08-15,22:17:00,delivered,Debit Card,4939.51,0,889.11,5828.62,3,Mumbai,India
101587,12274,2024-04-29,13:52:00,delivered,Net Banking,2798.0,0,503.64,3301.64,2,Mumbai,India
101588,12274,2024-04-17,09:51:00,shipped,Credit Card,15294.19,0,2752.95,18047.14,3,Mumbai,India
101589,12274,2024-02-08,14:05:00,shipped,Credit Card,999.0,0,179.82,1178.82,1,Mumbai,India
101590,12274,2023-12-21,02:40:00,delivered,Credit Card,1462.96,0,263.33,1726.29,2,Mumbai,India
101591,12274,2024-01-19,15:51:00,delivered,Debit Card,14998.0,0,2699.64,17697.64,2,Mumbai,India
101592,12274,2024-02-03,13:21:00,delivered,COD,24609.83,0,4429.77,29039.6,3,Mumbai,India
101593,12274,2024-01-25,22:58:00,delivered,Debit Card,999.0,0,179.82,1178.82,1,Mumbai,India
101594,12274,2023-12-24,19:47:00,delivered,Debit Card,2499.0,0,449.82,2948.82,1,Mumbai,India
101595,12274,2024-04-17,16:13:00,shipped,UPI,3173.15,0,571.17,3744.32,2,Mumbai,India
101596,12274,2024-01-01,08:55:00,delivered,UPI,1598.0,0,287.64,1885.64,1,Mumbai,India
101597,12274,2024-01-24,01:07:00,shipped,COD,33295.0,0,5993.1,39288.1,5,Mumbai,India
101598,12274,2024-01-13,04:19:00,delivered,COD,27497.0,0,4949.46,32446.46,2,Mumbai,India
101599,12274,2024-07-10,05:26:00,delivered,Credit Card,34995.0,0,6299.1,41294.1,2,Mumbai,India
101600,12274,2024-05-13,14:16:00,delivered,COD,9985.97,0,1797.47,11783.44,3,Mumbai,India
101601,12274,2024-03-18,16:42:00,processing,Debit Card,3985.89,0,717.46,4703.35,1,Mumbai,India
101602,12274,2024-01-22,04:39:00,delivered,UPI,1499.0,0,269.82,1768.82,1,Mumbai,India
101603,12274,2024-01-14,22:34:00,shipped,Credit Card,809.79,49,145.76,1004.55,1,Mumbai,India
101604,12274,2024-01-10,11:37:00,delivered,Credit Card,899.0,99,161.82,1159.82,1,Mumbai,India
101605,12276,2023-12-10,06:40:00,delivered,UPI,1197.0,0,215.46,1412.46,2,Mumbai,USA
101607,12276,2022-08-01,10:36:00,delivered,Net Banking,1999.0,0,359.82,2358.82,1,Mumbai,USA
101608,12276,2022-07-15,05:34:00,cancelled,Credit Card,12294.0,0,2212.92,14506.92,4,Mumbai,USA
101609,12276,2022-09-11,10:31:00,pending,Wallet,6375.63,0,1147.61,7523.24,2,Mumbai,USA
101610,12276,2022-10-17,08:46:00,shipped,Debit Card,10997.0,0,1979.46,12976.46,2,Mumbai,USA
101611,12276,2023-06-10,06:26:00,delivered,Debit Card,10896.0,0,1961.28,12857.28,3,Mumbai,USA
101612,12276,2023-03-26,23:01:00,delivered,Credit Card,6998.0,0,1259.64,8257.64,2,Mumbai,USA
101613,12276,2023-01-16,03:00:00,delivered,Debit Card,2378.96,0,428.21,2807.17,2,Mumbai,USA
101614,12276,2023-02-23,05:35:00,delivered,UPI,1813.27,0,326.39,2139.66,1,Mumbai,USA
101615,12276,2023-03-03,22:04:00,delivered,UPI,2996.0,0,539.28,3535.28,2,Mumbai,USA
101616,12276,2022-09-07,16:39:00,delivered,Debit Card,4516.89,0,813.04,5329.93,2,Mumbai,USA
101617,12276,2024-02-13,16:19:00,delivered,Net Banking,1598.0,0,287.64,1885.64,1,Mumbai,USA
101618,12276,2022-12-26,23:28:00,delivered,Credit Card,6653.3,0,1197.59,7850.89,4,Mumbai,USA
101619,12276,2022-11-03,18:07:00,delivered,Credit Card,1998.0,0,359.64,2357.64,2,Mumbai,USA
101620,12276,2023-05-25,21:08:00,shipped,UPI,551.79,99,99.32,750.11,1,Mumbai,USA
101621,12276,2022-11-24,09:04:00,delivered,Net Banking,2997.0,0,539.46,3536.46,1,Mumbai,USA
101622,12276,2022-09-29,16:41:00,cancelled,Credit Card,1797.0,0,323.46,2120.46,2,Mumbai,USA
101623,12276,2022-06-23,19:26:00,shipped,Debit Card,10497.0,0,1889.46,12386.46,1,Mumbai,USA
101624,12276,2022-06-21,04:41:00,delivered,Debit Card,6198.0,0,1115.64,7313.64,2,Mumbai,USA
101625,12276,2023-07-05,01:52:00,delivered,Net Banking,2999.0,0,539.82,3538.82,1,Mumbai,USA
101626,12276,2023-08-06,17:04:00,delivered,Credit Card,4999.0,0,899.82,5898.82,1,Mumbai,USA
101627,12276,2023-11-18,18:18:00,delivered,UPI,894.5,149,161.01,1204.51,1,Mumbai,USA
101628,12276,2023-08-26,10:26:00,delivered,UPI,1598.0,0,287.64,1885.64,1,Mumbai,USA
101629,12276,2022-08-18,02:17:00,shipped,Credit Card,27882.63,0,5018.87,32901.5,4,Mumbai,USA
101630,12276,2022-10-08,03:18:00,delivered,Credit Card,3499.0,0,629.82,4128.82,1,Mumbai,USA
101631,12276,2023-04-28,16:29:00,delivered,Debit Card,1798.0,0,323.64,2121.64,1,Mumbai,USA
101632,12276,2023-03-14,00:51:00,shipped,Credit Card,1299.0,0,233.82,1532.82,1,Mumbai,USA
101634,12276,2022-12-03,11:38:00,delivered,Credit Card,17096.0,0,3077.28,20173.28,3,Mumbai,USA
101635,12276,2022-08-29,18:39:00,delivered,UPI,4998.0,0,899.64,5897.64,2,Mumbai,USA
101636,12276,2023-05-08,12:06:00,delivered,Net Banking,44100.3,0,7938.05,52038.35,2,Mumbai,USA
101637,12276,2022-07-29,06:48:00,processing,Debit Card,30594.0,0,5506.92,36100.92,3,Mumbai,USA
101638,12276,2022-06-24,17:47:00,delivered,UPI,3421.59,0,615.89,4037.48,3,Mumbai,USA
101639,12276,2022-08-21,06:47:00,delivered,Wallet,599.0,49,107.82,755.82,1,Mumbai,USA
101640,12276,2022-08-07,16:50:00,delivered,UPI,24294.51,0,4373.01,28667.52,2,Mumbai,USA
101641,12276,2023-01-02,04:53:00,delivered,Credit Card,6694.44,0,1205.0,7899.44,3,Mumbai,USA
101642,12276,2022-09-28,11:31:00,delivered,Debit Card,9997.0,0,1799.46,11796.46,2,Mumbai,USA
101643,12276,2023-02-28,05:28:00,delivered,UPI,5149.58,0,926.92,6076.5,3,Mumbai,USA
101644,12276,2023-06-13,23:44:00,processing,Credit Card,21690.68,0,3904.32,25595.0,3,Mumbai,USA
101645,12276,2022-07-24,12:55:00,delivered,Debit Card,5999.0,0,1079.82,7078.82,1,Mumbai,USA
101646,12276,2022-05-25,00:58:00,cancelled,Net Banking,199.0,99,35.82,333.82,1,Mumbai,USA
101647,12276,2022-11-20,18:37:00,delivered,Credit Card,2997.0,0,539.46,3536.46,1,Mumbai,USA
101648,12276,2023-01-24,00:33:00,delivered,Wallet,1299.0,0,233.82,1532.82,1,Mumbai,USA
101649,12276,2023-04-17,23:29:00,delivered,UPI,3712.53,0,668.26,4380.79,2,Mumbai,USA
101650,12276,2022-11-20,22:56:00,delivered,Credit Card,1798.0,0,323.64,2121.64,2,Mumbai,USA
101651,12276,2024-01-23,01:52:00,delivered,COD,6298.0,0,1133.64,7431.64,2,Mumbai,USA
101652,12276,2023-01-08,23:03:00,delivered,Net Banking,599.0,99,107.82,805.82,1,Mumbai,USA
101653,12276,2023-05-04,16:54:00,shipped,Net Banking,4999.0,0,899.82,5898.82,1,Mumbai,USA
101654,12276,2022-12-19,21:17:00,delivered,Net Banking,19726.66,0,3550.8,23277.46,5,Mumbai,USA
101655,12276,2023-04-26,07:02:00,delivered,Debit Card,5649.02,0,1016.82,6665.84,2,Mumbai,USA
101656,12276,2022-11-02,09:27:00,returned,Debit Card,1998.0,0,359.64,2357.64,1,Mumbai,USA
101657,12276,2022-07-29,21:29:00,delivered,Wallet,299.0,149,53.82,501.82,1,Mumbai,USA
101658,12276,2023-05-21,08:46:00,delivered,Debit Card,1198.0,0,215.64,1413.64,1,Mumbai,USA
101660,12276,2023-05-18,21:45:00,shipped,COD,14496.03,0,2609.29,17105.32,4,Mumbai,USA
101661,12276,2022-08-20,05:10:00,delivered,Credit Card,3496.0,0,629.28,4125.28,3,Mumbai,USA
101662,12276,2023-02-04,00:24:00,processing,Credit Card,3797.0,0,683.46,4480.46,3,Mumbai,USA
101663,12276,2022-09-19,15:28:00,shipped,Credit Card,4198.0,0,755.64,4953.64,2,Mumbai,USA
101664,12276,2022-05-05,09:02:00,processing,Wallet,27498.0,0,4949.64,32447.64,2,Mumbai,USA
101665,12276,2022-09-29,16:29:00,delivered,Credit Card,6497.0,0,1169.46,7666.46,2,Mumbai,USA
101667,12276,2023-10-06,09:14:00,delivered,Credit Card,5601.56,0,1008.28,6609.84,1,Mumbai,USA
101668,12276,2022-11-11,16:00:00,delivered,Credit Card,4597.0,0,827.46,5424.46,3,Mumbai,USA
101669,12276,2022-08-13,20:36:00,delivered,UPI,31935.71,0,5748.43,37684.14,3,Mumbai,USA
101670,12276,2022-10-08,02:12:00,delivered,Debit Card,2387.35,0,429.72,2817.07,2,Mumbai,USA
101671,12278,2023-07-07,03:21:00,delivered,Net Banking,1858.16,0,334.47,2192.63,1,Mumbai,India
101672,12278,2023-06-02,19:28:00,shipped,Net Banking,15381.69,0,2768.7,18150.39,3,Mumbai,India
101673,12278,2023-06-06,10:05:00,returned,Debit Card,4999.0,0,899.82,5898.82,1,Mumbai,India
101674,12279,2023-05-01,14:07:00,delivered,Wallet,199.0,49,35.82,283.82,1,Mumbai,USA
101675,12279,2023-08-17,13:50:00,delivered,Credit Card,4997.0,0,899.46,5896.46,2,Mumbai,USA
101677,12279,2023-02-11,06:36:00,processing,UPI,2198.0,0,395.64,2593.64,2,Mumbai,USA
101678,12279,2022-11-26,15:44:00,cancelled,Debit Card,7998.0,0,1439.64,9437.64,1,Mumbai,USA
101679,12279,2023-02-20,08:02:00,delivered,Debit Card,10382.71,0,1868.89,12251.6,3,Mumbai,USA
101680,12279,2023-09-08,05:11:00,delivered,Debit Card,2998.0,0,539.64,3537.64,2,Mumbai,USA
101682,12279,2023-08-18,09:32:00,delivered,Debit Card,63659.76,0,11458.76,75118.52,2,Mumbai,USA
101683,12279,2022-10-30,13:33:00,delivered,Credit Card,299.0,99,53.82,451.82,1,Mumbai,USA
101684,12279,2023-10-20,13:29:00,delivered,Credit Card,77494.0,0,13948.92,91442.92,3,Mumbai,USA
101685,12279,2022-10-09,21:10:00,delivered,Credit Card,6296.0,0,1133.28,7429.28,4,Mumbai,USA
101686,12280,2024-10-10,08:03:00,shipped,UPI,6551.13,0,1179.2,7730.33,2,Mumbai,USA
101687,12283,2023-04-20,06:27:00,delivered,Credit Card,4999.0,0,899.82,5898.82,1,Mumbai,USA
101689,12301,2024-01-25,16:25:00,delivered,Credit Card,3097.0,0,557.46,3654.46,2,Mumbai,Australia
101690,12304,2023-01-14,09:50:00,shipped,Net Banking,2999.0,0,539.82,3538.82,1,Mumbai,Singapore
101692,12304,2023-09-15,10:38:00,pending,Credit Card,3510.32,0,631.86,4142.18,1,Mumbai,Singapore
101693,12304,2023-07-12,00:16:00,processing,UPI,1698.0,0,305.64,2003.64,2,Mumbai,Singapore
101694,12304,2022-09-13,19:03:00,delivered,UPI,2497.0,0,449.46,2946.46,2,Mumbai,Singapore
101695,12304,2023-01-14,06:47:00,delivered,Credit Card,14488.02,0,2607.84,17095.86,3,Mumbai,Singapore
101697,12315,2023-09-23,00:58:00,delivered,UPI,11615.63,0,2090.81,13706.44,5,Mumbai,India
101698,12318,2023-10-11,06:42:00,returned,Credit Card,15999.0,0,2879.82,18878.82,1,Mumbai,India
101699,12319,2024-08-05,19:37:00,delivered,Credit Card,9125.38,0,1642.57,10767.95,3,Mumbai,USA
101700,12319,2024-08-27,21:43:00,delivered,Debit Card,29064.21,0,5231.56,34295.77,2,Mumbai,USA
101701,12319,2024-07-08,22:46:00,delivered,Debit Card,10443.06,0,1879.75,12322.81,2,Mumbai,USA
101702,12319,2024-09-25,16:04:00,processing,Credit Card,3266.91,0,588.04,3854.95,3,Mumbai,USA
101703,12319,2024-07-31,18:57:00,shipped,UPI,851.56,99,153.28,1103.84,1,Mumbai,USA
101704,12319,2024-07-06,21:47:00,delivered,Debit Card,4998.0,0,899.64,5897.64,2,Mumbai,USA
101705,12319,2024-06-21,11:34:00,processing,Debit Card,24999.0,0,4499.82,29498.82,1,Mumbai,USA
101706,12319,2024-07-30,14:10:00,delivered,Credit Card,12999.0,0,2339.82,15338.82,1,Mumbai,USA
101707,12319,2024-07-22,03:01:00,delivered,Credit Card,999.0,0,179.82,1178.82,1,Mumbai,USA
101708,12321,2023-07-02,22:09:00,delivered,Net Banking,25998.0,0,4679.64,30677.64,1,Mumbai,UK
101709,12321,2023-04-22,04:13:00,delivered,Credit Card,2164.37,0,389.59,2553.96,2,Mumbai,UK
101710,12323,2023-07-13,13:35:00,cancelled,UPI,5597.0,0,1007.46,6604.46,2,Mumbai,USA
101711,12323,2023-04-28,12:53:00,delivered,UPI,5800.49,0,1044.09,6844.58,2,Mumbai,USA
101712,12325,2024-06-23,18:03:00,delivered,Credit Card,2707.62,0,487.37,3194.99,1,Mumbai,UK
101713,12330,2023-09-03,22:14:00,shipped,UPI,25998.0,0,4679.64,30677.64,1,Mumbai,India
101714,12330,2023-08-27,21:15:00,shipped,Wallet,50197.0,0,9035.46,59232.46,2,Mumbai,India
101715,12330,2023-06-06,18:29:00,delivered,Debit Card,15426.08,0,2776.69,18202.77,4,Mumbai,India
101716,12335,2024-01-22,05:09:00,delivered,Debit Card,9092.18,0,1636.59,10728.77,2,Mumbai,Canada
101717,12341,2024-07-31,09:24:00,delivered,Credit Card,17998.0,0,3239.64,21237.64,2,Mumbai,UK
101718,12341,2024-07-04,19:24:00,cancelled,UPI,2797.0,0,503.46,3300.46,2,Mumbai,UK
101719,12342,2023-01-08,18:48:00,processing,Net Banking,907.45,99,163.34,1169.79,1,Mumbai,India
101720,12343,2024-03-29,10:17:00,delivered,UPI,14010.04,0,2521.81,16531.85,5,Mumbai,India
101721,12351,2023-08-16,05:56:00,shipped,Credit Card,9647.13,0,1736.48,11383.61,4,Mumbai,India
101722,12352,2024-07-07,00:40:00,processing,Credit Card,19360.68,0,3484.92,22845.6,5,Mumbai,India
101723,12353,2023-06-21,19:46:00,delivered,Credit Card,1725.0,0,310.5,2035.5,3,Mumbai,USA
101724,12358,2024-06-13,20:50:00,shipped,Debit Card,2850.69,0,513.12,3363.81,2,Mumbai,Australia
101725,12358,2023-12-31,22:04:00,delivered,Net Banking,899.0,49,161.82,1109.82,1,Mumbai,Australia
101726,12358,2024-04-13,22:13:00,delivered,UPI,10545.88,0,1898.26,12444.14,2,Mumbai,Australia
101727,12358,2024-02-26,08:00:00,delivered,Credit Card,1619.91,0,291.58,1911.49,3,Mumbai,Australia
101728,12358,2024-02-24,03:35:00,delivered,Debit Card,1499.0,0,269.82,1768.82,1,Mumbai,Australia
101729,12358,2023-12-23,19:34:00,delivered,Credit Card,23713.38,0,4268.41,27981.79,1,Mumbai,Australia
101730,12362,2023-09-03,00:41:00,delivered,UPI,2999.0,0,539.82,3538.82,1,Mumbai,India
101731,12381,2023-08-15,17:03:00,shipped,Credit Card,19996.0,0,3599.28,23595.28,2,Mumbai,USA
101732,12381,2023-09-13,01:51:00,delivered,Credit Card,897.0,49,161.46,1107.46,1,Mumbai,USA
101733,12381,2024-02-05,02:23:00,delivered,Net Banking,2997.0,0,539.46,3536.46,2,Mumbai,USA
101734,12381,2023-07-14,18:51:00,delivered,Debit Card,1999.0,0,359.82,2358.82,1,Mumbai,USA
101735,12386,2024-08-01,14:09:00,delivered,Credit Card,1499.0,0,269.82,1768.82,1,Mumbai,UK
101736,12388,2023-10-01,23:20:00,delivered,Credit Card,16998.0,0,3059.64,20057.64,2,Mumbai,India
101737,12388,2023-12-18,04:19:00,delivered,Debit Card,2398.0,0,431.64,2829.64,2,Mumbai,India
101738,12388,2024-01-10,09:14:00,shipped,UPI,4998.0,0,899.64,5897.64,2,Mumbai,India
101739,12395,2023-07-13,00:17:00,delivered,Credit Card,280.46,99,50.48,429.94,1,Mumbai,India
101740,12395,2023-06-16,16:37:00,shipped,Net Banking,1738.39,0,312.91,2051.3,2,Mumbai,India
101741,12395,2023-03-19,04:15:00,delivered,UPI,8996.0,0,1619.28,10615.28,3,Mumbai,India
101743,12395,2023-04-22,18:44:00,delivered,Wallet,13997.0,0,2519.46,16516.46,2,Mumbai,India
101744,12395,2023-08-25,21:26:00,processing,COD,5598.0,0,1007.64,6605.64,2,Mumbai,India
101745,12397,2023-02-15,23:17:00,processing,Credit Card,1298.0,0,233.64,1531.64,2,Mumbai,India
101746,12418,2022-10-30,12:17:00,returned,UPI,10595.0,0,1907.1,12502.1,3,Mumbai,India
101747,12418,2023-02-04,22:27:00,delivered,Debit Card,3796.0,0,683.28,4479.28,3,Mumbai,India
101748,12418,2023-05-29,16:08:00,delivered,UPI,659.17,99,118.65,876.82,1,Mumbai,India
101749,12424,2022-12-12,10:08:00,delivered,Net Banking,3999.0,0,719.82,4718.82,1,Mumbai,India
101750,12424,2023-02-21,02:06:00,shipped,Debit Card,3997.0,0,719.46,4716.46,3,Mumbai,India
101751,12424,2023-01-17,12:51:00,delivered,Wallet,2998.0,0,539.64,3537.64,2,Mumbai,India
101753,12429,2025-06-15,12:05:00,shipped,UPI,3597.0,0,647.46,4244.46,3,Mumbai,India
101755,12437,2023-09-01,09:02:00,delivered,Credit Card,999.0,0,179.82,1178.82,1,Mumbai,USA
101756,12437,2023-10-02,18:30:00,processing,Wallet,1798.0,0,323.64,2121.64,2,Mumbai,USA
101757,12437,2023-05-25,02:46:00,delivered,Debit Card,5880.14,0,1058.43,6938.57,2,Mumbai,USA
101758,12437,2024-01-02,21:07:00,pending,Credit Card,1807.49,0,325.35,2132.84,1,Mumbai,USA
101759,12437,2023-08-24,06:23:00,delivered,Debit Card,1499.0,0,269.82,1768.82,1,Mumbai,USA
101760,12437,2023-10-07,01:33:00,delivered,COD,7995.0,0,1439.1,9434.1,3,Mumbai,USA
101761,12437,2023-09-06,14:13:00,delivered,Credit Card,9997.0,0,1799.46,11796.46,2,Mumbai,USA
101762,12437,2023-08-01,15:22:00,delivered,Credit Card,20634.3,0,3714.17,24348.47,4,Mumbai,USA
101763,12437,2023-08-20,17:11:00,pending,Wallet,5298.0,0,953.64,6251.64,2,Mumbai,USA
101764,12443,2022-07-05,01:48:00,delivered,Credit Card,5351.35,0,963.24,6314.59,3,Mumbai,India
101765,12443,2022-08-28,05:55:00,delivered,Net Banking,6036.44,0,1086.56,7123.0,3,Mumbai,India
101766,12443,2022-11-15,12:30:00,delivered,Debit Card,1757.49,0,316.35,2073.84,1,Mumbai,India
101767,12459,2024-05-13,03:26:00,delivered,UPI,1499.0,0,269.82,1768.82,1,Mumbai,Australia
101768,12459,2024-06-02,09:17:00,delivered,UPI,9998.0,0,1799.64,11797.64,1,Mumbai,Australia
101769,12459,2024-04-22,16:52:00,delivered,UPI,13497.0,0,2429.46,15926.46,2,Mumbai,Australia
101770,12459,2024-03-20,19:53:00,delivered,Debit Card,7999.0,0,1439.82,9438.82,1,Mumbai,Australia
101771,12459,2024-07-16,23:09:00,processing,Wallet,1797.0,0,323.46,2120.46,1,Mumbai,Australia
101772,12459,2024-02-27,08:59:00,processing,Debit Card,7497.0,0,1349.46,8846.46,1,Mumbai,Australia
101773,12459,2024-05-16,17:01:00,processing,UPI,10757.89,0,1936.42,12694.31,3,Mumbai,Australia
101774,12459,2024-04-01,16:18:00,delivered,Credit Card,35096.0,0,6317.28,41413.28,3,Mumbai,Australia
101775,12459,2024-03-24,01:16:00,delivered,Credit Card,5395.0,0,971.1,6366.1,3,Mumbai,Australia
101776,12464,2024-06-13,05:59:00,delivered,Wallet,499.0,149,89.82,737.82,1,Mumbai,India
101777,12464,2024-05-11,13:04:00,delivered,Credit Card,2999.0,0,539.82,3538.82,1,Mumbai,India
101778,12464,2024-05-25,18:37:00,shipped,Debit Card,999.0,0,179.82,1178.82,1,Mumbai,India
101779,12464,2024-06-07,21:42:00,delivered,Debit Card,2498.0,0,449.64,2947.64,2,Mumbai,India
101780,12464,2024-07-19,23:35:00,cancelled,Net Banking,3797.0,0,683.46,4480.46,2,Mumbai,India
101781,12464,2024-07-09,20:45:00,delivered,Credit Card,8196.0,0,1475.28,9671.28,3,Mumbai,India
101782,12464,2024-06-24,03:06:00,delivered,Debit Card,4298.0,0,773.64,5071.64,2,Mumbai,India
101783,12464,2024-05-11,21:42:00,delivered,UPI,1999.0,0,359.82,2358.82,1,Mumbai,India
101784,12464,2024-07-22,00:19:00,delivered,Debit Card,8610.51,0,1549.89,10160.4,4,Mumbai,India
101785,12464,2024-06-03,13:03:00,delivered,Net Banking,16768.09,0,3018.26,19786.35,2,Mumbai,India
101786,12464,2024-06-16,11:09:00,delivered,Debit Card,440.19,149,79.23,668.42,1,Mumbai,India
101787,12464,2024-08-04,07:00:00,delivered,Credit Card,31796.0,0,5723.28,37519.28,4,Mumbai,India
101788,12464,2024-05-27,15:14:00,delivered,Net Banking,5598.0,0,1007.64,6605.64,2,Mumbai,India
101789,12464,2024-07-27,19:23:00,delivered,Wallet,2097.0,0,377.46,2474.46,1,Mumbai,India
101790,12464,2024-06-05,18:03:00,cancelled,Credit Card,898.0,149,161.64,1208.64,2,Mumbai,India
101791,12464,2024-06-17,13:55:00,delivered,COD,4849.82,0,872.97,5722.79,2,Mumbai,India
101792,12464,2024-06-08,19:09:00,delivered,Debit Card,699.0,49,125.82,873.82,1,Mumbai,India
101793,12464,2024-05-11,15:05:00,pending,Debit Card,14053.22,0,2529.58,16582.8,2,Mumbai,India
101794,12468,2023-09-17,11:24:00,delivered,Debit Card,4195.0,0,755.1,4950.1,4,Mumbai,India
101795,12468,2023-11-25,18:58:00,shipped,Debit Card,5297.0,0,953.46,6250.46,3,Mumbai,India
101796,12468,2023-08-27,08:05:00,delivered,Debit Card,10332.84,0,1859.91,12192.75,1,Mumbai,India
101797,12473,2022-12-29,13:14:00,shipped,Wallet,1598.0,0,287.64,1885.64,1,Mumbai,India
101798,12473,2023-05-16,01:33:00,shipped,Net Banking,3897.0,0,701.46,4598.46,2,Mumbai,India
101799,12473,2022-09-10,00:56:00,delivered,COD,5999.0,0,1079.82,7078.82,1,Mumbai,India
101800,12485,2024-03-18,20:09:00,delivered,UPI,1499.0,0,269.82,1768.82,1,Mumbai,India
101801,12485,2023-12-19,12:46:00,delivered,Debit Card,1293.81,0,232.89,1526.7,1,Mumbai,India
101802,12485,2024-01-18,00:05:00,delivered,UPI,2996.0,0,539.28,3535.28,2,Mumbai,India
101803,12485,2024-03-17,00:45:00,delivered,UPI,1299.0,0,233.82,1532.82,1,Mumbai,India
101804,12485,2024-04-04,17:56:00,delivered,Net Banking,2297.0,0,413.46,2710.46,2,Mumbai,India
101805,12485,2024-01-04,04:56:00,pending,Net Banking,15999.0,0,2879.82,18878.82,1,Mumbai,India
101806,12485,2024-02-25,23:28:00,delivered,UPI,5596.0,0,1007.28,6603.28,2,Mumbai,India
101807,12485,2024-01-06,06:07:00,delivered,Credit Card,6998.0,0,1259.64,8257.64,1,Mumbai,India
101808,12485,2024-01-16,22:31:00,delivered,Credit Card,16519.48,0,2973.51,19492.99,4,Mumbai,India
101809,12485,2023-12-04,16:57:00,delivered,UPI,9241.24,0,1663.42,10904.66,2,Mumbai,India
101810,12485,2024-02-27,23:49:00,pending,Credit Card,18200.57,0,3276.1,21476.67,3,Mumbai,India
101811,12485,2024-01-08,17:28:00,returned,UPI,22268.11,0,4008.26,26276.37,4,Mumbai,India
101812,12485,2024-05-22,15:09:00,delivered,Credit Card,1998.0,0,359.64,2357.64,1,Mumbai,India
101813,12485,2024-03-03,00:22:00,delivered,Debit Card,13924.47,0,2506.4,16430.87,4,Mumbai,India
101815,12485,2024-06-18,10:47:00,shipped,Wallet,1498.0,0,269.64,1767.64,2,Mumbai,India
101816,12485,2024-05-27,11:33:00,delivered,Wallet,2088.85,0,375.99,2464.84,2,Mumbai,India
101817,12485,2024-02-27,09:16:00,delivered,UPI,2499.0,0,449.82,2948.82,1,Mumbai,India
101818,12485,2024-01-10,15:39:00,shipped,UPI,7998.0,0,1439.64,9437.64,2,Mumbai,India
101819,12485,2024-01-22,10:18:00,delivered,UPI,30595.0,0,5507.1,36102.1,4,Mumbai,India
101820,12485,2024-05-14,05:07:00,delivered,COD,799.0,149,143.82,1091.82,1,Mumbai,India
101821,12487,2023-07-02,16:44:00,delivered,UPI,7743.46,0,1393.82,9137.28,2,Mumbai,India
101822,12499,2024-01-04,11:37:00,delivered,Net Banking,3596.0,0,647.28,4243.28,2,Mumbai,USA
101823,12500,2023-02-19,00:23:00,shipped,Net Banking,5999.0,0,1079.82,7078.82,1,Mumbai,Germany
101825,12500,2022-12-24,20:41:00,delivered,Credit Card,2499.0,0,449.82,2948.82,1,Mumbai,Germany
101826,12508,2023-05-23,18:11:00,delivered,Credit Card,2596.0,0,467.28,3063.28,3,Mumbai,India
101827,12511,2023-03-13,15:48:00,delivered,Debit Card,13393.0,0,2410.74,15803.74,3,Mumbai,Australia
101828,12511,2022-11-19,03:44:00,delivered,UPI,8596.0,0,1547.28,10143.28,3,Mumbai,Australia
101829,12511,2022-11-24,16:53:00,processing,Net Banking,1499.0,0,269.82,1768.82,1,Mumbai,Australia
101830,12511,2023-09-03,23:18:00,delivered,UPI,4998.0,0,899.64,5897.64,1,Mumbai,Australia
101831,12511,2023-01-05,22:51:00,delivered,Credit Card,1999.0,0,359.82,2358.82,1,Mumbai,Australia
101832,12511,2023-08-30,17:28:00,delivered,UPI,1598.0,0,287.64,1885.64,2,Mumbai,Australia
101833,,2023-02-01,20:51:00,delivered,Credit Card,5296.0,0,953.28,6249.28,3,Mumbai,Australia
101834,12511,2023-02-24,19:58:00,cancelled,UPI,2297.0,0,413.46,2710.46,2,Mumbai,Australia
101835,12511,2023-09-02,12:33:00,delivered,Wallet,5998.0,0,1079.64,7077.64,1,Mumbai,Australia
101836,12511,2023-08-08,16:55:00,processing,UPI,1198.0,0,215.64,1413.64,1,Mumbai,Australia
101837,12511,2022-12-28,10:21:00,delivered,UPI,5999.0,0,1079.82,7078.82,1,Mumbai,Australia
101838,12511,2022-10-16,04:07:00,delivered,Credit Card,9697.0,0,1745.46,11442.46,2,Mumbai,Australia
101839,12522,2024-02-17,13:53:00,delivered,Credit Card,33497.0,0,6029.46,39526.46,2,Mumbai,India
101840,12523,2023-02-25,09:14:00,delivered,Credit Card,6297.0,0,1133.46,7430.46,3,Mumbai,India
101843,12525,2023-02-10,15:17:00,delivered,Credit Card,9798.62,0,1763.75,11562.37,2,Mumbai,India
101844,12530,2022-11-10,17:25:00,delivered,Debit Card,11998.0,0,2159.64,14157.64,1,Mumbai,India
101845,12531,2023-09-05,06:59:00,pending,Credit Card,1897.0,0,341.46,2238.46,2,Mumbai,USA
101846,12532,2023-11-10,20:34:00,cancelled,Net Banking,5030.81,0,905.55,5936.36,3,Mumbai,USA
101847,12532,2023-07-16,07:29:00,shipped,Wallet,2895.0,0,521.1,3416.1,3,Mumbai,USA
101848,12532,2023-10-28,10:01:00,delivered,Debit Card,7497.0,0,1349.46,8846.46,2,Mumbai,USA
101849,12532,2024-04-09,08:48:00,delivered,Wallet,3897.0,0,701.46,4598.46,2,Mumbai,USA
101850,12533,2024-01-10,00:41:00,pending,COD,15999.0,0,2879.82,18878.82,1,Mumbai,India
101851,12533,2024-03-09,06:44:00,shipped,Debit Card,2097.0,0,377.46,2474.46,2,Mumbai,India
101852,12533,2024-01-12,11:38:00,delivered,Debit Card,20045.57,0,3608.2,23653.77,3,Mumbai,India
101853,12533,2023-09-03,15:15:00,pending,Wallet,15174.23,0,2731.36,17905.59,2,Mumbai,India
101854,12533,2023-12-07,22:52:00,delivered,Net Banking,3998.0,0,719.64,4717.64,1,Mumbai,India
101855,12533,2023-09-29,13:18:00,returned,Debit Card,1198.0,0,215.64,1413.64,1,Mumbai,India
101856,12533,2024-03-13,10:32:00,delivered,Credit Card,468.9,49,84.4,602.3,1,Mumbai,India
101857,12533,2023-12-11,05:15:00,delivered,Credit Card,6377.88,0,1148.02,7525.9,3,Mumbai,India
101859,12533,2024-02-20,22:08:00,cancelled,Net Banking,24999.0,0,4499.82,29498.82,1,Mumbai,India
101860,12537,2024-02-05,05:12:00,delivered,Net Banking,13796.0,0,2483.28,16279.28,2,Mumbai,India
101861,12548,2023-10-23,13:36:00,delivered,COD,29997.0,0,5399.46,35396.46,3,Mumbai,UK
101862,12548,2024-02-12,14:24:00,delivered,Debit Card,799.0,49,143.82,-991.82,1,Mumbai,UK
101863,12548,2023-11-28,08:30:00,delivered,Debit Card,699.0,99,125.82,923.82,1,Mumbai,UK
101864,12551,2024-01-09,03:10:00,shipped,Debit Card,13895.0,0,2501.1,16396.1,4,Mumbai,Singapore
101865,12551,2023-08-02,00:00:00,processing,Wallet,26559.56,0,4780.72,31340.28,2,Mumbai,Singapore
101866,12551,2023-11-10,13:07:00,delivered,Credit Card,5396.19,0,971.31,6367.5,5,Mumbai,Singapore
101868,12561,2023-06-05,23:10:00,delivered,Debit Card,4999.0,0,899.82,5898.82,1,Mumbai,USA
101869,12561,2023-05-27,15:44:00,delivered,COD,4509.94,0,811.79,5321.73,2,Mumbai,USA
101870,12561,2023-04-26,05:17:00,delivered,Wallet,598.0,149,107.64,854.64,1,Mumbai,USA
101871,12561,2023-06-18,01:40:00,delivered,Credit Card,14482.18,0,2606.79,17088.97,5,Mumbai,USA
101872,12561,2023-03-21,03:08:00,delivered,Net Banking,999.0,0,179.82,1178.82,1,Mumbai,USA
101873,12562,2024-07-12,11:45:00,delivered,UPI,599.0,99,107.82,805.82,1,Mumbai,UK
101874,12562,2024-07-01,20:53:00,delivered,Wallet,2019.31,0,363.48,2382.79,3,Mumbai,UK
101875,12562,2024-07-06,05:55:00,processing,UPI,19496.0,0,3509.28,23005.28,2,Mumbai,UK
101876,12562,2024-06-13,09:47:00,shipped,Net Banking,2398.0,0,431.64,2829.64,2,Mumbai,UK
101877,12562,2024-06-26,10:39:00,delivered,UPI,6298.0,0,1133.64,7431.64,2,Mumbai,UK
101878,12562,2024-06-25,19:01:00,delivered,Credit Card,6495.0,0,1169.1,7664.1,2,Mumbai,UK
101879,12562,2024-09-02,18:31:00,delivered,Debit Card,3134.22,0,564.16,3698.38,2,Mumbai,UK
101880,12571,2023-10-14,12:08:00,cancelled,Credit Card,10189.54,0,1834.12,12023.66,3,Mumbai,India
101883,12571,2024-07-09,10:16:00,delivered,COD,2499.0,0,449.82,2948.82,1,Mumbai,India
101884,12571,2023-08-16,16:56:00,delivered,Credit Card,899.0,99,161.82,1159.82,1,Mumbai,India
101885,12576,2024-05-14,20:08:00,delivered,Credit Card,1499.0,0,269.82,1768.82,1,Mumbai,India
101886,12577,2023-05-07,12:00:00,delivered,Net Banking,7997.0,0,1439.46,9436.46,3,Mumbai,India
101887,12585,2023-05-13,17:06:00,delivered,UPI,4608.32,0,829.5,5437.82,3,Mumbai,Australia
101888,12586,2023-03-25,15:13:00,cancelled,Debit Card,10622.72,0,1912.09,12534.81,4,Mumbai,UK
101891,12586,2022-05-10,09:52:00,delivered,UPI,31280.48,0,5630.49,36910.97,5,Mumbai,UK
101892,12586,2023-02-10,21:25:00,returned,Net Banking,12999.0,0,2339.82,15338.82,1,Mumbai,UK
101893,12586,2022-05-26,22:41:00,delivered,Net Banking,599.0,99,107.82,805.82,1,Mumbai,UK
101894,12586,2022-09-13,21:49:00,delivered,UPI,20596.0,0,3707.28,24303.28,3,Mumbai,UK
101895,12586,2023-07-03,03:11:00,delivered,Wallet,599.0,149,107.82,855.82,1,Mumbai,UK
101896,12586,2022-03-21,16:26:00,delivered,Wallet,8998.0,0,1619.64,10617.64,1,Mumbai,UK
101897,12589,2023-05-17,01:33:00,delivered,Credit Card,940.53,49,169.3,1158.83,2,Mumbai,India
101898,12589,2023-01-19,04:14:00,delivered,Wallet,13793.0,0,2482.74,16275.74,3,Mumbai,India
101899,12589,2023-02-22,23:42:00,delivered,Debit Card,199.0,49,35.82,283.82,1,Mumbai,India
101900,12589,2023-08-14,16:13:00,processing,Credit Card,599.0,99,107.82,805.82,1,Mumbai,India
101901,12589,2023-06-12,04:32:00,delivered,COD,21797.0,0,3923.46,25720.46,3,Mumbai,India
101902,12589,2023-03-31,23:29:00,delivered,Net Banking,2014.64,0,362.64,2377.28,3,Mumbai,India
101903,12592,2023-11-19,18:02:00,pending,Credit Card,699.0,149,125.82,973.82,1,Mumbai,Australia
101904,12592,2023-11-17,08:50:00,processing,Credit Card,5998.0,0,1079.64,7077.64,1,Mumbai,Australia
101905,12592,2024-01-12,06:53:00,delivered,Credit Card,35281.3,0,6350.63,41631.93,3,Mumbai,Australia
101906,12593,2024-07-21,17:59:00,delivered,Net Banking,699.0,49,125.82,873.82,1,Mumbai,India
101907,12593,2024-09-17,08:50:00,delivered,UPI,18172.93,0,3271.13,21444.06,3,Mumbai,India
101908,12593,2024-07-25,07:58:00,delivered,Debit Card,2998.0,0,539.64,-3537.64,1,Mumbai,India
101909,12593,2024-07-10,23:37:00,delivered,Credit Card,1598.0,0,287.64,1885.64,1,Mumbai,India
101910,12593,2024-08-30,03:36:00,cancelled,Credit Card,12725.76,0,2290.64,15016.4,3,Mumbai,India
101911,12593,2024-08-08,09:04:00,delivered,Net Banking,52496.0,0,9449.28,61945.28,3,Mumbai,India
101912,12593,2025-06-15,05:43:00,delivered,Debit Card,1198.0,0,215.64,1413.64,2,Mumbai,India
101913,12593,2024-07-11,02:00:00,delivered,UPI,2499.0,0,449.82,2948.82,1,Mumbai,India
101914,12600,2024-05-10,22:28:00,delivered,Debit Card,5998.0,0,1079.64,7077.64,2,Mumbai,USA
101915,12602,2024-02-05,13:11:00,delivered,Debit Card,1106.71,0,199.21,1305.92,1,Mumbai,Australia
101916,12608,2022-10-07,04:09:00,delivered,UPI,3119.87,0,561.58,3681.45,2,Mumbai,Australia
101917,12608,2023-05-21,20:13:00,delivered,Debit Card,6497.0,0,1169.46,7666.46,2,Mumbai,Australia
101918,12608,2022-07-26,01:59:00,delivered,Credit Card,3059.07,0,550.63,3609.7,3,Mumbai,Australia
101919,12609,2024-10-26,03:32:00,delivered,UPI,899.0,149,161.82,1209.82,1,Mumbai,USA
101920,12609,2024-10-25,18:20:00,delivered,UPI,9262.77,0,1667.3,10930.07,1,Mumbai,USA
101921,12609,2024-10-24,12:58:00,delivered,Credit Card,3998.0,0,719.64,4717.64,1,Mumbai,USA
101922,12613,2023-09-01,05:11:00,delivered,Credit Card,4296.0,0,773.28,5069.28,3,Mumbai,India
101923,12630,2024-06-27,06:25:00,delivered,Net Banking,4497.0,0,809.46,5306.46,2,Mumbai,India
101924,12630,2024-06-18,04:02:00,delivered,Credit Card,8378.78,0,1508.18,9886.96,3,Mumbai,India
101925,12630,2024-07-10,00:32:00,delivered,UPI,899.0,99,161.82,1159.82,1,Mumbai,India
101926,12631,2023-07-17,07:53:00,delivered,Debit Card,3123.5,0,562.23,3685.73,2,Mumbai,India
101927,12634,2024-03-11,00:23:00,delivered,Wallet,4695.0,0,845.1,5540.1,3,Mumbai,India
101928,12637,2022-12-18,02:48:00,pending,UPI,3778.08,0,680.05,4458.13,1,Mumbai,India
101929,12642,2024-03-18,01:18:00,delivered,Debit Card,2999.0,0,539.82,3538.82,1,Mumbai,Germany
101930,12643,2023-07-13,11:19:00,returned,COD,5069.92,0,912.59,5982.51,3,Mumbai,USA
101931,12645,2024-08-29,04:58:00,delivered,UPI,3029.46,0,545.3,3574.76,1,Mumbai,Germany
101932,12651,2024-03-20,21:05:00,cancelled,COD,24999.0,0,4499.82,29498.82,1,Mumbai,USA
101933,12651,2024-03-19,04:38:00,pending,Debit Card,1499.0,0,269.82,1768.82,1,Mumbai,USA
101934,12651,2024-01-08,00:59:00,delivered,Debit Card,2196.0,0,395.28,2591.28,2,Mumbai,USA
101935,12651,2023-12-24,12:21:00,shipped,Credit Card,2365.57,0,425.8,2791.37,2,Mumbai,USA
101936,12651,2024-02-01,15:02:00,delivered,Credit Card,7394.0,0,1330.92,8724.92,4,Mumbai,USA
101937,12651,2024-07-31,03:46:00,processing,Net Banking,7795.0,0,1403.1,9198.1,5,Mumbai,USA
101938,12651,2024-05-28,04:39:00,delivered,Credit Card,4631.36,0,833.64,5465.0,1,Mumbai,USA
101939,12651,2024-04-14,22:59:00,processing,Credit Card,1798.0,0,323.64,2121.64,2,Mumbai,USA
101940,12651,2024-05-18,20:16:00,delivered,Credit Card,2298.0,0,413.64,2711.64,2,Mumbai,USA
101941,12651,2024-03-21,01:42:00,delivered,Net Banking,4121.76,0,741.92,4863.68,1,Mumbai,USA
101942,12651,2024-04-19,23:16:00,delivered,Net Banking,25998.0,0,4679.64,30677.64,1,Mumbai,USA
101943,12651,2024-05-09,02:07:00,shipped,Wallet,3232.81,0,581.91,3814.72,1,Mumbai,USA
101944,12651,2024-02-21,07:54:00,delivered,Debit Card,4499.0,0,809.82,5308.82,1,Mumbai,USA
101945,12651,2024-03-02,01:18:00,delivered,Credit Card,3279.05,0,590.23,3869.28,3,Mumbai,USA
101946,12651,2024-03-14,06:56:00,delivered,COD,2198.0,0,395.64,2593.64,2,Mumbai,USA
101947,12653,2024-02-18,16:51:00,delivered,Credit Card,4543.11,0,817.76,5360.87,1,Mumbai,India
101948,12653,2023-08-27,16:51:00,delivered,Wallet,1895.24,0,341.14,2236.38,1,Mumbai,India
101949,12653,2023-06-30,11:33:00,delivered,Credit Card,12647.22,0,2276.5,14923.72,2,Mumbai,India
101950,12653,2023-09-21,04:41:00,cancelled,Debit Card,1398.0,0,251.64,1649.64,1,Mumbai,India
101951,12656,2023-05-11,00:48:00,delivered,Debit Card,4999.0,0,899.82,5898.82,1,Mumbai,USA
101952,12666,2024-03-20,08:36:00,pending,Credit Card,12430.86,0,2237.55,14668.41,3,Mumbai,India
101953,12666,2024-08-02,00:53:00,delivered,Debit Card,51335.82,0,9240.45,60576.27,3,Mumbai,India
101954,12666,2024-03-26,15:06:00,delivered,Credit Card,599.0,49,107.82,755.82,1,Mumbai,India
101955,12666,2024-02-06,13:08:00,shipped,UPI,48463.2,0,8723.38,57186.58,3,Mumbai,India
101956,12666,2024-02-20,09:29:00,delivered,Debit Card,3437.1,0,618.68,4055.78,3,Mumbai,India
101957,12666,2024-03-26,05:07:00,delivered,Credit Card,1198.0,0,215.64,1413.64,2,Mumbai,India
101958,12670,2023-06-24,08:05:00,delivered,Wallet,1499.0,0,269.82,1768.82,1,Mumbai,India
101959,12677,2022-09-30,08:11:00,delivered,UPI,3696.0,0,665.28,4361.28,2,Mumbai,India
101960,12677,2023-03-24,13:09:00,delivered,UPI,6703.24,0,1206.58,7909.82,2,Mumbai,India
101961,12677,2023-04-25,02:21:00,shipped,Debit Card,2499.0,0,449.82,2948.82,1,Mumbai,India
101962,12682,2023-12-27,13:01:00,delivered,Net Banking,883.35,49,159.0,1091.35,1,Mumbai,India
101963,12683,2022-04-28,11:03:00,delivered,Net Banking,9196.0,0,1655.28,10851.28,4,Mumbai,USA
101964,12683,2025-06-15,03:40:00,delivered,Credit Card,14553.3,0,2619.59,17172.89,3,Mumbai,USA
101966,12688,2023-09-04,22:10:00,delivered,UPI,4499.0,0,809.82,5308.82,1,Mumbai,India
101967,12688,2023-08-13,05:08:00,delivered,Credit Card,2362.1,0,425.18,2787.28,1,Mumbai,India
101968,12688,2023-09-13,08:38:00,cancelled,Debit Card,12595.0,0,2267.1,14862.1,4,Mumbai,India
101969,12689,2024-03-29,16:53:00,delivered,UPI,2999.0,0,539.82,3538.82,1,Mumbai,USA
101970,12689,2024-05-28,20:01:00,delivered,Debit Card,2097.0,0,377.46,2474.46,1,Mumbai,USA
101971,12689,2024-07-24,21:37:00,cancelled,Net Banking,6064.17,0,1091.55,7155.72,3,Mumbai,USA
101972,12689,2024-05-26,11:23:00,cancelled,Wallet,13687.03,0,2463.67,16150.7,1,Mumbai,USA
101973,12689,2024-03-28,12:45:00,delivered,Debit Card,13096.0,0,2357.28,15453.28,3,Mumbai,USA
101974,12689,2024-04-29,08:36:00,delivered,Debit Card,1398.0,0,251.64,1649.64,1,Mumbai,USA
101975,12689,2024-05-20,07:14:00,delivered,Debit Card,5999.0,0,1079.82,7078.82,1,Mumbai,USA
101976,12689,2024-07-18,15:21:00,shipped,Credit Card,2298.0,0,413.64,2711.64,2,Mumbai,USA
101977,12689,2024-05-06,20:26:00,returned,Net Banking,12999.0,0,2339.82,15338.82,1,Mumbai,USA
101978,12689,2024-04-28,21:29:00,delivered,Wallet,2438.08,0,438.85,2876.93,2,Mumbai,USA
101979,12689,2024-06-29,02:59:00,delivered,Wallet,899.0,99,161.82,1159.82,1,Mumbai,USA
101980,12689,2024-05-26,06:34:00,cancelled,Debit Card,12999.0,0,2339.82,15338.82,1,Mumbai,USA
101981,12689,2024-05-08,15:21:00,delivered,COD,8097.0,0,1457.46,9554.46,3,Mumbai,USA
101982,12689,2024-06-01,09:04:00,returned,Credit Card,4697.0,0,845.46,5542.46,3,Mumbai,USA
101983,12689,2024-04-06,06:52:00,processing,UPI,1499.0,0,269.82,1768.82,1,Mumbai,USA
101984,12690,2023-08-01,20:32:00,returned,Debit Card,2498.0,0,449.64,-2947.64,2,Mumbai,USA
101985,12696,2023-02-26,10:27:00,delivered,Debit Card,7597.0,0,1367.46,8964.46,2,Mumbai,USA
101986,12697,2023-06-05,22:41:00,shipped,Credit Card,14052.5,0,2529.45,16581.95,5,Mumbai,India
101987,12697,2023-10-11,12:38:00,delivered,UPI,18296.0,0,3293.28,21589.28,4,Mumbai,India
101988,12697,2023-08-19,21:55:00,delivered,Debit Card,7361.7,0,1325.11,8686.81,1,Mumbai,India
101989,12697,2023-10-31,18:50:00,delivered,Credit Card,9997.0,0,1799.46,11796.46,3,Mumbai,India
101990,12697,2023-09-25,01:09:00,delivered,Debit Card,2499.0,0,449.82,2948.82,1,Mumbai,India
101991,12698,2023-11-25,20:24:00,pending,UPI,27998.0,0,5039.64,33037.64,2,Mumbai,Canada
101992,12698,2023-11-03,12:50:00,shipped,UPI,1499.0,0,269.82,1768.82,1,Mumbai,Canada
101993,12698,2024-01-26,23:40:00,shipped,Wallet,999.0,0,179.82,1178.82,1,Mumbai,Canada
101994,12701,2022-11-12,07:22:00,cancelled,Wallet,998.0,49,179.64,1226.64,1,Mumbai,India
101995,12701,2023-12-27,00:03:00,delivered,Credit Card,999.0,0,179.82,1178.82,1,Mumbai,India
101996,12701,2023-05-17,15:11:00,delivered,Debit Card,299.0,99,53.82,451.82,1,Mumbai,India
101997,12704,2023-09-07,07:44:00,delivered,Net Banking,2654.37,0,477.79,3132.16,1,Mumbai,USA
101998,12704,2024-01-27,11:02:00,processing,Wallet,3597.0,0,647.46,4244.46,2,Mumbai,USA
101999,12704,2023-09-20,19:41:00,delivered,Debit Card,1198.0,0,215.64,1413.64,1,Mumbai,USA
102000,12704,2023-11-21,08:29:00,returned,UPI,7665.9,0,1379.86,9045.76,2,Mumbai,USA
102001,12704,2023-07-21,10:17:00,delivered,Debit Card,33497.0,0,6029.46,39526.46,2,Mumbai,USA
102002,12704,2023-06-27,03:41:00,delivered,Debit Card,7999.0,0,1439.82,9438.82,1,Mumbai,USA
102004,12704,2023-06-05,05:35:00,delivered,Credit Card,2690.31,0,484.26,3174.57,3,Mumbai,USA
102005,12704,2023-08-01,03:10:00,delivered,UPI,6998.0,0,1259.64,8257.64,2,Mumbai,USA
102006,12704,2023-04-17,09:02:00,delivered,Credit Card,2883.56,0,519.04,3402.6,2,Mumbai,USA
102007,12704,2023-06-16,17:59:00,shipped,Debit Card,555.46,99,99.98,754.44,1,Mumbai,USA
102008,12704,2023-09-20,11:15:00,delivered,UPI,3499.0,0,629.82,4128.82,1,Mumbai,USA
102009,12704,2023-04-06,06:18:00,delivered,UPI,3502.28,0,630.41,4132.69,3,Mumbai,USA
102010,12704,2023-08-08,17:30:00,processing,COD,4999.0,0,899.82,5898.82,1,Mumbai,USA
102011,12704,2023-05-13,08:36:00,delivered,Wallet,999.0,0,179.82,1178.82,1,Mumbai,USA
102012,12704,2023-03-18,16:58:00,shipped,Credit Card,4497.0,0,809.46,5306.46,1,Mumbai,USA
102013,12704,2023-05-25,08:47:00,delivered,Credit Card,9476.55,0,1705.78,11182.33,5,Mumbai,USA
102014,12704,2023-04-23,01:13:00,delivered,COD,57954.06,0,10431.73,68385.79,4,Mumbai,USA
102015,12704,2023-03-28,02:01:00,cancelled,UPI,799.0,149,143.82,1091.82,1,Mumbai,USA
102016,12704,2023-07-11,10:24:00,delivered,Net Banking,6296.0,0,1133.28,7429.28,4,Mumbai,USA
102017,12704,2023-09-04,02:40:00,delivered,Net Banking,22327.88,0,4019.02,26346.9,1,Mumbai,USA
102018,12706,2023-05-19,09:14:00,delivered,Wallet,1729.29,0,311.27,2040.56,2,Mumbai,Singapore
102019,12708,2023-07-20,13:11:00,delivered,Debit Card,1997.0,0,359.46,2356.46,2,Mumbai,USA
102020,12708,2023-10-28,06:10:00,delivered,Credit Card,5999.0,0,1079.82,7078.82,1,Mumbai,USA
102021,12708,2023-07-07,11:38:00,delivered,UPI,12999.0,0,2339.82,15338.82,1,Mumbai,USA
102022,12718,2022-08-03,17:10:00,delivered,Credit Card,2098.0,0,377.64,2475.64,2,Mumbai,India
102023,12724,2024-02-18,08:32:00,delivered,Net Banking,2346.21,0,422.32,2768.53,2,Mumbai,Canada
102025,12733,2023-01-26,14:04:00,delivered,Credit Card,5298.0,0,953.64,6251.64,2,Mumbai,India
102026,12736,2023-08-22,11:01:00,delivered,Wallet,1398.0,0,251.64,1649.64,1,Mumbai,Singapore
102027,12737,2023-04-27,13:01:00,delivered,Debit Card,1616.78,0,291.02,1907.8,3,Mumbai,UK
102028,12737,2023-03-14,21:29:00,shipped,Net Banking,9998.0,0,1799.64,11797.64,2,Mumbai,UK
102029,12738,2023-05-18,16:05:00,delivered,Credit Card,899.0,99,161.82,1159.82,1,Mumbai,USA
102030,12738,2023-03-10,04:05:00,delivered,UPI,25445.15,0,4580.13,30025.28,2,Mumbai,USA
102031,12738,2023-03-23,11:13:00,delivered,UPI,5156.27,0,928.13,6084.4,1,Mumbai,USA
102032,12748,2025-06-15,17:49:00,delivered,Credit Card,5998.0,0,1079.64,7077.64,2,Mumbai,India
102033,12748,2025-06-15,05:57:00,processing,UPI,999.0,0,179.82,1178.82,1,Mumbai,India
102034,12756,2023-07-06,18:49:00,delivered,UPI,12049.01,0,2168.82,14217.83,4,Mumbai,Canada
102035,12762,2023-09-05,04:59:00,delivered,Debit Card,2840.11,0,511.22,3351.33,2,Mumbai,USA
102036,12762,2023-07-16,00:50:00,delivered,Debit Card,8405.12,0,1512.92,9918.04,2,Mumbai,USA
102037,12762,2023-07-19,19:55:00,pending,Credit Card,3013.32,0,542.4,3555.72,2,Mumbai,USA
102038,12766,2022-05-04,20:48:00,returned,Debit Card,999.0,0,179.82,1178.82,1,Mumbai,Singapore
102039,12767,2022-08-04,03:06:00,delivered,UPI,8623.14,0,1552.17,10175.31,1,Mumbai,UK
102041,12767,2022-06-14,18:49:00,delivered,Wallet,6998.0,0,1259.64,8257.64,1,Mumbai,UK
102042,12767,2022-07-07,04:50:00,delivered,UPI,4874.54,0,877.42,5751.96,3,Mumbai,UK
102043,12767,2022-08-07,04:49:00,delivered,Credit Card,699.0,149,125.82,973.82,1,Mumbai,UK
102044,12767,2022-10-15,21:35:00,delivered,Debit Card,2999.0,0,539.82,3538.82,1,Mumbai,UK
102045,12767,2023-09-11,06:48:00,delivered,Credit Card,999.0,0,179.82,1178.82,1,Mumbai,UK
102046,12767,2023-01-01,09:42:00,shipped,Debit Card,2755.99,0,496.08,3252.07,2,Mumbai,UK
102047,12767,2022-09-25,21:25:00,delivered,Net Banking,8552.12,0,1539.38,10091.5,3,Mumbai,UK
102048,12767,2022-08-08,15:37:00,delivered,UPI,16117.06,0,2901.07,19018.13,4,Mumbai,UK
102049,12767,2022-07-23,20:29:00,delivered,Credit Card,3648.99,0,656.82,4305.81,2,Mumbai,UK
102050,12767,2023-02-18,07:37:00,delivered,Debit Card,4998.0,0,899.64,5897.64,1,Mumbai,UK
102051,12782,2024-03-09,15:10:00,delivered,Net Banking,6363.0,0,1145.34,7508.34,4,Mumbai,USA
102052,12782,2022-11-20,22:01:00,delivered,UPI,3697.0,0,665.46,4362.46,2,Mumbai,USA
102053,12782,2023-04-26,12:57:00,delivered,Credit Card,1098.0,0,197.64,1295.64,2,Mumbai,USA
102054,12782,2022-08-20,18:47:00,delivered,Debit Card,15307.45,0,2755.34,18062.79,2,Mumbai,USA
102055,12782,2022-08-02,04:04:00,delivered,Wallet,8746.76,0,1574.42,10321.18,2,Mumbai,USA
102056,12782,2023-01-13,05:10:00,delivered,Debit Card,1797.0,0,323.46,2120.46,1,Mumbai,USA
102058,12782,2022-07-02,04:20:00,pending,Debit Card,1299.0,0,233.82,1532.82,1,Mumbai,USA
102059,12782,2022-05-11,15:48:00,pending,UPI,4314.01,0,776.52,5090.53,1,Mumbai,USA
102060,12782,2023-07-26,16:39:00,pending,Credit Card,15672.11,0,2820.98,18493.09,3,Mumbai,USA
102061,12782,2022-08-07,17:52:00,processing,UPI,8647.74,0,1556.59,10204.33,2,Mumbai,USA
102062,12782,2023-03-17,19:46:00,delivered,Debit Card,11998.0,0,2159.64,14157.64,1,Mumbai,USA
102063,12786,2024-02-25,00:30:00,delivered,UPI,199.0,149,35.82,383.82,1,Mumbai,India
102064,12790,2023-03-07,10:06:00,delivered,Wallet,7999.0,0,1439.82,9438.82,1,Mumbai,USA
102065,12790,2023-03-10,19:21:00,cancelled,Net Banking,3149.95,0,566.99,3716.94,3,Mumbai,USA
102066,12790,2023-07-13,20:47:00,delivered,Credit Card,14222.54,0,2560.06,16782.6,3,Mumbai,USA
102067,12790,2023-05-19,23:03:00,delivered,UPI,5498.0,0,989.64,6487.64,2,Mumbai,USA
102068,12794,2023-08-14,18:52:00,delivered,Net Banking,3998.0,0,719.64,4717.64,1,Mumbai,India
102069,12794,2024-01-16,12:41:00,delivered,Wallet,14597.0,0,2627.46,17224.46,2,Mumbai,India
102070,12794,2023-06-18,18:33:00,cancelled,Debit Card,25998.0,0,4679.64,30677.64,1,Mumbai,India
102071,12794,2023-12-22,19:08:00,delivered,Net Banking,8998.0,0,1619.64,10617.64,2,Mumbai,India
102072,12796,2024-05-16,08:57:00,shipped,Credit Card,3999.0,0,719.82,4718.82,1,Mumbai,Germany
102073,12803,2024-05-18,01:36:00,delivered,Credit Card,6100.14,0,1098.03,7198.17,2,Mumbai,UK
102074,12810,2024-08-20,10:45:00,delivered,Debit Card,2499.0,0,449.82,2948.82,1,Mumbai,India
102075,12815,2024-09-28,13:34:00,delivered,Credit Card,44755.4,0,8055.97,52811.37,4,Mumbai,India
102076,12819,2024-04-21,10:02:00,processing,UPI,40394.0,0,7270.92,47664.92,4,Mumbai,India
102077,12823,2024-01-14,01:44:00,delivered,UPI,4998.0,0,899.64,5897.64,2,Mumbai,India
102078,12823,2023-12-31,16:45:00,processing,Wallet,24999.0,0,4499.82,29498.82,1,Mumbai,India
102079,12823,2024-05-03,05:23:00,delivered,Debit Card,11095.0,0,1997.1,13092.1,3,Mumbai,India
102080,12829,2023-05-11,06:04:00,delivered,Debit Card,4233.76,0,762.08,4995.84,2,Mumbai,India
102081,12829,2022-11-21,13:59:00,shipped,Credit Card,2998.0,0,539.64,3537.64,2,Mumbai,India
102082,12829,2023-07-13,03:47:00,cancelled,Credit Card,472.36,99,85.02,656.38,1,Mumbai,India
102083,12829,2023-01-12,15:19:00,delivered,UPI,13998.0,0,2519.64,16517.64,2,Mumbai,India
102084,12832,2023-03-24,21:36:00,delivered,UPI,299.0,149,53.82,501.82,1,Mumbai,India
102085,12832,2022-12-24,16:37:00,delivered,Net Banking,3364.86,0,605.67,3970.53,3,Mumbai,India
102086,12832,2023-06-06,07:39:00,shipped,UPI,28396.0,0,5111.28,33507.28,4,Mumbai,India
102087,12832,2023-04-20,11:27:00,delivered,Credit Card,2897.97,0,521.63,3419.6,2,Mumbai,India
102088,12832,2022-10-18,20:33:00,delivered,Credit Card,6997.0,0,1259.46,8256.46,2,Mumbai,India
102089,12832,2023-05-03,04:36:00,delivered,Wallet,4998.0,0,899.64,5897.64,1,Mumbai,India
102090,12833,2024-01-14,04:28:00,delivered,Credit Card,7497.0,0,1349.46,8846.46,1,Mumbai,Singapore
102091,12843,2024-07-02,09:22:00,cancelled,Debit Card,50897.0,0,9161.46,60058.46,2,Mumbai,India
102092,12843,2024-07-05,15:51:00,delivered,Net Banking,6996.0,0,1259.28,8255.28,2,Mumbai,India
102093,12843,2024-08-10,02:02:00,delivered,UPI,557.23,49,100.3,706.53,1,Mumbai,India
102094,12843,2024-06-19,10:53:00,delivered,Credit Card,27498.0,0,4949.64,32447.64,2,Mumbai,India
102095,12843,2024-06-15,18:03:00,processing,Debit Card,1997.0,0,359.46,2356.46,2,Mumbai,India
102096,12843,2024-07-20,02:44:00,processing,Debit Card,3110.14,0,559.83,3669.97,2,Mumbai,India
102097,12843,2024-07-20,08:14:00,delivered,Credit Card,1198.0,0,215.64,1413.64,1,Mumbai,India
102098,12843,2024-06-22,06:36:00,shipped,Credit Card,11284.18,0,2031.15,13315.33,4,Mumbai,India
102099,12843,2024-08-01,19:03:00,delivered,Credit Card,3550.14,0,639.03,4189.17,2,Mumbai,India
102101,12849,2023-08-16,05:45:00,delivered,Credit Card,6582.49,0,1184.85,7767.34,4,Mumbai,Singapore
102103,12858,2024-10-27,06:58:00,shipped,Credit Card,899.0,149,161.82,1209.82,1,Mumbai,India
102104,12858,2024-10-27,08:30:00,processing,Credit Card,12628.45,0,2273.12,14901.57,3,Mumbai,India
102106,12859,2024-01-30,08:07:00,cancelled,Credit Card,12995.0,0,2339.1,15334.1,4,Mumbai,USA
102107,12863,2023-10-05,23:43:00,delivered,Debit Card,1499.0,0,269.82,1768.82,1,Mumbai,Germany
102108,12863,2023-09-05,01:07:00,delivered,UPI,7896.0,0,1421.28,9317.28,3,Mumbai,Germany
102109,12863,2024-01-24,22:28:00,cancelled,Credit Card,22594.0,0,4066.92,26660.92,5,Mumbai,Germany
102110,12873,2025-06-15,13:31:00,delivered,Net Banking,4650.8,0,837.14,5487.94,1,Mumbai,UK
102111,12873,2024-06-24,02:37:00,delivered,UPI,1598.0,0,287.64,1885.64,2,Mumbai,UK
102112,12873,2024-05-19,08:41:00,delivered,UPI,1687.4,0,303.73,1991.13,1,Mumbai,UK
102113,12873,2024-07-04,22:55:00,delivered,Credit Card,5998.0,0,1079.64,7077.64,2,Mumbai,UK
102114,12873,2024-05-25,08:21:00,shipped,Wallet,1999.0,0,359.82,2358.82,1,Mumbai,UK
102115,12873,2024-03-30,15:06:00,delivered,Net Banking,9998.0,0,1799.64,11797.64,1,Mumbai,UK
102116,12873,2024-06-17,13:10:00,processing,Net Banking,34793.0,0,6262.74,41055.74,4,Mumbai,UK
102117,12873,2024-05-30,12:52:00,delivered,Debit Card,699.0,49,125.82,873.82,1,Mumbai,UK
102118,12873,2024-06-19,10:17:00,delivered,Debit Card,179.88,99,32.38,311.26,1,Mumbai,UK
102119,12873,2024-05-20,01:31:00,delivered,COD,1486.9,0,267.64,1754.54,1,Mumbai,UK
102120,12873,2024-05-05,12:30:00,processing,Debit Card,72293.43,0,13012.82,85306.25,2,Mumbai,UK
102121,12873,2024-07-26,05:41:00,delivered,UPI,6597.0,0,1187.46,7784.46,2,Mumbai,UK
102122,12873,2024-03-30,06:25:00,delivered,Wallet,8497.0,0,1529.46,10026.46,2,Mumbai,UK
102123,12873,2024-06-30,10:57:00,delivered,UPI,999.0,0,179.82,1178.82,1,Mumbai,UK
102124,12873,2024-05-30,20:04:00,delivered,Wallet,7195.0,0,1295.1,8490.1,3,Mumbai,UK
102125,12873,2024-05-26,03:21:00,processing,Wallet,281.41,49,50.65,381.06,1,Mumbai,UK
102126,12873,2024-07-05,00:55:00,delivered,Credit Card,10496.0,0,1889.28,12385.28,3,Mumbai,UK
102127,12873,2024-04-21,05:00:00,delivered,Credit Card,15999.0,0,2879.82,18878.82,1,Mumbai,UK
102128,12873,2024-03-16,09:31:00,delivered,Wallet,10882.96,0,1958.93,12841.89,2,Mumbai,UK
102129,12873,2024-03-28,23:06:00,processing,Credit Card,5419.05,0,975.43,6394.48,1,Mumbai,UK
102130,12873,2024-08-01,13:37:00,delivered,Debit Card,2998.0,0,539.64,3537.64,1,Mumbai,UK
102131,12873,2024-04-29,08:28:00,delivered,Credit Card,13898.0,0,2501.64,16399.64,2,Mumbai,UK
102132,12873,2024-06-08,19:56:00,delivered,Wallet,15998.0,0,2879.64,18877.64,1,Mumbai,UK
102133,12873,2024-07-05,06:46:00,delivered,UPI,30176.98,0,5431.86,35608.84,3,Mumbai,UK
102134,12873,2024-05-19,05:50:00,delivered,Debit Card,12515.04,0,2252.71,14767.75,4,Mumbai,UK
102135,12873,2024-05-18,21:52:00,delivered,COD,18093.0,0,3256.74,21349.74,4,Mumbai,UK
102136,12873,2024-04-27,12:29:00,delivered,UPI,1232.02,0,221.76,1453.78,2,Mumbai,UK
102137,12873,2024-03-30,07:44:00,delivered,Credit Card,9498.0,0,1709.64,11207.64,2,Mumbai,UK
102138,12873,2024-07-10,03:53:00,delivered,Net Banking,2499.0,0,449.82,2948.82,1,Mumbai,UK
102139,12873,2024-04-25,23:45:00,processing,Credit Card,599.0,99,107.82,805.82,1,Mumbai,UK
102140,12873,2024-05-10,02:36:00,delivered,Credit Card,2999.0,0,539.82,3538.82,1,Mumbai,UK
102141,12873,2024-05-08,02:00:00,delivered,Wallet,9280.18,0,1670.43,10950.61,4,Mumbai,UK
102142,12873,2024-04-03,15:30:00,delivered,Credit Card,4097.0,0,737.46,4834.46,3,Mumbai,UK
102143,12873,2024-07-03,15:29:00,shipped,Credit Card,999.0,0,179.82,1178.82,1,Mumbai,UK
102144,12873,2024-05-03,19:42:00,processing,Debit Card,19695.0,0,3545.1,23240.1,3,Mumbai,UK
102145,12873,2024-08-29,01:45:00,processing,UPI,4549.47,0,818.9,5368.37,2,Mumbai,UK
102146,12886,2024-06-21,12:33:00,delivered,Credit Card,5296.0,0,953.28,6249.28,3,Mumbai,India
102147,12886,2024-07-11,10:01:00,delivered,UPI,998.0,49,179.64,1226.64,1,Mumbai,India
102148,12886,2024-05-05,14:54:00,delivered,UPI,2324.35,0,418.38,2742.73,1,Mumbai,India
102149,12886,2024-07-28,02:07:00,pending,Credit Card,998.0,99,179.64,1276.64,1,Mumbai,India
102150,12886,2024-06-21,16:32:00,delivered,Debit Card,699.0,99,125.82,923.82,1,Mumbai,India
102151,12886,2024-06-04,23:20:00,shipped,COD,8401.64,0,1512.3,9913.94,3,Mumbai,India
102152,12886,2024-04-25,15:29:00,delivered,UPI,9102.42,0,1638.44,-10740.86,1,Mumbai,India
102153,12886,2024-06-11,22:09:00,delivered,Net Banking,1119.74,0,201.55,1321.29,1,Mumbai,India
102154,12886,2024-06-05,00:32:00,pending,Net Banking,4550.1,0,819.02,5369.12,1,Mumbai,India
102155,12886,2024-05-01,11:39:00,delivered,Net Banking,2288.27,0,411.89,2700.16,1,Mumbai,India
102156,12886,2024-05-24,08:49:00,delivered,Credit Card,1798.0,0,323.64,2121.64,1,Mumbai,India
102157,12886,2024-06-24,02:21:00,delivered,UPI,18996.0,0,3419.28,22415.28,2,Mumbai,India
102158,12886,2024-05-29,19:32:00,delivered,Credit Card,11746.84,0,2114.43,13861.27,4,Mumbai,India
102159,12886,2024-05-06,07:50:00,delivered,Credit Card,8587.38,0,1545.73,10133.11,5,Mumbai,India
102160,12886,2024-07-27,23:13:00,delivered,Wallet,8337.26,0,1500.71,9837.97,3,Mumbai,India
102161,12886,2024-05-25,16:09:00,returned,Credit Card,9998.0,0,1799.64,11797.64,1,Mumbai,India
102162,12886,2024-07-23,17:32:00,delivered,Debit Card,6843.54,0,1231.84,8075.38,2,Mumbai,India
102163,12886,2024-07-28,05:20:00,delivered,UPI,4568.38,0,822.31,5390.69,2,Mumbai,India
102164,12904,2024-07-07,01:08:00,delivered,Credit Card,4296.0,0,773.28,5069.28,2,Mumbai,USA
102165,12904,2024-05-31,21:35:00,processing,Credit Card,2698.0,0,485.64,3183.64,2,Mumbai,USA
102166,12904,2024-04-09,14:20:00,delivered,Credit Card,2997.0,0,539.46,3536.46,2,Mumbai,USA
102167,12914,2024-09-19,16:34:00,delivered,Net Banking,2598.0,0,467.64,3065.64,1,Mumbai,India
102168,12914,2024-09-24,18:57:00,delivered,UPI,2499.0,0,449.82,2948.82,1,Mumbai,India
102169,12914,2024-09-22,21:33:00,pending,Debit Card,9498.0,0,1709.64,11207.64,2,Mumbai,India
102170,12914,2024-09-24,16:37:00,delivered,Debit Card,6598.0,0,1187.64,7785.64,2,Mumbai,India
102171,12914,2024-09-25,16:50:00,processing,Wallet,1299.0,0,233.82,1532.82,1,Mumbai,India
102172,12914,2024-09-13,11:33:00,delivered,COD,1299.0,0,233.82,1532.82,1,Mumbai,India
102173,12914,2024-09-18,06:49:00,delivered,UPI,4063.4,0,731.41,4794.81,2,Mumbai,India
102174,12914,2024-09-17,05:24:00,delivered,UPI,4292.85,0,772.71,5065.56,2,Mumbai,India
102175,12914,2024-09-13,08:17:00,delivered,Debit Card,1398.0,0,251.64,1649.64,1,Mumbai,India
102176,12914,2024-10-01,18:33:00,processing,Debit Card,8782.14,0,1580.79,10362.93,2,Mumbai,India
102177,12914,2024-09-24,08:00:00,delivered,Debit Card,5298.0,0,953.64,6251.64,2,Mumbai,India
102178,12914,2024-09-13,18:09:00,delivered,UPI,20435.74,0,3678.43,24114.17,4,Mumbai,India
102179,12914,2024-09-30,23:39:00,shipped,COD,12997.0,0,2339.46,15336.46,2,Mumbai,India
102180,12914,2024-10-02,07:29:00,delivered,Net Banking,4095.0,0,737.1,4832.1,2,Mumbai,India
102181,12914,2024-10-09,18:06:00,delivered,Wallet,3639.79,0,655.16,4294.95,1,Mumbai,India
102182,12914,2024-09-26,19:15:00,delivered,Credit Card,5009.57,0,901.72,5911.29,3,Mumbai,India
102183,12914,2024-09-14,12:13:00,delivered,Net Banking,3998.0,0,719.64,4717.64,1,Mumbai,India
102184,12914,2024-10-03,01:01:00,delivered,Credit Card,51306.78,0,9235.22,60542.0,2,Mumbai,India
102186,12917,2023-12-13,21:59:00,delivered,Debit Card,1999.0,0,359.82,2358.82,1,Mumbai,USA
102187,12917,2023-11-16,18:26:00,shipped,Credit Card,14997.0,0,2699.46,17696.46,1,Mumbai,USA
102188,12917,2023-06-23,22:32:00,shipped,Debit Card,4198.0,0,755.64,4953.64,2,Mumbai,USA
102189,12917,2022-11-23,18:58:00,delivered,Wallet,25793.48,0,4642.83,30436.31,3,Mumbai,USA
102190,12917,2024-01-16,21:50:00,returned,Debit Card,5136.39,0,924.55,6060.94,3,Mumbai,USA
102191,12924,2023-12-12,07:49:00,delivered,Debit Card,21506.75,0,3871.21,25377.96,2,Mumbai,Singapore
102192,12924,2023-08-08,19:32:00,processing,Net Banking,1998.0,0,359.64,2357.64,2,Mumbai,Singapore
102193,12924,2025-06-15,05:12:00,delivered,Net Banking,7225.12,0,1300.52,8525.64,4,Mumbai,Singapore
102194,12924,2023-07-29,23:12:00,processing,Debit Card,7397.0,0,1331.46,8728.46,2,Mumbai,Singapore
102195,12924,2023-08-25,16:27:00,delivered,Debit Card,7498.0,0,1349.64,8847.64,2,Mumbai,Singapore
102196,12924,2024-03-01,10:07:00,returned,Credit Card,11263.48,0,2027.43,13290.91,3,Mumbai,Singapore
102197,12924,2024-02-18,10:27:00,delivered,Net Banking,4498.0,0,809.64,5307.64,2,Mumbai,Singapore
102198,12924,2024-03-03,19:21:00,delivered,UPI,4999.0,0,899.82,5898.82,1,Mumbai,Singapore
102199,12924,2023-07-03,18:09:00,pending,Credit Card,799.0,99,143.82,1041.82,1,Mumbai,Singapore
102200,12924,2023-09-02,02:12:00,delivered,Net Banking,22995.0,0,4139.1,27134.1,4,Mumbai,Singapore
102201,12924,2024-01-11,11:17:00,pending,Debit Card,22397.11,0,4031.48,26428.59,2,Mumbai,Singapore
102203,12924,2024-01-22,11:54:00,delivered,COD,2668.92,0,480.41,3149.33,1,Mumbai,Singapore
102204,12924,2023-08-13,10:48:00,delivered,Credit Card,7670.96,0,1380.77,9051.73,1,Mumbai,Singapore
102205,12924,2024-05-09,18:09:00,delivered,Credit Card,1798.0,0,323.64,2121.64,1,Mumbai,Singapore
102206,12924,2023-12-28,12:44:00,delivered,Credit Card,4996.0,0,899.28,5895.28,2,Mumbai,Singapore
102207,12924,2023-10-25,03:16:00,shipped,Net Banking,1798.0,0,323.64,2121.64,1,Mumbai,Singapore
102208,12924,2023-06-11,13:55:00,delivered,Debit Card,2499.0,0,449.82,2948.82,1,Mumbai,Singapore
102209,12926,2024-09-20,03:47:00,delivered,Credit Card,46218.6,0,8319.35,54537.95,4,Mumbai,USA
102210,12926,2024-08-30,06:20:00,cancelled,UPI,3114.75,0,560.66,3675.41,2,Mumbai,USA
102211,12926,2024-09-02,03:21:00,delivered,Net Banking,2689.37,0,484.09,3173.46,2,Mumbai,USA
102212,12928,2024-06-11,01:30:00,delivered,Wallet,2998.0,0,539.64,3537.64,1,Mumbai,India
102213,12932,2022-07-26,06:18:00,processing,Credit Card,1998.0,0,359.64,2357.64,1,Mumbai,India
102214,12942,2023-05-07,01:47:00,delivered,Credit Card,5821.82,0,1047.93,6869.75,3,Mumbai,UK
102215,12942,2022-08-04,03:32:00,delivered,Net Banking,40182.75,0,7232.9,47415.65,2,Mumbai,UK
102216,12942,2023-01-06,14:13:00,delivered,Debit Card,2998.0,0,539.64,3537.64,2,Mumbai,UK
102217,12944,2024-07-09,14:41:00,pending,Wallet,4720.36,0,849.66,5570.02,2,Mumbai,India
102219,12945,2024-10-16,03:33:00,shipped,Credit Card,10190.12,0,1834.22,12024.34,4,Mumbai,India
102220,12945,2024-10-19,12:53:00,pending,UPI,8998.0,0,1619.64,10617.64,2,Mumbai,India
102221,12949,2023-06-20,04:06:00,delivered,Credit Card,33922.19,0,6105.99,40028.18,3,Mumbai,Australia
102222,12952,2023-05-30,10:37:00,pending,COD,799.0,149,143.82,1091.82,1,Mumbai,USA
102223,12952,2023-06-10,19:53:00,shipped,Wallet,10998.0,0,1979.64,12977.64,2,Mumbai,USA
102224,12952,2023-06-25,05:41:00,delivered,Credit Card,7214.96,0,1298.69,8513.65,4,Mumbai,USA
102225,12956,2024-08-05,10:32:00,delivered,Credit Card,6343.49,0,1141.83,7485.32,2,Mumbai,India
102226,12956,2024-03-29,15:24:00,processing,Credit Card,1299.0,0,233.82,1532.82,1,Mumbai,India
102227,12956,2024-05-03,12:06:00,delivered,Wallet,910.02,99,163.8,1172.82,1,Mumbai,India
102228,12956,2024-03-05,04:18:00,delivered,Credit Card,599.0,99,107.82,805.82,1,Mumbai,India
102229,12958,2024-02-04,06:23:00,delivered,Credit Card,23990.0,0,4318.2,28308.2,4,Mumbai,India
102230,12962,2024-02-29,10:27:00,delivered,Credit Card,3296.0,0,593.28,3889.28,3,Mumbai,USA
102231,12962,2024-05-24,23:06:00,delivered,Net Banking,55494.0,0,9988.92,65482.92,3,Mumbai,USA
102233,12964,2024-02-22,22:39:00,pending,Credit Card,5360.44,0,964.88,6325.32,3,Mumbai,India
102234,12965,2024-06-08,00:30:00,delivered,Debit Card,1998.0,0,359.64,2357.64,1,Mumbai,USA
102235,12965,2024-06-27,01:41:00,delivered,Debit Card,4697.0,0,845.46,5542.46,3,Mumbai,USA
102236,12965,2024-06-03,19:50:00,delivered,UPI,4499.0,0,809.82,5308.82,1,Mumbai,USA
102237,12965,2024-08-10,01:40:00,delivered,Debit Card,2998.0,0,539.64,3537.64,1,Mumbai,USA
102239,12969,2023-10-05,10:14:00,cancelled,Debit Card,23462.75,0,4223.3,27686.05,2,Mumbai,India
102241,12969,2024-03-30,14:55:00,shipped,Credit Card,699.0,99,125.82,923.82,1,Mumbai,India
102242,12969,2023-11-16,13:35:00,delivered,Credit Card,8760.72,0,1576.93,10337.65,4,Mumbai,India
102244,12971,2023-07-17,04:48:00,delivered,UPI,15999.0,0,2879.82,18878.82,1,Mumbai,USA
102245,12974,2024-06-15,01:40:00,delivered,Credit Card,2598.0,0,467.64,3065.64,1,Mumbai,India
102246,12974,2024-08-18,17:52:00,delivered,UPI,3496.0,0,629.28,4125.28,2,Mumbai,India
102247,12974,2024-08-02,09:26:00,shipped,Credit Card,6593.22,0,1186.78,7780.0,1,Mumbai,India
102248,12974,2024-07-03,03:45:00,cancelled,UPI,42104.91,0,7578.88,49683.79,1,Mumbai,India
102249,12974,2024-06-14,02:51:00,shipped,Credit Card,2999.0,0,539.82,3538.82,1,Mumbai,India
102250,12974,2024-06-25,06:11:00,delivered,Credit Card,3499.0,0,629.82,4128.82,1,Mumbai,India
102251,12974,2024-06-08,02:35:00,delivered,Debit Card,4733.55,0,852.04,5585.59,3,Mumbai,India
102252,12974,2024-06-16,02:47:00,delivered,Credit Card,5497.0,0,989.46,6486.46,2,Mumbai,India
102253,12974,2024-07-04,16:51:00,delivered,Wallet,2598.0,0,467.64,3065.64,1,Mumbai,India
102254,12977,2023-08-08,18:13:00,delivered,Debit Card,5999.0,0,1079.82,7078.82,1,Mumbai,India
102255,12977,2023-06-07,03:04:00,delivered,Debit Card,6395.0,0,1151.1,7546.1,3,Mumbai,India
102256,12977,2022-11-29,01:53:00,shipped,Wallet,2198.0,0,395.64,2593.64,2,Mumbai,India
102257,12985,2023-06-28,19:54:00,delivered,UPI,23161.78,0,4169.12,27330.9,1,Mumbai,Canada
102258,12985,2023-06-20,22:59:00,delivered,Credit Card,10767.37,0,1938.13,12705.5,3,Mumbai,Canada
102259,12985,2023-10-22,05:47:00,processing,COD,1999.0,0,359.82,2358.82,1,Mumbai,Canada
102260,12987,2023-03-29,16:06:00,delivered,Credit Card,8998.0,0,1619.64,10617.64,1,Mumbai,Singapore
102261,12990,2024-02-10,11:53:00,delivered,Credit Card,4498.0,0,809.64,5307.64,2,Mumbai,Australia
102262,12997,2023-05-24,09:02:00,delivered,Credit Card,9495.0,0,1709.1,11204.1,3,Mumbai,India
102263,12997,2023-06-30,20:35:00,delivered,Wallet,944.7,49,170.05,1163.75,1,Mumbai,India
102264,12997,2023-03-04,04:14:00,delivered,Debit Card,1198.0,0,215.64,1413.64,1,Mumbai,India
102265,12999,2024-03-15,20:29:00,pending,Wallet,9998.0,0,1799.64,11797.64,1,Mumbai,India
102266,12999,2023-07-01,02:44:00,processing,Debit Card,899.0,49,161.82,1109.82,1,Mumbai,India
102267,12999,2024-02-17,11:37:00,delivered,UPI,13993.83,0,2518.89,16512.72,3,Mumbai,India
102268,13010,2023-01-25,00:56:00,processing,Net Banking,799.0,49,143.82,991.82,1,Mumbai,Singapore
102270,13010,2023-06-30,04:08:00,shipped,UPI,6597.0,0,1187.46,7784.46,2,Mumbai,Singapore
102271,13020,2023-08-27,05:14:00,delivered,Credit Card,6498.1,0,1169.66,7667.76,1,Mumbai,Singapore
102272,13020,2024-01-07,01:42:00,delivered,Credit Card,11695.0,0,2105.1,13800.1,4,Mumbai,Singapore
102274,13026,2024-02-22,21:52:00,delivered,Wallet,6746.9,0,1214.44,7961.34,2,Mumbai,Germany
102275,13026,2023-10-06,06:42:00,processing,UPI,4542.16,0,817.59,5359.75,2,Mumbai,Germany
102276,13026,2023-10-06,17:32:00,delivered,Net Banking,3183.39,0,573.01,3756.4,3,Mumbai,Germany
102277,13026,2023-07-13,06:10:00,delivered,Debit Card,46239.97,0,8323.19,54563.16,5,Mumbai,Germany
102278,13026,2024-05-12,20:45:00,delivered,Wallet,3463.81,0,623.49,4087.3,2,Mumbai,Germany
102279,13026,2023-07-26,21:38:00,processing,Debit Card,36093.0,0,6496.74,42589.74,4,Mumbai,Germany
102280,13026,2023-10-18,15:42:00,delivered,Credit Card,28896.0,0,5201.28,34097.28,3,Mumbai,Germany
102281,13036,2023-04-21,20:29:00,delivered,Debit Card,3499.0,0,629.82,4128.82,1,Mumbai,India
102282,13036,2023-10-16,08:20:00,shipped,Credit Card,799.0,99,143.82,1041.82,1,Mumbai,India
102283,13036,2023-05-11,15:18:00,delivered,Credit Card,17674.36,0,3181.38,20855.74,5,Mumbai,India
102284,13039,2023-09-25,02:22:00,delivered,Debit Card,32776.47,0,5899.76,38676.23,2,Mumbai,India
102285,13041,2023-03-25,09:06:00,cancelled,Debit Card,3695.0,0,665.1,4360.1,2,Mumbai,India
102286,13041,2023-01-01,06:33:00,delivered,UPI,4499.0,0,809.82,5308.82,1,Mumbai,India
102287,13041,2023-01-03,10:19:00,returned,Credit Card,4497.0,0,809.46,5306.46,2,Mumbai,India
102288,13041,2022-08-08,18:07:00,delivered,Credit Card,499.0,149,89.82,737.82,1,Mumbai,India
102289,13045,2023-05-24,09:10:00,delivered,Debit Card,899.0,149,161.82,1209.82,1,Mumbai,India
102290,13045,2024-02-01,11:08:00,delivered,Wallet,2398.0,0,431.64,2829.64,2,Mumbai,India
102291,13045,2023-04-30,15:30:00,delivered,Debit Card,1898.0,0,341.64,2239.64,2,Mumbai,India
102292,13045,2023-05-17,13:54:00,delivered,Net Banking,7195.0,0,1295.1,8490.1,3,Mumbai,India
102293,13045,2023-05-26,04:33:00,shipped,Debit Card,1999.0,0,359.82,2358.82,1,Mumbai,India
102294,13045,2023-07-27,11:48:00,delivered,Credit Card,4527.99,0,815.04,5343.03,2,Mumbai,India
102295,13045,2023-06-13,06:34:00,processing,Credit Card,14480.15,0,2606.43,17086.58,4,Mumbai,India
102296,13045,2023-06-04,02:28:00,delivered,Net Banking,12994.0,0,2338.92,15332.92,4,Mumbai,India
102297,13045,2023-05-17,00:30:00,delivered,Debit Card,13493.0,0,2428.74,15921.74,5,Mumbai,India
102298,13045,2023-08-06,10:55:00,delivered,Debit Card,1198.0,0,215.64,1413.64,1,Mumbai,India
102299,13045,2023-06-25,22:49:00,delivered,Wallet,5210.76,0,937.94,6148.7,2,Mumbai,India
102300,13045,2023-08-03,15:06:00,delivered,Net Banking,1398.0,0,251.64,1649.64,1,Mumbai,India
102301,13045,2023-12-11,18:28:00,delivered,Credit Card,4999.0,0,899.82,5898.82,1,Mumbai,India
102302,13045,2024-02-19,12:23:00,delivered,UPI,2598.0,0,467.64,3065.64,1,Mumbai,India
102303,13045,2023-05-14,02:38:00,delivered,Net Banking,1499.0,0,269.82,1768.82,1,Mumbai,India
102304,13045,2024-02-14,18:10:00,pending,UPI,9498.0,0,1709.64,11207.64,2,Mumbai,India
102306,13049,2023-07-14,13:28:00,cancelled,Net Banking,2499.0,0,449.82,2948.82,1,Mumbai,USA
102307,13049,2023-04-30,13:10:00,delivered,Debit Card,15623.16,0,2812.17,18435.33,2,Mumbai,USA
102308,13052,2023-12-27,22:11:00,returned,COD,4998.0,0,899.64,5897.64,1,Mumbai,India
102309,13052,2024-04-02,19:59:00,delivered,Credit Card,7998.0,0,1439.64,9437.64,2,Mumbai,India
102310,13052,2023-11-30,08:48:00,shipped,UPI,1921.04,0,345.79,2266.83,2,Mumbai,India
102311,13052,2024-05-14,15:31:00,delivered,Debit Card,4998.0,0,899.64,5897.64,1,Mumbai,India
102312,13052,2024-05-07,19:16:00,delivered,UPI,3998.0,0,719.64,4717.64,2,Mumbai,India
102313,13052,2024-01-20,15:15:00,delivered,Net Banking,16998.0,0,3059.64,20057.64,2,Mumbai,India
102314,13052,2024-02-09,04:23:00,delivered,Credit Card,9610.15,0,1729.83,11339.98,4,Mumbai,India
102315,13052,2024-03-29,00:43:00,delivered,Debit Card,604.86,99,108.87,812.73,1,Mumbai,India
102316,13052,2023-12-31,10:21:00,delivered,Debit Card,5999.0,0,1079.82,7078.82,1,Mumbai,India
102317,13059,2022-11-16,22:30:00,delivered,Credit Card,8997.0,0,1619.46,10616.46,1,Mumbai,India
102318,13059,2022-04-19,04:04:00,delivered,Net Banking,6997.45,0,1259.54,8256.99,4,Mumbai,India
102319,13059,2023-03-20,07:57:00,pending,Wallet,9696.0,0,1745.28,11441.28,3,Mumbai,India
102320,13063,2023-01-16,06:44:00,delivered,Net Banking,799.0,49,143.82,991.82,1,Mumbai,India
102322,13063,2023-05-01,03:30:00,delivered,Credit Card,599.0,149,107.82,855.82,1,Mumbai,India
102323,13070,2023-09-28,07:32:00,delivered,Debit Card,6095.48,0,1097.19,7192.67,2,Mumbai,India
102324,13073,2022-05-07,17:59:00,delivered,Wallet,1797.0,0,323.46,2120.46,1,Mumbai,India
102325,13074,2022-07-31,11:11:00,delivered,Credit Card,4271.14,0,768.81,5039.95,1,Mumbai,UK
102326,13074,2023-02-09,07:16:00,delivered,UPI,1499.0,0,269.82,1768.82,1,Mumbai,UK
102327,13074,2022-09-21,04:48:00,delivered,Credit Card,799.0,149,143.82,1091.82,1,Mumbai,UK
102328,13079,2024-05-25,13:34:00,processing,COD,17693.0,0,3184.74,20877.74,5,Mumbai,India
102329,13079,2024-06-18,00:19:00,delivered,COD,52993.0,0,9538.74,62531.74,3,Mumbai,India
102330,13079,2024-05-11,22:19:00,delivered,UPI,54132.04,0,9743.77,63875.81,3,Mumbai,India
102331,13079,2024-09-12,23:04:00,processing,UPI,699.0,99,125.82,923.82,1,Mumbai,India
102332,13079,2024-05-30,16:14:00,delivered,UPI,792.79,149,142.7,1084.49,1,Mumbai,India
102333,13079,2024-06-15,21:10:00,delivered,UPI,4999.0,0,899.82,5898.82,1,Mumbai,India
102334,13079,2024-06-21,07:32:00,delivered,Net Banking,521.25,49,93.82,664.07,1,Mumbai,India
102335,13079,2024-07-20,09:59:00,delivered,UPI,13766.8,0,2478.02,16244.82,2,Mumbai,India
102336,13079,2024-07-10,12:06:00,delivered,Credit Card,915.39,99,164.77,1179.16,2,Mumbai,India
102337,13079,2024-09-03,09:44:00,delivered,Net Banking,15413.28,0,2774.39,18187.67,2,Mumbai,India
102338,13086,2024-06-23,17:48:00,processing,Credit Card,2391.27,0,430.43,2821.7,2,Mumbai,USA
102339,13091,2023-11-25,23:04:00,delivered,Credit Card,12495.0,0,2249.1,14744.1,2,Mumbai,UK
102340,13091,2023-06-11,02:05:00,delivered,Wallet,33496.0,0,6029.28,39525.28,3,Mumbai,UK
102341,13091,2023-11-07,11:45:00,cancelled,Credit Card,2085.8,0,375.44,2461.24,2,Mumbai,UK
102342,13108,2023-09-28,03:34:00,delivered,Debit Card,3998.0,0,719.64,4717.64,1,Mumbai,India
102343,13108,2024-04-01,04:30:00,delivered,Debit Card,25297.0,0,4553.46,29850.46,3,Mumbai,India
102344,13108,2023-12-30,05:59:00,processing,Credit Card,5197.0,0,935.46,6132.46,3,Mumbai,India
102345,13108,2024-03-20,16:08:00,delivered,Wallet,22595.0,0,4067.1,26662.1,3,Mumbai,India
102346,13108,2023-10-04,15:54:00,pending,Debit Card,9497.0,0,1709.46,11206.46,3,Mumbai,India
102347,13108,2023-12-02,22:48:00,delivered,Debit Card,10840.35,0,1951.26,12791.61,4,Mumbai,India
102348,13113,2024-06-06,16:47:00,cancelled,Wallet,882.07,149,158.77,1189.84,1,Mumbai,Singapore
102349,13113,2024-06-03,10:06:00,delivered,Debit Card,1769.73,0,318.55,2088.28,1,Mumbai,Singapore
102350,13113,2024-07-07,10:08:00,delivered,Wallet,75395.0,0,13571.1,88966.1,2,Mumbai,Singapore
102351,13113,2024-05-18,18:31:00,delivered,Credit Card,9196.0,0,1655.28,10851.28,3,Mumbai,Singapore
102352,13113,2024-05-09,17:40:00,processing,UPI,699.0,49,125.82,873.82,1,Mumbai,Singapore
102353,13113,2024-07-18,22:36:00,delivered,Credit Card,6195.0,0,1115.1,7310.1,3,Mumbai,Singapore
102354,13126,2023-08-23,03:00:00,pending,Wallet,20562.54,0,3701.26,24263.8,3,Mumbai,Australia
102355,13126,2023-07-05,04:38:00,pending,COD,5999.0,0,1079.82,7078.82,1,Mumbai,Australia
102356,13126,2022-12-07,00:13:00,delivered,UPI,1998.0,0,359.64,2357.64,2,Mumbai,Australia
102357,13126,2023-04-08,20:09:00,delivered,COD,19996.0,0,3599.28,23595.28,3,Mumbai,Australia
102358,13126,2023-06-13,21:16:00,shipped,Credit Card,6197.0,0,1115.46,7312.46,3,Mumbai,Australia
102359,13126,2024-01-12,14:48:00,delivered,Credit Card,2477.76,0,446.0,2923.76,2,Mumbai,Australia
102360,13131,2023-09-22,02:48:00,delivered,Debit Card,5395.0,0,971.1,6366.1,2,Mumbai,USA
102361,13131,2023-09-20,21:50:00,delivered,Credit Card,2499.0,0,449.82,2948.82,1,Mumbai,USA
102362,13131,2023-01-25,11:58:00,delivered,Wallet,5464.53,0,983.62,6448.15,1,Mumbai,USA
102363,13131,2023-03-04,03:36:00,delivered,Debit Card,8795.0,0,1583.1,10378.1,5,Mumbai,USA
102364,13133,2022-05-26,15:12:00,shipped,COD,9998.0,0,1799.64,11797.64,1,Mumbai,USA
102365,13133,2022-08-12,11:16:00,delivered,COD,1999.0,0,359.82,2358.82,1,Mumbai,USA
102366,13133,2022-11-03,19:10:00,delivered,Wallet,2499.0,0,449.82,2948.82,1,Mumbai,USA
102367,13136,2023-01-29,08:32:00,delivered,Debit Card,7197.0,0,1295.46,8492.46,2,Mumbai,Germany
102368,13144,2022-10-12,18:01:00,delivered,Credit Card,1998.0,0,359.64,2357.64,1,Mumbai,USA
102369,13145,2022-11-17,14:39:00,delivered,Credit Card,1998.0,0,359.64,2357.64,1,Mumbai,India
102370,13145,2023-02-21,03:43:00,delivered,Credit Card,173.19,149,31.17,353.36,1,Mumbai,India
102371,13145,2023-12-11,15:23:00,delivered,Credit Card,5243.43,0,943.82,6187.25,1,Mumbai,India
102372,13145,2023-05-25,13:34:00,delivered,Credit Card,2697.0,0,485.46,3182.46,2,Mumbai,India
102373,13145,2023-03-07,15:17:00,delivered,Net Banking,1499.0,0,269.82,1768.82,1,Mumbai,India
102374,13145,2024-01-07,02:09:00,delivered,Debit Card,498.0,99,89.64,686.64,2,Mumbai,India
102375,13149,2024-07-12,09:27:00,delivered,Credit Card,1299.0,0,233.82,1532.82,1,Mumbai,India
102376,13160,2024-05-08,16:03:00,delivered,Credit Card,6084.29,0,1095.17,7179.46,4,Mumbai,India
102377,13160,2024-05-27,23:06:00,delivered,Debit Card,3196.0,0,575.28,3771.28,4,Mumbai,India
102378,13160,2024-07-24,21:40:00,shipped,Debit Card,607.65,99,109.38,816.03,1,Mumbai,India
102379,13160,2024-04-01,04:53:00,delivered,Credit Card,22843.17,0,4111.77,26954.94,5,Mumbai,India
102380,13161,2024-02-01,16:12:00,delivered,Debit Card,1998.0,0,359.64,2357.64,1,Mumbai,India
102381,13161,2024-02-17,22:07:00,delivered,Debit Card,4999.0,0,899.82,5898.82,1,Mumbai,India
102382,13161,2024-02-18,04:09:00,cancelled,Wallet,4722.48,0,850.05,5572.53,3,Mumbai,India
102383,13161,2023-12-21,15:49:00,delivered,Debit Card,7290.08,0,1312.21,8602.29,1,Mumbai,India
102384,13161,2024-01-21,19:46:00,shipped,Credit Card,5203.83,0,936.69,6140.52,1,Mumbai,India
102385,13161,2024-05-07,18:13:00,delivered,Net Banking,13506.84,0,2431.23,15938.07,3,Mumbai,India
102386,13163,2023-03-15,09:36:00,shipped,UPI,3998.0,0,719.64,4717.64,1,Mumbai,USA
102387,13166,2023-09-26,05:50:00,pending,Credit Card,899.0,49,161.82,1109.82,1,Mumbai,India
102389,13166,2023-11-02,17:21:00,pending,Debit Card,899.0,149,161.82,1209.82,1,Mumbai,India
102390,13166,2023-10-30,18:21:00,cancelled,Credit Card,14692.0,0,2644.56,17336.56,5,Mumbai,India
102392,13166,2023-09-08,14:10:00,delivered,Debit Card,3453.43,0,621.62,4075.05,4,Mumbai,India
102393,13169,2023-06-23,05:04:00,delivered,Credit Card,899.0,99,161.82,1159.82,1,Mumbai,India
102394,13171,2023-12-10,22:37:00,delivered,Debit Card,7497.0,0,1349.46,8846.46,2,Mumbai,UK
102396,13171,2024-01-19,09:00:00,delivered,Credit Card,799.0,149,143.82,1091.82,1,Mumbai,UK
102397,13174,2023-05-11,00:28:00,cancelled,COD,26197.0,0,4715.46,30912.46,2,Mumbai,India
102398,13174,2023-06-03,13:34:00,processing,Credit Card,10500.48,0,1890.09,12390.57,2,Mumbai,India
102399,13174,2023-04-19,20:38:00,delivered,Debit Card,8139.27,0,1465.07,9604.34,4,Mumbai,India
102400,13176,2023-04-18,17:47:00,cancelled,Debit Card,599.0,149,107.82,855.82,1,Mumbai,USA
102401,13176,2024-01-26,15:54:00,delivered,Credit Card,999.0,0,179.82,1178.82,1,Mumbai,USA
102402,13176,2024-02-26,03:41:00,cancelled,Debit Card,9998.0,0,1799.64,11797.64,1,Mumbai,USA
102403,13176,2023-03-11,10:36:00,shipped,Debit Card,52210.0,0,9397.8,61607.8,3,Mumbai,USA
102404,13176,2023-09-12,09:24:00,delivered,Debit Card,799.0,49,143.82,991.82,1,Mumbai,USA
102405,13176,2023-07-02,09:46:00,delivered,Credit Card,18041.6,0,3247.49,21289.09,3,Mumbai,USA
102406,13176,2023-05-23,09:19:00,delivered,Credit Card,8396.0,0,1511.28,9907.28,3,Mumbai,USA
102407,13182,2023-07-14,07:20:00,shipped,Credit Card,2998.0,0,539.64,3537.64,1,Mumbai,India
102408,13182,2022-09-30,12:39:00,delivered,COD,3398.0,0,611.64,4009.64,2,Mumbai,India
102409,13182,2022-11-02,20:40:00,shipped,Debit Card,10696.0,0,1925.28,12621.28,3,Mumbai,India
102410,13182,2023-01-15,04:20:00,delivered,Net Banking,999.0,0,179.82,1178.82,1,Mumbai,India
102411,13182,2023-01-15,23:31:00,shipped,Debit Card,10364.52,0,1865.61,12230.13,5,Mumbai,India
102412,13182,2023-02-02,15:48:00,pending,Credit Card,12296.0,0,2213.28,14509.28,4,Mumbai,India
102414,13184,2023-07-03,15:22:00,delivered,Net Banking,4488.2,0,807.88,5296.08,1,Mumbai,India
102415,13184,2023-07-04,07:12:00,delivered,COD,5827.79,0,1049.0,6876.79,3,Mumbai,India
102416,13187,2024-07-21,00:48:00,shipped,UPI,1499.0,0,269.82,1768.82,1,Mumbai,UK
102417,13190,2024-09-03,07:10:00,delivered,UPI,799.0,99,143.82,1041.82,1,Mumbai,Canada
102418,13192,2024-06-08,04:42:00,delivered,UPI,2570.92,0,462.77,3033.69,3,Mumbai,India
102419,13192,2024-04-17,12:47:00,delivered,Credit Card,5999.0,0,1079.82,7078.82,1,Mumbai,India
102420,13192,2024-04-24,15:24:00,delivered,Debit Card,16997.02,0,3059.46,20056.48,3,Mumbai,India
102421,13192,2024-04-13,12:05:00,shipped,Debit Card,22950.34,0,4131.06,27081.4,5,Mumbai,India
102422,13193,2022-07-24,04:42:00,delivered,Credit Card,556.68,99,100.2,755.88,1,Mumbai,India
102423,13193,2022-09-23,20:43:00,delivered,Debit Card,3197.32,0,575.52,3772.84,3,Mumbai,India
102424,13193,2023-04-11,04:31:00,delivered,Credit Card,899.0,149,161.82,1209.82,1,Mumbai,India
102425,13199,2024-05-24,03:28:00,delivered,Credit Card,9914.5,0,1784.61,11699.11,4,Mumbai,India
102426,13199,2024-03-10,15:34:00,delivered,Credit Card,2598.0,0,467.64,3065.64,1,Mumbai,India
102427,13199,2024-01-13,02:29:00,delivered,Credit Card,9812.72,0,1766.29,11579.01,4,Mumbai,India
102428,13199,2024-04-30,00:57:00,delivered,Credit Card,10642.1,0,1915.58,12557.68,4,Mumbai,India
102429,13199,2025-06-15,13:21:00,delivered,Credit Card,599.0,49,107.82,755.82,1,Mumbai,India
102430,13199,2024-02-17,00:25:00,delivered,Debit Card,599.0,99,107.82,805.82,1,Mumbai,India
102431,13204,2024-03-13,18:40:00,shipped,Credit Card,6597.0,0,1187.46,7784.46,3,Mumbai,USA
102432,13204,2024-03-01,09:26:00,delivered,Credit Card,10459.1,0,1882.64,12341.74,1,Mumbai,USA
102433,13204,2024-01-25,08:49:00,delivered,UPI,599.0,149,107.82,855.82,1,Mumbai,USA
102434,13222,2023-07-28,22:57:00,delivered,Net Banking,799.0,49,143.82,991.82,1,Mumbai,Singapore
102435,13222,2023-04-21,21:10:00,delivered,Debit Card,2998.0,0,539.64,3537.64,2,Mumbai,Singapore
102436,13222,2023-03-04,16:01:00,delivered,Debit Card,1235.62,0,222.41,1458.03,1,Mumbai,Singapore
102438,13236,2023-11-20,12:23:00,delivered,Debit Card,6872.44,0,1237.04,8109.48,2,Mumbai,Germany
102439,13236,2024-03-02,09:29:00,processing,COD,15999.0,0,2879.82,18878.82,1,Mumbai,Germany
102440,13236,2024-03-19,18:49:00,delivered,Credit Card,998.0,49,179.64,1226.64,2,Mumbai,Germany
102441,13237,2024-06-07,20:45:00,delivered,Wallet,1299.0,0,233.82,1532.82,1,Mumbai,India
102442,13253,2024-06-18,15:22:00,delivered,UPI,1198.0,0,215.64,1413.64,1,Mumbai,USA
102443,13257,2023-05-20,11:19:00,delivered,Credit Card,1598.0,0,287.64,1885.64,1,Mumbai,India
102444,13257,2023-05-21,15:32:00,processing,Net Banking,3097.0,0,557.46,3654.46,3,Mumbai,India
102445,13257,2022-08-15,23:39:00,delivered,Net Banking,6163.67,0,1109.46,7273.13,2,Mumbai,India
102446,13257,2023-04-21,00:59:00,delivered,Credit Card,1198.0,0,215.64,1413.64,1,Mumbai,India
102448,13273,2022-06-17,05:32:00,delivered,Credit Card,27271.04,0,4908.79,32179.83,2,Mumbai,India
102449,13273,2023-09-05,09:47:00,delivered,Credit Card,9896.0,0,1781.28,11677.28,3,Mumbai,India
102450,13273,2022-07-16,11:46:00,delivered,Wallet,3998.0,0,719.64,4717.64,1,Mumbai,India
102451,13279,2023-09-23,02:22:00,shipped,Credit Card,9894.0,0,1780.92,-11674.92,5,Mumbai,India
102452,13279,2022-07-23,13:49:00,delivered,Credit Card,41011.44,0,7382.06,48393.5,3,Mumbai,India
102453,13279,2022-08-05,01:41:00,delivered,Credit Card,3798.0,0,683.64,4481.64,2,Mumbai,India
102454,13279,2023-07-18,02:51:00,delivered,Credit Card,14497.0,0,2609.46,17106.46,2,Mumbai,India
102455,13279,2022-06-12,22:47:00,delivered,Credit Card,1296.31,0,233.34,1529.65,1,Mumbai,India
102456,13279,2023-04-26,22:41:00,processing,Debit Card,1198.0,0,215.64,1413.64,1,Mumbai,India
102457,13283,2023-11-30,22:27:00,delivered,Debit Card,17997.0,0,3239.46,21236.46,2,Mumbai,USA
102458,13283,2024-02-17,01:04:00,delivered,UPI,2998.0,0,539.64,3537.64,1,Mumbai,USA
102460,13284,2024-06-09,10:00:00,delivered,Debit Card,6133.54,0,1104.04,7237.58,4,Mumbai,India
102461,13284,2024-07-17,01:56:00,delivered,Credit Card,16628.47,0,2993.12,19621.59,4,Mumbai,India
102462,13284,2024-05-27,04:04:00,pending,UPI,1598.0,0,287.64,1885.64,2,Mumbai,India
102463,13284,2024-06-22,19:23:00,delivered,Credit Card,2097.0,0,377.46,2474.46,2,Mumbai,India
102464,13284,2024-08-04,22:18:00,delivered,UPI,8362.34,0,1505.22,9867.56,4,Mumbai,India
102465,13284,2024-05-31,06:32:00,delivered,Credit Card,21507.04,0,3871.27,25378.31,3,Mumbai,India
102466,13284,2024-05-29,02:14:00,delivered,Wallet,1198.0,0,215.64,1413.64,2,Mumbai,India
102467,13284,2024-06-28,00:30:00,pending,Debit Card,4097.0,0,737.46,4834.46,2,Mumbai,India
102468,13284,2024-09-19,12:30:00,delivered,Credit Card,25898.0,0,4661.64,30559.64,2,Mumbai,India
102469,13284,2024-06-24,11:19:00,delivered,Credit Card,398.0,49,71.64,518.64,1,Mumbai,India
102470,13284,2024-08-03,07:33:00,returned,COD,6396.0,0,1151.28,7547.28,4,Mumbai,India
102471,13284,2024-06-17,18:02:00,shipped,Debit Card,2998.0,0,539.64,3537.64,1,Mumbai,India
102472,13284,2024-07-11,00:37:00,delivered,Debit Card,18186.53,0,3273.58,21460.11,3,Mumbai,India
102473,13284,2024-06-27,13:15:00,delivered,Debit Card,998.0,149,179.64,1326.64,2,Mumbai,India
102474,13284,2024-06-15,05:56:00,delivered,Net Banking,7096.0,0,1277.28,8373.28,2,Mumbai,India
102475,13291,2024-04-02,03:22:00,pending,Wallet,2998.0,0,539.64,3537.64,1,Mumbai,India
102476,13302,2022-09-21,23:25:00,pending,Wallet,7202.25,0,1296.4,8498.65,2,Mumbai,India
102477,13302,2023-05-30,02:52:00,delivered,Net Banking,14498.0,0,2609.64,17107.64,2,Mumbai,India
102479,13302,2023-05-14,22:29:00,delivered,Credit Card,1398.0,0,251.64,1649.64,1,Mumbai,India
102480,13303,2023-12-22,10:18:00,delivered,Credit Card,299.0,99,53.82,451.82,1,Mumbai,India
102481,13303,2023-09-30,09:55:00,delivered,Credit Card,16794.0,0,3022.92,19816.92,4,Mumbai,India
102482,13303,2023-09-17,21:47:00,delivered,UPI,24999.0,0,4499.82,29498.82,1,Mumbai,India
102483,13320,2023-08-01,00:51:00,delivered,UPI,27997.0,0,5039.46,33036.46,2,Mumbai,India
102484,13320,2023-07-31,05:19:00,shipped,UPI,4997.0,0,899.46,5896.46,2,Mumbai,India
102485,13320,2023-05-25,07:08:00,delivered,Net Banking,999.0,0,179.82,1178.82,1,Mumbai,India
102486,13320,2023-04-30,12:33:00,delivered,UPI,7958.37,0,1432.51,9390.88,2,Mumbai,India
102487,13320,2024-01-19,14:24:00,delivered,Credit Card,899.0,149,161.82,1209.82,1,Mumbai,India
102488,13320,2023-06-21,09:09:00,delivered,Debit Card,1499.0,0,269.82,1768.82,1,Mumbai,India
102489,13320,2023-07-22,11:02:00,processing,COD,260.82,49,46.95,356.77,1,Mumbai,India
102490,13320,2023-08-06,06:50:00,processing,Wallet,7348.66,0,1322.76,8671.42,2,Mumbai,India
102491,13320,2023-07-24,11:14:00,returned,UPI,6998.0,0,1259.64,8257.64,1,Mumbai,India
102492,13320,2023-02-20,12:45:00,delivered,Credit Card,18897.0,0,3401.46,22298.46,3,Mumbai,India
102493,13320,2023-02-11,13:22:00,pending,Wallet,4228.63,0,761.15,4989.78,3,Mumbai,India
102494,13320,2023-01-13,22:31:00,delivered,UPI,3396.0,0,611.28,4007.28,3,Mumbai,India
102495,13320,2023-01-07,09:09:00,delivered,Credit Card,7502.29,0,1350.41,8852.7,3,Mumbai,India
102496,13320,2023-01-20,05:06:00,delivered,UPI,8996.0,0,1619.28,10615.28,2,Mumbai,India
102497,13320,2023-08-09,06:09:00,delivered,Credit Card,4497.0,0,809.46,5306.46,1,Mumbai,India
102498,13320,2023-04-21,09:41:00,shipped,Credit Card,1309.79,0,235.76,1545.55,1,Mumbai,India
102499,13320,2023-02-06,17:57:00,delivered,COD,2686.8,0,483.62,3170.42,1,Mumbai,India
102500,13320,2023-06-08,06:59:00,delivered,Net Banking,8752.74,0,1575.49,10328.23,3,Mumbai,India
102501,13320,2024-01-10,14:29:00,delivered,UPI,4999.0,0,899.82,5898.82,1,Mumbai,India
102502,13320,2024-03-29,13:33:00,delivered,Wallet,36996.0,0,6659.28,43655.28,2,Mumbai,India
102503,13320,2023-02-11,14:07:00,delivered,UPI,863.89,99,155.5,1118.39,1,Mumbai,India
102504,13325,2024-06-27,17:09:00,delivered,COD,10496.0,0,1889.28,12385.28,3,Mumbai,USA
102505,13330,2023-10-28,23:46:00,shipped,Net Banking,59193.0,0,10654.74,69847.74,5,Mumbai,Singapore
102506,13333,2024-05-12,05:11:00,processing,Wallet,1412.02,0,254.16,1666.18,1,Mumbai,India
102507,13333,2024-02-04,18:17:00,delivered,Credit Card,10597.0,0,1907.46,12504.46,2,Mumbai,India
102508,13333,2024-01-27,13:06:00,delivered,UPI,13698.0,0,2465.64,16163.64,2,Mumbai,India
102509,13333,2024-07-23,16:40:00,processing,Credit Card,699.0,99,125.82,923.82,1,Mumbai,India
102510,13339,2024-07-26,13:45:00,processing,COD,1999.0,0,359.82,2358.82,1,Mumbai,USA
102511,13339,2024-05-24,02:53:00,delivered,UPI,1998.0,0,359.64,2357.64,2,Mumbai,USA
102512,13339,2024-05-27,07:07:00,delivered,UPI,2499.0,0,449.82,2948.82,1,Mumbai,USA
102513,13339,2024-05-06,17:21:00,delivered,COD,30995.0,0,5579.1,36574.1,4,Mumbai,USA
102514,13339,2024-05-21,09:28:00,delivered,Debit Card,599.0,99,107.82,805.82,1,Mumbai,USA
102515,13339,2024-05-25,11:24:00,processing,UPI,2999.0,0,539.82,3538.82,1,Mumbai,USA
102516,13347,2023-08-30,17:28:00,delivered,Net Banking,1098.0,0,197.64,1295.64,2,Mumbai,Australia
102517,13347,2023-10-03,11:13:00,delivered,Credit Card,23997.0,0,4319.46,28316.46,1,Mumbai,Australia
102518,13347,2023-10-29,19:08:00,delivered,Net Banking,3656.5,0,658.17,4314.67,2,Mumbai,Australia
102519,13347,2024-02-18,02:55:00,shipped,Credit Card,1999.0,0,359.82,2358.82,1,Mumbai,Australia
102520,13347,2023-07-30,07:37:00,delivered,Wallet,10579.62,0,1904.33,12483.95,5,Mumbai,Australia
102521,13347,2023-09-28,11:56:00,delivered,Credit Card,1898.0,0,341.64,2239.64,2,Mumbai,Australia
102522,13348,2023-10-15,05:14:00,delivered,UPI,3499.0,0,629.82,4128.82,1,Mumbai,USA
102524,13348,2024-01-02,12:57:00,delivered,Credit Card,8503.28,0,1530.59,10033.87,1,Mumbai,USA
102525,13350,2023-03-12,17:16:00,processing,Net Banking,31998.0,0,5759.64,37757.64,1,Mumbai,UK
102526,13357,2024-05-28,00:26:00,delivered,UPI,499.0,49,89.82,637.82,1,Mumbai,India
102527,13357,2024-03-04,10:25:00,delivered,Debit Card,4763.43,0,857.42,5620.85,3,Mumbai,India
102528,13357,2024-03-27,15:45:00,delivered,UPI,4543.07,0,817.75,5360.82,3,Mumbai,India
102529,13359,2023-12-17,06:27:00,cancelled,UPI,594.73,99,107.05,800.78,1,Mumbai,Canada
102530,13359,2024-03-23,14:24:00,shipped,UPI,6598.0,0,1187.64,7785.64,2,Mumbai,Canada
102531,13359,2024-02-24,04:04:00,pending,Credit Card,1498.0,0,269.64,1767.64,2,Mumbai,Canada
102532,13363,2024-04-09,18:18:00,delivered,Debit Card,499.0,149,89.82,737.82,1,Mumbai,India
102533,13365,2023-07-21,02:33:00,pending,Debit Card,11497.0,0,2069.46,13566.46,3,Mumbai,Australia
102534,13365,2023-04-28,01:32:00,delivered,UPI,2499.0,0,449.82,2948.82,1,Mumbai,Australia
102536,13367,2022-09-24,12:42:00,delivered,Credit Card,4494.0,0,808.92,5302.92,2,Mumbai,India
102537,13367,2023-04-06,15:37:00,delivered,Debit Card,25998.0,0,4679.64,30677.64,1,Mumbai,India
102538,13367,2022-09-11,12:22:00,pending,UPI,3442.9,0,619.72,4062.62,3,Mumbai,India
102539,13367,2023-06-15,17:23:00,delivered,Credit Card,9998.0,0,1799.64,11797.64,1,Mumbai,India
102540,13374,2024-03-04,04:14:00,delivered,COD,681.37,49,122.65,853.02,1,Mumbai,India
102541,13379,2024-10-05,14:34:00,delivered,UPI,2499.0,0,449.82,2948.82,1,Mumbai,India
102542,13379,2024-09-29,03:15:00,delivered,COD,799.0,49,143.82,991.82,1,Mumbai,India
102543,13383,2024-03-31,21:22:00,delivered,Debit Card,1195.45,0,215.18,1410.63,1,Mumbai,UK
102544,13406,2024-09-10,04:07:00,delivered,UPI,14997.0,0,2699.46,17696.46,2,Mumbai,USA
102545,13406,2024-07-29,13:48:00,cancelled,Credit Card,1298.0,0,233.64,1531.64,2,Mumbai,USA
102546,13406,2024-07-23,21:17:00,delivered,Credit Card,899.0,149,161.82,1209.82,1,Mumbai,USA
102547,13406,2024-08-20,22:16:00,delivered,Debit Card,2499.0,0,449.82,2948.82,1,Mumbai,USA
102548,13406,2024-07-04,08:53:00,shipped,Debit Card,598.0,149,107.64,854.64,1,Mumbai,USA
102550,13411,2023-10-24,22:27:00,delivered,Wallet,27697.0,0,4985.46,32682.46,3,Mumbai,India
102552,13432,2023-06-14,13:17:00,delivered,COD,16235.58,0,2922.4,19157.98,5,Mumbai,Germany
102553,13439,2024-07-23,03:06:00,delivered,COD,2499.0,0,449.82,2948.82,1,Mumbai,Canada
102554,13439,2024-06-18,02:21:00,delivered,UPI,18047.13,0,3248.48,21295.61,3,Mumbai,Canada
102555,13439,2024-05-23,03:06:00,delivered,Debit Card,1198.0,0,215.64,1413.64,1,Mumbai,Canada
102556,13441,2022-09-11,08:05:00,delivered,Debit Card,1745.98,0,314.28,2060.26,2,Mumbai,India
102557,13454,2024-06-13,12:23:00,cancelled,Credit Card,1299.0,0,233.82,1532.82,1,Mumbai,India
102558,13455,2024-07-04,11:55:00,delivered,Credit Card,266.67,49,48.0,363.67,1,Mumbai,India
102559,13455,2024-05-30,08:10:00,cancelled,Debit Card,4999.0,0,899.82,5898.82,1,Mumbai,India
102560,13455,2024-05-17,08:32:00,delivered,Wallet,7988.52,0,1437.93,9426.45,1,Mumbai,India
102561,13455,2024-06-14,22:26:00,delivered,Debit Card,3214.78,0,578.66,3793.44,1,Mumbai,India
102563,13457,2023-06-29,02:22:00,shipped,UPI,2998.0,0,539.64,3537.64,1,Mumbai,USA
102564,13457,2023-05-03,19:44:00,delivered,Wallet,6360.25,0,1144.84,7505.09,2,Mumbai,USA
102565,13457,2022-11-22,14:49:00,delivered,Debit Card,3879.23,0,698.26,4577.49,1,Mumbai,USA
102566,13457,2023-02-14,12:25:00,delivered,Credit Card,4499.0,0,809.82,5308.82,1,Mumbai,USA
102567,13457,2023-11-06,08:20:00,delivered,Credit Card,46688.13,0,8403.86,55091.99,2,Mumbai,USA
102568,13457,2022-10-26,12:08:00,delivered,Credit Card,21998.0,0,3959.64,25957.64,2,Mumbai,USA
102569,13457,2023-04-08,10:17:00,delivered,Debit Card,4988.42,0,897.92,5886.34,2,Mumbai,USA
102571,13457,2023-02-11,06:04:00,delivered,Credit Card,44677.7,0,8041.99,52719.69,5,Mumbai,USA
102572,13457,2023-07-19,03:04:00,shipped,Credit Card,7373.02,0,1327.14,8700.16,2,Mumbai,USA
102573,13457,2023-04-27,17:00:00,delivered,Credit Card,4776.82,0,859.83,5636.65,2,Mumbai,USA
102574,13457,2022-10-18,14:30:00,delivered,Credit Card,22044.06,0,3967.93,26011.99,4,Mumbai,USA
102575,13457,2023-01-02,10:59:00,delivered,Credit Card,12999.0,0,2339.82,15338.82,1,Mumbai,USA
102576,13457,2023-09-02,07:19:00,pending,Credit Card,1499.0,0,269.82,1768.82,1,Mumbai,USA
102577,13463,2024-06-25,05:47:00,delivered,Credit Card,12594.49,0,2267.01,14861.5,2,Mumbai,Germany
102578,13465,2024-08-15,17:34:00,cancelled,Credit Card,16747.96,0,3014.63,19762.59,4,Mumbai,India
102579,13465,2024-10-10,13:14:00,returned,Credit Card,8793.0,0,1582.74,10375.74,4,Mumbai,India
102580,13465,2024-08-26,11:20:00,shipped,COD,1604.78,0,288.86,1893.64,1,Mumbai,India
102581,13470,2024-06-05,21:08:00,delivered,Credit Card,15347.84,0,2762.61,18110.45,3,Mumbai,India
102582,13470,2024-02-02,15:27:00,delivered,Credit Card,8798.0,0,1583.64,10381.64,2,Mumbai,India
102583,13470,2024-06-12,23:28:00,delivered,Credit Card,15692.0,0,2824.56,18516.56,4,Mumbai,India
102584,13470,2024-03-05,08:32:00,shipped,UPI,9698.85,0,1745.79,11444.64,5,Mumbai,India
102585,13471,2024-01-05,05:34:00,delivered,Debit Card,5898.0,0,1061.64,6959.64,2,Mumbai,Singapore
102586,13471,2023-12-31,00:25:00,delivered,Debit Card,21264.74,0,3827.65,25092.39,3,Mumbai,Singapore
102588,13472,2024-02-21,08:37:00,delivered,Credit Card,599.0,149,107.82,855.82,1,Mumbai,UK
102589,13474,2023-03-04,08:31:00,delivered,Debit Card,1998.0,0,359.64,2357.64,1,Mumbai,India
102590,13474,2022-05-17,16:32:00,processing,Wallet,999.0,0,179.82,1178.82,1,Mumbai,India
102591,13474,2022-10-10,22:31:00,delivered,UPI,1401.23,0,252.22,1653.45,1,Mumbai,India
102592,13494,2023-07-06,21:43:00,delivered,Wallet,6096.0,0,1097.28,7193.28,4,Mumbai,USA
102593,13494,2022-11-01,03:28:00,shipped,Debit Card,1999.0,0,359.82,2358.82,1,Mumbai,USA
102594,13494,2022-08-09,13:32:00,delivered,Wallet,2197.0,0,395.46,2592.46,2,Mumbai,USA
102595,13498,2023-04-28,21:47:00,processing,Debit Card,5999.0,0,1079.82,7078.82,1,Mumbai,USA
102596,13498,2023-05-31,15:09:00,delivered,Debit Card,1398.0,0,251.64,1649.64,1,Mumbai,USA
102597,13498,2023-03-27,13:51:00,delivered,Credit Card,199.0,99,35.82,333.82,1,Mumbai,USA
102598,13505,2023-03-22,14:58:00,delivered,Debit Card,1661.49,0,299.07,1960.56,2,Mumbai,India
102599,13505,2024-01-07,09:05:00,delivered,UPI,6488.92,0,1168.01,7656.93,2,Mumbai,India
102601,13512,2024-09-22,08:31:00,delivered,Credit Card,22194.0,0,3994.92,26188.92,5,Mumbai,India
102602,13512,2024-09-19,05:43:00,delivered,UPI,1998.0,0,359.64,2357.64,1,Mumbai,India
102603,13512,2024-09-07,05:17:00,processing,Credit Card,1299.0,0,233.82,1532.82,1,Mumbai,India
102604,13513,2024-01-27,23:10:00,delivered,UPI,3547.32,0,638.52,4185.84,2,Mumbai,USA
102605,13519,2023-10-01,00:17:00,processing,Credit Card,6797.0,0,1223.46,8020.46,2,Mumbai,UK
102606,13519,2023-02-25,11:54:00,shipped,Credit Card,14178.0,0,2552.04,16730.04,3,Mumbai,UK
102607,13519,2023-11-26,07:08:00,delivered,Net Banking,2498.0,0,449.64,2947.64,2,Mumbai,UK
102608,13519,2023-05-06,07:35:00,delivered,Debit Card,16797.0,0,3023.46,19820.46,3,Mumbai,UK
102609,13525,2023-03-11,21:39:00,shipped,UPI,1733.84,0,312.09,2045.93,1,Mumbai,India
102611,13528,2024-02-05,06:01:00,shipped,Debit Card,39997.0,0,7199.46,47196.46,2,Mumbai,India
102612,13532,2023-09-24,19:38:00,shipped,Debit Card,11496.0,0,2069.28,13565.28,3,Mumbai,India
102613,13540,2023-08-13,09:59:00,delivered,UPI,1498.0,0,269.64,1767.64,2,Mumbai,India
102614,13540,2023-11-28,02:27:00,returned,Credit Card,686.08,49,123.49,858.57,1,Mumbai,India
102615,13540,2024-04-23,21:03:00,returned,Debit Card,11998.0,0,2159.64,14157.64,1,Mumbai,India
102616,13549,2023-03-23,13:41:00,shipped,Credit Card,699.0,99,125.82,923.82,1,Mumbai,UK
102617,13549,2023-08-10,13:43:00,delivered,Credit Card,11494.0,0,2068.92,13562.92,3,Mumbai,UK
102618,13549,2023-09-04,19:09:00,processing,Debit Card,599.0,99,107.82,805.82,1,Mumbai,UK
102619,13549,2023-04-27,02:00:00,pending,Debit Card,9998.0,0,1799.64,11797.64,1,Mumbai,UK
102620,13556,2024-04-01,18:21:00,delivered,UPI,599.0,49,107.82,755.82,1,Mumbai,UK
102621,13565,2023-10-21,02:53:00,delivered,Net Banking,999.0,0,179.82,1178.82,1,Mumbai,India
102622,13570,2022-11-29,15:17:00,shipped,Credit Card,9395.0,0,1691.1,11086.1,5,Mumbai,India
102623,13577,2024-08-20,03:37:00,delivered,UPI,13297.0,0,2393.46,15690.46,2,Mumbai,UK
102624,13580,2024-08-31,04:46:00,processing,COD,33997.0,0,6119.46,40116.46,2,Mumbai,USA
102625,13580,2024-09-06,18:11:00,delivered,Debit Card,3298.0,0,593.64,3891.64,2,Mumbai,USA
102626,,2024-09-05,07:20:00,delivered,Debit Card,7393.0,0,1330.74,8723.74,4,Mumbai,USA
102627,13580,2024-08-15,16:07:00,delivered,Credit Card,6810.55,0,1225.9,8036.45,4,Mumbai,USA
102628,13580,2024-08-21,13:27:00,delivered,UPI,1612.51,0,290.25,1902.76,2,Mumbai,USA
102629,13580,2024-08-19,02:19:00,delivered,Credit Card,2018.86,0,363.39,2382.25,2,Mumbai,USA
102630,13580,2024-08-15,23:51:00,delivered,Wallet,1880.55,0,338.5,2219.05,2,Mumbai,USA
102631,13581,2024-06-10,13:23:00,shipped,COD,3999.0,0,719.82,4718.82,1,Mumbai,USA
102632,13582,2024-07-11,14:28:00,delivered,Credit Card,12638.22,0,2274.88,14913.1,2,Mumbai,Singapore
102634,13586,2024-03-26,21:01:00,delivered,Credit Card,2197.0,0,395.46,2592.46,2,Mumbai,India
102635,13592,2023-11-23,06:24:00,shipped,UPI,4633.76,0,834.08,5467.84,1,Mumbai,UK
102636,13592,2024-02-13,21:02:00,delivered,Credit Card,26996.0,0,4859.28,31855.28,2,Mumbai,UK
102637,13592,2023-05-18,20:53:00,delivered,UPI,5959.85,0,1072.77,7032.62,2,Mumbai,UK
102638,13594,2024-01-11,16:39:00,pending,COD,24994.0,0,4498.92,29492.92,3,Mumbai,India
102639,13596,2024-06-01,12:58:00,delivered,Net Banking,599.0,149,107.82,855.82,1,Mumbai,India
102640,13596,2024-04-28,13:03:00,delivered,Wallet,26797.0,0,4823.46,31620.46,3,Mumbai,India
102641,13596,2024-04-22,03:59:00,delivered,Credit Card,999.0,0,179.82,1178.82,1,Mumbai,India
102642,13598,2024-03-11,10:20:00,delivered,Debit Card,13594.0,0,2446.92,16040.92,3,Mumbai,UK
102643,13601,2023-08-12,19:15:00,shipped,Credit Card,26797.0,0,4823.46,31620.46,2,Mumbai,India
102644,13601,2023-11-05,06:13:00,delivered,Debit Card,3998.0,0,719.64,4717.64,1,Mumbai,India
102645,13601,2023-05-09,07:53:00,delivered,Credit Card,6596.0,0,1187.28,7783.28,2,Mumbai,India
102646,13608,2024-03-01,17:05:00,delivered,UPI,1499.0,0,269.82,1768.82,1,Mumbai,India
102648,13608,2024-01-28,14:13:00,delivered,Credit Card,8495.0,0,1529.1,10024.1,5,Mumbai,India
102650,13608,2023-12-25,18:26:00,delivered,Wallet,9998.0,0,1799.64,11797.64,1,Mumbai,India
102653,13612,2024-03-19,13:40:00,delivered,Debit Card,1464.77,0,263.66,1728.43,2,Mumbai,Canada
102654,13612,2023-12-16,13:01:00,shipped,COD,799.0,149,143.82,1091.82,1,Mumbai,Canada
102655,13615,2024-02-22,00:12:00,delivered,Net Banking,699.0,99,125.82,923.82,1,Mumbai,Singapore
102656,13615,2023-03-20,12:34:00,delivered,UPI,9998.0,0,1799.64,11797.64,1,Mumbai,Singapore
102657,13615,2023-04-29,03:29:00,processing,COD,3499.0,0,629.82,4128.82,1,Mumbai,Singapore
102658,13615,2023-04-21,00:57:00,delivered,COD,899.0,49,161.82,1109.82,1,Mumbai,Singapore
102659,13615,2023-02-27,01:33:00,delivered,Wallet,5395.0,0,971.1,6366.1,3,Mumbai,Singapore
102660,13615,2023-02-16,03:56:00,shipped,COD,3998.0,0,719.64,4717.64,1,Mumbai,Singapore
102661,13615,2023-01-07,02:45:00,delivered,Wallet,78995.0,0,14219.1,93214.1,2,Mumbai,Singapore
102662,13615,2023-02-16,14:00:00,shipped,Credit Card,5999.0,0,1079.82,7078.82,1,Mumbai,Singapore
102663,13615,2024-01-14,00:32:00,delivered,Debit Card,8696.0,0,1565.28,10261.28,3,Mumbai,Singapore
102664,13617,2024-02-26,01:16:00,processing,UPI,14295.0,0,2573.1,16868.1,3,Mumbai,Germany
102665,13617,2024-02-18,13:30:00,pending,Debit Card,3998.0,0,719.64,4717.64,1,Mumbai,Germany
102666,13617,2024-01-08,16:40:00,processing,UPI,3897.0,0,701.46,4598.46,2,Mumbai,Germany
102667,13619,2024-01-28,23:31:00,delivered,COD,598.0,49,107.64,754.64,1,Mumbai,UK
102669,13619,2023-03-18,17:09:00,pending,Net Banking,5154.24,0,927.76,6082.0,3,Mumbai,UK
102671,13620,2023-12-26,08:31:00,delivered,Credit Card,9998.0,0,1799.64,11797.64,1,Mumbai,Singapore
102672,13620,2024-03-14,00:56:00,delivered,Credit Card,699.0,149,125.82,973.82,1,Mumbai,Singapore
102673,13634,2023-06-30,21:28:00,delivered,Credit Card,1499.0,0,269.82,1768.82,1,Mumbai,Australia
102674,13634,2023-11-29,13:08:00,delivered,Debit Card,12998.0,0,2339.64,15337.64,2,Mumbai,Australia
102675,13634,2023-07-29,01:00:00,delivered,Debit Card,54294.0,0,9772.92,64066.92,4,Mumbai,Australia
102676,13637,2023-08-13,12:59:00,delivered,Net Banking,699.0,99,125.82,923.82,1,Mumbai,USA
102677,13637,2024-07-02,23:20:00,pending,Debit Card,999.0,0,179.82,1178.82,1,Mumbai,USA
102678,,2023-07-31,11:28:00,delivered,UPI,2997.0,0,539.46,3536.46,1,Mumbai,USA
102679,13637,2023-07-26,05:39:00,delivered,UPI,2300.84,0,414.15,2714.99,2,Mumbai,USA
102680,13637,2023-09-20,09:55:00,delivered,Debit Card,2499.0,0,449.82,2948.82,1,Mumbai,USA
102681,13637,2023-09-26,04:49:00,pending,Debit Card,437.76,99,78.8,615.56,1,Mumbai,USA
102682,13637,2023-12-07,21:20:00,delivered,Credit Card,6749.81,0,1214.97,7964.78,3,Mumbai,USA
102683,13638,2024-07-13,02:50:00,delivered,Net Banking,3998.0,0,719.64,4717.64,1,Mumbai,India
102684,13644,2022-12-04,03:15:00,pending,Net Banking,11934.99,0,2148.3,14083.29,4,Mumbai,USA
102685,13644,2022-08-13,16:48:00,shipped,Credit Card,2798.0,0,503.64,3301.64,2,Mumbai,USA
102686,13644,2022-06-19,20:59:00,shipped,Debit Card,4995.0,0,899.1,5894.1,4,Mumbai,USA
102687,13644,2022-10-20,01:02:00,delivered,Debit Card,917.04,99,165.07,1181.11,1,Mumbai,USA
102688,13644,2022-07-14,20:03:00,delivered,Credit Card,803.76,149,144.68,1097.44,1,Mumbai,USA
102689,13644,2022-11-19,03:52:00,processing,UPI,9596.0,0,1727.28,11323.28,3,Mumbai,USA
102690,13644,2022-09-26,03:32:00,shipped,Credit Card,14397.0,0,2591.46,16988.46,2,Mumbai,USA
102691,13644,2023-06-22,23:18:00,processing,Debit Card,1398.0,0,251.64,1649.64,1,Mumbai,USA
102693,13644,2022-10-19,04:23:00,delivered,Debit Card,2581.25,0,464.62,3045.87,3,Mumbai,USA
102694,13644,2023-04-03,21:03:00,processing,Net Banking,2433.29,0,437.99,2871.28,3,Mumbai,USA
102695,13644,2023-01-23,06:14:00,pending,COD,2435.44,0,438.38,2873.82,1,Mumbai,USA
102697,13644,2022-07-25,09:37:00,shipped,Debit Card,999.0,0,179.82,1178.82,1,Mumbai,USA
102698,13644,2024-02-29,12:04:00,shipped,Credit Card,599.0,49,107.82,755.82,1,Mumbai,USA
102699,13644,2022-08-25,11:03:00,delivered,Credit Card,9497.0,0,1709.46,11206.46,2,Mumbai,USA
102700,13644,2022-09-06,10:30:00,delivered,Debit Card,2998.0,0,539.64,3537.64,2,Mumbai,USA
102701,13644,2022-08-31,19:45:00,delivered,Net Banking,9997.0,0,1799.46,11796.46,2,Mumbai,USA
102702,13648,2024-09-20,14:19:00,cancelled,Debit Card,11997.0,0,2159.46,14156.46,2,Mumbai,USA
102703,13648,2024-09-02,10:57:00,delivered,Credit Card,17498.0,0,3149.64,20647.64,2,Mumbai,USA
102704,13648,2024-09-14,13:12:00,shipped,Net Banking,16875.6,0,3037.61,19913.21,4,Mumbai,USA
102705,13656,2022-06-05,03:33:00,delivered,UPI,3798.0,0,683.64,4481.64,2,Mumbai,India
102706,13682,2022-06-27,06:21:00,shipped,Credit Card,5999.0,0,1079.82,7078.82,1,Mumbai,India
102707,13682,2023-03-12,13:46:00,pending,UPI,699.0,99,125.82,923.82,1,Mumbai,India
102708,13682,2023-01-31,00:25:00,delivered,Credit Card,5498.0,0,989.64,6487.64,2,Mumbai,India
102709,13684,2023-09-01,08:05:00,shipped,Wallet,3999.0,0,719.82,4718.82,1,Mumbai,UK
102710,13684,2022-08-24,04:20:00,delivered,Credit Card,26397.0,0,4751.46,31148.46,2,Mumbai,UK
102711,13684,2023-01-31,14:55:00,pending,Wallet,1498.0,0,269.64,1767.64,2,Mumbai,UK
102712,13684,2023-03-23,05:18:00,delivered,Wallet,12092.0,0,2176.56,14268.56,5,Mumbai,UK
102713,13684,2023-09-09,00:21:00,delivered,Credit Card,3998.0,0,719.64,4717.64,1,Mumbai,UK
102714,13684,2022-05-21,02:13:00,delivered,Debit Card,627.02,149,112.86,888.88,1,Mumbai,UK
102715,13684,2023-03-10,00:10:00,delivered,Net Banking,2449.96,0,440.99,2890.95,2,Mumbai,UK
102716,13693,2023-08-04,01:14:00,processing,Debit Card,699.0,149,125.82,973.82,1,Mumbai,UK
102717,13698,2024-07-24,11:23:00,delivered,UPI,44854.5,0,8073.81,52928.31,4,Mumbai,India
102719,13699,2023-06-16,14:47:00,delivered,Credit Card,4597.0,0,827.46,5424.46,3,Mumbai,India
102720,13699,2023-06-13,19:45:00,delivered,Credit Card,5696.0,0,1025.28,6721.28,2,Mumbai,India
102721,13699,2023-09-14,19:53:00,delivered,UPI,8095.0,0,1457.1,9552.1,4,Mumbai,India
102722,13699,2023-12-28,06:37:00,delivered,Net Banking,2397.0,0,431.46,2828.46,1,Mumbai,India
102723,13699,2024-01-27,21:14:00,delivered,UPI,5997.0,0,1079.46,7076.46,2,Mumbai,India
102724,13701,2024-01-31,13:02:00,delivered,Wallet,17736.06,0,3192.49,20928.55,3,Mumbai,USA
102726,13708,2023-09-30,07:15:00,delivered,Credit Card,14997.0,0,2699.46,17696.46,1,Mumbai,Singapore
102727,13708,2023-08-31,18:10:00,delivered,Debit Card,6798.0,0,1223.64,8021.64,2,Mumbai,Singapore
102728,13708,2023-11-05,04:02:00,cancelled,Wallet,1297.0,0,233.46,1530.46,2,Mumbai,Singapore
102730,13712,2024-01-22,12:45:00,pending,Credit Card,1598.0,0,287.64,1885.64,1,Mumbai,Canada
102731,13713,2024-06-06,14:32:00,shipped,UPI,12897.0,0,2321.46,15218.46,2,Mumbai,India
102734,13717,2024-02-25,20:50:00,delivered,Debit Card,4790.39,0,862.27,5652.66,4,Mumbai,India
102737,13720,2023-11-14,08:20:00,delivered,COD,1477.34,0,265.92,1743.26,2,Mumbai,India
102738,13720,2024-01-07,23:35:00,delivered,Debit Card,5606.62,0,1009.19,6615.81,2,Mumbai,India
102739,13720,2024-03-08,18:51:00,delivered,Wallet,24695.0,0,4445.1,29140.1,5,Mumbai,India
102740,13742,2022-11-12,10:12:00,delivered,Debit Card,1299.0,0,233.82,1532.82,1,Mumbai,UK
102741,13742,2023-02-02,00:24:00,shipped,Wallet,3076.29,0,553.73,3630.02,1,Mumbai,UK
102742,13742,2023-07-12,00:54:00,shipped,UPI,5497.0,0,989.46,6486.46,2,Mumbai,UK
102743,13742,2022-12-25,03:01:00,delivered,Credit Card,799.0,99,143.82,1041.82,1,Mumbai,UK
102744,13753,2024-04-21,03:25:00,returned,Debit Card,3796.0,0,683.28,4479.28,3,Mumbai,India
102746,13762,2024-10-01,07:48:00,pending,Credit Card,8697.0,0,1565.46,10262.46,2,Mumbai,Singapore
102747,13762,2024-09-29,08:14:00,shipped,UPI,803.82,99,144.69,1047.51,1,Mumbai,Singapore
102748,13765,2023-10-05,06:33:00,delivered,Net Banking,11996.0,0,2159.28,14155.28,2,Mumbai,India
102749,13767,2023-05-12,00:34:00,delivered,Net Banking,2344.28,0,421.97,2766.25,1,Mumbai,India
102750,13767,2023-04-18,01:45:00,delivered,Credit Card,999.0,0,179.82,1178.82,1,Mumbai,India
102751,13767,2023-03-17,05:07:00,cancelled,Credit Card,6415.09,0,1154.72,7569.81,2,Mumbai,India
102752,13767,2023-07-04,19:58:00,processing,Debit Card,1497.0,0,269.46,1766.46,1,Mumbai,India
102753,13767,2023-04-13,00:07:00,delivered,Credit Card,32897.82,0,5921.61,38819.43,2,Mumbai,India
102754,13767,2023-11-05,16:03:00,delivered,Credit Card,16108.66,0,2899.56,19008.22,3,Mumbai,India
102755,13775,2023-09-24,22:25:00,delivered,Debit Card,11998.0,0,2159.64,14157.64,1,Mumbai,UK
102757,13781,2024-03-30,04:54:00,delivered,Debit Card,1299.0,0,233.82,1532.82,1,Mumbai,UK
102758,13781,2023-12-16,00:43:00,delivered,Debit Card,398.0,49,71.64,518.64,1,Mumbai,UK
102759,13781,2024-01-01,13:59:00,shipped,UPI,998.0,49,179.64,1226.64,1,Mumbai,UK
102760,13800,2023-11-27,16:36:00,delivered,Credit Card,7999.0,0,1439.82,9438.82,1,Mumbai,Australia
102761,13800,2023-10-07,17:15:00,delivered,Debit Card,899.0,49,161.82,1109.82,1,Mumbai,Australia
102762,13800,2023-12-24,09:16:00,delivered,UPI,6717.26,0,1209.11,7926.37,2,Mumbai,Australia
102763,13800,2023-12-11,16:07:00,delivered,Net Banking,8997.0,0,1619.46,10616.46,1,Mumbai,Australia
102764,13805,2023-10-11,21:35:00,delivered,Credit Card,15998.0,0,2879.64,18877.64,1,Mumbai,India
102765,13805,2023-12-09,18:24:00,delivered,Debit Card,1798.0,0,323.64,2121.64,1,Mumbai,India
102766,13805,2024-03-01,21:08:00,pending,Net Banking,5996.0,0,1079.28,7075.28,3,Mumbai,India
102767,13815,2024-07-10,07:41:00,pending,Net Banking,8997.0,0,1619.46,10616.46,1,Mumbai,India
102768,13818,2023-07-09,16:49:00,delivered,Credit Card,7319.25,0,1317.46,8636.71,2,Mumbai,Canada
102769,13818,2023-10-25,03:29:00,delivered,Credit Card,43194.0,0,7774.92,50968.92,3,Mumbai,Canada
102770,13818,2023-07-12,23:20:00,shipped,Debit Card,1398.0,0,251.64,1649.64,1,Mumbai,Canada
102771,13818,2023-12-25,13:18:00,delivered,UPI,9595.0,0,1727.1,11322.1,3,Mumbai,Canada
102772,13818,2023-09-22,08:09:00,delivered,Debit Card,1818.72,0,327.37,2146.09,1,Mumbai,Canada
102773,13818,2023-08-19,22:40:00,delivered,Wallet,38659.17,0,6958.65,45617.82,4,Mumbai,Canada
102774,13818,2023-12-16,04:33:00,pending,Credit Card,12423.18,0,2236.17,14659.35,5,Mumbai,Canada
102776,13818,2023-12-02,11:27:00,delivered,Debit Card,2649.86,0,476.97,3126.83,1,Mumbai,Canada
102777,13818,2023-10-11,17:32:00,delivered,Credit Card,277.93,49,50.03,376.96,1,Mumbai,Canada
102778,13818,2023-07-18,01:03:00,delivered,Wallet,8712.4,0,1568.23,10280.63,1,Mumbai,Canada
102779,13818,2023-08-16,13:08:00,delivered,Wallet,1499.0,0,269.82,1768.82,1,Mumbai,Canada
102780,13818,2023-11-09,21:35:00,processing,UPI,7520.45,0,1353.68,8874.13,4,Mumbai,Canada
102781,13818,2023-08-07,05:21:00,delivered,Credit Card,24350.3,0,4383.05,28733.35,1,Mumbai,Canada
102782,13818,2023-08-11,05:29:00,delivered,Debit Card,999.0,0,179.82,1178.82,1,Mumbai,Canada
102783,13818,2023-12-29,19:58:00,delivered,UPI,1499.0,0,269.82,1768.82,1,Mumbai,Canada
102784,13818,2023-10-29,01:45:00,processing,UPI,4999.0,0,899.82,5898.82,1,Mumbai,Canada
102785,13818,2024-01-20,04:23:00,shipped,Net Banking,1797.0,0,323.46,2120.46,1,Mumbai,Canada
102786,13818,2023-06-08,08:28:00,processing,Debit Card,16390.46,0,2950.28,19340.74,4,Mumbai,Canada
102787,13818,2023-07-09,01:36:00,returned,Debit Card,19793.0,0,3562.74,23355.74,4,Mumbai,Canada
102788,13818,2023-09-19,18:59:00,processing,Debit Card,8282.33,0,1490.82,9773.15,3,Mumbai,Canada
102790,13818,2023-09-09,09:40:00,pending,COD,999.0,0,179.82,1178.82,1,Mumbai,Canada
102791,13818,2023-11-06,00:59:00,shipped,Credit Card,543.22,149,97.78,790.0,1,Mumbai,Canada
102792,13818,2024-02-26,20:36:00,delivered,Wallet,4196.0,0,755.28,4951.28,2,Mumbai,Canada
102793,13818,2024-01-03,23:17:00,delivered,Net Banking,12597.0,0,2267.46,14864.46,2,Mumbai,Canada
102794,13818,2023-11-19,05:02:00,delivered,Credit Card,5796.0,0,1043.28,6839.28,3,Mumbai,Canada
102795,13818,2023-09-13,19:40:00,shipped,UPI,8433.58,0,1518.04,9951.62,2,Mumbai,Canada
102796,13818,2023-09-15,16:04:00,delivered,Debit Card,2239.74,0,403.15,2642.89,1,Mumbai,Canada
102797,13818,2023-11-19,14:32:00,delivered,Credit Card,3797.0,0,683.46,4480.46,2,Mumbai,Canada
102798,13818,2023-12-23,11:14:00,pending,Debit Card,2098.0,0,377.64,2475.64,2,Mumbai,Canada
102799,13818,2023-07-08,18:14:00,pending,Debit Card,17098.75,0,3077.78,20176.53,3,Mumbai,Canada
102802,13818,2023-09-25,02:31:00,cancelled,Credit Card,3296.0,0,593.28,3889.28,2,Mumbai,Canada
102803,13818,2023-09-17,00:26:00,delivered,COD,1499.0,0,269.82,1768.82,1,Mumbai,Canada
102804,13818,2023-12-03,17:34:00,cancelled,Debit Card,5994.0,0,1078.92,7072.92,4,Mumbai,Canada
102805,13818,2023-07-21,15:51:00,delivered,Credit Card,3024.16,0,544.35,3568.51,1,Mumbai,Canada
102806,13818,2023-08-28,05:16:00,delivered,Debit Card,2999.0,0,539.82,3538.82,1,Mumbai,Canada
102807,13818,2023-08-19,17:58:00,delivered,Debit Card,3999.0,0,719.82,4718.82,1,Mumbai,Canada
102809,13818,2023-11-21,02:12:00,shipped,Debit Card,37418.41,0,6735.31,44153.72,4,Mumbai,Canada
102810,13818,2023-09-07,03:29:00,delivered,Credit Card,1499.0,0,269.82,1768.82,1,Mumbai,Canada
102811,13818,2023-10-09,04:10:00,returned,Credit Card,2499.0,0,449.82,2948.82,1,Mumbai,Canada
102812,13818,2023-10-09,05:39:00,processing,Credit Card,2139.05,0,385.03,2524.08,1,Mumbai,Canada
102813,13823,2023-06-27,22:33:00,delivered,Net Banking,24096.0,0,4337.28,28433.28,4,Mumbai,India
102814,13823,2023-07-11,11:02:00,delivered,Debit Card,2397.0,0,431.46,2828.46,2,Mumbai,India
102815,13823,2022-09-25,20:04:00,pending,UPI,6020.98,0,1083.78,7104.76,2,Mumbai,India
102816,13823,2022-07-15,01:10:00,delivered,UPI,15614.89,0,2810.68,18425.57,4,Mumbai,India
102817,13823,2022-09-02,06:59:00,delivered,COD,33496.0,0,6029.28,39525.28,3,Mumbai,India
102818,13823,2023-03-07,08:42:00,delivered,Credit Card,2751.74,0,495.31,3247.05,2,Mumbai,India
102819,13825,2023-01-08,15:46:00,delivered,Debit Card,1643.15,0,295.77,1938.92,2,Mumbai,Canada
102820,13825,2022-10-14,17:10:00,delivered,UPI,7502.69,0,1350.48,8853.17,2,Mumbai,Canada
102821,13825,2023-02-13,00:12:00,delivered,UPI,1712.27,0,308.21,2020.48,2,Mumbai,Canada
102822,13836,2024-04-19,17:21:00,delivered,UPI,5598.0,0,1007.64,6605.64,2,Mumbai,India
102823,13849,2023-03-14,13:01:00,processing,Debit Card,1341.44,0,241.46,1582.9,1,Mumbai,India
102824,13852,2023-09-17,13:36:00,delivered,Credit Card,1998.0,0,359.64,2357.64,1,Mumbai,India
102825,13853,2024-07-21,20:28:00,delivered,UPI,5998.0,0,1079.64,7077.64,2,Mumbai,USA
102826,13854,2024-03-09,22:45:00,delivered,Net Banking,3596.0,0,647.28,4243.28,2,Mumbai,India
102827,13854,2024-02-22,08:26:00,processing,Net Banking,6895.0,0,1241.1,8136.1,3,Mumbai,India
102828,13854,2024-02-05,19:45:00,processing,Wallet,2098.0,0,377.64,2475.64,2,Mumbai,India
102829,13854,2024-01-10,13:04:00,delivered,Debit Card,999.0,0,179.82,1178.82,1,Mumbai,India
102830,13855,2023-08-21,03:20:00,pending,Credit Card,23996.0,0,4319.28,28315.28,2,Mumbai,India
102831,13861,2024-05-03,19:52:00,pending,Wallet,799.0,149,143.82,1091.82,1,Mumbai,Germany
102832,13861,2024-07-20,07:04:00,delivered,Credit Card,20496.0,0,3689.28,24185.28,2,Mumbai,Germany
102833,13861,2024-04-10,15:38:00,delivered,Debit Card,1798.0,0,323.64,2121.64,1,Mumbai,Germany
102834,13862,2023-03-22,16:09:00,pending,UPI,1998.0,0,359.64,2357.64,1,Mumbai,India
102835,13862,2023-01-08,06:14:00,delivered,Credit Card,1198.0,0,215.64,1413.64,1,Mumbai,India
102836,13862,2022-11-06,10:29:00,delivered,Credit Card,2598.0,0,467.64,3065.64,2,Mumbai,India
102837,13864,2023-11-14,16:32:00,delivered,Credit Card,5999.0,0,1079.82,7078.82,1,Mumbai,USA
102838,13866,2023-12-21,13:42:00,delivered,Credit Card,19688.3,0,3543.89,23232.19,3,Mumbai,Australia
102840,13866,2024-01-07,11:34:00,processing,Credit Card,5895.0,0,1061.1,6956.1,3,Mumbai,Australia
102841,13866,2023-09-17,01:52:00,processing,Credit Card,3499.0,0,629.82,4128.82,1,Mumbai,Australia
102842,13866,2024-01-24,13:10:00,delivered,COD,21296.0,0,3833.28,25129.28,3,Mumbai,Australia
102843,13866,2023-10-28,12:39:00,delivered,Credit Card,12991.32,0,2338.44,15329.76,5,Mumbai,Australia
102844,13868,2023-06-09,12:04:00,shipped,Debit Card,1998.0,0,359.64,2357.64,1,Mumbai,Singapore
102845,13868,2023-04-17,11:07:00,delivered,Debit Card,7999.0,0,1439.82,9438.82,1,Mumbai,Singapore
102846,13868,2023-06-01,21:46:00,delivered,Credit Card,5798.0,0,1043.64,6841.64,2,Mumbai,Singapore
102847,13868,2023-05-08,02:25:00,delivered,Debit Card,25206.22,0,4537.12,29743.34,3,Mumbai,Singapore
102848,13868,2023-06-06,14:07:00,delivered,Net Banking,1797.0,0,323.46,2120.46,2,Mumbai,Singapore
102849,13868,2023-04-10,08:35:00,delivered,Credit Card,2998.0,0,539.64,3537.64,1,Mumbai,Singapore
102850,13872,2024-07-23,15:15:00,cancelled,UPI,799.0,149,143.82,1091.82,1,Mumbai,India
102851,13872,2024-06-29,14:03:00,processing,Credit Card,1793.16,0,322.77,2115.93,2,Mumbai,India
102852,13872,2024-07-01,17:32:00,delivered,UPI,799.0,99,143.82,1041.82,1,Mumbai,India
102853,13872,2024-06-15,00:00:00,delivered,Debit Card,19447.4,0,3500.53,22947.93,3,Mumbai,India
102854,13872,2024-08-26,13:20:00,returned,Debit Card,26495.0,0,4769.1,31264.1,4,Mumbai,India
102855,13872,2024-07-03,01:04:00,processing,Net Banking,1298.0,0,233.64,1531.64,2,Mumbai,India
102856,13872,2024-06-15,20:46:00,cancelled,Credit Card,599.0,99,107.82,805.82,1,Mumbai,India
102857,13872,2024-06-30,13:50:00,returned,Debit Card,3999.0,0,719.82,4718.82,1,Mumbai,India
102858,13872,2024-07-03,22:06:00,shipped,Wallet,998.0,49,179.64,1226.64,2,Mumbai,India
102859,13872,2024-06-12,10:16:00,delivered,Credit Card,545.39,149,98.17,792.56,1,Mumbai,India
102860,13872,2024-08-07,05:07:00,processing,Net Banking,12999.0,0,2339.82,15338.82,1,Mumbai,India
102861,13872,2024-08-11,05:41:00,delivered,Debit Card,23996.0,0,4319.28,28315.28,3,Mumbai,India
102862,13872,2025-06-15,17:52:00,returned,Debit Card,3098.0,0,557.64,3655.64,2,Mumbai,India
102863,13872,2024-06-15,07:43:00,processing,UPI,1798.0,0,323.64,2121.64,1,Mumbai,India
102864,13872,2024-08-27,17:33:00,delivered,Net Banking,1461.7,0,263.11,1724.81,2,Mumbai,India
102865,13872,2024-07-02,06:49:00,delivered,UPI,12996.0,0,2339.28,15335.28,2,Mumbai,India
102866,13873,2023-10-27,06:22:00,delivered,Debit Card,7396.0,0,1331.28,8727.28,3,Mumbai,Australia
102867,13874,2023-02-03,11:24:00,delivered,Credit Card,1499.0,0,269.82,1768.82,1,Mumbai,India
102868,13887,2024-09-15,21:35:00,delivered,Wallet,899.0,149,161.82,1209.82,1,Mumbai,India
102869,13887,2024-05-22,02:53:00,delivered,Net Banking,2499.0,0,449.82,2948.82,1,Mumbai,India
102870,13897,2024-04-10,04:17:00,delivered,Credit Card,599.0,99,107.82,805.82,1,Mumbai,Germany
102871,13904,2023-06-18,05:09:00,shipped,Credit Card,2499.0,0,449.82,2948.82,1,Mumbai,India
102872,13904,2023-06-22,18:59:00,delivered,Debit Card,1852.12,0,333.38,2185.5,1,Mumbai,India
102873,13904,2023-10-20,03:27:00,delivered,Credit Card,8317.26,0,1497.11,9814.37,3,Mumbai,India
102874,13905,2024-05-28,05:39:00,returned,Debit Card,4998.0,0,899.64,5897.64,2,Mumbai,UK
102875,13906,2022-11-22,12:29:00,delivered,Credit Card,5895.0,0,1061.1,6956.1,2,Mumbai,India
102876,13919,2024-05-10,04:16:00,delivered,Credit Card,31497.0,0,5669.46,37166.46,3,Mumbai,India
102877,13919,2024-05-24,08:23:00,delivered,Debit Card,20094.0,0,3616.92,23710.92,4,Mumbai,India
102878,13919,2024-04-30,01:28:00,delivered,Debit Card,16177.96,0,2912.03,19089.99,2,Mumbai,India
102879,13919,2024-08-09,17:50:00,delivered,Debit Card,1499.0,0,269.82,1768.82,1,Mumbai,India
102880,13919,2024-04-02,02:47:00,delivered,Credit Card,6231.81,0,1121.73,7353.54,2,Mumbai,India
102881,13919,2024-03-28,05:02:00,delivered,Debit Card,4564.98,0,821.7,5386.68,1,Mumbai,India
102882,13919,2024-07-18,20:49:00,delivered,Debit Card,899.0,149,161.82,1209.82,1,Mumbai,India
102883,13919,2024-08-02,13:27:00,delivered,Credit Card,599.0,49,107.82,755.82,1,Mumbai,India
102884,13919,2024-06-05,00:06:00,pending,Debit Card,25188.39,0,4533.91,29722.3,3,Mumbai,India
102885,13924,2024-03-04,21:44:00,shipped,Credit Card,17295.0,0,3113.1,20408.1,3,Mumbai,India
102886,13932,2024-09-04,23:42:00,delivered,Credit Card,1998.0,0,359.64,2357.64,2,Mumbai,Australia
102887,,2024-10-01,06:58:00,delivered,UPI,1828.68,0,329.16,2157.84,3,Mumbai,Australia
102888,13932,2024-09-14,00:31:00,delivered,Credit Card,798.0,49,143.64,990.64,2,Mumbai,Australia
102889,13944,2024-08-22,21:09:00,delivered,Net Banking,26066.58,0,4691.98,30758.56,2,Mumbai,UK
102890,13944,2024-07-28,15:01:00,delivered,UPI,2499.0,0,449.82,2948.82,1,Mumbai,UK
102891,13944,2024-07-15,10:07:00,delivered,UPI,1499.0,0,269.82,1768.82,1,Mumbai,UK
102892,13944,2024-07-28,21:45:00,delivered,UPI,60993.0,0,10978.74,71971.74,3,Mumbai,UK
102893,13944,2024-08-15,19:28:00,delivered,Debit Card,1898.0,0,341.64,2239.64,2,Mumbai,UK
102894,13944,2024-08-13,16:02:00,delivered,Wallet,6311.6,0,1136.09,7447.69,4,Mumbai,UK
102895,13944,2024-07-22,02:37:00,shipped,UPI,31676.47,0,5701.76,37378.23,4,Mumbai,UK
102896,13944,2024-08-02,03:10:00,delivered,Wallet,8096.0,0,1457.28,9553.28,3,Mumbai,UK
102897,13944,2024-07-20,23:37:00,delivered,Net Banking,1999.0,0,359.82,2358.82,1,Mumbai,UK
102898,13944,2024-08-22,03:18:00,delivered,Debit Card,6997.0,0,1259.46,8256.46,2,Mumbai,UK
102899,13944,2024-07-23,14:17:00,processing,Net Banking,2549.88,0,458.98,3008.86,2,Mumbai,UK
102900,13944,2024-08-30,10:30:00,delivered,UPI,21993.0,0,3958.74,25951.74,4,Mumbai,UK
102901,13944,2024-07-29,19:08:00,delivered,Credit Card,11896.0,0,2141.28,14037.28,3,Mumbai,UK
102902,13944,2024-07-23,17:57:00,delivered,Credit Card,10094.0,0,1816.92,11910.92,3,Mumbai,UK
102903,13944,2024-07-20,12:18:00,delivered,Credit Card,9308.99,0,1675.62,10984.61,5,Mumbai,UK
102905,13957,2023-05-10,20:55:00,delivered,Credit Card,7994.0,0,1438.92,9432.92,4,Mumbai,India
102906,13958,2023-05-06,06:00:00,delivered,UPI,1598.0,0,287.64,1885.64,1,Mumbai,India
102907,13958,2023-12-31,18:15:00,delivered,Net Banking,3358.68,0,604.56,3963.24,2,Mumbai,India
102908,13958,2023-07-26,01:27:00,delivered,Debit Card,12491.32,0,2248.44,14739.76,3,Mumbai,India
102909,13959,2024-06-07,09:37:00,cancelled,COD,2341.11,0,421.4,2762.51,2,Mumbai,Canada
102910,13965,2022-11-24,22:40:00,delivered,Wallet,10197.0,0,1835.46,12032.46,2,Mumbai,Canada
102911,13965,2022-10-22,01:55:00,delivered,Debit Card,5193.0,0,934.74,6127.74,1,Mumbai,Canada
102912,13965,2023-08-03,15:07:00,shipped,Debit Card,13811.93,0,2486.15,16298.08,2,Mumbai,Canada
102913,13965,2022-06-24,20:22:00,delivered,UPI,9496.0,0,1709.28,11205.28,3,Mumbai,Canada
102914,13965,2022-08-31,22:34:00,delivered,Credit Card,26197.0,0,4715.46,30912.46,2,Mumbai,Canada
102915,13965,2022-11-26,21:10:00,delivered,Credit Card,10783.24,0,1940.98,12724.22,1,Mumbai,Canada
102916,13966,2024-06-22,05:05:00,delivered,UPI,3297.0,0,593.46,3890.46,2,Mumbai,Canada
102917,13973,2023-06-24,14:17:00,delivered,Credit Card,1409.85,0,253.77,1663.62,1,Mumbai,Singapore
102918,13973,2023-10-14,06:37:00,processing,Wallet,10776.49,0,1939.77,12716.26,3,Mumbai,Singapore
102919,13973,2023-09-27,10:31:00,processing,Credit Card,999.0,0,179.82,1178.82,1,Mumbai,Singapore
102920,13973,2023-08-30,11:08:00,delivered,Debit Card,1999.0,0,359.82,2358.82,1,Mumbai,Singapore
102921,13973,2023-06-05,13:42:00,delivered,Debit Card,3596.0,0,647.28,4243.28,3,Mumbai,Singapore
102922,13973,2023-09-16,14:09:00,delivered,Credit Card,15999.0,0,2879.82,18878.82,1,Mumbai,Singapore
102923,13979,2023-05-02,07:16:00,delivered,UPI,899.0,99,161.82,1159.82,1,Mumbai,India
102924,13980,2024-01-21,00:25:00,delivered,UPI,699.0,49,125.82,873.82,1,Mumbai,India
102925,13980,2023-12-21,23:48:00,returned,UPI,1698.0,0,305.64,2003.64,2,Mumbai,India
102927,13987,2024-01-10,04:09:00,delivered,Net Banking,999.0,0,179.82,1178.82,1,Mumbai,India
102928,14009,2024-09-15,00:40:00,delivered,Credit Card,14105.27,0,2538.95,16644.22,2,Mumbai,Australia
102929,14009,2024-09-13,02:10:00,delivered,Credit Card,18297.0,0,3293.46,21590.46,3,Mumbai,Australia
102930,14013,2024-06-15,08:37:00,delivered,Debit Card,1999.0,0,359.82,2358.82,1,Mumbai,India
102931,14019,2023-07-09,19:47:00,shipped,UPI,4560.98,0,820.98,5381.96,1,Mumbai,India
102932,14024,2023-12-10,11:55:00,pending,Debit Card,2499.0,0,449.82,2948.82,1,Mumbai,India
102933,14024,2023-10-27,08:24:00,processing,Credit Card,8723.83,0,1570.29,10294.12,5,Mumbai,India
102934,14024,2024-01-23,05:24:00,shipped,Credit Card,14330.63,0,2579.51,16910.14,3,Mumbai,India
102935,14024,2024-02-27,19:17:00,delivered,Wallet,899.0,149,161.82,1209.82,1,Mumbai,India
102936,14024,2024-03-21,14:42:00,delivered,Net Banking,1499.0,0,269.82,1768.82,1,Mumbai,India
102937,14024,2024-03-18,17:09:00,processing,UPI,3999.0,0,719.82,4718.82,1,Mumbai,India
102938,14024,2024-03-11,09:23:00,delivered,Debit Card,18694.0,0,3364.92,22058.92,3,Mumbai,India
102940,14024,2024-04-11,05:36:00,shipped,Credit Card,11998.0,0,2159.64,14157.64,1,Mumbai,India
102941,14024,2023-12-29,17:25:00,delivered,UPI,3109.19,0,559.65,3668.84,2,Mumbai,India
102942,14024,2023-11-24,00:51:00,delivered,Net Banking,1898.0,0,341.64,2239.64,2,Mumbai,India
102944,14024,2024-06-10,10:20:00,delivered,UPI,21205.71,0,3817.03,25022.74,2,Mumbai,India
102945,14024,2024-02-08,17:58:00,delivered,Debit Card,5498.0,0,989.64,6487.64,2,Mumbai,India
102946,14024,2024-01-05,01:45:00,delivered,UPI,7997.0,0,1439.46,9436.46,2,Mumbai,India
102947,14024,2023-12-08,12:36:00,processing,Wallet,7594.0,0,1366.92,8960.92,3,Mumbai,India
102948,14024,2024-01-11,15:47:00,processing,Net Banking,799.0,149,143.82,1091.82,1,Mumbai,India
102949,14024,2023-11-13,03:26:00,delivered,Wallet,3681.94,0,662.75,4344.69,2,Mumbai,India
102951,14024,2024-02-08,12:56:00,delivered,Credit Card,12096.0,0,2177.28,14273.28,3,Mumbai,India
102952,14024,2024-04-09,04:35:00,pending,COD,899.0,49,161.82,1109.82,1,Mumbai,India
102953,14024,2023-12-29,21:22:00,delivered,Credit Card,14224.72,0,2560.45,16785.17,1,Mumbai,India
102954,14024,2024-03-16,21:00:00,delivered,UPI,2239.68,0,403.14,2642.82,1,Mumbai,India
102956,14024,2024-01-28,04:10:00,delivered,UPI,7590.39,0,1366.27,8956.66,3,Mumbai,India
102957,14024,2023-10-24,20:32:00,delivered,Debit Card,2998.0,0,539.64,3537.64,2,Mumbai,India
102958,14024,2024-04-09,01:21:00,cancelled,Debit Card,53997.0,0,9719.46,63716.46,2,Mumbai,India
102959,14024,2023-10-30,13:39:00,delivered,Debit Card,3812.83,0,686.31,4499.14,2,Mumbai,India
102960,14024,2024-01-05,09:40:00,delivered,Wallet,299.0,149,53.82,501.82,1,Mumbai,India
102962,14024,2024-02-17,12:15:00,delivered,Credit Card,2702.03,0,486.37,3188.4,1,Mumbai,India
102963,14024,2024-03-12,22:56:00,delivered,UPI,4498.0,0,809.64,5307.64,2,Mumbai,India
102964,14024,2024-03-20,17:51:00,delivered,Wallet,7498.0,0,1349.64,8847.64,2,Mumbai,India
102965,14024,2023-12-21,16:25:00,delivered,UPI,4499.0,0,809.82,5308.82,1,Mumbai,India
102966,14024,2024-02-21,00:36:00,shipped,Credit Card,6024.44,0,1084.4,7108.84,2,Mumbai,India
102968,14024,2024-04-29,21:28:00,shipped,Debit Card,4999.0,0,899.82,5898.82,1,Mumbai,India
102969,14024,2024-07-17,17:35:00,delivered,COD,5999.0,0,1079.82,7078.82,1,Mumbai,India
102971,14024,2023-11-24,20:26:00,delivered,Net Banking,3061.26,0,551.03,3612.29,2,Mumbai,India
102972,14024,2023-12-18,13:06:00,delivered,Credit Card,259.62,49,46.73,355.35,1,Mumbai,India
102973,14024,2024-01-29,15:11:00,processing,Credit Card,621.39,49,111.85,782.24,1,Mumbai,India
102974,14024,2023-11-28,05:22:00,delivered,Credit Card,16898.0,0,3041.64,19939.64,2,Mumbai,India
102975,14024,2024-04-11,17:09:00,delivered,Credit Card,999.0,0,179.82,1178.82,1,Mumbai,India
102977,14026,2024-02-26,22:41:00,delivered,Debit Card,3197.0,0,575.46,3772.46,3,Mumbai,UK
102978,14028,2024-04-18,13:18:00,delivered,Net Banking,1309.82,0,235.77,1545.59,1,Mumbai,India
102979,14028,2023-10-31,07:55:00,delivered,UPI,1998.0,0,359.64,2357.64,1,Mumbai,India
102981,14031,2024-04-10,07:23:00,delivered,Debit Card,698.0,49,125.64,872.64,2,Mumbai,India
102982,14033,2022-06-10,04:55:00,delivered,UPI,8295.0,0,1493.1,9788.1,4,Mumbai,India
102983,14033,2023-10-20,17:15:00,delivered,Net Banking,1598.0,0,287.64,1885.64,2,Mumbai,India
102984,14033,2022-04-10,08:12:00,delivered,Debit Card,8498.0,0,1529.64,10027.64,2,Mumbai,India
102985,14036,2023-09-07,19:29:00,delivered,Net Banking,14705.71,0,2647.03,17352.74,2,Mumbai,UK
102986,14048,2023-10-13,13:48:00,returned,Wallet,538.77,49,96.98,684.75,1,Mumbai,Canada
102987,14048,2023-04-24,22:30:00,cancelled,UPI,6200.46,0,1116.08,7316.54,3,Mumbai,Canada
102988,14048,2022-09-26,06:58:00,delivered,Wallet,10395.0,0,1871.1,12266.1,4,Mumbai,Canada
102989,14068,2023-04-12,19:23:00,delivered,Debit Card,15998.0,0,2879.64,18877.64,1,Mumbai,Australia
102991,14095,2023-06-21,17:47:00,delivered,Debit Card,5738.31,0,1032.9,6771.21,2,Mumbai,India
102992,14097,2022-12-31,19:40:00,cancelled,Credit Card,2998.0,0,539.64,3537.64,1,Mumbai,Singapore
102993,14097,2023-04-19,00:29:00,delivered,UPI,24996.0,0,4499.28,29495.28,2,Mumbai,Singapore
102994,14097,2024-04-21,11:38:00,delivered,Debit Card,5513.82,0,992.49,6506.31,2,Mumbai,Singapore
102995,14097,2023-10-11,22:30:00,delivered,Debit Card,3036.82,0,546.63,3583.45,1,Mumbai,Singapore
102996,14097,2023-08-04,07:44:00,cancelled,Credit Card,49998.0,0,8999.64,58997.64,1,Mumbai,Singapore
102997,14097,2023-03-29,04:14:00,delivered,Debit Card,376.88,149,67.84,593.72,1,Mumbai,Singapore
102998,14102,2023-12-04,14:34:00,cancelled,COD,1798.0,0,323.64,2121.64,2,Mumbai,USA
102999,14105,2024-02-23,05:21:00,delivered,UPI,28997.0,0,5219.46,34216.46,3,Mumbai,India
103000,14115,2023-08-29,02:29:00,delivered,Debit Card,7096.0,0,1277.28,8373.28,3,Mumbai,USA
103001,14127,2024-08-23,18:18:00,shipped,UPI,24999.0,0,4499.82,29498.82,1,Mumbai,India
103002,14127,2024-08-15,22:37:00,delivered,Debit Card,17195.0,0,3095.1,20290.1,4,Mumbai,India
103003,14127,2024-08-05,09:40:00,shipped,Debit Card,731.33,149,131.64,1011.97,1,Mumbai,India
103004,14127,2024-08-05,04:56:00,delivered,Net Banking,8898.0,0,1601.64,10499.64,2,Mumbai,India
103005,14133,2024-07-16,07:33:00,processing,Credit Card,18498.0,0,3329.64,21827.64,2,Mumbai,India
103006,14141,2023-06-26,01:38:00,shipped,Debit Card,5412.99,0,974.34,6387.33,4,Mumbai,UK
103007,14144,2022-11-28,21:54:00,delivered,Net Banking,6796.0,0,1223.28,8019.28,2,Mumbai,India
103008,14144,2023-01-02,04:12:00,delivered,Credit Card,1732.15,0,311.79,2043.94,1,Mumbai,India
103009,14144,2023-02-22,10:20:00,delivered,Credit Card,17795.0,0,3203.1,20998.1,3,Mumbai,India
103010,14144,2023-05-12,17:37:00,delivered,UPI,19895.0,0,3581.1,23476.1,4,Mumbai,India
103011,14144,2023-02-04,07:24:00,delivered,UPI,599.0,49,107.82,755.82,1,Mumbai,India
103012,14144,2022-12-04,07:02:00,shipped,Net Banking,1198.0,0,215.64,1413.64,1,Mumbai,India
103013,14144,2022-12-22,01:05:00,delivered,Credit Card,599.0,49,107.82,755.82,1,Mumbai,India
103014,14144,2023-08-19,21:59:00,delivered,Debit Card,13797.0,0,2483.46,16280.46,3,Mumbai,India
103015,14144,2023-03-08,05:40:00,shipped,Credit Card,7433.66,0,1338.06,8771.72,2,Mumbai,India
103016,14146,2023-08-21,20:00:00,shipped,Net Banking,4897.0,0,881.46,5778.46,2,Mumbai,UK
103017,14158,2023-07-23,19:16:00,processing,UPI,9896.0,0,1781.28,11677.28,3,Mumbai,USA
103018,14158,2023-06-02,03:21:00,delivered,Credit Card,6477.13,0,1165.88,7643.01,3,Mumbai,USA
103019,14158,2023-08-23,12:03:00,delivered,Net Banking,1598.0,0,287.64,1885.64,2,Mumbai,USA
103020,14158,2023-05-13,00:35:00,pending,UPI,3195.23,0,575.14,3770.37,1,Mumbai,USA
103021,14158,2023-07-21,05:55:00,delivered,Credit Card,2998.0,0,539.64,3537.64,1,Mumbai,USA
103022,14158,2023-04-21,00:16:00,shipped,Credit Card,7999.0,0,1439.82,9438.82,1,Mumbai,USA
103023,14158,2023-11-07,12:11:00,shipped,Credit Card,3499.0,0,629.82,4128.82,1,Mumbai,USA
103024,14158,2023-10-28,12:44:00,pending,Debit Card,5999.0,0,1079.82,7078.82,1,Mumbai,USA
103025,14158,2023-06-09,02:03:00,delivered,Debit Card,1696.58,0,305.38,2001.96,2,Mumbai,USA
103027,14158,2024-03-19,22:55:00,shipped,Credit Card,8697.0,0,1565.46,10262.46,2,Mumbai,USA
103028,14158,2023-10-14,02:30:00,delivered,Wallet,899.0,49,161.82,1109.82,1,Mumbai,USA
103029,14158,2023-08-23,10:15:00,delivered,Wallet,4499.0,0,809.82,5308.82,1,Mumbai,USA
103030,14158,2023-03-07,10:02:00,shipped,UPI,2398.0,0,431.64,2829.64,2,Mumbai,USA
103032,14158,2025-06-15,08:22:00,delivered,UPI,1871.9,0,336.94,2208.84,1,Mumbai,USA
103033,14159,2023-05-26,17:16:00,delivered,Net Banking,999.0,0,179.82,1178.82,1,Mumbai,India
103034,14159,2023-10-07,21:48:00,delivered,Credit Card,25595.0,0,4607.1,30202.1,4,Mumbai,India
103035,14159,2023-03-16,10:55:00,delivered,Credit Card,4498.0,0,809.64,5307.64,2,Mumbai,India
103036,14159,2023-03-28,06:50:00,processing,COD,2998.0,0,539.64,3537.64,1,Mumbai,India
103037,14159,2023-06-07,17:09:00,delivered,Net Banking,1898.0,0,341.64,2239.64,2,Mumbai,India
103039,14160,2024-09-21,21:34:00,processing,Wallet,17596.0,0,3167.28,20763.28,2,Mumbai,India
103040,14160,2024-09-27,22:31:00,delivered,Net Banking,15196.47,0,2735.36,17931.83,4,Mumbai,India
103041,14161,2022-08-07,05:32:00,shipped,UPI,3918.77,0,705.38,4624.15,1,Mumbai,India
103042,14161,2022-06-30,03:11:00,delivered,Wallet,13170.9,0,2370.76,15541.66,2,Mumbai,India
103043,14161,2023-05-15,14:15:00,delivered,UPI,2198.67,0,395.76,2594.43,1,Mumbai,India
103045,14171,2024-04-27,11:12:00,processing,Credit Card,12999.0,0,2339.82,15338.82,1,Mumbai,USA
103046,14171,2024-03-10,00:08:00,delivered,UPI,10146.16,0,1826.31,11972.47,5,Mumbai,USA
103047,14171,2024-04-10,20:27:00,delivered,UPI,5644.79,0,1016.06,6660.85,2,Mumbai,USA
103048,14184,2022-09-14,05:44:00,delivered,Credit Card,34295.0,0,6173.1,40468.1,4,Mumbai,India
103049,14185,2024-07-18,07:57:00,delivered,UPI,899.0,149,161.82,1209.82,1,Mumbai,UK
103050,14194,2023-12-22,05:53:00,delivered,Debit Card,30993.0,0,5578.74,36571.74,4,Mumbai,Germany
103051,14196,2023-07-26,19:21:00,delivered,UPI,2797.0,0,503.46,3300.46,2,Mumbai,India
103052,14196,2023-10-01,14:22:00,delivered,Wallet,6498.0,0,1169.64,7667.64,2,Mumbai,India
103053,14196,2023-06-03,08:40:00,delivered,Credit Card,3830.25,0,689.44,4519.69,1,Mumbai,India
103054,14196,2023-02-18,18:35:00,delivered,Debit Card,20497.0,0,3689.46,24186.46,2,Mumbai,India
103055,14196,2023-02-15,15:53:00,processing,Credit Card,7497.0,0,1349.46,8846.46,2,Mumbai,India
103056,14196,2024-03-05,19:18:00,delivered,COD,7431.12,0,1337.6,8768.72,2,Mumbai,India
103057,14206,2023-01-09,01:47:00,delivered,Credit Card,2537.96,0,456.83,2994.79,2,Mumbai,India
103058,14213,2023-10-03,07:54:00,delivered,Credit Card,27694.84,0,4985.07,32679.91,1,Mumbai,India
103060,14213,2023-09-05,21:02:00,delivered,Credit Card,799.0,99,143.82,1041.82,1,Mumbai,India
103061,14219,2024-05-22,09:21:00,shipped,Debit Card,799.0,49,143.82,991.82,1,Mumbai,India
103062,14224,2023-11-30,19:28:00,delivered,Debit Card,5498.0,0,989.64,6487.64,2,Mumbai,USA
103063,14227,2024-03-11,20:49:00,shipped,Credit Card,12424.7,0,2236.45,14661.15,3,Mumbai,India
103064,14227,2024-05-13,06:27:00,processing,Credit Card,5822.98,0,1048.14,6871.12,4,Mumbai,India
103065,14227,2024-05-12,03:06:00,returned,Credit Card,8772.53,0,1579.06,10351.59,4,Mumbai,India
103066,14230,2024-03-12,07:48:00,delivered,Credit Card,2998.0,0,539.64,3537.64,2,Mumbai,Australia
103067,14230,2024-01-19,12:57:00,delivered,UPI,14298.0,0,2573.64,16871.64,2,Mumbai,Australia
103068,14230,2024-02-09,06:49:00,delivered,Credit Card,2257.46,0,406.34,2663.8,2,Mumbai,Australia
103069,14230,2024-03-02,04:13:00,delivered,UPI,1499.0,0,269.82,1768.82,1,Mumbai,Australia
103070,14230,2024-01-27,03:10:00,delivered,Credit Card,3096.0,0,557.28,3653.28,3,Mumbai,Australia
103071,14230,2023-10-30,12:22:00,shipped,Credit Card,7729.17,0,1391.25,9120.42,3,Mumbai,Australia
103072,14230,2023-12-23,11:46:00,processing,Debit Card,3998.0,0,719.64,4717.64,2,Mumbai,Australia
103073,14230,2024-04-17,15:58:00,delivered,Wallet,4398.0,0,791.64,5189.64,2,Mumbai,Australia
103074,14230,2023-11-19,20:16:00,shipped,Credit Card,6596.0,0,1187.28,7783.28,2,Mumbai,Australia
103075,14232,2022-12-03,00:34:00,processing,Debit Card,8574.38,0,1543.39,10117.77,2,Mumbai,USA
103076,14240,2023-08-06,10:17:00,delivered,Credit Card,30270.26,0,5448.65,35718.91,3,Mumbai,USA
103078,14252,2024-05-19,15:30:00,delivered,Debit Card,1731.91,0,311.74,2043.65,1,Mumbai,Singapore
103079,14252,2024-05-15,15:17:00,processing,Wallet,691.06,99,124.39,914.45,1,Mumbai,Singapore
103080,14252,2024-06-24,12:39:00,processing,Credit Card,8297.0,0,1493.46,9790.46,2,Mumbai,Singapore
103082,14258,2023-04-08,16:36:00,pending,Debit Card,4999.0,0,899.82,5898.82,1,Mumbai,UK
103083,14259,2023-03-17,17:32:00,delivered,Credit Card,25892.0,0,4660.56,30552.56,5,Mumbai,UK
103084,14259,2024-01-29,16:57:00,cancelled,Credit Card,51497.0,0,9269.46,60766.46,2,Mumbai,UK
103085,14259,2023-06-08,04:14:00,delivered,COD,1715.78,0,308.84,2024.62,1,Mumbai,UK
103086,14259,2023-02-27,17:29:00,delivered,Credit Card,3420.31,0,615.66,4035.97,1,Mumbai,UK
103087,14259,2023-10-18,15:38:00,delivered,Credit Card,299.0,99,53.82,451.82,1,Mumbai,UK
103088,14259,2023-03-13,05:17:00,delivered,Debit Card,3134.33,0,564.18,3698.51,2,Mumbai,UK
103089,14259,2023-03-03,12:37:00,delivered,Credit Card,8497.0,0,1529.46,10026.46,2,Mumbai,UK
103090,14259,2023-07-04,12:28:00,shipped,Debit Card,2998.0,0,539.64,3537.64,1,Mumbai,UK
103091,14259,2023-06-23,20:39:00,processing,COD,5595.0,0,1007.1,6602.1,4,Mumbai,UK
103092,14271,2024-02-03,16:56:00,returned,Wallet,199.0,99,35.82,333.82,1,Mumbai,USA
103093,14271,2023-05-11,13:00:00,shipped,Debit Card,1338.81,0,240.99,1579.8,1,Mumbai,USA
103094,14271,2023-08-04,06:04:00,delivered,Credit Card,832.8,49,149.9,1031.7,1,Mumbai,USA
103095,14271,2024-01-09,22:56:00,delivered,Wallet,1198.0,0,215.64,1413.64,1,Mumbai,USA
103096,14271,2023-05-23,14:28:00,delivered,Debit Card,2787.52,0,501.75,3289.27,1,Mumbai,USA
103097,14271,2023-05-14,22:52:00,delivered,Debit Card,19995.0,0,3599.1,23594.1,2,Mumbai,USA
103098,14273,2023-07-28,22:39:00,shipped,Credit Card,6693.0,0,1204.74,7897.74,3,Mumbai,USA
103099,14273,2023-08-07,20:34:00,delivered,Net Banking,4093.65,0,736.86,4830.51,2,Mumbai,USA
103101,14273,2024-03-27,09:48:00,delivered,UPI,9485.6,0,1707.41,11193.01,3,Mumbai,USA
103102,14273,2023-04-21,11:41:00,delivered,Wallet,999.0,0,179.82,1178.82,1,Mumbai,USA
103103,14273,2023-06-14,20:53:00,cancelled,Credit Card,7843.66,0,1411.86,9255.52,2,Mumbai,USA
103105,14273,2023-11-28,11:02:00,delivered,COD,4797.0,0,863.46,5660.46,3,Mumbai,USA
103106,14273,2023-05-16,19:22:00,delivered,Debit Card,4999.0,0,899.82,5898.82,1,Mumbai,USA
103107,14274,2023-09-19,21:02:00,cancelled,Debit Card,998.0,49,179.64,1226.64,1,Mumbai,USA
103108,14274,2024-01-30,14:21:00,processing,Credit Card,2336.86,0,420.63,2757.49,1,Mumbai,USA
103109,14274,2023-08-17,05:23:00,delivered,Credit Card,2598.0,0,467.64,3065.64,1,Mumbai,USA
103110,14274,2023-05-17,11:14:00,shipped,Net Banking,2610.89,0,469.96,3080.85,3,Mumbai,USA
103111,14277,2022-09-12,05:48:00,delivered,Net Banking,4999.0,0,899.82,5898.82,1,Mumbai,India
103112,14277,2023-01-18,14:11:00,delivered,Credit Card,799.0,149,143.82,1091.82,1,Mumbai,India
103113,14277,2022-12-10,02:08:00,processing,UPI,1654.58,0,297.82,1952.4,1,Mumbai,India
103114,14277,2022-08-16,01:43:00,delivered,Net Banking,8583.04,0,1544.95,10127.99,1,Mumbai,India
103115,14281,2023-06-22,13:35:00,delivered,Debit Card,4216.42,0,758.96,4975.38,1,Mumbai,India
103116,14281,2023-08-27,12:48:00,delivered,Wallet,7097.0,0,1277.46,8374.46,3,Mumbai,India
103117,14281,2023-09-23,06:34:00,delivered,Net Banking,7554.7,0,1359.85,8914.55,3,Mumbai,India
103118,14281,2023-01-26,16:52:00,delivered,UPI,2997.0,0,539.46,3536.46,1,Mumbai,India
103119,14281,2023-01-08,21:39:00,delivered,Debit Card,2097.0,0,377.46,2474.46,2,Mumbai,India
103120,14281,2023-06-10,00:24:00,shipped,Debit Card,899.0,49,161.82,1109.82,1,Mumbai,India
103123,14295,2024-01-04,11:41:00,delivered,UPI,854.36,49,153.78,1057.14,1,Mumbai,Canada
103124,14295,2024-07-21,16:58:00,delivered,Debit Card,24999.0,0,4499.82,29498.82,1,Mumbai,Canada
103125,14295,2023-10-05,04:43:00,delivered,Wallet,16024.3,0,2884.37,18908.67,2,Mumbai,Canada
103126,14295,2023-10-30,23:26:00,delivered,Credit Card,3999.0,0,719.82,4718.82,1,Mumbai,Canada
103127,14295,2023-12-12,23:09:00,delivered,Wallet,1499.0,0,269.82,1768.82,1,Mumbai,Canada
103128,14295,2024-05-13,07:14:00,delivered,Debit Card,6150.51,0,1107.09,7257.6,5,Mumbai,Canada
103129,14295,2024-02-13,04:14:00,delivered,Net Banking,10366.61,0,1865.99,12232.6,3,Mumbai,Canada
103130,14296,2024-02-20,02:53:00,delivered,UPI,4732.62,0,851.87,5584.49,4,Mumbai,UK
103131,14298,2024-03-22,17:48:00,delivered,Credit Card,4443.88,0,799.9,5243.78,2,Mumbai,India
103132,14304,2022-09-11,09:02:00,delivered,Debit Card,799.0,149,143.82,1091.82,1,Mumbai,India
103133,14306,2023-11-09,03:24:00,cancelled,Net Banking,18895.0,0,3401.1,22296.1,4,Mumbai,UK
103134,14306,2023-05-20,22:19:00,delivered,Credit Card,31944.52,0,5750.01,37694.53,3,Mumbai,UK
103135,14306,2022-09-09,12:17:00,delivered,COD,1999.0,0,359.82,2358.82,1,Mumbai,UK
103138,14306,2022-11-05,09:38:00,delivered,Debit Card,3498.0,0,629.64,4127.64,2,Mumbai,UK
103139,14306,2023-08-08,23:03:00,delivered,Credit Card,1998.0,0,359.64,2357.64,1,Mumbai,UK
103140,14306,2023-04-20,08:52:00,pending,Wallet,4997.0,0,899.46,5896.46,2,Mumbai,UK
103141,14306,2022-07-23,16:11:00,delivered,Credit Card,599.0,49,107.82,755.82,1,Mumbai,UK
103142,14306,2023-07-22,10:58:00,shipped,Credit Card,2584.37,0,465.19,3049.56,2,Mumbai,UK
103143,14306,2022-08-25,13:55:00,delivered,Net Banking,7051.53,0,1269.28,8320.81,1,Mumbai,UK
103144,14306,2023-07-15,06:17:00,delivered,Credit Card,4999.0,0,899.82,5898.82,1,Mumbai,UK
103145,14306,2023-06-08,09:27:00,delivered,COD,14055.76,0,2530.04,16585.8,1,Mumbai,UK
103146,14306,2023-05-18,20:04:00,processing,UPI,2846.72,0,512.41,3359.13,2,Mumbai,UK
103147,14306,2023-01-27,22:02:00,shipped,Debit Card,6797.0,0,1223.46,8020.46,2,Mumbai,UK
103148,14306,2023-02-24,11:59:00,delivered,Credit Card,24999.0,0,4499.82,29498.82,1,Mumbai,UK
103149,14306,2023-01-22,04:04:00,pending,Debit Card,1598.0,0,287.64,1885.64,2,Mumbai,UK
103150,14306,2022-10-27,06:35:00,delivered,Credit Card,1186.31,0,213.54,1399.85,1,Mumbai,UK
103151,14306,2023-02-18,16:05:00,delivered,UPI,7514.33,0,1352.58,8866.91,3,Mumbai,UK
103152,14306,2023-07-06,23:54:00,delivered,UPI,7251.54,0,1305.28,8556.82,2,Mumbai,UK
103153,14306,2022-09-09,17:08:00,delivered,Credit Card,2499.0,0,449.82,2948.82,1,Mumbai,UK
103154,14306,2023-02-13,22:45:00,processing,Debit Card,6997.0,0,1259.46,8256.46,2,Mumbai,UK
103155,14306,2023-02-13,05:26:00,delivered,Credit Card,2996.0,0,539.28,3535.28,2,Mumbai,UK
103156,14306,2023-07-16,09:21:00,delivered,Debit Card,1896.0,0,341.28,2237.28,3,Mumbai,UK
103157,14306,2022-11-23,22:25:00,delivered,Credit Card,4789.97,0,862.19,5652.16,2,Mumbai,UK
103158,14306,2022-08-14,16:13:00,delivered,Net Banking,899.0,99,161.82,1159.82,1,Mumbai,UK
103159,14306,2023-12-03,03:38:00,shipped,UPI,1598.0,0,287.64,1885.64,1,Mumbai,UK
103161,14306,2023-10-10,16:59:00,delivered,UPI,34495.0,0,6209.1,40704.1,3,Mumbai,UK
103163,14306,2022-12-20,21:34:00,delivered,UPI,7497.0,0,1349.46,8846.46,1,Mumbai,UK
103165,14306,2022-10-16,10:02:00,returned,UPI,2742.11,0,493.58,3235.69,1,Mumbai,UK
103166,14306,2023-11-13,06:34:00,delivered,UPI,3298.0,0,593.64,-3891.64,2,Mumbai,UK
103167,14306,2023-05-31,00:48:00,shipped,Credit Card,1942.12,0,349.58,2291.7,3,Mumbai,UK
103168,14306,2025-06-15,05:33:00,shipped,Debit Card,2499.0,0,449.82,2948.82,1,Mumbai,UK
103169,14306,2022-08-27,21:37:00,delivered,Credit Card,3297.0,0,593.46,3890.46,2,Mumbai,UK
103170,14306,2023-10-20,01:00:00,delivered,Credit Card,1798.0,0,323.64,2121.64,2,Mumbai,UK
103171,14306,2023-07-31,17:23:00,delivered,Debit Card,2298.0,0,413.64,2711.64,2,Mumbai,UK
103172,14308,2024-01-10,04:30:00,delivered,Net Banking,2198.0,0,395.64,2593.64,2,Mumbai,India
103173,14308,2023-08-18,16:02:00,delivered,Debit Card,2499.0,0,449.82,2948.82,1,Mumbai,India
103174,14308,2023-04-05,07:21:00,processing,Credit Card,6997.0,0,1259.46,8256.46,3,Mumbai,India
103176,14308,2023-10-30,20:55:00,delivered,COD,899.0,49,161.82,1109.82,1,Mumbai,India
103177,14308,2023-05-09,16:45:00,delivered,Wallet,1444.0,0,259.92,1703.92,2,Mumbai,India
103178,14308,2023-04-26,03:57:00,delivered,UPI,18498.0,0,3329.64,21827.64,2,Mumbai,India
103179,14308,2024-04-30,19:48:00,processing,UPI,12999.0,0,2339.82,15338.82,1,Mumbai,India
103180,14308,2023-08-20,02:43:00,delivered,Wallet,4498.0,0,809.64,5307.64,2,Mumbai,India
103181,14308,2023-06-06,18:29:00,delivered,Debit Card,699.0,49,125.82,873.82,1,Mumbai,India
103182,14308,2023-06-23,08:32:00,returned,Credit Card,7544.08,0,1357.93,8902.01,3,Mumbai,India
103183,14308,2023-05-22,06:47:00,delivered,Debit Card,899.0,99,161.82,1159.82,1,Mumbai,India
103184,14308,2023-05-15,04:42:00,delivered,Debit Card,27931.74,0,5027.71,32959.45,3,Mumbai,India
103185,14308,2023-08-05,22:42:00,delivered,Credit Card,7096.0,0,1277.28,8373.28,3,Mumbai,India
103187,14308,2024-04-19,18:35:00,delivered,Credit Card,199.0,149,35.82,383.82,1,Mumbai,India
103188,14308,2023-04-05,15:23:00,delivered,Credit Card,6641.55,0,1195.48,7837.03,2,Mumbai,India
103189,14308,2023-05-12,19:41:00,shipped,Credit Card,52497.0,0,9449.46,61946.46,2,Mumbai,India
103190,14308,2023-09-22,15:54:00,delivered,COD,255.27,149,45.95,450.22,1,Mumbai,India
103191,14308,2023-07-13,04:54:00,pending,Debit Card,4499.0,0,809.82,5308.82,1,Mumbai,India
103192,14308,2023-07-17,20:48:00,processing,Credit Card,4499.0,0,809.82,5308.82,1,Mumbai,India
103193,14308,2023-09-04,13:29:00,shipped,Debit Card,17997.0,0,3239.46,21236.46,1,Mumbai,India
103194,14308,2024-01-05,22:29:00,delivered,Credit Card,1039.82,0,187.17,1226.99,1,Mumbai,India
103195,14308,2023-08-07,10:48:00,shipped,UPI,999.0,0,179.82,1178.82,1,Mumbai,India
103197,14308,2024-03-25,01:18:00,delivered,UPI,2211.73,0,398.11,2609.84,1,Mumbai,India
103198,14308,2023-09-26,20:51:00,delivered,Credit Card,20274.77,0,3649.46,23924.23,4,Mumbai,India
103199,14308,2023-05-20,11:51:00,delivered,Net Banking,35595.0,0,6407.1,42002.1,3,Mumbai,India
103200,14308,2023-07-24,01:13:00,delivered,Net Banking,654.2,99,117.76,870.96,1,Mumbai,India
103201,14308,2023-06-30,03:20:00,delivered,Credit Card,5331.53,0,959.68,6291.21,3,Mumbai,India
103202,14308,2023-06-19,00:10:00,cancelled,Debit Card,638.91,49,115.0,802.91,1,Mumbai,India
103203,14308,2023-06-01,14:43:00,delivered,Wallet,899.0,49,161.82,1109.82,1,Mumbai,India
103204,14308,2023-09-30,06:27:00,delivered,Credit Card,899.0,149,161.82,1209.82,1,Mumbai,India
103205,14309,2023-08-03,17:19:00,cancelled,Credit Card,40998.0,0,7379.64,48377.64,2,Mumbai,Canada
103206,14309,2023-05-07,12:04:00,shipped,Credit Card,2097.0,0,377.46,2474.46,2,Mumbai,Canada
103207,14309,2023-07-14,02:27:00,processing,Credit Card,33503.94,0,6030.71,39534.65,2,Mumbai,Canada
103208,14309,2025-06-15,20:10:00,processing,Debit Card,63495.0,0,11429.1,74924.1,4,Mumbai,Canada
103209,14309,2023-05-23,23:31:00,processing,Net Banking,1297.0,0,233.46,1530.46,2,Mumbai,Canada
103210,14309,2023-10-10,18:55:00,delivered,Credit Card,5779.3,0,1040.27,6819.57,2,Mumbai,Canada
103211,14309,2023-04-04,10:56:00,shipped,Credit Card,34893.0,0,6280.74,41173.74,4,Mumbai,Canada
103212,14309,2023-07-29,16:14:00,shipped,Net Banking,2456.2,0,442.12,2898.32,2,Mumbai,Canada
103213,14309,2023-06-23,10:16:00,shipped,Debit Card,599.0,49,107.82,755.82,1,Mumbai,Canada
103214,14309,2023-05-11,19:30:00,delivered,Credit Card,4497.0,0,809.46,5306.46,1,Mumbai,Canada
103215,14309,2023-02-05,11:09:00,delivered,Credit Card,1630.89,0,293.56,1924.45,1,Mumbai,Canada
103216,14309,2023-02-03,13:19:00,delivered,COD,4999.0,0,899.82,5898.82,1,Mumbai,Canada
103217,14309,2023-04-10,15:26:00,delivered,Debit Card,1703.41,0,306.61,2010.02,2,Mumbai,Canada
103218,14309,2023-04-15,20:40:00,delivered,Debit Card,8998.0,0,1619.64,10617.64,1,Mumbai,Canada
103219,14309,2023-08-07,06:10:00,returned,Debit Card,2139.77,0,385.16,2524.93,2,Mumbai,Canada
103220,14309,2023-04-26,17:40:00,delivered,Wallet,2998.0,0,539.64,3537.64,1,Mumbai,Canada
103221,14309,2023-12-16,03:13:00,processing,Credit Card,3499.0,0,629.82,4128.82,1,Mumbai,Canada
103222,14309,2023-11-12,12:20:00,delivered,UPI,599.0,99,107.82,805.82,1,Mumbai,Canada
103223,14309,2023-03-25,11:46:00,delivered,Debit Card,2298.0,0,413.64,2711.64,2,Mumbai,Canada
103224,14309,2023-02-12,03:46:00,delivered,Credit Card,16306.29,0,2935.13,19241.42,5,Mumbai,Canada
103226,14309,2023-03-18,04:47:00,delivered,Credit Card,599.0,49,107.82,755.82,1,Mumbai,Canada
103227,14309,2023-05-30,14:13:00,delivered,Credit Card,4998.0,0,899.64,5897.64,1,Mumbai,Canada
103228,14309,2023-12-13,17:04:00,processing,UPI,5998.0,0,1079.64,7077.64,1,Mumbai,Canada
103229,14309,2024-02-19,07:37:00,processing,Credit Card,7467.62,0,1344.17,8811.79,2,Mumbai,Canada
103230,14309,2023-06-12,01:51:00,delivered,UPI,12195.0,0,2195.1,14390.1,3,Mumbai,Canada
103231,14309,2023-04-26,16:22:00,returned,UPI,2998.0,0,539.64,3537.64,1,Mumbai,Canada
103232,14309,2024-01-04,09:45:00,delivered,Net Banking,2498.0,0,449.64,2947.64,2,Mumbai,Canada
103233,14309,2023-03-15,01:45:00,shipped,UPI,599.0,49,107.82,755.82,1,Mumbai,Canada
103234,14309,2023-07-27,15:00:00,delivered,Credit Card,7999.0,0,1439.82,9438.82,1,Mumbai,Canada
103235,14309,2023-12-21,08:38:00,delivered,Debit Card,2499.0,0,449.82,2948.82,1,Mumbai,Canada
103236,14309,2023-04-27,16:37:00,delivered,UPI,2670.02,0,480.6,3150.62,2,Mumbai,Canada
103237,14309,2023-10-06,15:27:00,delivered,UPI,2103.87,0,378.7,2482.57,2,Mumbai,Canada
103238,14309,2023-06-22,06:49:00,shipped,Wallet,50995.0,0,9179.1,60174.1,3,Mumbai,Canada
103239,14309,2023-09-28,02:24:00,delivered,UPI,699.0,149,125.82,973.82,1,Mumbai,Canada
103240,14309,2023-06-20,22:15:00,delivered,Debit Card,852.86,99,153.51,1105.37,1,Mumbai,Canada
103241,14309,2024-01-09,03:59:00,cancelled,Credit Card,3999.0,0,719.82,4718.82,1,Mumbai,Canada
103242,14309,2024-06-03,13:19:00,shipped,Net Banking,7497.0,0,1349.46,8846.46,2,Mumbai,Canada
103243,14309,2024-01-23,01:58:00,delivered,UPI,8997.0,0,1619.46,10616.46,3,Mumbai,Canada
103245,14309,2023-03-23,18:03:00,delivered,Credit Card,4796.0,0,863.28,5659.28,3,Mumbai,Canada
103246,14309,2024-02-24,10:13:00,delivered,Credit Card,6998.0,0,1259.64,8257.64,1,Mumbai,Canada
103247,14309,2023-05-31,04:25:00,delivered,Debit Card,16099.89,0,2897.98,18997.87,3,Mumbai,Canada
103248,14309,2023-11-01,01:15:00,delivered,UPI,998.0,149,179.64,1326.64,1,Mumbai,Canada
103249,14309,2023-07-15,23:19:00,delivered,Credit Card,914.35,149,164.58,1227.93,1,Mumbai,Canada
103250,14309,2023-09-13,08:53:00,delivered,Net Banking,3499.0,0,629.82,4128.82,1,Mumbai,Canada
103251,14309,2023-07-30,20:58:00,delivered,UPI,2168.06,0,390.25,2558.31,2,Mumbai,Canada
103253,14309,2024-05-11,05:53:00,delivered,Credit Card,2731.16,0,491.61,3222.77,1,Mumbai,Canada
103254,14309,2023-07-18,02:36:00,delivered,Wallet,14996.0,0,2699.28,17695.28,2,Mumbai,Canada
103256,14309,2023-10-04,05:23:00,delivered,Net Banking,1999.0,0,359.82,2358.82,1,Mumbai,Canada
103257,14309,2024-06-13,04:28:00,pending,Debit Card,21858.3,0,3934.49,25792.79,1,Mumbai,Canada
103258,14309,2024-02-11,10:32:00,processing,Wallet,16498.0,0,2969.64,19467.64,2,Mumbai,Canada
103259,14309,2023-07-12,01:18:00,delivered,Debit Card,31272.09,0,5628.98,36901.07,3,Mumbai,Canada
103260,14309,2023-06-14,07:11:00,delivered,Net Banking,2499.0,0,449.82,2948.82,1,Mumbai,Canada
103261,14309,2023-07-07,13:43:00,delivered,Credit Card,1198.0,0,215.64,1413.64,1,Mumbai,Canada
103262,14309,2023-05-25,07:08:00,delivered,Debit Card,9998.0,0,1799.64,11797.64,1,Mumbai,Canada
103263,14309,2023-08-12,18:12:00,delivered,Debit Card,1998.0,0,359.64,2357.64,2,Mumbai,Canada
103264,14309,2023-08-12,19:52:00,delivered,Credit Card,999.0,0,179.82,1178.82,1,Mumbai,Canada
103265,14309,2023-03-25,00:40:00,delivered,UPI,8224.37,0,1480.39,9704.76,5,Mumbai,Canada
103266,14309,2024-02-26,10:46:00,delivered,Credit Card,40408.12,0,7273.46,47681.58,3,Mumbai,Canada
103267,14309,2023-03-14,21:09:00,delivered,UPI,199.0,49,35.82,283.82,1,Mumbai,Canada
103268,14309,2023-05-14,15:07:00,processing,Debit Card,5498.0,0,989.64,6487.64,2,Mumbai,Canada
103269,14309,2023-07-08,17:23:00,processing,Credit Card,1999.0,0,359.82,2358.82,1,Mumbai,Canada
103270,14309,2023-08-07,12:23:00,delivered,Debit Card,1999.0,0,359.82,2358.82,1,Mumbai,Canada
103272,14309,2023-08-22,08:14:00,delivered,Credit Card,799.0,49,143.82,991.82,1,Mumbai,Canada
103273,14309,2023-05-12,18:33:00,delivered,Debit Card,6224.0,0,1120.32,7344.32,2,Mumbai,Canada
103274,14309,2023-06-18,15:12:00,returned,Debit Card,3394.92,0,611.09,4006.01,3,Mumbai,Canada
103275,14309,2023-06-12,02:49:00,delivered,Net Banking,4215.56,0,758.8,4974.36,3,Mumbai,Canada
103276,14309,2023-09-17,09:07:00,delivered,Credit Card,1499.0,0,269.82,1768.82,1,Mumbai,Canada
103277,14309,2023-05-27,04:54:00,delivered,Credit Card,8096.0,0,1457.28,9553.28,4,Mumbai,Canada
103278,14309,2024-03-12,11:14:00,delivered,Credit Card,3499.0,0,629.82,4128.82,1,Mumbai,Canada
103279,14309,2023-04-15,09:52:00,delivered,Credit Card,899.0,99,161.82,1159.82,1,Mumbai,Canada
103280,14309,2023-11-08,15:36:00,delivered,Net Banking,1897.0,0,341.46,2238.46,2,Mumbai,Canada
103281,14309,2023-08-02,11:29:00,processing,Debit Card,6496.0,0,1169.28,7665.28,3,Mumbai,Canada
103282,14309,2024-02-18,14:16:00,delivered,UPI,1998.0,0,359.64,2357.64,1,Mumbai,Canada
103283,14309,2023-11-19,11:46:00,processing,UPI,3998.0,0,719.64,4717.64,2,Mumbai,Canada
103284,14309,2023-05-21,11:58:00,delivered,Net Banking,499.0,49,89.82,637.82,1,Mumbai,Canada
103285,14309,2024-05-06,13:14:00,delivered,Wallet,6139.9,0,1105.18,7245.08,2,Mumbai,Canada
103286,14309,2023-04-24,12:09:00,delivered,Debit Card,6998.0,0,1259.64,8257.64,2,Mumbai,Canada
103287,14309,2024-01-13,10:58:00,delivered,Debit Card,13496.0,0,2429.28,15925.28,3,Mumbai,Canada
103288,14309,2023-05-23,08:38:00,delivered,Credit Card,15397.0,0,2771.46,18168.46,3,Mumbai,Canada
103289,14309,2024-01-11,09:07:00,delivered,UPI,599.0,149,107.82,855.82,1,Mumbai,Canada
103290,14309,2025-06-15,20:08:00,delivered,UPI,7597.0,0,1367.46,8964.46,3,Mumbai,Canada
103291,14309,2023-04-28,16:28:00,processing,Net Banking,2499.0,0,449.82,2948.82,1,Mumbai,Canada
103293,14309,2023-10-15,01:36:00,delivered,Debit Card,3997.0,0,719.46,4716.46,2,Mumbai,Canada
103294,14309,2023-06-24,06:10:00,delivered,Credit Card,42301.88,0,7614.34,49916.22,3,Mumbai,Canada
103295,14316,2024-09-18,19:42:00,shipped,Credit Card,7587.85,0,1365.81,8953.66,3,Mumbai,India
103296,14318,2023-05-26,19:48:00,delivered,Wallet,4499.0,0,809.82,5308.82,1,Mumbai,Australia
103297,14330,2024-06-25,20:45:00,shipped,UPI,52996.0,0,9539.28,62535.28,2,Mumbai,India
103298,14333,2023-06-19,21:18:00,delivered,COD,598.0,99,107.64,804.64,1,Mumbai,India
103299,14336,2023-03-23,05:31:00,delivered,Debit Card,1398.0,0,251.64,1649.64,1,Mumbai,USA
103300,14337,2024-04-15,06:41:00,processing,UPI,2999.0,0,539.82,3538.82,1,Mumbai,UK
103301,14339,2024-09-07,23:15:00,delivered,Debit Card,1385.08,0,249.31,1634.39,1,Mumbai,India
103302,14340,2024-02-02,09:08:00,pending,Net Banking,2998.0,0,539.64,3537.64,1,Mumbai,Canada
103303,14342,2024-06-19,17:12:00,delivered,Debit Card,799.0,149,143.82,1091.82,1,Mumbai,India
103304,14342,2024-05-12,12:00:00,delivered,Credit Card,79496.0,0,14309.28,93805.28,2,Mumbai,India
103305,14342,2024-05-13,11:46:00,delivered,Debit Card,26433.42,0,4758.02,31191.44,5,Mumbai,India
103306,14346,2023-02-24,08:30:00,delivered,Wallet,7999.0,0,1439.82,9438.82,1,Mumbai,India
103307,14351,2022-12-30,05:13:00,cancelled,Credit Card,2998.0,0,539.64,3537.64,1,Mumbai,USA
103308,14365,2024-04-22,23:09:00,delivered,COD,2499.0,0,449.82,2948.82,1,Mumbai,UK
103309,14365,2023-12-06,22:59:00,delivered,Wallet,3415.89,0,614.86,4030.75,5,Mumbai,UK
103311,14366,2023-12-02,01:08:00,cancelled,COD,2998.0,0,539.64,3537.64,2,Mumbai,USA
103312,14368,2023-12-17,14:19:00,cancelled,Debit Card,699.0,49,125.82,873.82,1,Mumbai,USA
103313,14370,2022-10-08,21:51:00,delivered,Credit Card,50597.71,0,9107.59,59705.3,4,Mumbai,India
103314,14374,2023-11-10,17:05:00,delivered,Credit Card,3783.14,0,680.97,4464.11,3,Mumbai,India
103315,14374,2024-01-27,07:22:00,delivered,Debit Card,6243.55,0,1123.84,7367.39,2,Mumbai,India
103318,14376,2024-10-28,15:59:00,delivered,UPI,4396.0,0,791.28,5187.28,2,Mumbai,USA
103319,14376,2024-10-27,22:39:00,delivered,UPI,2098.0,0,377.64,2475.64,2,Mumbai,USA
103320,14381,2024-09-24,15:00:00,delivered,Credit Card,17304.49,0,3114.81,20419.3,2,Mumbai,India
103322,14382,2023-06-03,16:06:00,delivered,Debit Card,7497.0,0,1349.46,8846.46,1,Mumbai,USA
103323,14382,2023-05-23,00:03:00,delivered,COD,4999.0,0,899.82,5898.82,1,Mumbai,USA
103324,14385,2024-05-08,06:11:00,delivered,UPI,19706.01,0,3547.08,23253.09,5,Mumbai,India
103325,14385,2024-05-22,06:18:00,delivered,Net Banking,4098.0,0,737.64,4835.64,2,Mumbai,India
103326,14385,2024-06-23,21:33:00,returned,Debit Card,1123.47,0,202.22,1325.69,1,Mumbai,India
103327,14385,2024-06-29,00:15:00,cancelled,Debit Card,6585.93,0,1185.47,7771.4,4,Mumbai,India
103328,14385,2024-06-09,05:50:00,shipped,Credit Card,20589.66,0,3706.14,24295.8,3,Mumbai,India
103329,14385,2024-05-26,06:43:00,delivered,Net Banking,4497.0,0,809.46,5306.46,1,Mumbai,India
103330,14385,2024-07-24,03:29:00,delivered,UPI,556.78,99,100.22,756.0,1,Mumbai,India
103331,14385,2024-05-20,15:36:00,delivered,UPI,5897.0,0,1061.46,6958.46,2,Mumbai,India
103332,14385,2024-05-20,21:19:00,delivered,Net Banking,7791.53,0,1402.48,9194.01,3,Mumbai,India
103333,14392,2023-07-26,20:14:00,delivered,Wallet,599.0,49,107.82,755.82,1,Mumbai,India
103334,14392,2023-05-11,18:21:00,delivered,UPI,1299.0,0,233.82,1532.82,1,Mumbai,India
103335,14392,2023-10-23,20:42:00,returned,COD,17288.25,0,3111.88,20400.13,2,Mumbai,India
103336,14392,2023-02-06,08:05:00,delivered,Credit Card,1499.0,0,269.82,1768.82,1,Mumbai,India
103337,14392,2023-05-08,14:09:00,delivered,Credit Card,6749.46,0,1214.9,7964.36,4,Mumbai,India
103338,14392,2023-07-14,00:49:00,delivered,UPI,3144.54,0,566.02,3710.56,3,Mumbai,India
103339,14392,2023-01-24,00:55:00,delivered,UPI,6330.83,0,1139.55,7470.38,3,Mumbai,India
103340,14392,2023-05-05,19:37:00,delivered,Debit Card,4413.73,0,794.47,5208.2,2,Mumbai,India
103341,14392,2023-03-22,02:40:00,delivered,UPI,599.0,99,107.82,805.82,1,Mumbai,India
103342,14392,2023-06-13,12:56:00,delivered,Wallet,2598.0,0,467.64,3065.64,1,Mumbai,India
103343,14395,2024-01-29,11:00:00,delivered,Credit Card,12999.0,0,2339.82,15338.82,1,Mumbai,Australia
103344,14402,2024-04-01,17:13:00,delivered,Credit Card,999.0,0,179.82,1178.82,1,Mumbai,India
103345,,2023-11-24,14:18:00,cancelled,UPI,699.0,99,125.82,923.82,1,Mumbai,India
103346,14402,2023-12-25,01:20:00,processing,UPI,9694.0,0,1744.92,11438.92,4,Mumbai,India
103347,14402,2024-01-12,16:28:00,cancelled,Debit Card,2168.92,0,390.41,2559.33,2,Mumbai,India
103349,14402,2025-06-15,08:51:00,delivered,Credit Card,3998.0,0,719.64,4717.64,2,Mumbai,India
103350,14402,2024-01-07,00:16:00,delivered,UPI,2996.0,0,539.28,3535.28,2,Mumbai,India
103351,14402,2024-03-13,07:57:00,delivered,Net Banking,10397.43,0,1871.54,12268.97,4,Mumbai,India
103352,14402,2024-04-15,08:45:00,cancelled,Net Banking,899.0,149,161.82,1209.82,1,Mumbai,India
103353,14402,2024-01-19,14:15:00,cancelled,Wallet,18998.0,0,3419.64,22417.64,2,Mumbai,India
103354,14402,2024-01-31,05:52:00,processing,Net Banking,4597.0,0,827.46,5424.46,3,Mumbai,India
103355,14402,2024-03-17,08:45:00,delivered,UPI,14530.38,0,2615.47,17145.85,1,Mumbai,India
103356,14409,2023-10-28,15:22:00,delivered,Debit Card,931.1,49,167.6,1147.7,1,Mumbai,USA
103357,14411,2024-05-17,10:33:00,delivered,Debit Card,1397.0,0,251.46,1648.46,2,Mumbai,Singapore
103358,14411,2024-04-30,08:53:00,shipped,Credit Card,4999.0,0,899.82,5898.82,1,Mumbai,Singapore
103359,14411,2024-05-06,21:19:00,delivered,Credit Card,3809.91,0,685.78,4495.69,4,Mumbai,Singapore
103360,14411,2024-04-19,01:21:00,delivered,UPI,4798.0,0,863.64,5661.64,2,Mumbai,Singapore
103361,14411,2024-04-13,23:43:00,delivered,Credit Card,1259.1,0,226.64,1485.74,2,Mumbai,Singapore
103362,14411,2024-04-04,22:37:00,delivered,UPI,4498.0,0,809.64,5307.64,2,Mumbai,Singapore
103363,14411,2024-05-22,01:03:00,delivered,Wallet,199.0,149,35.82,383.82,1,Mumbai,Singapore
103364,14428,2024-06-08,07:04:00,delivered,Debit Card,3893.1,0,700.76,4593.86,2,Mumbai,USA
103365,14428,2024-07-26,13:41:00,delivered,Debit Card,28997.0,0,5219.46,34216.46,2,Mumbai,USA
103366,14428,2024-08-08,02:56:00,delivered,Wallet,1998.0,0,359.64,2357.64,1,Mumbai,USA
103367,14428,2024-05-27,08:02:00,delivered,Credit Card,7999.0,0,1439.82,9438.82,1,Mumbai,USA
103368,14428,2024-06-21,00:02:00,shipped,Debit Card,5999.0,0,1079.82,7078.82,1,Mumbai,USA
103369,14428,2024-05-05,03:09:00,delivered,Credit Card,18286.88,0,3291.64,21578.52,3,Mumbai,USA
103370,14428,2024-06-01,00:14:00,delivered,COD,6599.26,0,1187.87,7787.13,2,Mumbai,USA
103371,14428,2024-08-14,07:51:00,pending,UPI,5598.0,0,1007.64,6605.64,2,Mumbai,USA
103372,14428,2024-04-18,14:15:00,delivered,Debit Card,4499.0,0,809.82,5308.82,1,Mumbai,USA
103373,14434,2024-09-14,05:04:00,delivered,UPI,899.0,49,161.82,1109.82,1,Mumbai,India
103374,14441,2023-11-16,20:15:00,delivered,Wallet,17597.0,0,3167.46,20764.46,3,Mumbai,Germany
103375,14463,2024-10-21,10:32:00,shipped,Credit Card,10075.04,0,1813.51,11888.55,3,Mumbai,USA
103376,14463,2024-10-18,20:15:00,delivered,UPI,1499.0,0,269.82,1768.82,1,Mumbai,USA
103378,14471,2024-06-24,19:42:00,cancelled,Wallet,9997.0,0,1799.46,11796.46,2,Mumbai,India
103380,14472,2023-09-01,09:09:00,cancelled,Wallet,2811.5,0,506.07,3317.57,1,Mumbai,USA
103381,14472,2023-06-10,06:43:00,pending,Credit Card,5996.0,0,1079.28,7075.28,3,Mumbai,USA
103382,14473,2024-07-05,05:22:00,cancelled,Credit Card,19997.0,0,3599.46,23596.46,2,Mumbai,India
103383,14473,2024-03-31,23:38:00,delivered,Debit Card,4497.0,0,809.46,5306.46,1,Mumbai,India
103384,14473,2024-03-17,20:07:00,delivered,Credit Card,9129.08,0,1643.23,10772.31,1,Mumbai,India
103385,14473,2024-04-12,20:24:00,returned,Debit Card,2998.0,0,539.64,3537.64,1,Mumbai,India
103386,14473,2023-12-30,05:52:00,delivered,UPI,6998.0,0,1259.64,8257.64,2,Mumbai,India
103387,14473,2024-03-21,16:09:00,pending,Net Banking,13294.99,0,2393.1,15688.09,3,Mumbai,India
103388,14473,2024-01-27,08:30:00,delivered,Wallet,31325.99,0,5638.68,36964.67,4,Mumbai,India
103389,14473,2024-08-15,04:00:00,delivered,Credit Card,1598.0,0,287.64,1885.64,2,Mumbai,India
103390,14473,2024-05-01,11:23:00,delivered,Credit Card,12454.86,0,2241.87,14696.73,3,Mumbai,India
103391,14474,2023-11-19,17:33:00,shipped,Debit Card,3688.18,0,663.87,4352.05,4,Mumbai,India
103392,14474,2023-08-13,20:43:00,delivered,Credit Card,2499.0,0,449.82,2948.82,1,Mumbai,India
103393,14474,2024-01-22,03:35:00,delivered,Credit Card,10944.6,0,1970.03,12914.63,4,Mumbai,India
103394,14480,2024-08-29,05:13:00,delivered,UPI,3085.03,0,555.31,3640.34,4,Mumbai,India
103395,14480,2024-09-06,07:04:00,shipped,UPI,2333.88,0,420.1,2753.98,1,Mumbai,India
103396,14485,2023-09-29,01:19:00,delivered,Debit Card,15496.0,0,2789.28,18285.28,2,Mumbai,Canada
103397,14485,2023-02-10,18:20:00,delivered,Credit Card,1597.0,0,287.46,1884.46,2,Mumbai,Canada
103398,14485,2022-12-23,19:52:00,pending,UPI,6800.11,0,1224.02,8024.13,2,Mumbai,Canada
103399,14485,2022-06-16,22:35:00,delivered,Debit Card,7497.0,0,1349.46,8846.46,3,Mumbai,Canada
103400,14485,2022-08-03,01:00:00,delivered,Credit Card,7497.0,0,1349.46,8846.46,2,Mumbai,Canada
103401,14493,2023-09-26,23:28:00,returned,UPI,6295.73,0,1133.23,7428.96,2,Mumbai,India
103402,14493,2023-07-07,05:06:00,delivered,Debit Card,694.72,49,125.05,868.77,1,Mumbai,India
103403,14493,2023-05-24,10:06:00,delivered,COD,1498.0,0,269.64,1767.64,2,Mumbai,India
103404,14500,2024-06-09,04:27:00,pending,Debit Card,656.76,149,118.22,923.98,1,Mumbai,India
103405,14500,2024-06-18,04:38:00,shipped,Credit Card,12496.0,0,2249.28,14745.28,3,Mumbai,India
103406,14500,2024-05-27,08:03:00,delivered,Wallet,12999.0,0,2339.82,15338.82,1,Mumbai,India
103407,14500,2024-03-28,22:12:00,delivered,Credit Card,999.0,0,179.82,1178.82,1,Mumbai,India
103408,14500,2024-04-26,11:31:00,delivered,Debit Card,6696.0,0,1205.28,7901.28,2,Mumbai,India
103409,14500,2024-05-03,18:36:00,delivered,Net Banking,16688.11,0,3003.86,19691.97,3,Mumbai,India
103410,14500,2024-06-24,08:36:00,delivered,UPI,26821.16,0,4827.81,31648.97,2,Mumbai,India
103411,14500,2024-05-28,21:05:00,delivered,Net Banking,4721.88,0,849.94,5571.82,5,Mumbai,India
103412,14500,2024-05-13,03:46:00,shipped,Credit Card,1164.57,0,209.62,1374.19,2,Mumbai,India
103413,14504,2024-01-14,21:18:00,cancelled,UPI,5999.0,0,1079.82,7078.82,1,Mumbai,USA
103414,14504,2023-01-05,20:04:00,delivered,UPI,2499.0,0,449.82,2948.82,1,Mumbai,USA
103415,14507,2024-05-12,12:43:00,shipped,Debit Card,598.0,149,107.64,854.64,1,Mumbai,India
103417,14545,2024-02-23,15:49:00,shipped,Credit Card,2198.0,0,395.64,2593.64,2,Mumbai,Germany
103419,14545,2024-01-12,09:37:00,delivered,Credit Card,11741.09,0,2113.4,13854.49,5,Mumbai,Germany
103421,14545,2024-03-25,15:58:00,delivered,Credit Card,599.0,99,107.82,805.82,1,Mumbai,Germany
103422,14551,2023-04-10,17:20:00,processing,Debit Card,1098.0,0,197.64,1295.64,2,Mumbai,India
103423,14556,2023-09-22,07:13:00,delivered,Credit Card,1299.0,0,233.82,1532.82,1,Mumbai,USA
103424,14556,2022-09-09,11:45:00,delivered,Credit Card,29071.86,0,5232.93,34304.79,4,Mumbai,USA
103425,14556,2022-10-08,19:49:00,delivered,Debit Card,299.0,149,53.82,501.82,1,Mumbai,USA
103426,14564,2023-10-13,18:49:00,delivered,UPI,1598.0,0,287.64,-1885.64,1,Mumbai,Germany
103427,14572,2023-08-25,01:22:00,processing,Credit Card,3385.94,0,609.47,3995.41,2,Mumbai,India
103428,14574,2024-06-22,00:01:00,delivered,Debit Card,3506.24,0,631.12,4137.36,3,Mumbai,India
103429,,2024-03-17,12:32:00,delivered,COD,4496.0,0,809.28,5305.28,3,Mumbai,India
103430,14574,2024-03-17,17:23:00,returned,Credit Card,7497.0,0,1349.46,8846.46,1,Mumbai,India
103431,14574,2024-04-29,04:17:00,pending,Wallet,23369.56,0,4206.52,27576.08,1,Mumbai,India
103432,14574,2024-02-03,22:48:00,processing,Credit Card,19195.0,0,3455.1,22650.1,4,Mumbai,India
103433,14574,2024-03-29,23:59:00,shipped,Credit Card,21294.0,0,3832.92,25126.92,3,Mumbai,India
103434,14574,2024-06-03,13:30:00,delivered,Credit Card,8698.0,0,1565.64,10263.64,2,Mumbai,India
103435,14581,2024-10-25,17:11:00,delivered,Credit Card,6298.0,0,1133.64,7431.64,2,Mumbai,India
103437,14581,2024-10-23,08:23:00,delivered,Debit Card,799.0,49,143.82,991.82,1,Mumbai,India
103438,14581,2024-10-21,00:03:00,delivered,Net Banking,4897.0,0,881.46,5778.46,2,Mumbai,India
103439,14581,2024-10-23,04:11:00,delivered,Credit Card,2398.0,0,431.64,2829.64,2,Mumbai,India
103440,14581,2024-10-23,22:51:00,shipped,Credit Card,4097.0,0,737.46,4834.46,3,Mumbai,India
103442,14581,2024-10-20,20:28:00,shipped,Debit Card,6775.59,0,1219.61,7995.2,2,Mumbai,India
103443,14581,2024-10-23,02:14:00,pending,Credit Card,699.0,49,125.82,873.82,1,Mumbai,India
103444,14586,2023-01-09,19:22:00,delivered,UPI,22920.57,0,4125.7,27046.27,2,Mumbai,India
103445,14586,2023-06-16,15:31:00,shipped,UPI,6779.82,0,1220.37,8000.19,4,Mumbai,India
103446,14586,2022-09-04,04:20:00,delivered,Debit Card,5345.15,0,962.13,6307.28,2,Mumbai,India
103447,14594,2024-08-27,04:03:00,delivered,Credit Card,4999.0,0,899.82,5898.82,1,Mumbai,India
103448,14594,2024-09-23,04:11:00,delivered,Debit Card,1398.0,0,251.64,1649.64,1,Mumbai,India
103449,14594,2024-08-17,06:06:00,delivered,Debit Card,43993.0,0,7918.74,51911.74,4,Mumbai,India
103450,14594,2024-08-25,02:37:00,delivered,Debit Card,3471.22,0,624.82,4096.04,2,Mumbai,India
103451,14594,2024-09-23,14:01:00,delivered,UPI,6097.0,0,1097.46,7194.46,3,Mumbai,India
103452,14597,2024-05-01,08:59:00,delivered,Credit Card,6695.0,0,1205.1,7900.1,4,Mumbai,USA
103453,14604,2024-07-23,00:08:00,delivered,Net Banking,3297.0,0,593.46,3890.46,2,Mumbai,India
103454,14604,2024-07-13,18:09:00,delivered,Wallet,2265.54,0,407.8,2673.34,2,Mumbai,India
103455,14604,2024-07-29,16:02:00,delivered,Credit Card,19997.0,0,3599.46,23596.46,2,Mumbai,India
103456,14604,2024-07-19,20:12:00,cancelled,Credit Card,5999.0,0,1079.82,7078.82,1,Mumbai,India
103457,14604,2024-07-23,19:57:00,delivered,Debit Card,1797.0,0,323.46,2120.46,1,Mumbai,India
103458,14604,2024-08-02,22:23:00,delivered,UPI,799.0,49,143.82,991.82,1,Mumbai,India
103459,14612,2023-07-24,15:25:00,delivered,Credit Card,999.0,0,179.82,1178.82,1,Mumbai,UK
103460,14614,2023-11-18,11:53:00,delivered,Credit Card,1200.05,0,216.01,1416.06,2,Mumbai,India
103461,14615,2023-05-22,11:49:00,delivered,Credit Card,6498.0,0,1169.64,7667.64,2,Mumbai,UK
103462,14648,2023-08-06,03:35:00,shipped,Wallet,5997.0,0,1079.46,7076.46,1,Mumbai,India
103463,14657,2022-10-21,18:49:00,delivered,Debit Card,3999.0,0,719.82,4718.82,1,Mumbai,USA
103464,14657,2023-02-03,17:53:00,delivered,Credit Card,2998.0,0,539.64,3537.64,1,Mumbai,USA
103465,14657,2022-05-01,02:29:00,processing,Credit Card,3970.36,0,714.66,4685.02,2,Mumbai,USA
103466,14657,2023-06-10,16:47:00,returned,Debit Card,11998.0,0,2159.64,14157.64,1,Mumbai,USA
103467,14659,2024-06-23,21:06:00,pending,UPI,2810.8,0,505.94,3316.74,1,Mumbai,India
103468,14665,2023-09-25,02:31:00,delivered,Wallet,4297.0,0,773.46,5070.46,2,Mumbai,India
103469,14666,2023-02-11,19:55:00,delivered,Credit Card,2097.0,0,377.46,2474.46,1,Mumbai,UK
103470,14668,2022-12-12,17:41:00,delivered,Credit Card,18867.31,0,3396.12,22263.43,3,Mumbai,India
103471,14668,2022-10-16,18:56:00,delivered,Debit Card,12999.0,0,2339.82,15338.82,1,Mumbai,India
103472,14668,2022-09-26,07:10:00,shipped,Wallet,999.0,0,179.82,1178.82,1,Mumbai,India
103473,14680,2023-11-29,02:43:00,processing,Wallet,2497.0,0,449.46,2946.46,2,Mumbai,USA
103474,14680,2024-01-23,02:55:00,shipped,Credit Card,2499.0,0,449.82,2948.82,1,Mumbai,USA
103475,14680,2023-11-22,19:11:00,delivered,Debit Card,15092.95,0,2716.73,17809.68,3,Mumbai,USA
103476,14680,2024-02-17,21:57:00,delivered,Debit Card,27394.02,0,4930.92,32324.94,5,Mumbai,USA
103477,14680,2024-03-14,23:37:00,processing,Debit Card,10744.57,0,1934.02,12678.59,4,Mumbai,USA
103478,14680,2024-02-09,22:01:00,delivered,Debit Card,3999.0,0,719.82,4718.82,1,Mumbai,USA
103479,14683,2024-09-28,10:19:00,shipped,UPI,899.0,99,161.82,1159.82,1,Mumbai,India
103480,14685,2022-06-08,21:40:00,delivered,UPI,9998.0,0,1799.64,11797.64,1,Mumbai,USA
103481,14689,2023-06-06,21:02:00,shipped,Debit Card,5009.18,0,901.65,5910.83,4,Mumbai,India
103482,14692,2023-06-14,10:30:00,delivered,Debit Card,4727.32,0,850.92,5578.24,1,Mumbai,India
103483,14696,2022-07-19,15:14:00,delivered,UPI,13713.02,0,2468.34,16181.36,3,Mumbai,Australia
103484,14696,2023-07-23,10:24:00,delivered,UPI,13597.0,0,2447.46,16044.46,2,Mumbai,Australia
103485,14696,2023-01-12,03:10:00,delivered,Debit Card,12595.0,0,2267.1,14862.1,5,Mumbai,Australia
103486,14708,2024-09-06,09:28:00,delivered,Debit Card,799.0,49,143.82,991.82,1,Mumbai,UK
103487,14711,2023-08-22,07:16:00,shipped,Debit Card,9954.04,0,1791.73,11745.77,3,Mumbai,India
103488,14712,2023-06-30,11:35:00,delivered,Debit Card,2597.0,0,467.46,3064.46,3,Mumbai,India
103490,14712,2023-07-28,23:21:00,delivered,UPI,3999.0,0,719.82,4718.82,1,Mumbai,India
103491,14712,2023-03-05,15:19:00,delivered,Credit Card,5251.76,0,945.32,6197.08,1,Mumbai,India
103493,14712,2023-04-20,04:30:00,delivered,Debit Card,15778.92,0,2840.21,18619.13,3,Mumbai,India
103494,14712,2023-01-09,07:53:00,pending,UPI,29817.69,0,5367.18,35184.87,5,Mumbai,India
103495,14712,2022-11-12,10:20:00,delivered,Debit Card,799.0,149,143.82,1091.82,1,Mumbai,India
103496,14712,2024-01-08,14:56:00,delivered,UPI,6998.0,0,1259.64,8257.64,1,Mumbai,India
103497,14713,2023-05-04,14:34:00,delivered,Wallet,9796.0,0,1763.28,11559.28,4,Mumbai,UK
103498,14724,2024-04-08,00:46:00,delivered,UPI,27998.56,0,5039.74,33038.3,1,Mumbai,USA
103500,14727,2023-11-06,22:50:00,delivered,Credit Card,13815.7,0,2486.83,16302.53,3,Mumbai,India
103503,14727,2023-12-26,08:17:00,delivered,UPI,21412.79,0,3854.3,25267.09,1,Mumbai,India
103505,14727,2023-12-31,15:30:00,delivered,Debit Card,4897.0,0,881.46,5778.46,2,Mumbai,India
103506,14727,2023-09-20,11:34:00,delivered,UPI,30350.6,0,5463.11,35813.71,4,Mumbai,India
103508,14736,2023-12-02,23:10:00,delivered,Debit Card,38405.16,0,6912.93,45318.09,3,Mumbai,USA
103509,14738,2024-05-20,10:43:00,pending,Credit Card,5519.78,0,993.56,6513.34,1,Mumbai,USA
103510,14738,2024-03-14,03:08:00,delivered,Debit Card,4999.0,0,899.82,5898.82,1,Mumbai,USA
103511,14744,2024-07-07,23:00:00,delivered,Net Banking,3999.0,0,719.82,4718.82,1,Mumbai,India
103512,14744,2024-06-04,01:52:00,delivered,Debit Card,1861.41,0,335.05,2196.46,2,Mumbai,India
103513,14744,2024-06-07,06:26:00,cancelled,Credit Card,599.0,99,107.82,805.82,1,Mumbai,India
103514,14744,2024-06-21,12:56:00,cancelled,Credit Card,2197.0,0,395.46,2592.46,3,Mumbai,India
103515,14744,2024-08-27,13:23:00,delivered,Credit Card,15496.0,0,2789.28,18285.28,3,Mumbai,India
103516,14744,2024-07-29,23:25:00,delivered,UPI,6895.0,0,1241.1,8136.1,3,Mumbai,India
103517,14745,2023-10-19,17:10:00,delivered,Credit Card,540.47,49,97.28,686.75,1,Mumbai,USA
103518,14751,2023-07-02,02:15:00,delivered,Credit Card,5998.0,0,1079.64,7077.64,1,Mumbai,India
103519,14771,2024-10-15,04:02:00,shipped,Credit Card,11727.02,0,2110.86,13837.88,4,Mumbai,Germany
103520,14771,2024-09-21,03:20:00,processing,Debit Card,815.41,49,146.77,1011.18,1,Mumbai,Germany
103521,14771,2024-09-27,11:34:00,delivered,Debit Card,16923.14,0,3046.17,19969.31,2,Mumbai,Germany
103522,14772,2023-05-14,05:34:00,delivered,Debit Card,599.0,99,107.82,805.82,1,Mumbai,India
103523,14772,2023-10-03,17:39:00,delivered,Debit Card,1198.0,0,215.64,1413.64,1,Mumbai,India
103524,14772,2023-02-20,00:07:00,pending,Wallet,1497.0,0,269.46,1766.46,1,Mumbai,India
103525,14773,2024-04-22,03:29:00,delivered,Wallet,698.0,149,125.64,972.64,2,Mumbai,UK
103526,14783,2024-05-21,17:56:00,shipped,COD,6997.0,0,1259.46,8256.46,2,Mumbai,India
103527,14783,2024-07-14,09:54:00,delivered,UPI,2998.0,0,539.64,3537.64,2,Mumbai,India
103528,14783,2024-06-13,06:09:00,shipped,Credit Card,2197.0,0,395.46,2592.46,3,Mumbai,India
103529,14783,2024-05-10,05:05:00,delivered,Credit Card,12999.0,0,2339.82,15338.82,1,Mumbai,India
103530,14783,2024-04-29,09:08:00,delivered,UPI,24999.0,0,4499.82,29498.82,1,Mumbai,India
103531,14783,2024-06-04,21:57:00,shipped,COD,18217.47,0,3279.14,21496.61,3,Mumbai,India
103532,14783,2024-05-03,07:10:00,delivered,Net Banking,5298.0,0,953.64,6251.64,2,Mumbai,India
103533,14783,2024-07-03,22:55:00,delivered,Credit Card,2897.0,0,521.46,3418.46,3,Mumbai,India
103534,14783,2024-04-23,08:23:00,delivered,Debit Card,3660.38,0,658.87,4319.25,2,Mumbai,India
103535,14783,2024-06-18,02:01:00,cancelled,Credit Card,19696.0,0,3545.28,23241.28,3,Mumbai,India
103536,,2024-06-12,13:08:00,processing,COD,499.0,49,89.82,637.82,1,Mumbai,India
103537,14783,2024-05-28,22:48:00,delivered,Net Banking,1198.0,0,215.64,1413.64,1,Mumbai,India
103538,14783,2024-06-10,14:06:00,delivered,Debit Card,2668.21,0,480.28,3148.49,3,Mumbai,India
103539,14783,2024-06-09,00:19:00,returned,Wallet,80399.39,0,14471.89,94871.28,3,Mumbai,India
103540,14783,2024-05-07,04:22:00,delivered,Credit Card,4028.6,0,725.15,4753.75,2,Mumbai,India
103541,14783,2024-07-05,04:12:00,delivered,Debit Card,9498.0,0,1709.64,11207.64,2,Mumbai,India
103542,14783,2024-05-06,03:59:00,delivered,UPI,299.0,49,53.82,401.82,1,Mumbai,India
103543,14783,2024-06-28,05:20:00,delivered,Debit Card,7336.14,0,1320.51,8656.65,3,Mumbai,India
103544,14783,2024-04-29,22:54:00,shipped,UPI,847.29,149,152.51,1148.8,1,Mumbai,India
103545,14783,2024-04-20,21:10:00,shipped,UPI,2499.0,0,449.82,2948.82,1,Mumbai,India
103546,14783,2024-06-04,20:38:00,shipped,UPI,3499.0,0,629.82,4128.82,1,Mumbai,India
103547,14783,2024-06-17,20:34:00,delivered,UPI,1992.74,0,358.69,2351.43,3,Mumbai,India
103548,14783,2024-05-11,18:09:00,delivered,Debit Card,8734.54,0,1572.22,10306.76,2,Mumbai,India
103549,14783,2024-04-20,18:49:00,delivered,Debit Card,12952.63,0,2331.47,15284.1,2,Mumbai,India
103550,14783,2024-04-19,06:28:00,pending,UPI,1299.0,0,233.82,1532.82,1,Mumbai,India
103551,14783,2024-08-27,01:21:00,delivered,Credit Card,1598.0,0,287.64,1885.64,2,Mumbai,India
103552,14783,2024-05-31,16:19:00,delivered,Wallet,6297.0,0,1133.46,7430.46,2,Mumbai,India
103553,14783,2024-06-29,18:47:00,delivered,Credit Card,2597.0,0,467.46,3064.46,2,Mumbai,India
103554,14783,2025-06-15,10:00:00,delivered,Net Banking,9998.0,0,1799.64,11797.64,1,Mumbai,India
103555,14783,2024-06-13,17:42:00,delivered,Debit Card,4691.27,0,844.43,5535.7,1,Mumbai,India
103556,14783,2024-09-07,13:08:00,delivered,Net Banking,16594.0,0,2986.92,19580.92,3,Mumbai,India
103557,14783,2025-06-15,23:45:00,delivered,COD,13896.0,0,2501.28,16397.28,2,Mumbai,India
103558,14783,2024-05-11,14:32:00,delivered,Credit Card,743.91,49,133.9,926.81,1,Mumbai,India
103559,14783,2024-08-08,12:26:00,delivered,Credit Card,2689.04,0,484.03,3173.07,2,Mumbai,India
103560,14783,2024-07-08,15:00:00,delivered,Wallet,3499.0,0,629.82,4128.82,1,Mumbai,India
103561,14783,2024-07-23,22:47:00,delivered,Net Banking,1937.0,0,348.66,2285.66,2,Mumbai,India
103562,14783,2024-05-08,09:47:00,delivered,Credit Card,20994.0,0,3778.92,24772.92,4,Mumbai,India
103563,14783,2024-04-26,09:28:00,delivered,Net Banking,1499.0,0,269.82,1768.82,1,Mumbai,India
103564,14783,2024-05-27,21:07:00,delivered,Credit Card,1698.0,0,305.64,2003.64,2,Mumbai,India
103565,14783,2024-06-23,12:51:00,delivered,Wallet,22633.63,0,4074.05,26707.68,1,Mumbai,India
103566,14783,2024-06-21,19:25:00,delivered,Credit Card,908.54,149,163.54,1221.08,1,Mumbai,India
103567,14783,2024-05-15,01:33:00,delivered,Credit Card,7019.98,0,1263.6,8283.58,1,Mumbai,India
103568,14783,2024-06-05,09:21:00,delivered,Debit Card,1999.0,0,359.82,2358.82,1,Mumbai,India
103569,14783,2024-06-26,03:20:00,delivered,Credit Card,11436.21,0,2058.52,13494.73,2,Mumbai,India
103570,14783,2024-07-13,15:26:00,delivered,Credit Card,2994.34,0,538.98,3533.32,3,Mumbai,India
103571,14785,2024-09-29,08:26:00,delivered,UPI,4891.06,0,880.39,5771.45,3,Mumbai,India
103572,14785,2024-09-20,05:58:00,delivered,UPI,10096.0,0,1817.28,11913.28,3,Mumbai,India
103573,14785,2024-10-06,20:02:00,cancelled,UPI,1797.0,0,323.46,2120.46,1,Mumbai,India
103575,14786,2023-06-05,23:39:00,delivered,Credit Card,1998.0,0,359.64,2357.64,1,Mumbai,Singapore
103576,14786,2023-02-15,18:34:00,delivered,UPI,3134.29,0,564.17,3698.46,2,Mumbai,Singapore
103578,14786,2023-05-16,12:12:00,processing,Net Banking,2499.0,0,449.82,2948.82,1,Mumbai,Singapore
103579,14786,2023-06-22,00:20:00,delivered,UPI,1326.83,0,238.83,1565.66,1,Mumbai,Singapore
103580,14786,2023-05-02,17:32:00,delivered,Net Banking,1797.0,0,323.46,2120.46,1,Mumbai,Singapore
103581,14786,2023-01-01,18:26:00,delivered,Net Banking,8355.79,0,1504.04,9859.83,5,Mumbai,Singapore
103582,14786,2023-01-10,01:19:00,delivered,Debit Card,8202.55,0,1476.46,9679.01,4,Mumbai,Singapore
103583,14786,2023-03-22,23:00:00,delivered,UPI,7695.0,0,1385.1,9080.1,3,Mumbai,Singapore
103584,14786,2023-03-13,02:49:00,pending,UPI,7999.0,0,1439.82,9438.82,1,Mumbai,Singapore
103585,14786,2023-03-05,20:40:00,delivered,Credit Card,36496.0,0,6569.28,43065.28,3,Mumbai,Singapore
103586,14786,2022-12-03,20:04:00,processing,Net Banking,1499.0,0,269.82,1768.82,1,Mumbai,Singapore
103587,14786,2023-09-29,05:53:00,delivered,Wallet,799.0,99,143.82,1041.82,1,Mumbai,Singapore
103588,14786,2023-08-09,16:21:00,delivered,UPI,2198.0,0,395.64,2593.64,2,Mumbai,Singapore
103589,14786,2022-12-28,18:39:00,cancelled,Debit Card,2998.0,0,539.64,3537.64,1,Mumbai,Singapore
103590,14786,2023-07-24,13:32:00,delivered,UPI,928.61,49,167.15,1144.76,1,Mumbai,Singapore
103591,14786,2023-06-16,14:58:00,delivered,Debit Card,2499.0,0,449.82,2948.82,1,Mumbai,Singapore
103592,14786,2023-09-22,13:36:00,delivered,Credit Card,15794.0,0,2842.92,18636.92,5,Mumbai,Singapore
103593,14786,2023-08-26,08:23:00,cancelled,Net Banking,3761.32,0,677.04,4438.36,3,Mumbai,Singapore
103594,14786,2022-12-15,11:21:00,delivered,Credit Card,1598.0,0,287.64,1885.64,1,Mumbai,Singapore
103595,14786,2023-01-06,07:05:00,processing,Wallet,599.0,99,107.82,805.82,1,Mumbai,Singapore
103596,14786,2023-02-11,10:22:00,delivered,Debit Card,699.0,99,125.82,923.82,1,Mumbai,Singapore
103597,14786,2023-07-03,14:07:00,processing,Credit Card,3990.1,0,718.22,4708.32,2,Mumbai,Singapore
103598,14786,2023-04-10,09:04:00,delivered,Debit Card,31998.0,0,5759.64,37757.64,1,Mumbai,Singapore
103599,14786,2023-02-10,17:46:00,delivered,UPI,1299.0,0,233.82,1532.82,1,Mumbai,Singapore
103600,14786,2023-02-08,08:13:00,delivered,Debit Card,2993.77,0,538.88,3532.65,1,Mumbai,Singapore
103601,14786,2023-09-03,20:15:00,delivered,Credit Card,899.0,49,161.82,1109.82,1,Mumbai,Singapore
103604,14786,2023-05-09,04:04:00,delivered,Debit Card,1798.71,0,323.77,2122.48,2,Mumbai,Singapore
103605,14786,2023-08-12,08:15:00,processing,Wallet,2591.64,0,466.5,3058.14,1,Mumbai,Singapore
103606,14786,2023-03-20,18:39:00,delivered,Net Banking,7387.08,0,1329.67,8716.75,2,Mumbai,Singapore
103607,14786,2023-08-07,14:27:00,shipped,Credit Card,15999.0,0,2879.82,18878.82,1,Mumbai,Singapore
103608,14786,2023-09-25,05:01:00,delivered,Debit Card,32300.77,0,5814.14,38114.91,4,Mumbai,Singapore
103609,14786,2023-08-15,09:53:00,delivered,COD,2097.0,0,377.46,2474.46,1,Mumbai,Singapore
103610,14786,2022-12-29,05:37:00,pending,Net Banking,2197.0,0,395.46,2592.46,3,Mumbai,Singapore
103611,14786,2023-09-10,15:18:00,delivered,Credit Card,3297.0,0,593.46,3890.46,3,Mumbai,Singapore
103612,14786,2023-02-24,10:40:00,delivered,Net Banking,24818.37,0,4467.31,29285.68,5,Mumbai,Singapore
103614,14786,2023-01-30,06:56:00,delivered,Debit Card,1998.0,0,359.64,2357.64,1,Mumbai,Singapore
103615,14786,2023-03-03,17:13:00,delivered,Credit Card,11473.2,0,2065.18,13538.38,2,Mumbai,Singapore
103616,14786,2023-01-05,07:44:00,delivered,Net Banking,11998.0,0,2159.64,14157.64,2,Mumbai,Singapore
103617,14786,2023-01-20,16:12:00,delivered,Wallet,199.0,99,35.82,333.82,1,Mumbai,Singapore
103618,14786,2022-12-04,06:38:00,delivered,Credit Card,12678.32,0,2282.1,14960.42,4,Mumbai,Singapore
103619,14786,2023-01-14,01:53:00,delivered,Debit Card,6996.0,0,1259.28,8255.28,2,Mumbai,Singapore
103620,14786,2023-08-21,03:11:00,delivered,Wallet,1897.0,0,341.46,2238.46,3,Mumbai,Singapore
103621,14786,2023-04-25,10:07:00,delivered,Credit Card,15505.52,0,2790.99,18296.51,2,Mumbai,Singapore
103622,14786,2024-02-25,00:28:00,delivered,Credit Card,11998.0,0,2159.64,14157.64,1,Mumbai,Singapore
103624,14786,2023-05-12,12:02:00,pending,UPI,2998.0,0,539.64,3537.64,1,Mumbai,Singapore
103625,14786,2023-04-14,18:56:00,delivered,Credit Card,2645.37,0,476.17,3121.54,2,Mumbai,Singapore
103626,14786,2022-08-11,04:26:00,delivered,UPI,5999.0,0,1079.82,7078.82,1,Mumbai,Singapore
103627,14786,2023-03-04,01:48:00,shipped,Credit Card,2896.0,0,521.28,3417.28,3,Mumbai,Singapore
103628,14786,2023-01-09,06:04:00,delivered,Wallet,14148.83,0,2546.79,16695.62,2,Mumbai,Singapore
103629,14786,2023-02-01,06:47:00,delivered,Credit Card,7497.0,0,1349.46,8846.46,1,Mumbai,Singapore
103632,14786,2022-10-27,01:55:00,delivered,Credit Card,8693.0,0,1564.74,10257.74,4,Mumbai,Singapore
103633,14786,2023-02-13,17:57:00,delivered,Credit Card,2598.0,0,467.64,3065.64,1,Mumbai,Singapore
103634,14786,2022-10-30,12:31:00,delivered,Debit Card,4596.0,0,827.28,5423.28,2,Mumbai,Singapore
103635,14786,2022-12-15,07:53:00,delivered,Debit Card,647.0,99,116.46,862.46,1,Mumbai,Singapore
103636,14786,2022-10-19,00:34:00,delivered,UPI,1832.33,0,329.82,2162.15,2,Mumbai,Singapore
103637,14786,2023-02-03,09:29:00,delivered,Net Banking,8520.14,0,1533.63,10053.77,3,Mumbai,Singapore
103638,14786,2023-06-07,14:41:00,delivered,Debit Card,5997.0,0,1079.46,7076.46,2,Mumbai,Singapore
103639,14786,2023-11-02,10:00:00,delivered,Credit Card,5396.0,0,971.28,6367.28,4,Mumbai,Singapore
103640,14786,2023-03-19,07:56:00,processing,Wallet,19447.28,0,3500.51,22947.79,4,Mumbai,Singapore
103641,14786,2022-11-09,21:45:00,pending,Credit Card,1999.0,0,359.82,2358.82,1,Mumbai,Singapore
103643,14786,2023-02-07,01:35:00,processing,COD,899.0,149,161.82,1209.82,1,Mumbai,Singapore
103644,14786,2023-06-24,22:32:00,pending,Debit Card,9995.0,0,1799.1,11794.1,5,Mumbai,Singapore
103645,14786,2023-01-19,22:27:00,returned,Debit Card,2198.08,0,395.65,2593.73,1,Mumbai,Singapore
103646,14786,2023-02-13,07:17:00,delivered,Credit Card,12260.26,0,2206.85,14467.11,5,Mumbai,Singapore
103647,14786,2023-02-20,13:29:00,shipped,UPI,1480.08,0,266.41,1746.49,1,Mumbai,Singapore
103648,14786,2023-05-05,15:58:00,delivered,Credit Card,52497.0,0,9449.46,61946.46,2,Mumbai,Singapore
103649,14786,2023-07-16,04:00:00,delivered,Debit Card,2499.0,0,449.82,2948.82,1,Mumbai,Singapore
103650,14786,2023-05-30,12:15:00,shipped,Credit Card,19795.0,0,3563.1,23358.1,3,Mumbai,Singapore
103651,14786,2023-02-19,11:07:00,cancelled,Debit Card,3569.93,0,642.59,4212.52,3,Mumbai,Singapore
103652,14786,2023-06-02,16:26:00,processing,Debit Card,23130.75,0,4163.54,27294.29,2,Mumbai,Singapore
103653,14786,2023-03-27,16:40:00,delivered,Debit Card,11953.95,0,2151.71,14105.66,1,Mumbai,Singapore
103654,14786,2023-04-11,18:15:00,delivered,Debit Card,28296.0,0,5093.28,33389.28,3,Mumbai,Singapore
103655,14786,2023-03-07,07:44:00,delivered,Credit Card,8494.0,0,1528.92,10022.92,4,Mumbai,Singapore
103656,14786,2023-06-04,23:31:00,delivered,Wallet,17498.0,0,3149.64,20647.64,2,Mumbai,Singapore
103657,14786,2023-03-17,23:59:00,delivered,Credit Card,1999.0,0,359.82,2358.82,1,Mumbai,Singapore
103658,14786,2023-08-26,13:32:00,shipped,Credit Card,4715.16,0,848.73,5563.89,4,Mumbai,Singapore
103659,14786,2023-05-04,14:33:00,delivered,UPI,1998.0,0,359.64,2357.64,1,Mumbai,Singapore
103660,14786,2023-02-13,13:15:00,delivered,Credit Card,6791.0,0,1222.38,8013.38,4,Mumbai,Singapore
103661,14786,2023-08-14,21:27:00,pending,Wallet,10997.0,0,1979.46,12976.46,3,Mumbai,Singapore
103662,14786,2023-01-08,06:20:00,delivered,Credit Card,9796.0,0,1763.28,11559.28,2,Mumbai,Singapore
103663,14786,2023-04-03,00:14:00,shipped,Debit Card,6651.72,0,1197.31,7849.03,2,Mumbai,Singapore
103664,14808,2023-10-14,02:25:00,delivered,Wallet,599.0,149,107.82,855.82,1,Mumbai,India
103665,14808,2023-10-20,07:04:00,delivered,UPI,4497.0,0,809.46,5306.46,3,Mumbai,India
103666,14808,2023-10-29,22:08:00,delivered,Wallet,1998.0,0,359.64,2357.64,2,Mumbai,India
103667,14808,2024-02-18,00:08:00,processing,UPI,3097.0,0,557.46,3654.46,2,Mumbai,India
103668,14808,2023-11-17,01:05:00,delivered,Debit Card,5999.0,0,1079.82,7078.82,1,Mumbai,India
103670,14808,2024-01-27,17:19:00,delivered,Credit Card,8876.81,0,1597.83,10474.64,3,Mumbai,India
103671,14808,2024-02-04,01:42:00,shipped,COD,10093.0,0,1816.74,11909.74,5,Mumbai,India
103672,14808,2023-11-18,09:03:00,shipped,UPI,1299.0,0,233.82,1532.82,1,Mumbai,India
103673,14808,2023-12-07,06:54:00,shipped,Wallet,4998.0,0,899.64,5897.64,1,Mumbai,India
103674,14808,2024-04-24,13:15:00,returned,Credit Card,5898.0,0,1061.64,6959.64,2,Mumbai,India
103675,14808,2024-01-28,15:48:00,delivered,Credit Card,25198.0,0,4535.64,29733.64,2,Mumbai,India
103676,14808,2023-11-26,19:43:00,delivered,Credit Card,6996.0,0,1259.28,8255.28,2,Mumbai,India
103678,14808,2023-11-05,21:56:00,delivered,Wallet,12999.0,0,2339.82,-15338.82,1,Mumbai,India
103679,14808,2024-01-27,01:55:00,delivered,Credit Card,25998.0,0,4679.64,30677.64,1,Mumbai,India
103680,14808,2024-01-01,09:39:00,delivered,Net Banking,1998.0,0,359.64,2357.64,1,Mumbai,India
103681,14808,2024-04-27,22:40:00,delivered,Credit Card,5498.0,0,989.64,6487.64,2,Mumbai,India
103683,14808,2023-11-21,22:21:00,delivered,Debit Card,899.0,149,161.82,1209.82,1,Mumbai,India
103684,14808,2024-01-15,09:54:00,delivered,Net Banking,6776.76,0,1219.82,7996.58,3,Mumbai,India
103686,14808,2023-12-16,18:11:00,delivered,Credit Card,22997.0,0,4139.46,27136.46,2,Mumbai,India
103687,14808,2024-01-18,11:35:00,delivered,Wallet,13996.0,0,2519.28,16515.28,2,Mumbai,India
103688,14808,2024-01-20,08:33:00,delivered,Credit Card,6648.98,0,1196.82,7845.8,4,Mumbai,India
103689,14808,2023-11-25,00:56:00,delivered,Credit Card,4998.0,0,899.64,5897.64,1,Mumbai,India
103692,14808,2023-12-01,05:32:00,pending,Credit Card,3499.0,0,629.82,4128.82,1,Mumbai,India
103693,14808,2024-02-04,00:23:00,delivered,Debit Card,999.0,0,179.82,1178.82,1,Mumbai,India
103694,14808,2024-02-04,00:02:00,shipped,Wallet,5996.0,0,1079.28,7075.28,2,Mumbai,India
103696,14808,2023-11-09,01:05:00,delivered,UPI,9189.14,0,1654.05,10843.19,3,Mumbai,India
103697,14808,2024-01-02,02:40:00,delivered,Credit Card,14498.0,0,2609.64,17107.64,2,Mumbai,India
103698,14808,2024-04-03,02:38:00,delivered,UPI,657.36,49,118.32,824.68,1,Mumbai,India
103700,14808,2024-05-26,03:15:00,pending,UPI,11220.29,0,2019.65,13239.94,2,Mumbai,India
103701,14808,2023-12-06,21:41:00,shipped,Credit Card,7530.23,0,1355.44,8885.67,2,Mumbai,India
103702,14808,2024-05-02,07:57:00,delivered,UPI,7999.0,0,1439.82,9438.82,1,Mumbai,India
103703,14808,2023-12-15,23:56:00,delivered,Debit Card,6683.18,0,1202.97,7886.15,2,Mumbai,India
103705,14808,2024-03-08,01:18:00,cancelled,Credit Card,9863.8,0,1775.48,11639.28,3,Mumbai,India
103706,14808,2024-01-21,14:00:00,cancelled,Debit Card,2833.54,0,510.04,3343.58,2,Mumbai,India
103707,14808,2024-02-27,16:45:00,delivered,Credit Card,1419.94,0,255.59,1675.53,1,Mumbai,India
103708,14808,2024-01-09,15:54:00,delivered,Debit Card,1698.0,0,305.64,2003.64,2,Mumbai,India
103709,14808,2024-02-28,10:57:00,shipped,Debit Card,598.0,149,107.64,854.64,1,Mumbai,India
103710,14808,2024-03-14,00:26:00,delivered,Debit Card,902.24,49,162.4,1113.64,1,Mumbai,India
103711,14808,2024-03-18,19:30:00,delivered,Credit Card,6898.0,0,1241.64,8139.64,2,Mumbai,India
103712,14808,2023-12-01,09:18:00,processing,Debit Card,23997.0,0,4319.46,28316.46,1,Mumbai,India
103713,14808,2023-11-14,08:25:00,delivered,Debit Card,8540.15,0,1537.23,10077.38,2,Mumbai,India
103714,14808,2023-12-10,06:00:00,delivered,Debit Card,2798.0,0,503.64,3301.64,2,Mumbai,India
103715,14808,2024-01-14,13:56:00,returned,UPI,5999.0,0,1079.82,7078.82,1,Mumbai,India
103716,14808,2024-03-02,20:59:00,delivered,Credit Card,8996.0,0,1619.28,10615.28,2,Mumbai,India
103717,14808,2023-12-31,18:17:00,delivered,UPI,1299.0,0,233.82,1532.82,1,Mumbai,India
103718,14808,2024-01-28,04:17:00,delivered,Debit Card,199.0,99,35.82,333.82,1,Mumbai,India
103719,14808,2024-02-05,23:56:00,delivered,Wallet,1798.0,0,323.64,2121.64,1,Mumbai,India
103721,14808,2023-12-04,15:11:00,processing,Credit Card,1329.56,0,239.32,1568.88,2,Mumbai,India
103722,14808,2024-05-13,11:25:00,delivered,UPI,14813.19,0,2666.37,17479.56,4,Mumbai,India
103723,14808,2024-02-28,03:24:00,pending,Debit Card,1309.38,0,235.69,1545.07,1,Mumbai,India
103724,14808,2023-10-29,14:39:00,cancelled,Debit Card,999.0,0,179.82,1178.82,1,Mumbai,India
103725,14808,2024-02-10,04:41:00,delivered,Credit Card,6998.0,0,1259.64,8257.64,2,Mumbai,India
103726,14808,2024-01-19,12:11:00,delivered,Debit Card,26874.81,0,4837.47,31712.28,4,Mumbai,India
103727,14808,2024-03-31,14:07:00,shipped,UPI,4999.0,0,899.82,5898.82,1,Mumbai,India
103728,14808,2025-06-15,21:42:00,delivered,COD,2079.46,0,374.3,2453.76,2,Mumbai,India
103729,14808,2024-02-15,08:10:00,delivered,UPI,20903.31,0,3762.6,24665.91,3,Mumbai,India
103730,14808,2023-10-24,01:35:00,delivered,Credit Card,11396.0,0,2051.28,13447.28,4,Mumbai,India
103731,14808,2024-04-09,14:31:00,delivered,Credit Card,9634.76,0,1734.26,11369.02,5,Mumbai,India
103732,14808,2023-10-21,06:05:00,delivered,Credit Card,4497.0,0,809.46,5306.46,1,Mumbai,India
103734,14808,2023-12-04,17:05:00,delivered,UPI,899.0,49,161.82,1109.82,1,Mumbai,India
103735,14808,2024-02-17,19:32:00,delivered,Debit Card,3296.0,0,593.28,3889.28,3,Mumbai,India
103736,14808,2023-10-07,19:33:00,processing,Wallet,10363.12,0,1865.36,12228.48,4,Mumbai,India
103737,14808,2023-11-14,18:06:00,delivered,Debit Card,1957.62,0,352.37,2309.99,1,Mumbai,India
103738,14808,2024-03-04,08:45:00,delivered,UPI,1999.0,0,359.82,2358.82,1,Mumbai,India
103739,14811,2023-04-21,03:16:00,delivered,Debit Card,799.0,49,143.82,991.82,1,Mumbai,India
103740,14813,2024-06-07,23:39:00,delivered,Credit Card,1299.0,0,233.82,1532.82,1,Mumbai,India
103741,14813,2024-05-23,18:13:00,cancelled,UPI,1499.0,0,269.82,1768.82,1,Mumbai,India
103742,14813,2024-06-02,13:35:00,delivered,Debit Card,5696.0,0,1025.28,6721.28,3,Mumbai,India
103743,14823,2022-09-15,13:03:00,delivered,UPI,3549.01,0,638.82,4187.83,1,Mumbai,USA
103744,14823,2022-10-05,02:50:00,delivered,Wallet,41996.0,0,7559.28,49555.28,3,Mumbai,USA
103745,14823,2023-04-28,13:34:00,returned,Wallet,29096.0,0,5237.28,34333.28,3,Mumbai,USA
103746,14834,2023-04-29,08:42:00,delivered,UPI,3998.0,0,719.64,4717.64,1,Mumbai,India
103747,14834,2023-09-25,21:07:00,delivered,Credit Card,1499.0,0,269.82,1768.82,1,Mumbai,India
103748,14834,2022-11-11,04:41:00,delivered,Credit Card,398.0,99,71.64,568.64,1,Mumbai,India
103749,14835,2024-08-25,20:10:00,processing,Credit Card,1425.3,0,256.55,1681.85,2,Mumbai,India
103750,14835,2024-08-26,05:48:00,processing,COD,9614.26,0,1730.57,11344.83,4,Mumbai,India
103751,14835,2024-09-02,16:36:00,delivered,Debit Card,6998.0,0,1259.64,8257.64,2,Mumbai,India
103752,14835,2024-09-02,12:15:00,delivered,COD,37995.0,0,6839.1,44834.1,4,Mumbai,India
103753,14835,2024-08-12,17:24:00,delivered,Debit Card,999.0,0,179.82,1178.82,1,Mumbai,India
103754,14856,2023-09-22,23:51:00,delivered,Credit Card,8517.9,0,1533.22,10051.12,2,Mumbai,UK
103755,14867,2023-08-03,00:21:00,pending,Credit Card,11425.72,0,2056.63,13482.35,2,Mumbai,India
103756,14868,2024-06-19,14:10:00,processing,UPI,6797.0,0,1223.46,8020.46,2,Mumbai,India
103757,14869,2023-06-20,12:48:00,delivered,Credit Card,2596.0,0,467.28,3063.28,2,Mumbai,India
103758,14874,2024-01-05,20:12:00,delivered,Credit Card,18434.1,0,3318.14,21752.24,3,Mumbai,Australia
103759,14878,2023-06-07,12:35:00,delivered,COD,8555.28,0,1539.95,10095.23,2,Mumbai,India
103760,14882,2023-04-07,16:58:00,delivered,UPI,1598.0,0,287.64,1885.64,1,Mumbai,Germany
103761,14883,2024-04-20,01:55:00,delivered,Credit Card,636.84,49,114.63,800.47,2,Mumbai,UK
103762,14883,2024-03-04,05:02:00,delivered,Debit Card,1398.0,0,251.64,1649.64,1,Mumbai,UK
103763,14883,2024-02-07,08:03:00,delivered,Credit Card,4198.0,0,755.64,4953.64,2,Mumbai,UK
103764,14883,2024-02-06,02:52:00,delivered,Debit Card,12132.31,0,2183.82,14316.13,5,Mumbai,UK
103765,14883,2024-02-28,11:47:00,shipped,UPI,5498.0,0,989.64,6487.64,2,Mumbai,UK
103766,14883,2024-03-29,19:01:00,delivered,Debit Card,2387.96,0,429.83,2817.79,2,Mumbai,UK
103767,14883,2024-06-25,05:37:00,processing,Debit Card,2598.0,0,467.64,3065.64,2,Mumbai,UK
103768,14887,2022-05-02,18:52:00,pending,Wallet,2597.0,0,467.46,3064.46,2,Mumbai,USA
103769,14887,2022-04-11,05:33:00,cancelled,UPI,1998.0,0,359.64,2357.64,1,Mumbai,USA
103771,14888,2024-06-17,16:21:00,delivered,Credit Card,1997.0,0,359.46,2356.46,2,Mumbai,USA
103772,14888,2024-07-13,19:45:00,delivered,Debit Card,2513.84,0,452.49,2966.33,2,Mumbai,USA
103773,14888,2024-06-24,00:08:00,delivered,Credit Card,42252.68,0,7605.48,49858.16,4,Mumbai,USA
103775,14895,2023-07-04,13:47:00,delivered,Credit Card,2998.0,0,539.64,3537.64,1,Mumbai,Singapore
103776,14895,2023-11-01,14:52:00,delivered,Wallet,1398.0,0,251.64,1649.64,1,Mumbai,Singapore
103777,14896,2023-11-16,04:28:00,processing,Credit Card,1386.37,0,249.55,1635.92,2,Mumbai,India
103778,14896,2022-09-28,21:26:00,delivered,Credit Card,5525.2,0,994.54,6519.74,2,Mumbai,India
103779,14896,2022-09-14,07:45:00,delivered,UPI,2471.86,0,444.93,2916.79,2,Mumbai,India
103780,14899,2023-04-20,18:08:00,delivered,Credit Card,2998.0,0,539.64,3537.64,2,Mumbai,Germany
103781,14900,2023-11-30,00:57:00,delivered,COD,17541.24,0,3157.42,20698.66,3,Mumbai,USA
103782,14902,2023-10-20,11:12:00,delivered,Credit Card,2335.39,0,420.37,2755.76,2,Mumbai,UK
103783,14910,2024-02-15,12:12:00,delivered,UPI,18837.19,0,3390.69,22227.88,3,Mumbai,USA
103784,14911,2023-09-15,22:55:00,delivered,UPI,3497.0,0,629.46,4126.46,2,Mumbai,India
103785,14911,2023-01-16,06:43:00,delivered,Net Banking,8495.0,0,1529.1,10024.1,2,Mumbai,India
103786,14911,2023-05-31,20:51:00,delivered,Debit Card,7896.0,0,1421.28,9317.28,3,Mumbai,India
103787,14913,2023-06-18,01:48:00,delivered,COD,599.0,49,107.82,755.82,1,Mumbai,India
103788,14921,2022-10-15,19:23:00,delivered,Credit Card,3601.86,0,648.33,4250.19,3,Mumbai,India
103789,14922,2024-01-04,08:58:00,delivered,UPI,1797.0,0,323.46,2120.46,2,Mumbai,India
103790,14923,2023-10-26,13:27:00,returned,Wallet,20060.21,0,3610.84,23671.05,3,Mumbai,India
103791,14927,2023-06-20,09:25:00,cancelled,Debit Card,2291.97,0,412.55,2704.52,2,Mumbai,USA
103792,14927,2023-05-07,21:39:00,delivered,Debit Card,12996.0,0,2339.28,15335.28,2,Mumbai,USA
103793,14927,2022-08-29,17:37:00,delivered,Net Banking,1999.0,0,359.82,2358.82,1,Mumbai,USA
103794,14931,2024-07-10,12:56:00,delivered,Net Banking,3499.0,0,629.82,4128.82,1,Mumbai,Germany
103795,14931,2024-07-24,04:44:00,pending,Credit Card,999.0,0,179.82,1178.82,1,Mumbai,Germany
103796,14931,2024-08-05,19:41:00,delivered,Credit Card,599.0,99,107.82,805.82,1,Mumbai,Germany
103797,14931,2024-07-23,18:53:00,delivered,Debit Card,5631.66,0,1013.7,6645.36,4,Mumbai,Germany
103798,14933,2024-08-07,14:47:00,shipped,UPI,8343.71,0,1501.87,9845.58,3,Mumbai,USA
103799,14933,2024-07-30,09:15:00,processing,Credit Card,56295.0,0,10133.1,66428.1,4,Mumbai,USA
103800,14933,2024-09-23,20:27:00,delivered,Wallet,10796.51,0,1943.37,12739.88,5,Mumbai,USA
103801,14940,2023-08-24,15:56:00,delivered,Credit Card,4196.0,0,755.28,4951.28,2,Mumbai,India
103802,14955,2022-07-29,05:10:00,shipped,Credit Card,1499.0,0,269.82,1768.82,1,Mumbai,India
103803,14955,2023-05-18,10:50:00,delivered,COD,1997.0,0,359.46,2356.46,2,Mumbai,India
103804,14955,2022-09-30,07:07:00,delivered,Credit Card,5998.0,0,1079.64,7077.64,2,Mumbai,India
103805,14959,2024-08-17,06:11:00,pending,Credit Card,9296.0,0,1673.28,10969.28,3,Mumbai,UK
103806,14959,2024-04-15,10:25:00,shipped,COD,4999.0,0,899.82,5898.82,1,Mumbai,UK
103807,14959,2024-04-10,08:56:00,delivered,Credit Card,8994.0,0,1618.92,10612.92,5,Mumbai,UK
103808,14961,2024-07-18,03:07:00,delivered,Debit Card,2704.17,0,486.75,3190.92,3,Mumbai,India
103809,14961,2024-08-30,20:05:00,delivered,Credit Card,902.36,99,162.42,1163.78,1,Mumbai,India
103810,14961,2024-07-10,15:10:00,pending,Wallet,2734.19,0,492.15,3226.34,1,Mumbai,India
103811,14964,2023-06-18,23:21:00,delivered,Credit Card,12406.05,0,2233.09,14639.14,4,Mumbai,Germany
103812,14968,2023-01-28,14:51:00,delivered,Credit Card,2499.0,0,449.82,2948.82,1,Mumbai,Singapore
103813,14968,2022-07-08,19:09:00,processing,UPI,6998.0,0,1259.64,8257.64,1,Mumbai,Singapore
103815,14968,2023-03-12,13:15:00,shipped,Credit Card,16495.0,0,2969.1,19464.1,4,Mumbai,Singapore
103816,14968,2022-09-11,18:21:00,cancelled,Debit Card,3897.0,0,701.46,4598.46,2,Mumbai,Singapore
103817,14968,2022-12-15,10:26:00,returned,Debit Card,9497.0,0,1709.46,11206.46,2,Mumbai,Singapore
103818,14968,2022-11-11,19:41:00,delivered,Credit Card,14797.46,0,2663.54,17461.0,1,Mumbai,Singapore
103819,14968,2022-09-26,11:29:00,delivered,Credit Card,1299.0,0,233.82,1532.82,1,Mumbai,Singapore
103820,14968,2023-01-15,04:47:00,delivered,UPI,2604.6,0,468.83,3073.43,3,Mumbai,Singapore
103821,14972,2023-11-27,23:15:00,delivered,Credit Card,5897.0,0,1061.46,6958.46,3,Mumbai,India
103822,14972,2023-07-07,18:00:00,delivered,Credit Card,4097.0,0,737.46,4834.46,3,Mumbai,India
103823,14972,2023-10-25,17:58:00,delivered,UPI,5095.0,0,917.1,6012.1,3,Mumbai,India
103825,14978,2024-08-13,14:41:00,pending,Debit Card,2499.0,0,449.82,2948.82,1,Mumbai,Germany
103826,14978,2024-08-24,10:09:00,processing,Wallet,5296.0,0,953.28,6249.28,3,Mumbai,Germany
103827,14980,2022-10-30,12:43:00,delivered,Credit Card,188.34,149,33.9,371.24,1,Mumbai,Germany
103828,14987,2023-02-23,02:01:00,pending,Credit Card,3297.0,0,593.46,3890.46,3,Mumbai,UK
103829,14987,2023-11-21,20:47:00,delivered,Credit Card,10498.0,0,1889.64,12387.64,2,Mumbai,UK
103830,14987,2023-04-09,21:47:00,delivered,Credit Card,4999.0,0,899.82,5898.82,1,Mumbai,UK
103831,14989,2023-03-14,05:20:00,processing,Credit Card,1897.0,0,341.46,2238.46,2,Mumbai,India
103832,14989,2023-08-11,16:39:00,delivered,UPI,3499.0,0,629.82,4128.82,1,Mumbai,India
103833,14989,2023-07-28,00:31:00,delivered,Debit Card,5177.64,0,931.98,6109.62,1,Mumbai,India
103834,14992,2024-06-17,18:21:00,returned,Debit Card,1499.0,0,269.82,1768.82,1,Mumbai,UK
103835,14992,2024-08-12,17:53:00,delivered,Credit Card,15196.0,0,2735.28,17931.28,4,Mumbai,UK
103836,14995,2024-02-09,20:02:00,delivered,Credit Card,1850.6,0,333.11,2183.71,1,Mumbai,India
103837,14995,2024-03-20,23:27:00,delivered,Debit Card,7998.0,0,1439.64,9437.64,1,Mumbai,India
103838,14995,2024-02-14,06:12:00,delivered,Net Banking,1241.04,0,223.39,1464.43,2,Mumbai,India
103839,15019,2024-03-31,16:42:00,cancelled,Credit Card,38997.0,0,7019.46,46016.46,1,Mumbai,UK
103840,15019,2024-03-11,14:19:00,delivered,Credit Card,699.0,99,125.82,923.82,1,Mumbai,UK
103841,15019,2024-03-24,14:15:00,delivered,Debit Card,2222.64,0,400.08,2622.72,3,Mumbai,UK
103842,15021,2024-06-23,14:33:00,delivered,Debit Card,2096.0,0,377.28,2473.28,2,Mumbai,Germany
103843,15036,2023-08-17,05:18:00,delivered,UPI,5311.07,0,955.99,6267.06,1,Mumbai,India
103844,15037,2024-07-24,02:37:00,delivered,Debit Card,2597.0,0,467.46,3064.46,2,Mumbai,India
103845,15037,2024-07-03,20:30:00,delivered,Net Banking,1598.0,0,287.64,1885.64,1,Mumbai,India
103846,15037,2024-07-16,11:19:00,delivered,UPI,1798.0,0,323.64,2121.64,1,Mumbai,India
103847,15050,2024-06-07,14:11:00,cancelled,Debit Card,1499.0,0,269.82,1768.82,1,Mumbai,UK
103848,15054,2023-11-20,18:34:00,delivered,UPI,2997.0,0,539.46,3536.46,2,Mumbai,Singapore
103849,15054,2023-11-20,08:45:00,shipped,COD,15999.0,0,2879.82,18878.82,1,Mumbai,Singapore
103850,15056,2024-04-26,12:54:00,delivered,Debit Card,2524.04,0,454.33,2978.37,2,Mumbai,India
103851,15056,2024-06-19,17:30:00,shipped,Debit Card,7289.98,0,1312.2,8602.18,2,Mumbai,India
103852,15056,2024-04-22,18:08:00,delivered,UPI,7999.0,0,1439.82,9438.82,1,Mumbai,India
103853,15056,2024-08-01,04:06:00,returned,Debit Card,3497.03,0,629.47,4126.5,1,Mumbai,India
103854,15056,2024-05-09,18:05:00,delivered,UPI,499.0,49,89.82,637.82,1,Mumbai,India
103855,15056,2024-05-30,02:59:00,delivered,Credit Card,1299.0,0,233.82,1532.82,1,Mumbai,India
103856,15056,2024-07-06,04:40:00,delivered,Credit Card,28964.71,0,5213.65,34178.36,5,Mumbai,India
103857,15056,2024-05-27,22:07:00,shipped,Net Banking,5646.96,0,1016.45,6663.41,1,Mumbai,India
103858,15056,2024-05-11,23:49:00,delivered,Credit Card,2499.0,0,449.82,2948.82,1,Mumbai,India
103859,,2024-06-06,22:33:00,returned,Debit Card,799.0,149,143.82,1091.82,1,Mumbai,India
103860,15057,2024-05-16,16:20:00,processing,UPI,999.0,0,179.82,1178.82,1,Mumbai,India
103861,15062,2023-08-06,23:32:00,delivered,Net Banking,4701.72,0,846.31,5548.03,4,Mumbai,USA
103862,15075,2023-03-12,07:03:00,delivered,Debit Card,998.0,149,179.64,1326.64,1,Mumbai,India
103863,15075,2023-05-12,08:22:00,processing,Credit Card,4695.0,0,845.1,-5540.1,3,Mumbai,India
103864,15075,2022-09-16,06:30:00,delivered,Credit Card,20803.36,0,3744.6,24547.96,5,Mumbai,India
103865,15075,2022-07-23,05:41:00,processing,Credit Card,5144.86,0,926.07,6070.93,2,Mumbai,India
103866,15075,2022-07-02,16:03:00,processing,Credit Card,5497.0,0,989.46,6486.46,2,Mumbai,India
103867,15075,2022-08-03,13:33:00,delivered,COD,5999.0,0,1079.82,7078.82,1,Mumbai,India
103868,15080,2023-01-03,23:55:00,shipped,Debit Card,999.0,0,179.82,1178.82,1,Mumbai,India
103869,15090,2023-03-21,22:41:00,delivered,UPI,27996.0,0,5039.28,33035.28,2,Mumbai,India
103870,15093,2023-04-16,21:28:00,delivered,Credit Card,499.0,49,89.82,637.82,1,Mumbai,India
103871,15093,2023-07-22,05:50:00,delivered,Wallet,50597.0,0,9107.46,59704.46,2,Mumbai,India
103872,15093,2023-07-18,08:49:00,returned,Debit Card,22758.71,0,4096.57,26855.28,1,Mumbai,India
103874,15099,2023-06-24,16:30:00,delivered,Credit Card,822.45,99,148.04,1069.49,1,Mumbai,Canada
103875,15100,2023-09-28,17:05:00,delivered,Wallet,6560.02,0,1180.8,7740.82,3,Mumbai,Canada
103876,15100,2024-02-03,10:32:00,delivered,Credit Card,6998.0,0,1259.64,8257.64,1,Mumbai,Canada
103877,15102,2023-09-01,21:41:00,delivered,UPI,1398.0,0,251.64,1649.64,1,Mumbai,Canada
103878,15102,2023-03-24,14:03:00,delivered,Debit Card,998.0,49,179.64,1226.64,1,Mumbai,Canada
103879,15102,2023-09-11,11:47:00,delivered,Credit Card,51497.0,0,9269.46,60766.46,2,Mumbai,Canada
103880,15103,2024-03-23,04:28:00,delivered,UPI,1193.24,0,214.78,1408.02,1,Mumbai,Germany
103882,15103,2024-02-08,04:32:00,delivered,Debit Card,1499.0,0,269.82,1768.82,1,Mumbai,Germany
103883,15103,2023-11-12,19:24:00,shipped,Wallet,8381.06,0,1508.59,9889.65,2,Mumbai,Germany
103884,15103,2023-10-07,22:19:00,pending,Credit Card,4498.0,0,809.64,5307.64,2,Mumbai,Germany
103885,15103,2023-12-29,17:05:00,shipped,Credit Card,597.0,49,107.46,753.46,1,Mumbai,Germany
103886,15103,2024-02-23,01:50:00,delivered,Credit Card,5999.0,0,1079.82,7078.82,1,Mumbai,Germany
103887,15103,2024-03-18,02:34:00,delivered,Credit Card,1499.0,0,269.82,1768.82,1,Mumbai,Germany
103888,15103,2024-01-22,09:11:00,delivered,UPI,499.0,99,89.82,687.82,1,Mumbai,Germany
103889,15103,2023-12-07,06:46:00,pending,Wallet,7498.0,0,1349.64,8847.64,2,Mumbai,Germany
103891,15103,2024-03-22,22:18:00,delivered,UPI,4798.0,0,863.64,5661.64,2,Mumbai,Germany
103892,15105,2024-03-30,06:41:00,shipped,Credit Card,10795.0,0,1943.1,12738.1,5,Mumbai,India
103893,15105,2024-03-01,07:47:00,delivered,UPI,599.0,99,107.82,805.82,1,Mumbai,India
103894,15105,2025-06-15,23:16:00,delivered,Credit Card,743.11,99,133.76,975.87,1,Mumbai,India
103895,15105,2024-05-21,06:35:00,pending,Net Banking,999.0,0,179.82,1178.82,1,Mumbai,India
103896,15105,2024-03-15,17:18:00,shipped,Net Banking,5999.0,0,1079.82,7078.82,1,Mumbai,India
103897,15107,2024-02-01,22:16:00,delivered,Wallet,17397.0,0,3131.46,20528.46,3,Mumbai,India
103898,15109,2022-07-28,03:06:00,shipped,Credit Card,6998.0,0,1259.64,8257.64,2,Mumbai,India
103901,15115,2022-09-10,19:39:00,delivered,Debit Card,11695.0,0,2105.1,13800.1,4,Mumbai,India
103902,15117,2024-07-06,15:21:00,delivered,Credit Card,3596.0,0,647.28,4243.28,2,Mumbai,India
103903,15128,2023-07-15,03:10:00,delivered,Debit Card,1499.0,0,269.82,1768.82,1,Mumbai,Singapore
103904,15128,2023-07-20,09:24:00,returned,Debit Card,21735.19,0,3912.33,25647.52,5,Mumbai,Singapore
103905,15128,2023-11-27,11:47:00,shipped,UPI,1198.0,0,215.64,1413.64,2,Mumbai,Singapore
103906,15132,2023-04-29,01:59:00,processing,Net Banking,1366.19,0,245.91,1612.1,1,Mumbai,UK
103907,15136,2022-08-11,06:08:00,delivered,Debit Card,15403.84,0,2772.69,18176.53,5,Mumbai,India
103908,15137,2025-06-15,19:52:00,shipped,Debit Card,1745.06,0,314.11,2059.17,1,Mumbai,India
103909,15137,2023-12-09,13:18:00,delivered,Debit Card,899.0,49,161.82,1109.82,1,Mumbai,India
103910,15137,2023-07-18,01:34:00,delivered,UPI,7086.88,0,1275.64,8362.52,3,Mumbai,India
103911,15137,2023-06-16,15:57:00,delivered,Debit Card,3596.81,0,647.43,4244.24,3,Mumbai,India
103912,15142,2023-02-12,21:41:00,shipped,Wallet,30095.0,0,5417.1,35512.1,4,Mumbai,India
103913,15148,2024-03-28,05:41:00,delivered,Debit Card,2499.0,0,449.82,2948.82,1,Mumbai,India
103915,15166,2023-04-09,05:49:00,delivered,Debit Card,799.0,149,143.82,1091.82,1,Mumbai,India
103916,15166,2023-10-07,08:58:00,delivered,Credit Card,8065.05,0,1451.71,9516.76,5,Mumbai,India
103917,15166,2023-07-27,05:47:00,shipped,UPI,4999.0,0,899.82,5898.82,1,Mumbai,India
103918,15168,2022-06-23,02:10:00,delivered,Net Banking,5468.76,0,984.38,6453.14,2,Mumbai,USA
103919,15168,2023-04-09,04:24:00,delivered,Debit Card,10096.0,0,1817.28,11913.28,4,Mumbai,USA
103920,15168,2022-05-31,19:35:00,delivered,Credit Card,4323.44,0,778.22,5101.66,1,Mumbai,USA
103921,15171,2023-08-26,08:04:00,delivered,Credit Card,14195.0,0,2555.1,16750.1,4,Mumbai,Germany
103922,15171,2022-09-24,19:24:00,returned,Debit Card,7998.0,0,1439.64,9437.64,1,Mumbai,Germany
103924,15171,2023-03-12,22:32:00,delivered,Debit Card,14298.0,0,2573.64,16871.64,2,Mumbai,Germany
103925,15171,2022-11-12,15:29:00,delivered,Wallet,19497.0,0,3509.46,23006.46,2,Mumbai,Germany
103926,15171,2022-07-23,03:17:00,delivered,Net Banking,8596.0,0,1547.28,10143.28,2,Mumbai,Germany
103927,15171,2023-04-26,22:52:00,shipped,Debit Card,999.0,0,179.82,1178.82,1,Mumbai,Germany
103928,15171,2022-05-26,04:19:00,delivered,Debit Card,7998.0,0,1439.64,9437.64,2,Mumbai,Germany
103929,15171,2022-07-21,22:50:00,delivered,Net Banking,12109.56,0,2179.72,14289.28,3,Mumbai,Germany
103930,15171,2022-08-30,15:37:00,processing,Credit Card,50997.0,0,9179.46,60176.46,2,Mumbai,Germany
103931,15171,2023-09-06,03:08:00,delivered,Debit Card,5049.64,0,908.94,5958.58,3,Mumbai,Germany
103932,15171,2022-06-29,04:06:00,delivered,Credit Card,4398.0,0,791.64,5189.64,2,Mumbai,Germany
103933,15171,2023-04-24,22:26:00,processing,Wallet,699.0,49,125.82,873.82,1,Mumbai,Germany
103934,15171,2022-09-05,01:57:00,delivered,Net Banking,24206.35,0,4357.14,28563.49,3,Mumbai,Germany
103935,15171,2022-06-11,08:57:00,delivered,Wallet,14568.89,0,2622.4,17191.29,2,Mumbai,Germany
103936,15174,2024-05-27,12:12:00,processing,Debit Card,699.0,149,125.82,973.82,1,Mumbai,India
103937,15180,2023-04-27,11:11:00,delivered,UPI,4697.0,0,845.46,5542.46,2,Mumbai,Canada
103938,15182,2023-03-26,22:10:00,delivered,Wallet,599.0,99,107.82,805.82,1,Mumbai,India
103939,15190,2023-06-01,03:02:00,delivered,Net Banking,5330.17,0,959.43,6289.6,5,Mumbai,Germany
103940,15206,2024-05-31,21:08:00,shipped,UPI,4265.47,0,767.78,5033.25,2,Mumbai,India
103941,15215,2024-10-01,22:16:00,delivered,Net Banking,3499.0,0,629.82,4128.82,1,Mumbai,Singapore
103942,15218,2023-08-26,14:38:00,pending,Debit Card,599.0,99,107.82,805.82,1,Mumbai,India
103943,15221,2024-08-15,00:24:00,delivered,UPI,18340.5,0,3301.29,21641.79,2,Mumbai,Australia
103945,15223,2024-02-01,12:07:00,delivered,Net Banking,15993.0,0,2878.74,18871.74,4,Mumbai,Germany
103946,15245,2023-10-29,01:22:00,returned,UPI,19753.7,0,3555.67,23309.37,2,Mumbai,India
103947,15245,2024-02-15,22:26:00,shipped,Wallet,13297.0,0,2393.46,15690.46,2,Mumbai,India
103948,15245,2024-03-06,15:54:00,delivered,Debit Card,3499.0,0,629.82,4128.82,1,Mumbai,India
103949,15247,2022-04-19,09:53:00,processing,UPI,1499.0,0,269.82,1768.82,1,Mumbai,USA
103950,15247,2022-10-12,12:30:00,shipped,Credit Card,4495.0,0,809.1,5304.1,4,Mumbai,USA
103951,15247,2023-01-02,23:37:00,delivered,UPI,398.0,49,71.64,518.64,1,Mumbai,USA
103952,15247,2022-07-26,09:01:00,cancelled,UPI,4260.85,0,766.95,5027.8,2,Mumbai,USA
103953,15247,2022-08-16,22:26:00,delivered,Credit Card,6371.97,0,1146.95,7518.92,4,Mumbai,USA
103955,15247,2023-08-25,00:18:00,delivered,UPI,599.0,49,107.82,755.82,1,Mumbai,USA
103956,15247,2022-03-24,14:47:00,delivered,COD,2697.0,0,485.46,3182.46,2,Mumbai,USA
103957,15247,2022-11-29,01:34:00,delivered,Wallet,12296.0,0,2213.28,14509.28,3,Mumbai,USA
103958,15247,2022-06-29,19:13:00,delivered,Debit Card,999.0,0,179.82,1178.82,1,Mumbai,USA
103959,15247,2023-01-12,02:53:00,delivered,Credit Card,1598.0,0,287.64,1885.64,2,Mumbai,USA
103960,15247,2022-08-11,19:20:00,delivered,Credit Card,699.0,49,125.82,873.82,1,Mumbai,USA
103961,15253,2023-12-31,19:58:00,delivered,COD,3274.58,0,589.42,3864.0,3,Mumbai,UK
103962,15253,2023-07-11,11:02:00,delivered,Debit Card,1398.0,0,251.64,1649.64,1,Mumbai,UK
103963,15253,2023-07-10,20:09:00,delivered,Credit Card,10111.67,0,1820.1,11931.77,2,Mumbai,UK
103964,15253,2023-10-05,01:52:00,delivered,UPI,3796.0,0,683.28,4479.28,2,Mumbai,UK
103965,15253,2023-10-13,01:56:00,delivered,Credit Card,1499.0,0,269.82,1768.82,1,Mumbai,UK
103966,15253,2024-04-20,00:33:00,delivered,Wallet,1999.0,0,359.82,2358.82,1,Mumbai,UK
103967,15257,2024-04-27,07:29:00,delivered,Debit Card,1398.0,0,251.64,1649.64,1,Mumbai,India
103968,15262,2024-03-21,21:43:00,delivered,Credit Card,999.0,0,179.82,1178.82,1,Mumbai,India
103969,15262,2024-05-15,05:00:00,delivered,COD,799.0,99,143.82,1041.82,1,Mumbai,India
103970,15262,2024-03-26,19:33:00,delivered,UPI,20496.0,0,3689.28,24185.28,2,Mumbai,India
103972,15267,2023-07-26,15:40:00,shipped,Debit Card,2056.71,0,370.21,2426.92,2,Mumbai,USA
103973,15267,2023-11-20,19:42:00,delivered,Wallet,2497.0,0,449.46,2946.46,2,Mumbai,USA
103974,15267,2024-03-03,12:37:00,delivered,Wallet,10497.0,0,1889.46,12386.46,1,Mumbai,USA
103975,15267,2023-09-04,05:32:00,delivered,Net Banking,6654.89,0,1197.88,7852.77,2,Mumbai,USA
103977,15267,2023-12-05,08:38:00,delivered,Credit Card,699.0,149,125.82,973.82,1,Mumbai,USA
103978,15267,2023-11-02,18:04:00,delivered,Credit Card,11260.2,0,2026.84,13287.04,3,Mumbai,USA
103979,15267,2024-04-16,16:58:00,delivered,Credit Card,999.0,0,179.82,1178.82,1,Mumbai,USA
103980,15267,2023-07-27,23:19:00,delivered,COD,9880.8,0,1778.54,11659.34,4,Mumbai,USA
103981,15267,2023-10-18,03:51:00,delivered,Debit Card,7469.88,0,1344.58,8814.46,1,Mumbai,USA
103982,15267,2023-11-09,10:36:00,delivered,COD,7123.64,0,1282.26,8405.9,5,Mumbai,USA
103984,15267,2023-09-19,12:51:00,shipped,Wallet,1329.86,0,239.37,1569.23,1,Mumbai,USA
103985,15267,2024-05-02,18:15:00,delivered,Debit Card,599.0,49,107.82,755.82,1,Mumbai,USA
103986,15267,2024-04-22,11:01:00,delivered,Credit Card,1499.0,0,269.82,1768.82,1,Mumbai,USA
103987,15267,2024-01-25,13:56:00,delivered,Credit Card,6596.0,0,1187.28,7783.28,3,Mumbai,USA
103988,15267,2023-10-22,03:27:00,delivered,UPI,2135.72,0,384.43,2520.15,2,Mumbai,USA
103989,15267,2023-09-20,21:09:00,delivered,Credit Card,1298.0,0,233.64,1531.64,2,Mumbai,USA
103991,15267,2023-10-10,08:49:00,delivered,Credit Card,4497.0,0,809.46,5306.46,1,Mumbai,USA
103992,15267,2023-09-17,08:29:00,processing,Credit Card,5998.0,0,1079.64,7077.64,1,Mumbai,USA
103993,15267,2023-10-24,13:41:00,delivered,Credit Card,699.0,149,125.82,973.82,1,Mumbai,USA
103994,15267,2023-11-14,17:22:00,shipped,COD,1198.0,0,215.64,1413.64,1,Mumbai,USA
103995,15267,2023-10-05,18:47:00,cancelled,Credit Card,18296.0,0,3293.28,21589.28,3,Mumbai,USA
103996,15267,2023-12-30,09:24:00,delivered,Credit Card,1097.0,0,197.46,1294.46,2,Mumbai,USA
103998,15267,2023-09-27,00:34:00,delivered,UPI,599.0,149,107.82,855.82,1,Mumbai,USA
104000,15267,2023-07-21,21:13:00,delivered,Credit Card,2997.0,0,539.46,3536.46,2,Mumbai,USA
104003,15267,2024-03-31,14:13:00,delivered,Debit Card,3698.82,0,665.79,4364.61,1,Mumbai,USA
104005,15267,2023-11-17,17:45:00,delivered,UPI,16997.0,0,3059.46,20056.46,3,Mumbai,USA
104006,15267,2023-09-29,11:15:00,delivered,UPI,1299.0,0,233.82,1532.82,1,Mumbai,USA
104008,15267,2024-01-23,12:39:00,delivered,UPI,3198.4,0,575.71,3774.11,2,Mumbai,USA
104009,15267,2024-01-09,09:04:00,returned,UPI,6896.0,0,1241.28,8137.28,4,Mumbai,USA
104010,15267,2023-12-01,15:34:00,delivered,Net Banking,5999.0,0,1079.82,7078.82,1,Mumbai,USA
104011,15267,2023-09-19,03:01:00,delivered,Credit Card,499.0,149,89.82,737.82,1,Mumbai,USA
104012,15267,2023-12-04,05:40:00,delivered,Wallet,20378.31,0,3668.1,24046.41,4,Mumbai,USA
104013,15267,2024-02-06,03:28:00,shipped,Debit Card,17498.0,0,3149.64,20647.64,2,Mumbai,USA
104014,15267,2023-10-13,13:39:00,delivered,Credit Card,1299.0,0,233.82,1532.82,1,Mumbai,USA
104015,15267,2023-10-28,19:26:00,pending,Credit Card,10177.35,0,1831.92,12009.27,5,Mumbai,USA
104016,15267,2023-11-02,20:04:00,delivered,Debit Card,5653.04,0,1017.55,6670.59,2,Mumbai,USA
104017,15267,2023-09-01,19:19:00,cancelled,Wallet,699.0,99,125.82,923.82,1,Mumbai,USA
104018,15267,2023-08-03,05:22:00,pending,Wallet,6097.0,0,1097.46,7194.46,2,Mumbai,USA
104019,15267,2023-12-09,01:04:00,delivered,Debit Card,1499.0,0,269.82,1768.82,1,Mumbai,USA
104020,15267,2024-01-08,05:13:00,delivered,Net Banking,12848.68,0,2312.76,15161.44,2,Mumbai,USA
104021,15267,2023-12-19,14:32:00,delivered,Debit Card,4697.0,0,845.46,5542.46,3,Mumbai,USA
104022,15267,2023-10-12,20:43:00,cancelled,UPI,5897.0,0,1061.46,6958.46,3,Mumbai,USA
104023,15267,2023-08-09,09:07:00,processing,Credit Card,1798.0,0,323.64,2121.64,1,Mumbai,USA
104024,15267,2024-03-18,15:05:00,delivered,Debit Card,699.0,149,125.82,973.82,1,Mumbai,USA
104025,15267,2023-11-21,23:44:00,delivered,Credit Card,18183.48,0,3273.03,21456.51,3,Mumbai,USA
104026,15267,2023-10-13,12:48:00,delivered,Debit Card,7042.64,0,1267.68,8310.32,3,Mumbai,USA
104027,15267,2023-09-09,21:18:00,processing,Debit Card,1999.0,0,359.82,2358.82,1,Mumbai,USA
104028,15267,2024-03-20,17:05:00,delivered,Credit Card,2499.0,0,449.82,2948.82,1,Mumbai,USA
104029,15267,2024-02-11,15:24:00,processing,Credit Card,12997.0,0,2339.46,15336.46,2,Mumbai,USA
104031,15267,2023-09-08,16:13:00,shipped,Debit Card,26997.0,0,4859.46,31856.46,3,Mumbai,USA
104032,15267,2023-08-03,08:59:00,shipped,Debit Card,3297.0,0,593.46,3890.46,2,Mumbai,USA
104033,15267,2023-10-17,01:33:00,delivered,Credit Card,15178.24,0,2732.08,17910.32,2,Mumbai,USA
104034,15267,2024-04-12,02:41:00,shipped,UPI,1125.84,0,202.65,1328.49,1,Mumbai,USA
104035,15267,2023-07-23,22:42:00,delivered,UPI,599.0,49,107.82,755.82,1,Mumbai,USA
104036,15267,2023-09-23,14:53:00,delivered,UPI,26757.13,0,4816.28,31573.41,5,Mumbai,USA
104037,15267,2024-01-17,23:56:00,pending,Credit Card,343.76,49,61.88,454.64,1,Mumbai,USA
104038,15269,2024-01-09,11:50:00,returned,Credit Card,1598.0,0,287.64,1885.64,2,Mumbai,Germany
104039,15269,2023-12-05,23:21:00,delivered,COD,699.0,99,125.82,923.82,1,Mumbai,Germany
104040,15269,2023-12-15,06:34:00,shipped,Credit Card,14597.0,0,2627.46,17224.46,2,Mumbai,Germany
104041,15269,2024-02-13,10:09:00,delivered,Wallet,29556.72,0,5320.21,34876.93,3,Mumbai,Germany
104042,15269,2024-02-02,18:56:00,delivered,Credit Card,891.53,99,160.48,1151.01,1,Mumbai,Germany
104043,15269,2024-02-06,03:01:00,delivered,UPI,3499.0,0,629.82,4128.82,1,Mumbai,Germany
104044,15269,2025-06-15,02:27:00,shipped,Credit Card,4998.0,0,899.64,5897.64,1,Mumbai,Germany
104045,15273,2024-05-15,13:40:00,delivered,Debit Card,3170.63,0,570.71,3741.34,2,Mumbai,India
104046,15273,2024-03-21,06:32:00,delivered,Wallet,899.0,99,161.82,1159.82,1,Mumbai,India
104047,15273,2024-06-02,23:35:00,cancelled,UPI,2598.0,0,467.64,3065.64,1,Mumbai,India
104048,15273,2024-04-06,18:25:00,shipped,Debit Card,2998.0,0,539.64,3537.64,1,Mumbai,India
104049,15273,2024-03-15,03:18:00,shipped,UPI,7596.0,0,1367.28,8963.28,3,Mumbai,India
104050,15273,2024-04-12,07:17:00,cancelled,UPI,599.0,149,107.82,855.82,1,Mumbai,India
104051,15273,2024-05-06,14:22:00,delivered,Debit Card,4392.56,0,790.66,5183.22,1,Mumbai,India
104052,15273,2024-05-07,08:58:00,shipped,Wallet,4998.0,0,899.64,5897.64,1,Mumbai,India
104053,15273,2024-06-18,05:34:00,delivered,Credit Card,6229.12,0,1121.24,7350.36,1,Mumbai,India
104054,15273,2024-08-09,21:01:00,pending,Wallet,16998.0,0,3059.64,20057.64,2,Mumbai,India
104055,15273,2024-06-07,17:20:00,delivered,Credit Card,599.0,99,107.82,805.82,1,Mumbai,India
104056,15273,2024-02-24,04:16:00,delivered,UPI,9495.0,0,1709.1,11204.1,4,Mumbai,India
104057,15273,2024-03-30,14:56:00,delivered,Debit Card,32068.41,0,5772.31,37840.72,3,Mumbai,India
104058,15273,2024-05-23,12:02:00,delivered,Debit Card,7025.88,0,1264.66,8290.54,2,Mumbai,India
104059,15273,2024-04-28,15:59:00,delivered,Debit Card,14748.41,0,2654.71,17403.12,1,Mumbai,India
104060,15281,2023-08-15,12:14:00,processing,Credit Card,3942.34,0,709.62,4651.96,2,Mumbai,Australia
104061,15284,2023-08-04,20:52:00,returned,UPI,25998.0,0,4679.64,30677.64,1,Mumbai,India
104062,15284,2023-06-17,20:44:00,delivered,Credit Card,1398.0,0,251.64,1649.64,1,Mumbai,India
104063,15284,2023-05-28,01:36:00,pending,Wallet,999.0,0,179.82,1178.82,1,Mumbai,India
104064,15284,2023-10-09,12:01:00,delivered,UPI,799.0,149,143.82,1091.82,1,Mumbai,India
104065,15284,2024-01-08,13:58:00,cancelled,Debit Card,10497.0,0,1889.46,12386.46,3,Mumbai,India
104066,15284,2023-04-08,00:23:00,delivered,Net Banking,8563.73,0,1541.47,10105.2,2,Mumbai,India
104067,15296,2023-11-25,02:19:00,processing,Debit Card,3999.0,0,719.82,4718.82,1,Mumbai,Australia
104068,15298,2024-02-21,05:35:00,delivered,Credit Card,4252.86,0,765.51,5018.37,3,Mumbai,India
104069,15303,2024-02-10,02:55:00,shipped,Debit Card,1998.0,0,359.64,2357.64,1,Mumbai,UK
104070,15303,2024-02-25,19:36:00,delivered,Credit Card,597.0,49,107.46,753.46,1,Mumbai,UK
104071,15303,2024-03-28,11:17:00,delivered,UPI,5014.82,0,902.67,5917.49,2,Mumbai,UK
104072,15303,2024-03-01,09:43:00,processing,Wallet,2560.31,0,460.86,3021.17,1,Mumbai,UK
104073,15303,2024-03-29,22:21:00,delivered,UPI,546.06,49,98.29,693.35,1,Mumbai,UK
104074,15303,2024-03-02,03:00:00,shipped,UPI,712.37,49,128.23,889.6,1,Mumbai,UK
104075,15303,2024-01-24,03:48:00,delivered,Debit Card,2499.0,0,449.82,2948.82,1,Mumbai,UK
104076,15303,2024-01-29,05:22:00,delivered,Debit Card,14694.0,0,2644.92,17338.92,4,Mumbai,UK
104077,15303,2024-04-16,23:32:00,shipped,UPI,1404.02,0,252.72,1656.74,2,Mumbai,UK
104078,15303,2024-01-27,17:13:00,delivered,Net Banking,2743.14,0,493.77,3236.91,2,Mumbai,UK
104079,15303,2025-06-15,04:49:00,returned,Net Banking,24999.0,0,4499.82,29498.82,1,Mumbai,UK
104080,15303,2024-02-25,05:30:00,shipped,Net Banking,23997.0,0,4319.46,28316.46,1,Mumbai,UK
104081,15311,2024-07-04,00:55:00,delivered,Credit Card,699.0,49,125.82,873.82,1,Mumbai,UK
104082,15311,2024-05-30,11:16:00,delivered,Net Banking,2598.0,0,467.64,3065.64,1,Mumbai,UK
104083,15311,2024-07-14,16:46:00,delivered,Net Banking,7553.38,0,1359.61,8912.99,2,Mumbai,UK
104084,15311,2024-05-23,07:00:00,delivered,Net Banking,5697.0,0,1025.46,6722.46,2,Mumbai,UK
104085,15311,2024-05-30,13:18:00,cancelled,Debit Card,1598.0,0,287.64,1885.64,2,Mumbai,UK
104086,15311,2024-06-21,02:27:00,delivered,Credit Card,15697.0,0,2825.46,18522.46,3,Mumbai,UK
104088,15316,2024-07-01,17:14:00,delivered,Wallet,8795.0,0,1583.1,10378.1,4,Mumbai,India
104089,15332,2024-06-09,16:45:00,delivered,UPI,11998.0,0,2159.64,14157.64,1,Mumbai,UK
104090,15341,2023-08-09,23:36:00,delivered,Credit Card,599.0,149,107.82,855.82,1,Mumbai,India
104091,15348,2024-03-28,06:29:00,delivered,Net Banking,999.0,0,179.82,1178.82,1,Mumbai,India
104092,15365,2024-10-29,00:01:00,delivered,Debit Card,4597.0,0,827.46,5424.46,2,Mumbai,USA
104093,15365,2024-10-28,16:42:00,shipped,UPI,1398.0,0,251.64,1649.64,1,Mumbai,USA
104095,15377,2024-06-27,19:23:00,shipped,Net Banking,13276.95,0,2389.85,15666.8,4,Mumbai,India
104096,15377,2024-07-07,02:05:00,delivered,Debit Card,3624.69,0,652.44,4277.13,1,Mumbai,India
104097,15377,2024-07-30,23:09:00,shipped,UPI,9211.9,0,1658.14,10870.04,1,Mumbai,India
104098,15383,2023-05-03,08:24:00,delivered,Debit Card,5999.0,0,1079.82,7078.82,1,Mumbai,India
104099,15385,2023-04-28,06:44:00,cancelled,Credit Card,899.0,49,161.82,1109.82,1,Mumbai,USA
104100,15385,2023-09-29,14:10:00,delivered,Credit Card,799.0,99,143.82,1041.82,1,Mumbai,USA
104101,15385,2023-02-03,17:37:00,delivered,UPI,254.52,99,45.81,399.33,1,Mumbai,USA
104102,15392,2023-01-17,10:13:00,delivered,Net Banking,1998.0,0,359.64,2357.64,1,Mumbai,USA
104103,15392,2023-05-10,04:27:00,returned,Wallet,4413.17,0,794.37,5207.54,1,Mumbai,USA
104104,15392,2023-01-23,08:42:00,delivered,Credit Card,919.63,99,165.53,1184.16,1,Mumbai,USA
104105,15392,2023-05-29,04:02:00,delivered,UPI,598.0,99,107.64,804.64,1,Mumbai,USA
104106,15392,2022-07-10,20:36:00,returned,UPI,4897.0,0,881.46,5778.46,3,Mumbai,USA
104107,15392,2023-08-29,03:41:00,returned,Wallet,18807.84,0,3385.41,22193.25,3,Mumbai,USA
104108,15394,2022-06-22,05:22:00,shipped,Net Banking,18395.0,0,3311.1,21706.1,4,Mumbai,USA
104109,15399,2023-04-27,17:06:00,delivered,UPI,9341.7,0,1681.51,11023.21,3,Mumbai,India
104110,15399,2023-06-15,21:31:00,delivered,Debit Card,899.0,49,161.82,1109.82,1,Mumbai,India
104111,15399,2023-02-11,18:37:00,delivered,Net Banking,9997.0,0,1799.46,11796.46,2,Mumbai,India
104112,15399,2023-02-18,13:27:00,delivered,Net Banking,9993.84,0,1798.89,11792.73,3,Mumbai,India
104113,15399,2023-03-20,06:55:00,delivered,Credit Card,4297.0,0,773.46,5070.46,3,Mumbai,India
104114,15399,2023-02-05,16:44:00,delivered,UPI,2097.0,0,377.46,2474.46,2,Mumbai,India
104115,15402,2024-10-22,11:59:00,delivered,UPI,16396.0,0,2951.28,19347.28,3,Mumbai,India
104116,15408,2024-06-01,07:08:00,delivered,Wallet,7292.61,0,1312.67,8605.28,3,Mumbai,India
104117,15408,2024-05-10,15:57:00,delivered,COD,899.0,99,161.82,1159.82,1,Mumbai,India
104118,15408,2024-06-27,13:36:00,processing,UPI,4697.0,0,845.46,5542.46,3,Mumbai,India
104119,15410,2024-09-23,02:24:00,delivered,Credit Card,7053.96,0,1269.71,8323.67,3,Mumbai,India
104120,15421,2023-04-05,16:59:00,delivered,Debit Card,1299.0,0,233.82,1532.82,1,Mumbai,India
104121,15421,2023-03-03,00:18:00,delivered,UPI,12595.0,0,2267.1,14862.1,3,Mumbai,India
104122,15421,2023-06-04,08:29:00,delivered,Wallet,699.0,49,125.82,873.82,1,Mumbai,India
104123,15421,2023-12-26,11:45:00,delivered,UPI,2340.94,0,421.37,2762.31,1,Mumbai,India
104125,15422,2024-08-02,00:46:00,delivered,UPI,9197.0,0,1655.46,10852.46,2,Mumbai,USA
104126,15422,2024-04-19,07:20:00,delivered,Wallet,5537.64,0,996.78,6534.42,2,Mumbai,USA
104127,15422,2024-04-23,00:42:00,delivered,Credit Card,3664.28,0,659.57,4323.85,1,Mumbai,USA
104128,15422,2024-02-02,15:52:00,delivered,Debit Card,4997.0,0,899.46,5896.46,2,Mumbai,USA
104129,15422,2023-12-23,19:20:00,delivered,Debit Card,1999.0,0,359.82,2358.82,1,Mumbai,USA
104130,15422,2023-12-04,03:06:00,delivered,Debit Card,808.54,149,145.54,1103.08,1,Mumbai,USA
104131,15422,2023-11-30,18:40:00,shipped,COD,1598.0,0,287.64,1885.64,1,Mumbai,USA
104132,15422,2023-12-03,11:32:00,shipped,COD,499.0,149,89.82,737.82,1,Mumbai,USA
104133,15422,2024-03-24,17:25:00,delivered,Net Banking,49996.0,0,8999.28,58995.28,2,Mumbai,USA
104134,15422,2024-02-11,02:36:00,delivered,Credit Card,3849.73,0,692.95,4542.68,1,Mumbai,USA
104135,15424,2024-05-30,14:43:00,delivered,Net Banking,4998.0,0,899.64,5897.64,1,Mumbai,India
104136,15424,2024-03-27,01:18:00,delivered,COD,699.0,49,125.82,873.82,1,Mumbai,India
104137,15424,2024-04-25,07:53:00,delivered,Credit Card,9595.0,0,1727.1,11322.1,3,Mumbai,India
104138,15434,2023-12-17,08:26:00,delivered,Credit Card,5123.94,0,922.31,6046.25,2,Mumbai,India
104139,15434,2024-02-09,00:30:00,shipped,COD,899.0,99,161.82,1159.82,1,Mumbai,India
104140,15434,2023-02-14,08:27:00,cancelled,Debit Card,11793.02,0,2122.74,13915.76,2,Mumbai,India
104141,15434,2023-10-25,06:00:00,pending,Debit Card,562.2,149,101.2,812.4,1,Mumbai,India
104142,15434,2023-12-26,20:39:00,cancelled,UPI,23046.01,0,4148.28,27194.29,2,Mumbai,India
104143,15435,2024-04-03,09:34:00,pending,Credit Card,1798.0,0,323.64,2121.64,1,Mumbai,Singapore
104144,15436,2024-06-14,23:39:00,processing,Debit Card,13596.0,0,2447.28,16043.28,3,Mumbai,India
104146,15444,2023-07-04,00:29:00,pending,Debit Card,7891.0,0,1420.38,9311.38,4,Mumbai,Germany
104147,15451,2022-06-01,15:40:00,shipped,COD,29553.46,0,5319.62,34873.08,2,Mumbai,India
104148,15451,2022-10-20,04:55:00,delivered,Net Banking,51497.0,0,9269.46,60766.46,2,Mumbai,India
104149,15451,2022-04-22,09:10:00,delivered,Net Banking,2499.0,0,449.82,2948.82,1,Mumbai,India
104150,15452,2022-05-01,01:35:00,delivered,Credit Card,1481.3,0,266.63,1747.93,2,Mumbai,Australia
104151,15457,2022-10-24,15:28:00,delivered,Net Banking,2998.0,0,539.64,3537.64,1,Mumbai,UK
104152,15457,2023-05-29,20:41:00,delivered,Debit Card,1499.0,0,269.82,1768.82,1,Mumbai,UK
104153,15457,2023-04-28,09:18:00,delivered,Credit Card,1999.0,0,359.82,2358.82,1,Mumbai,UK
104154,15457,2022-09-26,07:12:00,delivered,Wallet,1841.34,0,331.44,2172.78,2,Mumbai,UK
104155,15457,2022-04-04,17:17:00,delivered,Net Banking,9404.06,0,1692.73,11096.79,5,Mumbai,UK
104156,15457,2022-03-08,20:58:00,delivered,Debit Card,899.0,149,161.82,1209.82,1,Mumbai,UK
104157,15457,2022-05-27,18:24:00,shipped,UPI,4297.0,0,773.46,5070.46,2,Mumbai,UK
104158,15458,2024-05-04,03:13:00,delivered,Net Banking,1198.0,0,215.64,1413.64,1,Mumbai,USA
104159,15459,2023-08-14,02:15:00,delivered,Debit Card,1499.0,0,269.82,1768.82,1,Mumbai,India
104160,15465,2024-03-01,09:30:00,shipped,Credit Card,11821.76,0,2127.92,13949.68,5,Mumbai,Singapore
104161,15469,2022-10-12,18:00:00,shipped,Debit Card,17132.43,0,3083.84,20216.27,2,Mumbai,India
104162,15469,2022-06-04,05:48:00,delivered,Credit Card,2298.0,0,413.64,2711.64,2,Mumbai,India
104163,15469,2022-09-28,06:31:00,delivered,Credit Card,799.0,149,143.82,1091.82,1,Mumbai,India
104164,15469,2023-01-08,07:42:00,shipped,Debit Card,999.0,0,179.82,1178.82,1,Mumbai,India
104165,15473,2023-12-31,09:11:00,delivered,Credit Card,4999.0,0,899.82,5898.82,1,Mumbai,UK
104166,15473,2024-02-14,10:30:00,delivered,Net Banking,3334.53,0,600.22,3934.75,2,Mumbai,UK
104168,15475,2023-12-12,17:59:00,shipped,Wallet,5597.0,0,1007.46,6604.46,2,Mumbai,India
104169,15484,2024-03-23,16:11:00,delivered,Debit Card,299.0,49,53.82,401.82,1,Mumbai,Canada
104170,15484,2023-11-05,21:45:00,processing,Debit Card,5798.0,0,1043.64,6841.64,2,Mumbai,Canada
104171,15484,2024-02-11,05:19:00,delivered,Wallet,6243.71,0,1123.87,7367.58,3,Mumbai,Canada
104172,15485,2024-06-10,14:21:00,delivered,Credit Card,5999.0,0,1079.82,7078.82,1,Mumbai,India
104173,15485,2024-07-02,20:26:00,processing,Credit Card,2797.0,0,503.46,3300.46,2,Mumbai,India
104174,15485,2024-06-25,19:46:00,processing,Credit Card,9599.06,0,1727.83,11326.89,4,Mumbai,India
104175,15485,2024-05-31,21:52:00,delivered,Wallet,599.0,99,107.82,805.82,1,Mumbai,India
104176,15485,2024-06-30,03:15:00,returned,Wallet,14994.0,0,2698.92,17692.92,3,Mumbai,India
104177,15485,2024-08-01,06:26:00,delivered,Net Banking,17547.46,0,3158.54,20706.0,3,Mumbai,India
104178,15485,2025-06-15,09:51:00,delivered,UPI,1499.0,0,269.82,1768.82,1,Mumbai,India
104179,15485,2024-06-12,07:10:00,shipped,UPI,4796.0,0,863.28,5659.28,2,Mumbai,India
104180,15485,2024-08-13,16:56:00,delivered,UPI,799.0,149,143.82,1091.82,1,Mumbai,India
104181,15485,2024-06-29,06:06:00,delivered,Credit Card,1998.0,0,359.64,2357.64,1,Mumbai,India
104182,15485,2024-06-12,18:39:00,delivered,Credit Card,20882.58,0,3758.86,24641.44,3,Mumbai,India
104183,15485,2024-07-04,06:34:00,returned,Debit Card,2998.0,0,539.64,3537.64,1,Mumbai,India
104185,15501,2023-08-03,20:31:00,delivered,Debit Card,5999.0,0,1079.82,7078.82,1,Mumbai,India
104186,15501,2023-01-21,23:02:00,cancelled,Credit Card,2148.8,0,386.78,2535.58,2,Mumbai,India
104187,15501,2023-04-08,09:52:00,delivered,Debit Card,3237.88,0,582.82,3820.7,3,Mumbai,India
104188,15502,2024-05-01,07:21:00,delivered,Credit Card,3198.0,0,575.64,3773.64,2,Mumbai,USA
104189,15507,2023-02-12,21:26:00,delivered,UPI,1499.0,0,269.82,1768.82,1,Mumbai,India
104190,15507,2023-01-07,03:57:00,processing,Debit Card,31516.84,0,5673.03,37189.87,4,Mumbai,India
104191,15507,2023-07-19,21:16:00,delivered,UPI,2410.8,0,433.94,2844.74,3,Mumbai,India
104192,15514,2024-07-29,17:24:00,delivered,Debit Card,4999.0,0,899.82,5898.82,1,Mumbai,UK
104193,15523,2024-01-11,10:00:00,delivered,UPI,2643.62,0,475.85,3119.47,1,Mumbai,India
104194,15534,2024-05-17,06:25:00,delivered,Net Banking,2238.16,0,402.87,2641.03,2,Mumbai,India
104195,15536,2023-09-27,05:20:00,delivered,Debit Card,5297.01,0,953.46,6250.47,2,Mumbai,India
104196,15538,2022-06-04,20:45:00,delivered,Net Banking,24999.0,0,4499.82,29498.82,1,Mumbai,Australia
104197,15541,2023-09-23,01:44:00,delivered,Wallet,6117.62,0,1101.17,7218.79,4,Mumbai,USA
104198,15541,2024-04-26,13:39:00,processing,Credit Card,9808.14,0,1765.47,11573.61,5,Mumbai,USA
104199,15541,2023-09-03,00:10:00,delivered,Debit Card,27297.0,0,4913.46,32210.46,2,Mumbai,USA
104200,15541,2025-06-15,16:22:00,processing,Debit Card,1499.0,0,269.82,1768.82,1,Mumbai,USA
104201,15541,2023-10-14,07:24:00,delivered,Net Banking,9998.0,0,1799.64,11797.64,1,Mumbai,USA
104202,15541,2024-04-22,11:31:00,delivered,Credit Card,1598.0,0,287.64,1885.64,2,Mumbai,USA
104203,15542,2024-02-14,22:29:00,delivered,Debit Card,15999.0,0,2879.82,18878.82,1,Mumbai,Germany
104204,15548,2024-05-02,15:55:00,pending,Debit Card,4999.0,0,899.82,5898.82,1,Mumbai,India
104205,15548,2024-01-04,06:08:00,delivered,Credit Card,1398.0,0,251.64,1649.64,1,Mumbai,India
104206,15548,2023-12-23,13:11:00,pending,Net Banking,599.0,99,107.82,805.82,1,Mumbai,India
104207,15548,2024-04-22,10:33:00,delivered,Debit Card,6786.82,0,1221.63,8008.45,3,Mumbai,India
104208,15563,2023-07-15,21:30:00,processing,Credit Card,5297.0,0,953.46,6250.46,2,Mumbai,USA
104209,15563,2024-04-23,08:57:00,processing,Credit Card,49295.87,0,8873.26,58169.13,2,Mumbai,USA
104210,15563,2023-09-17,11:04:00,delivered,Credit Card,27092.58,0,4876.66,31969.24,3,Mumbai,USA
104211,15565,2023-06-20,16:28:00,shipped,Credit Card,2499.0,0,449.82,2948.82,1,Mumbai,India
104212,15565,2023-10-10,18:47:00,delivered,UPI,7322.28,0,1318.01,8640.29,3,Mumbai,India
104213,15565,2023-07-04,08:59:00,shipped,Debit Card,6798.0,0,1223.64,8021.64,2,Mumbai,India
104214,15565,2023-10-09,21:53:00,processing,Debit Card,5798.0,0,1043.64,6841.64,2,Mumbai,India
104215,15571,2024-01-11,06:11:00,pending,Wallet,599.0,149,107.82,855.82,1,Mumbai,India
104216,15571,2023-05-01,10:58:00,delivered,Debit Card,11531.23,0,2075.62,13606.85,4,Mumbai,India
104217,15571,2023-05-26,19:26:00,delivered,Credit Card,2398.0,0,431.64,2829.64,2,Mumbai,India
104218,15573,2023-11-14,03:41:00,shipped,Debit Card,15973.58,0,2875.24,18848.82,4,Mumbai,USA
104219,15581,2024-05-24,09:23:00,delivered,UPI,3279.06,0,590.23,3869.29,2,Mumbai,India
104220,15582,2023-08-25,07:59:00,delivered,UPI,2098.0,0,377.64,2475.64,2,Mumbai,Australia
104221,15582,2023-12-24,01:37:00,delivered,UPI,39494.0,0,7108.92,46602.92,5,Mumbai,Australia
104222,15582,2024-02-04,15:10:00,cancelled,Credit Card,1998.0,0,359.64,2357.64,1,Mumbai,Australia
104223,15605,2024-01-17,04:28:00,delivered,Credit Card,3697.0,0,665.46,4362.46,3,Mumbai,India
104224,15605,2024-03-29,11:38:00,delivered,UPI,3437.84,0,618.81,4056.65,3,Mumbai,India
104225,15608,2024-04-03,22:12:00,delivered,UPI,599.0,149,107.82,855.82,1,Mumbai,USA
104226,15608,2024-03-29,17:03:00,delivered,Wallet,4701.1,0,846.2,5547.3,2,Mumbai,USA
104227,15608,2024-02-13,13:21:00,delivered,Credit Card,799.0,49,143.82,991.82,1,Mumbai,USA
104228,15615,2024-06-27,17:56:00,delivered,Credit Card,15695.0,0,2825.1,18520.1,4,Mumbai,USA
104229,15616,2024-05-09,12:01:00,delivered,UPI,4597.0,0,827.46,5424.46,3,Mumbai,India
104230,15618,2022-07-19,02:40:00,delivered,Debit Card,11195.0,0,2015.1,13210.1,4,Mumbai,India
104231,15619,2023-04-04,08:30:00,delivered,Credit Card,1278.5,0,230.13,1508.63,1,Mumbai,USA
104232,15619,2023-11-11,14:37:00,delivered,UPI,899.0,99,161.82,1159.82,1,Mumbai,USA
104233,15619,2023-10-07,08:50:00,delivered,Debit Card,999.0,0,179.82,1178.82,1,Mumbai,USA
104234,15619,2023-10-04,08:03:00,delivered,Net Banking,3697.0,0,665.46,4362.46,3,Mumbai,USA
104235,15619,2023-01-19,06:14:00,cancelled,Credit Card,12946.64,0,2330.4,15277.04,4,Mumbai,USA
104236,15619,2023-06-23,17:06:00,shipped,Wallet,31893.0,0,5740.74,37633.74,3,Mumbai,USA
104237,15619,2023-03-05,18:31:00,delivered,UPI,7998.0,0,1439.64,9437.64,1,Mumbai,USA
104238,15619,2023-07-19,21:19:00,delivered,Debit Card,8348.02,0,1502.64,9850.66,2,Mumbai,USA
104239,15619,2022-12-18,07:57:00,delivered,Credit Card,9378.56,0,1688.14,11066.7,2,Mumbai,USA
104240,15619,2023-01-18,08:16:00,delivered,UPI,11096.0,0,1997.28,13093.28,3,Mumbai,USA
104241,15623,2023-12-14,17:16:00,delivered,UPI,26911.1,0,4844.0,31755.1,4,Mumbai,India
104242,15623,2023-10-17,19:12:00,delivered,Credit Card,8604.42,0,1548.8,10153.22,3,Mumbai,India
104243,15623,2024-04-18,05:22:00,processing,Credit Card,6914.7,0,1244.65,8159.35,5,Mumbai,India
104244,15624,2022-10-27,06:58:00,delivered,Credit Card,24999.0,0,4499.82,29498.82,1,Mumbai,USA
104245,15624,2022-05-04,19:01:00,delivered,Credit Card,2298.0,0,413.64,2711.64,2,Mumbai,USA
104246,15624,2022-05-30,15:16:00,delivered,Credit Card,2499.0,0,449.82,2948.82,1,Mumbai,USA
104247,15630,2023-12-06,19:38:00,delivered,Debit Card,9522.98,0,1714.14,11237.12,2,Mumbai,Australia
104248,15630,2023-03-30,00:01:00,delivered,Credit Card,12997.0,0,2339.46,15336.46,3,Mumbai,Australia
104249,15630,2023-07-27,11:15:00,delivered,Credit Card,1398.0,0,251.64,1649.64,1,Mumbai,Australia
104250,15638,2022-02-20,19:13:00,shipped,UPI,12216.84,0,2199.03,14415.87,2,Mumbai,India
104251,15638,2022-01-30,18:44:00,shipped,Net Banking,1499.0,0,269.82,1768.82,1,Mumbai,India
104252,15638,2023-07-04,09:08:00,delivered,Credit Card,9497.0,0,1709.46,11206.46,2,Mumbai,India
104253,15640,2023-09-11,22:39:00,shipped,Debit Card,2155.17,0,387.93,2543.1,1,Mumbai,Germany
104255,15640,2024-01-19,16:26:00,shipped,Debit Card,20329.97,0,3659.39,23989.36,4,Mumbai,Germany
104256,15640,2024-03-02,01:38:00,delivered,Debit Card,599.0,49,107.82,755.82,1,Mumbai,Germany
104257,15644,2023-05-04,20:50:00,shipped,UPI,5594.0,0,1006.92,6600.92,3,Mumbai,India
104258,15644,2023-10-26,05:34:00,delivered,Debit Card,1250.55,0,225.1,1475.65,2,Mumbai,India
104260,15644,2023-03-29,19:27:00,processing,UPI,7393.9,0,1330.9,8724.8,3,Mumbai,India
104263,15644,2022-12-25,08:07:00,delivered,Debit Card,4498.0,0,809.64,5307.64,2,Mumbai,India
104264,15645,2023-07-12,18:36:00,delivered,Debit Card,1440.56,0,259.3,1699.86,2,Mumbai,Australia
104265,15647,2022-04-30,14:43:00,delivered,Wallet,15997.0,0,2879.46,18876.46,2,Mumbai,India
104266,15647,2022-04-25,10:43:00,delivered,Credit Card,22835.12,0,4110.32,26945.44,3,Mumbai,India
104267,15647,2022-07-23,04:14:00,delivered,Credit Card,4498.0,0,809.64,5307.64,2,Mumbai,India
104268,15649,2022-11-27,22:56:00,pending,Net Banking,10295.0,0,1853.1,12148.1,3,Mumbai,India
104269,15655,2024-06-12,08:05:00,delivered,Debit Card,21575.64,0,3883.62,25459.26,2,Mumbai,USA
104270,15657,2023-05-13,13:10:00,delivered,Wallet,22316.26,0,4016.93,26333.19,3,Mumbai,UK
104271,15657,2023-03-10,22:32:00,delivered,UPI,5591.06,0,1006.39,6597.45,3,Mumbai,UK
104272,15657,2023-03-18,04:16:00,pending,Net Banking,3597.0,0,647.46,4244.46,2,Mumbai,UK
104273,15658,2023-12-19,02:01:00,delivered,UPI,899.0,149,161.82,1209.82,1,Mumbai,India
104274,15664,2024-10-16,21:15:00,shipped,Debit Card,799.0,99,143.82,1041.82,1,Mumbai,Germany
104275,15670,2023-03-27,08:30:00,delivered,UPI,15832.5,0,2849.85,18682.35,2,Mumbai,USA
104276,15678,2024-10-30,09:37:00,delivered,Debit Card,2698.0,0,485.64,3183.64,2,Mumbai,India
104278,15678,2024-10-30,06:53:00,delivered,Wallet,5763.08,0,1037.35,6800.43,2,Mumbai,India
104279,15678,2024-10-30,14:48:00,shipped,Debit Card,1499.0,0,269.82,1768.82,1,Mumbai,India
104280,15678,2024-10-30,18:31:00,delivered,Debit Card,1499.0,0,269.82,1768.82,1,Mumbai,India
104281,15678,2024-10-30,10:28:00,delivered,UPI,2598.0,0,467.64,3065.64,1,Mumbai,India
104282,15684,2023-06-26,07:08:00,shipped,Credit Card,9250.94,0,1665.17,10916.11,4,Mumbai,India
104283,15688,2024-07-29,17:13:00,shipped,UPI,27997.0,0,5039.46,33036.46,2,Mumbai,USA
104284,15691,2024-05-26,19:29:00,delivered,UPI,1299.0,0,233.82,1532.82,1,Mumbai,India
104285,15691,2024-04-04,18:40:00,delivered,Credit Card,32530.96,0,5855.57,38386.53,2,Mumbai,India
104286,15694,2024-03-14,00:47:00,delivered,UPI,799.0,99,143.82,1041.82,1,Mumbai,India
104287,15698,2023-04-30,13:51:00,delivered,Wallet,1098.0,0,197.64,1295.64,2,Mumbai,Germany
104288,15699,2023-09-19,05:10:00,delivered,UPI,917.24,99,165.1,1181.34,1,Mumbai,Germany
104289,15699,2024-04-10,14:09:00,delivered,Debit Card,7201.68,0,1296.3,8497.98,2,Mumbai,Germany
104290,,2023-08-27,23:03:00,pending,Credit Card,199.0,99,35.82,333.82,1,Mumbai,Germany
104291,15699,2023-08-13,13:51:00,delivered,Credit Card,3694.0,0,664.92,4358.92,3,Mumbai,Germany
104292,15700,2024-04-19,00:42:00,delivered,Credit Card,7408.65,0,1333.56,8742.21,3,Mumbai,USA
104293,15700,2024-02-06,04:22:00,shipped,Net Banking,1998.0,0,359.64,2357.64,1,Mumbai,USA
104294,15700,2024-05-26,21:13:00,processing,Credit Card,1420.76,0,255.74,1676.5,1,Mumbai,USA
104295,15706,2023-02-19,13:39:00,delivered,Debit Card,12999.0,0,2339.82,15338.82,1,Mumbai,India
104296,15706,2022-07-02,02:41:00,cancelled,UPI,2598.0,0,467.64,3065.64,1,Mumbai,India
104297,15706,2023-09-22,05:46:00,processing,Debit Card,14344.74,0,2582.05,16926.79,2,Mumbai,India
104298,15706,2023-01-02,19:35:00,delivered,Net Banking,799.0,99,143.82,1041.82,1,Mumbai,India
104299,15706,2022-05-28,04:17:00,delivered,Credit Card,1161.94,0,209.15,1371.09,2,Mumbai,India
104300,15706,2022-12-26,07:42:00,delivered,Wallet,1598.0,0,287.64,1885.64,1,Mumbai,India
104301,15706,2022-08-17,04:19:00,delivered,Wallet,6796.0,0,1223.28,8019.28,4,Mumbai,India
104302,15706,2022-09-05,13:04:00,shipped,Debit Card,44992.0,0,8098.56,53090.56,4,Mumbai,India
104303,15706,2023-04-19,21:55:00,delivered,Credit Card,999.0,0,179.82,1178.82,1,Mumbai,India
104304,15707,2023-01-01,22:33:00,pending,COD,1198.0,0,215.64,1413.64,1,Mumbai,Singapore
104305,15712,2024-01-28,23:42:00,delivered,Wallet,499.0,99,89.82,687.82,1,Mumbai,Germany
104306,15712,2024-04-25,18:06:00,shipped,Net Banking,1999.0,0,359.82,2358.82,1,Mumbai,Germany
104307,15712,2024-04-12,16:55:00,delivered,Credit Card,2499.0,0,449.82,2948.82,1,Mumbai,Germany
104308,15712,2024-01-05,16:05:00,delivered,Net Banking,1998.0,0,359.64,2357.64,1,Mumbai,Germany
104309,15715,2023-07-19,02:45:00,delivered,Credit Card,1299.0,0,233.82,1532.82,1,Mumbai,Germany
104310,15715,2024-01-18,10:04:00,pending,Credit Card,999.0,0,179.82,1178.82,1,Mumbai,Germany
104311,15715,2025-06-15,03:28:00,processing,Net Banking,1187.43,0,213.74,1401.17,1,Mumbai,Germany
104312,15715,2023-03-28,22:40:00,processing,UPI,2995.0,0,539.1,3534.1,4,Mumbai,Germany
104313,15715,2023-11-03,17:20:00,delivered,Wallet,9204.9,0,1656.88,10861.78,1,Mumbai,Germany
104314,15715,2023-06-28,01:16:00,delivered,Debit Card,1198.0,0,215.64,1413.64,1,Mumbai,Germany
104315,15715,2023-07-30,02:21:00,delivered,Debit Card,7487.02,0,1347.66,8834.68,1,Mumbai,Germany
104319,15719,2024-10-19,06:16:00,delivered,Credit Card,4098.0,0,737.64,4835.64,2,Mumbai,Australia
104320,15719,2024-10-19,08:31:00,delivered,UPI,3351.66,0,603.3,3954.96,2,Mumbai,Australia
104321,15719,2024-10-20,18:51:00,processing,Debit Card,26498.0,0,4769.64,31267.64,2,Mumbai,Australia
104322,15733,2023-05-23,17:23:00,delivered,Debit Card,29797.0,0,5363.46,35160.46,3,Mumbai,USA
104323,15740,2022-11-30,06:23:00,delivered,Debit Card,5890.36,0,1060.26,6950.62,2,Mumbai,India
104324,15740,2022-06-23,04:41:00,delivered,Debit Card,10895.0,0,1961.1,12856.1,4,Mumbai,India
104325,15740,2022-07-15,18:39:00,delivered,Credit Card,1499.0,0,269.82,1768.82,1,Mumbai,India
104327,15740,2022-10-28,01:40:00,delivered,UPI,5493.0,0,988.74,6481.74,5,Mumbai,India
104328,15740,2023-04-10,20:03:00,delivered,COD,15999.0,0,2879.82,18878.82,1,Mumbai,India
104329,15740,2022-02-15,02:24:00,processing,Debit Card,6997.0,0,1259.46,8256.46,2,Mumbai,India
104330,15740,2022-05-24,19:08:00,delivered,COD,18003.72,0,3240.67,21244.39,4,Mumbai,India
104331,15740,2022-05-24,00:30:00,delivered,Debit Card,1598.0,0,287.64,1885.64,2,Mumbai,India
104332,15740,2022-07-07,11:31:00,processing,Wallet,11996.0,0,2159.28,14155.28,4,Mumbai,India
104333,15756,2024-03-03,03:05:00,returned,Credit Card,1499.0,0,269.82,1768.82,1,Mumbai,India
104334,15757,2024-09-07,16:09:00,delivered,COD,27595.0,0,4967.1,32562.1,3,Mumbai,India
104335,15757,2024-09-04,13:53:00,delivered,UPI,5126.66,0,922.8,6049.46,3,Mumbai,India
104336,15771,2023-08-10,17:48:00,shipped,Debit Card,899.0,49,161.82,1109.82,1,Mumbai,Canada
104337,15771,2023-05-21,05:11:00,delivered,UPI,4298.0,0,773.64,5071.64,2,Mumbai,Canada
104338,15771,2023-01-24,03:02:00,delivered,UPI,710.9,149,127.96,987.86,1,Mumbai,Canada
104339,15771,2022-11-23,15:31:00,returned,Credit Card,3630.84,0,653.55,4284.39,1,Mumbai,Canada
104340,15773,2023-06-13,14:39:00,processing,Debit Card,4499.0,0,809.82,5308.82,1,Mumbai,India
104341,15783,2022-10-05,02:27:00,cancelled,Wallet,6495.0,0,1169.1,7664.1,3,Mumbai,India
104342,15783,2022-08-27,02:00:00,delivered,Credit Card,182.44,149,32.84,364.28,1,Mumbai,India
104343,15783,2023-04-02,10:54:00,delivered,Wallet,13605.84,0,2449.05,16054.89,4,Mumbai,India
104344,15784,2023-05-07,04:54:00,delivered,Credit Card,1299.0,0,233.82,1532.82,1,Mumbai,Germany
104345,15784,2023-01-11,11:02:00,delivered,Credit Card,4318.98,0,777.42,5096.4,3,Mumbai,Germany
104346,15784,2023-12-18,03:45:00,cancelled,UPI,1698.0,0,305.64,2003.64,2,Mumbai,Germany
104347,15812,2023-02-05,07:42:00,delivered,UPI,14397.34,0,2591.52,16988.86,1,Mumbai,India
104348,15814,2024-09-29,01:57:00,processing,UPI,4996.0,0,899.28,5895.28,3,Mumbai,UK
104350,15831,2024-03-21,05:21:00,delivered,Credit Card,2997.0,0,539.46,3536.46,1,Mumbai,USA
104351,15831,2024-01-10,12:31:00,delivered,Debit Card,856.57,149,154.18,1159.75,2,Mumbai,USA
104353,15841,2023-05-29,16:10:00,delivered,Credit Card,1862.74,0,335.29,2198.03,2,Mumbai,USA
104354,15843,2023-03-08,07:32:00,delivered,Credit Card,3998.0,0,719.64,4717.64,1,Mumbai,UK
104355,15843,2023-09-08,18:05:00,delivered,Debit Card,2697.0,0,485.46,3182.46,3,Mumbai,UK
104356,15843,2023-08-11,16:23:00,delivered,Credit Card,2597.0,0,467.46,3064.46,2,Mumbai,UK
104357,15852,2023-07-29,08:44:00,delivered,Debit Card,2998.0,0,539.64,3537.64,2,Mumbai,India
104358,15852,2022-07-29,20:05:00,delivered,Credit Card,2498.0,0,449.64,2947.64,2,Mumbai,India
104359,15852,2022-09-07,20:21:00,delivered,UPI,4497.0,0,809.46,5306.46,1,Mumbai,India
104360,15852,2022-12-24,03:27:00,delivered,Credit Card,16198.0,0,2915.64,19113.64,2,Mumbai,India
104361,15852,2023-06-16,16:13:00,shipped,Debit Card,5498.0,0,989.64,6487.64,2,Mumbai,India
104362,15852,2022-08-06,14:56:00,processing,UPI,5248.39,0,944.71,6193.1,3,Mumbai,India
104363,15852,2023-08-02,10:22:00,returned,Debit Card,2851.72,0,513.31,3365.03,2,Mumbai,India
104364,15852,2022-09-09,00:45:00,delivered,Net Banking,3115.43,0,560.78,3676.21,1,Mumbai,India
104365,15852,2023-01-23,04:12:00,delivered,Wallet,299.0,49,53.82,401.82,1,Mumbai,India
104366,15852,2023-01-09,15:46:00,delivered,Wallet,4097.0,0,737.46,4834.46,2,Mumbai,India
104367,15852,2022-10-21,23:40:00,delivered,COD,4464.14,0,803.55,5267.69,1,Mumbai,India
104368,15852,2022-07-22,04:59:00,returned,Debit Card,10545.05,0,1898.11,12443.16,5,Mumbai,India
104369,15852,2022-10-21,18:42:00,delivered,Net Banking,881.49,99,158.67,1139.16,1,Mumbai,India
104370,15852,2022-11-30,19:04:00,returned,UPI,1698.0,0,305.64,2003.64,2,Mumbai,India
104372,15859,2024-08-25,07:41:00,delivered,Net Banking,3499.0,0,629.82,4128.82,1,Mumbai,Germany
104373,15865,2024-01-23,06:56:00,returned,Credit Card,10095.0,0,1817.1,11912.1,4,Mumbai,India
104374,15871,2024-07-22,09:06:00,delivered,Credit Card,999.0,0,179.82,1178.82,1,Mumbai,USA
104375,15871,2024-09-10,15:21:00,delivered,UPI,299.0,149,53.82,501.82,1,Mumbai,USA
104376,15871,2024-07-27,11:02:00,delivered,Debit Card,4999.0,0,899.82,5898.82,1,Mumbai,USA
104377,15879,2024-02-20,04:50:00,delivered,Net Banking,2697.0,0,485.46,3182.46,3,Mumbai,Canada
104378,15881,2023-03-10,21:33:00,shipped,UPI,18555.44,0,3339.98,21895.42,3,Mumbai,India
104379,15881,2023-02-27,01:54:00,processing,Credit Card,4437.55,0,798.76,5236.31,4,Mumbai,India
104380,15884,2024-07-09,07:35:00,delivered,Credit Card,15999.0,0,2879.82,18878.82,1,Mumbai,India
104381,15885,2023-09-21,01:00:00,delivered,UPI,3033.19,0,545.97,3579.16,2,Mumbai,USA
104382,15891,2024-09-02,23:00:00,delivered,Debit Card,22296.0,0,4013.28,26309.28,4,Mumbai,Australia
104384,15893,2023-09-30,23:45:00,delivered,Debit Card,25998.0,0,4679.64,30677.64,2,Mumbai,India
104385,15893,2023-12-30,19:08:00,delivered,Debit Card,541.76,49,97.52,688.28,1,Mumbai,India
104386,15895,2024-09-02,20:59:00,delivered,Debit Card,2499.0,0,449.82,2948.82,1,Mumbai,India
104387,15895,2023-07-01,14:21:00,delivered,UPI,5396.0,0,971.28,6367.28,2,Mumbai,India
104388,15895,2023-09-02,15:59:00,delivered,Net Banking,1499.0,0,269.82,1768.82,1,Mumbai,India
104389,15899,2024-06-15,09:56:00,delivered,UPI,1999.0,0,359.82,2358.82,1,Mumbai,India
104390,15911,2023-05-05,04:41:00,delivered,Net Banking,9695.0,0,1745.1,11440.1,2,Mumbai,Germany
104391,15911,2023-11-14,03:40:00,delivered,COD,2398.0,0,431.64,2829.64,2,Mumbai,Germany
104393,15913,2023-11-11,13:10:00,shipped,Net Banking,3945.52,0,710.19,4655.71,2,Mumbai,India
104394,15917,2024-09-24,18:14:00,delivered,Credit Card,6997.0,0,1259.46,8256.46,2,Mumbai,India
104395,15917,2024-09-07,15:35:00,delivered,COD,3096.0,0,557.28,3653.28,2,Mumbai,India
104396,15917,2024-09-29,20:15:00,cancelled,Debit Card,14997.0,0,2699.46,17696.46,1,Mumbai,India
104397,15917,2024-10-01,03:20:00,processing,Credit Card,13109.96,0,2359.79,15469.75,4,Mumbai,India
104398,15917,2024-09-20,05:11:00,delivered,Net Banking,9596.0,0,1727.28,11323.28,2,Mumbai,India
104399,15917,2025-06-15,12:05:00,delivered,Net Banking,1999.0,0,359.82,2358.82,1,Mumbai,India
104400,15925,2024-09-10,06:11:00,delivered,Credit Card,7816.35,0,1406.94,9223.29,5,Mumbai,India
104401,15925,2024-09-29,10:31:00,delivered,Debit Card,1999.0,0,359.82,2358.82,1,Mumbai,India
104402,15925,2024-09-12,13:10:00,delivered,Net Banking,1386.92,0,249.65,1636.57,1,Mumbai,India
104403,15926,2023-10-03,09:43:00,delivered,UPI,1999.0,0,359.82,2358.82,1,Mumbai,Singapore
104404,15926,2023-03-12,21:38:00,pending,Wallet,15795.0,0,2843.1,18638.1,4,Mumbai,Singapore
104405,15926,2022-10-21,18:49:00,delivered,COD,3498.0,0,629.64,4127.64,2,Mumbai,Singapore
104406,15926,2022-11-12,07:05:00,delivered,UPI,18127.44,0,3262.94,21390.38,5,Mumbai,Singapore
104407,15927,2024-07-22,07:08:00,delivered,COD,3498.0,0,629.64,4127.64,2,Mumbai,UK
104408,15938,2023-12-30,14:45:00,delivered,Debit Card,21714.94,0,3908.69,25623.63,2,Mumbai,Canada
104410,15941,2023-03-05,21:32:00,delivered,Credit Card,10288.7,0,1851.97,12140.67,4,Mumbai,India
104411,15941,2023-04-12,13:23:00,processing,Credit Card,822.48,49,148.05,1019.53,1,Mumbai,India
104412,15948,2023-09-20,21:47:00,delivered,Credit Card,799.0,149,143.82,1091.82,1,Mumbai,India
104413,15957,2024-02-08,13:31:00,delivered,Debit Card,19995.0,0,3599.1,23594.1,3,Mumbai,Australia
104414,15957,2024-01-17,15:43:00,delivered,Wallet,15081.35,0,2714.64,17795.99,2,Mumbai,Australia
104415,15957,2023-11-20,21:46:00,pending,UPI,79996.0,0,14399.28,94395.28,2,Mumbai,Australia
104416,15970,2023-11-16,19:37:00,delivered,Wallet,14197.0,0,2555.46,16752.46,2,Mumbai,India
104417,15975,2023-01-21,16:35:00,delivered,Credit Card,29998.0,0,5399.64,35397.64,2,Mumbai,India
104418,16003,2023-08-04,08:21:00,delivered,Credit Card,16693.0,0,3004.74,19697.74,5,Mumbai,India
104419,16003,2024-01-04,03:53:00,delivered,Wallet,4026.68,0,724.8,4751.48,3,Mumbai,India
104420,16003,2024-01-05,16:45:00,delivered,Net Banking,18943.82,0,3409.89,22353.71,5,Mumbai,India
104421,16009,2023-04-25,10:22:00,pending,Credit Card,2007.55,0,361.36,2368.91,2,Mumbai,Singapore
104422,16009,2024-02-23,21:04:00,shipped,Debit Card,499.0,99,89.82,687.82,1,Mumbai,Singapore
104423,16009,2023-03-04,12:06:00,delivered,UPI,4298.0,0,773.64,5071.64,2,Mumbai,Singapore
104424,16009,2022-12-26,07:20:00,delivered,Credit Card,11998.0,0,2159.64,14157.64,1,Mumbai,Singapore
104425,16015,2022-12-02,23:51:00,delivered,UPI,5297.0,0,953.46,6250.46,2,Mumbai,UK
104426,16015,2024-05-26,08:17:00,delivered,UPI,3559.48,0,640.71,4200.19,3,Mumbai,UK
104427,16015,2022-11-02,15:30:00,delivered,Credit Card,49998.0,0,8999.64,58997.64,1,Mumbai,UK
104429,16026,2024-08-18,19:46:00,delivered,Wallet,8272.58,0,1489.06,9761.64,3,Mumbai,India
104430,16026,2024-08-06,23:23:00,delivered,Wallet,26997.25,0,4859.5,31856.75,5,Mumbai,India
104431,16026,2024-07-27,15:12:00,delivered,Debit Card,1998.0,0,359.64,2357.64,1,Mumbai,India
104432,16027,2023-09-07,13:32:00,delivered,Credit Card,3147.48,0,566.55,3714.03,1,Mumbai,UK
104433,16027,2024-01-03,22:15:00,delivered,Credit Card,4172.91,0,751.12,4924.03,2,Mumbai,UK
104434,16027,2023-05-07,22:15:00,delivered,UPI,2685.53,0,483.4,3168.93,2,Mumbai,UK
104435,16027,2023-05-20,21:28:00,delivered,UPI,18492.0,0,3328.56,21820.56,4,Mumbai,UK
104436,16027,2023-07-12,00:11:00,delivered,Wallet,17197.0,0,3095.46,20292.46,2,Mumbai,UK
104437,16027,2025-06-15,17:48:00,delivered,Credit Card,10895.0,0,1961.1,12856.1,2,Mumbai,UK
104438,16027,2023-11-04,03:11:00,delivered,Credit Card,1299.0,0,233.82,1532.82,1,Mumbai,UK
104439,16027,2023-09-24,22:07:00,delivered,Debit Card,1657.07,0,298.27,1955.34,2,Mumbai,UK
104440,16027,2023-10-14,21:33:00,delivered,UPI,3023.56,0,544.24,3567.8,2,Mumbai,UK
104441,16027,2023-09-04,03:21:00,cancelled,UPI,3499.0,0,629.82,4128.82,1,Mumbai,UK
104442,16027,2023-05-06,13:32:00,delivered,Credit Card,5498.0,0,989.64,6487.64,2,Mumbai,UK
104443,16027,2023-12-05,18:53:00,delivered,COD,11997.0,0,2159.46,14156.46,3,Mumbai,UK
104444,16029,2022-05-28,21:42:00,delivered,Net Banking,3998.0,0,719.64,4717.64,1,Mumbai,UK
104445,16031,2024-04-05,00:58:00,delivered,UPI,2397.0,0,431.46,2828.46,2,Mumbai,Singapore
104446,16035,2024-02-26,23:54:00,delivered,Net Banking,925.99,149,166.68,1241.67,1,Mumbai,India
104448,16035,2023-11-08,09:54:00,delivered,Credit Card,13598.0,0,2447.64,16045.64,2,Mumbai,India
104449,16038,2024-05-09,19:45:00,delivered,UPI,4571.7,0,822.91,5394.61,1,Mumbai,India
104450,16038,2024-04-18,15:24:00,returned,UPI,9805.84,0,1765.05,11570.89,3,Mumbai,India
104451,16038,2024-07-05,08:48:00,cancelled,Net Banking,17682.92,0,3182.93,20865.85,5,Mumbai,India
104452,16039,2023-05-18,13:46:00,delivered,Wallet,2499.0,0,449.82,2948.82,1,Mumbai,India
104454,16039,2022-07-20,19:10:00,delivered,Wallet,2043.89,0,367.9,2411.79,2,Mumbai,India
104455,16039,2022-07-30,17:40:00,processing,Wallet,10794.0,0,1942.92,12736.92,5,Mumbai,India
104457,16039,2022-09-25,04:17:00,delivered,Debit Card,1398.0,0,251.64,1649.64,1,Mumbai,India
104458,16048,2023-10-03,23:33:00,shipped,Credit Card,27195.0,0,4895.1,32090.1,3,Mumbai,USA
104459,16051,2024-03-22,22:12:00,delivered,Wallet,1509.72,0,271.75,1781.47,1,Mumbai,Australia
104460,16052,2023-06-10,15:49:00,shipped,UPI,20998.0,0,3779.64,24777.64,2,Mumbai,UK
104461,16053,2023-10-21,05:09:00,delivered,Wallet,14096.0,0,2537.28,16633.28,2,Mumbai,India
104462,16062,2023-11-05,23:44:00,delivered,Net Banking,1598.0,0,287.64,1885.64,2,Mumbai,India
104463,16062,2023-06-03,06:44:00,delivered,Net Banking,652.11,149,117.38,918.49,1,Mumbai,India
104464,16062,2023-05-18,09:45:00,delivered,Debit Card,1156.72,0,208.21,1364.93,1,Mumbai,India
104465,16063,2024-03-09,14:22:00,delivered,Debit Card,1338.43,0,240.92,1579.35,3,Mumbai,India
104466,16063,2024-04-22,01:07:00,processing,Credit Card,21524.03,0,3874.33,25398.36,5,Mumbai,India
104467,16063,2024-02-12,09:24:00,delivered,Debit Card,799.0,99,143.82,1041.82,1,Mumbai,India
104468,16065,2023-11-04,15:11:00,delivered,Credit Card,2067.26,0,372.11,2439.37,2,Mumbai,India
104469,16073,2023-04-14,11:48:00,delivered,Credit Card,1832.03,0,329.77,2161.8,2,Mumbai,USA
104470,16080,2023-04-10,04:34:00,delivered,Debit Card,2897.0,0,521.46,3418.46,2,Mumbai,India
104471,16082,2024-08-09,09:24:00,pending,Credit Card,16598.0,0,2987.64,19585.64,2,Mumbai,UK
104472,16082,2024-07-08,18:06:00,delivered,UPI,999.0,0,179.82,1178.82,1,Mumbai,UK
104473,16082,2024-07-26,01:50:00,delivered,Credit Card,15999.0,0,2879.82,18878.82,1,Mumbai,UK
104474,16082,2024-08-21,09:21:00,shipped,Credit Card,7996.0,0,1439.28,9435.28,4,Mumbai,UK
104475,16082,2024-06-27,13:21:00,pending,Debit Card,9796.0,0,1763.28,11559.28,4,Mumbai,UK
104476,16082,2024-08-11,20:19:00,delivered,Wallet,8498.0,0,1529.64,10027.64,2,Mumbai,UK
104477,16082,2024-07-07,22:44:00,delivered,Debit Card,19223.15,0,3460.17,22683.32,4,Mumbai,UK
104478,16082,2024-07-05,15:06:00,delivered,Debit Card,15715.61,0,2828.81,18544.42,3,Mumbai,UK
104479,16082,2024-07-14,12:45:00,delivered,Wallet,54359.52,0,9784.71,64144.23,4,Mumbai,UK
104480,16082,2024-08-11,16:19:00,delivered,Wallet,699.0,49,125.82,873.82,1,Mumbai,UK
104481,16082,2024-08-11,16:08:00,delivered,Credit Card,2499.0,0,449.82,2948.82,1,Mumbai,UK
104482,16082,2024-09-02,13:07:00,delivered,Debit Card,4326.36,0,778.74,5105.1,3,Mumbai,UK
104483,16082,2024-07-25,17:29:00,processing,Credit Card,4297.0,0,773.46,5070.46,3,Mumbai,UK
104485,16099,2024-07-02,04:51:00,delivered,Credit Card,27997.0,0,5039.46,33036.46,2,Mumbai,Canada
104486,16113,2023-09-29,23:15:00,delivered,UPI,999.0,0,179.82,1178.82,1,Mumbai,India
104487,16113,2024-01-05,16:22:00,delivered,UPI,3610.06,0,649.81,4259.87,2,Mumbai,India
104488,16113,2023-06-11,19:15:00,delivered,Debit Card,4499.0,0,809.82,5308.82,1,Mumbai,India
104489,16126,2024-06-03,22:01:00,delivered,Net Banking,7496.0,0,1349.28,8845.28,3,Mumbai,USA
104490,16133,2024-02-22,22:56:00,processing,Net Banking,1198.0,0,215.64,1413.64,2,Mumbai,USA
104492,16154,2024-02-15,05:26:00,delivered,UPI,32888.46,0,5919.92,38808.38,2,Mumbai,USA
104493,16154,2023-12-28,11:34:00,shipped,Debit Card,17771.11,0,3198.8,20969.91,3,Mumbai,USA
104494,16154,2024-03-13,12:04:00,delivered,Wallet,21994.0,0,3958.92,25952.92,3,Mumbai,USA
104495,16156,2024-09-01,15:04:00,delivered,Debit Card,12999.0,0,2339.82,15338.82,1,Mumbai,India
104496,16156,2024-08-09,10:29:00,delivered,UPI,19998.0,0,3599.64,23597.64,2,Mumbai,India
104497,16156,2024-07-19,01:36:00,processing,UPI,1798.0,0,323.64,2121.64,1,Mumbai,India
104498,16156,2024-07-23,13:46:00,shipped,Net Banking,49998.0,0,8999.64,58997.64,1,Mumbai,India
104499,16159,2024-01-26,06:58:00,processing,Credit Card,2499.0,0,449.82,2948.82,1,Mumbai,UK
104500,16159,2024-01-19,00:29:00,delivered,Wallet,3499.0,0,629.82,4128.82,1,Mumbai,UK
104501,16159,2024-03-17,23:00:00,delivered,Wallet,27459.76,0,4942.76,32402.52,3,Mumbai,UK
104502,16159,2024-02-16,23:00:00,shipped,Debit Card,3999.0,0,719.82,4718.82,1,Mumbai,UK
104503,16172,2024-10-23,21:17:00,shipped,Net Banking,3498.0,0,629.64,4127.64,2,Mumbai,USA
104504,16173,2023-05-01,16:58:00,shipped,Credit Card,1198.0,0,215.64,1413.64,2,Mumbai,Australia
104505,16173,2023-05-12,06:35:00,shipped,UPI,199.0,49,35.82,283.82,1,Mumbai,Australia
104506,16173,2023-05-07,07:33:00,delivered,COD,1198.0,0,215.64,1413.64,1,Mumbai,Australia
104507,16174,2023-09-19,03:38:00,pending,UPI,2198.0,0,395.64,2593.64,2,Mumbai,India
104508,16174,2023-05-12,09:30:00,cancelled,UPI,26881.91,0,4838.74,31720.65,3,Mumbai,India
104509,16174,2023-08-02,20:46:00,delivered,UPI,3992.28,0,718.61,4710.89,5,Mumbai,India
104510,16174,2024-08-26,13:39:00,delivered,Net Banking,2598.0,0,467.64,3065.64,1,Mumbai,India
104512,16189,2023-09-15,20:19:00,delivered,Net Banking,1898.0,0,341.64,2239.64,2,Mumbai,USA
104513,16189,2023-06-14,05:47:00,delivered,UPI,1413.99,0,254.52,1668.51,1,Mumbai,USA
104514,16189,2023-09-26,21:06:00,processing,Credit Card,2499.0,0,449.82,2948.82,1,Mumbai,USA
104515,16194,2022-11-22,18:12:00,shipped,Debit Card,2697.0,0,485.46,3182.46,1,Mumbai,India
104516,16194,2023-05-28,05:08:00,processing,UPI,999.0,0,179.82,1178.82,1,Mumbai,India
104517,16194,2023-07-20,19:56:00,delivered,COD,3499.0,0,629.82,4128.82,1,Mumbai,India
104518,16194,2022-04-14,18:40:00,delivered,Wallet,499.0,99,89.82,687.82,1,Mumbai,India
104519,16198,2024-03-23,23:17:00,delivered,Debit Card,2697.0,0,485.46,3182.46,2,Mumbai,India
104520,16205,2022-10-17,02:07:00,delivered,Debit Card,1499.0,0,269.82,1768.82,1,Mumbai,UK
104521,16207,2023-02-26,15:57:00,cancelled,Credit Card,999.0,0,179.82,-1178.82,1,Mumbai,India
104522,16210,2023-09-29,17:11:00,cancelled,Wallet,11998.0,0,2159.64,14157.64,1,Mumbai,India
104523,16210,2023-11-14,16:09:00,delivered,Debit Card,3989.26,0,718.07,4707.33,4,Mumbai,India
104524,16210,2023-08-15,15:46:00,delivered,Wallet,3047.21,0,548.5,3595.71,2,Mumbai,India
104525,16213,2024-03-28,13:48:00,processing,Credit Card,6298.0,0,1133.64,7431.64,2,Mumbai,India
104526,16214,2024-07-28,16:20:00,delivered,UPI,15096.0,0,2717.28,17813.28,3,Mumbai,India
104527,16214,2024-08-29,12:03:00,delivered,Credit Card,7569.3,0,1362.47,8931.77,2,Mumbai,India
104528,16247,2024-07-21,22:59:00,delivered,UPI,1783.94,0,321.11,2105.05,1,Mumbai,UK
104529,16247,2024-06-30,01:13:00,delivered,Credit Card,12999.0,0,2339.82,15338.82,1,Mumbai,UK
104530,16247,2024-04-20,14:30:00,delivered,Credit Card,799.0,99,143.82,1041.82,1,Mumbai,UK
104531,16252,2022-10-29,03:53:00,delivered,UPI,12401.41,0,2232.25,14633.66,2,Mumbai,USA
104532,16252,2023-03-20,05:20:00,shipped,UPI,1499.0,0,269.82,1768.82,1,Mumbai,USA
104533,16252,2023-06-01,02:27:00,delivered,Credit Card,2343.78,0,421.88,-2765.66,2,Mumbai,USA
104534,16254,2023-03-11,15:02:00,delivered,COD,802.84,149,144.51,1096.35,1,Mumbai,India
104535,16254,2023-08-19,18:21:00,delivered,UPI,49998.0,0,8999.64,58997.64,1,Mumbai,India
104536,16254,2023-03-21,19:12:00,pending,COD,3191.64,0,574.5,3766.14,3,Mumbai,India
104537,16254,2022-10-22,06:25:00,delivered,UPI,57993.0,0,10438.74,68431.74,4,Mumbai,India
104538,16254,2023-04-15,23:42:00,delivered,UPI,851.33,99,153.24,1103.57,1,Mumbai,India
104539,16254,2022-06-16,10:03:00,delivered,UPI,1698.0,0,305.64,2003.64,2,Mumbai,India
104540,16258,2024-02-12,11:44:00,delivered,UPI,4696.0,0,845.28,5541.28,2,Mumbai,India
104541,16260,2023-07-10,00:02:00,shipped,UPI,899.0,99,161.82,1159.82,1,Mumbai,India
104542,16260,2023-06-20,05:43:00,delivered,Credit Card,13598.0,0,2447.64,16045.64,2,Mumbai,India
104543,16260,2023-01-01,16:11:00,cancelled,Credit Card,988.56,49,177.94,1215.5,2,Mumbai,India
104544,16260,2023-01-23,15:42:00,delivered,Net Banking,2499.0,0,449.82,2948.82,1,Mumbai,India
104545,16260,2023-02-07,09:49:00,delivered,Debit Card,3497.0,0,629.46,4126.46,2,Mumbai,India
104546,16260,2023-07-18,03:11:00,delivered,COD,14997.0,0,2699.46,17696.46,1,Mumbai,India
104547,16280,2024-06-07,03:29:00,delivered,Credit Card,3643.02,0,655.74,4298.76,1,Mumbai,India
104548,16280,2024-08-01,15:22:00,delivered,UPI,1684.4,0,303.19,1987.59,1,Mumbai,India
104549,16280,2024-07-24,13:19:00,delivered,COD,7696.0,0,1385.28,9081.28,3,Mumbai,India
104550,16280,2024-07-23,05:55:00,delivered,Credit Card,5997.0,0,1079.46,7076.46,2,Mumbai,India
104551,16280,2024-06-25,16:32:00,delivered,UPI,6495.0,0,1169.1,7664.1,2,Mumbai,India
104552,16280,2024-05-29,11:33:00,delivered,Credit Card,1299.0,0,233.82,1532.82,1,Mumbai,India
104553,16280,2024-05-25,05:25:00,delivered,Credit Card,5498.0,0,989.64,6487.64,2,Mumbai,India
104554,16280,2024-06-14,09:43:00,processing,Credit Card,999.0,0,179.82,1178.82,1,Mumbai,India
104555,16280,2024-05-17,22:40:00,delivered,Wallet,1598.0,0,287.64,1885.64,1,Mumbai,India
104556,16280,2024-07-04,20:45:00,delivered,Debit Card,199.0,99,35.82,333.82,1,Mumbai,India
104557,16280,2024-05-19,08:46:00,delivered,Credit Card,3998.0,0,719.64,4717.64,2,Mumbai,India
104558,16280,2024-06-16,09:52:00,delivered,UPI,4499.0,0,809.82,5308.82,1,Mumbai,India
104559,16280,2024-06-02,16:56:00,delivered,UPI,999.0,0,179.82,1178.82,1,Mumbai,India
104560,16280,2024-07-20,14:18:00,delivered,UPI,1377.87,0,248.02,1625.89,1,Mumbai,India
104561,16280,2024-05-27,19:39:00,delivered,Debit Card,10695.0,0,1925.1,12620.1,3,Mumbai,India
104562,16280,2024-07-02,11:22:00,delivered,Debit Card,3499.0,0,629.82,4128.82,1,Mumbai,India
104563,16280,2024-06-06,18:40:00,delivered,UPI,699.0,149,125.82,973.82,1,Mumbai,India
104564,16280,2024-06-06,21:27:00,delivered,UPI,1998.0,0,359.64,2357.64,1,Mumbai,India
104565,16280,2024-07-21,02:28:00,delivered,Credit Card,2484.0,0,447.12,2931.12,2,Mumbai,India
104566,16280,2024-06-12,02:48:00,delivered,Debit Card,8677.66,0,1561.98,10239.64,2,Mumbai,India
104567,16280,2024-06-26,22:06:00,shipped,UPI,699.0,99,125.82,923.82,1,Mumbai,India
104568,16280,2024-06-06,13:25:00,delivered,Wallet,12997.0,0,2339.46,15336.46,3,Mumbai,India
104569,16280,2024-06-30,03:13:00,delivered,Net Banking,5497.0,0,989.46,6486.46,2,Mumbai,India
104570,16280,2024-05-18,14:57:00,delivered,Wallet,11682.22,0,2102.8,13785.02,2,Mumbai,India
104571,16283,2024-02-22,23:49:00,returned,Credit Card,2715.5,0,488.79,3204.29,3,Mumbai,India
104572,16283,2024-05-25,09:50:00,delivered,Credit Card,398.0,149,71.64,618.64,1,Mumbai,India
104574,16283,2023-11-01,20:01:00,returned,Debit Card,17197.0,0,3095.46,20292.46,2,Mumbai,India
104575,16283,2024-02-23,16:31:00,delivered,Debit Card,4794.05,0,862.93,5656.98,4,Mumbai,India
104576,16283,2023-12-21,13:01:00,shipped,UPI,1697.0,0,305.46,2002.46,3,Mumbai,India
104577,16285,2023-10-30,20:11:00,processing,Credit Card,2998.0,0,539.64,3537.64,1,Mumbai,India
104578,16285,2024-03-29,06:25:00,delivered,Debit Card,2226.5,0,400.77,-2627.27,2,Mumbai,India
104579,16285,2023-02-26,00:49:00,delivered,Credit Card,6312.19,0,1136.19,7448.38,4,Mumbai,India
104580,16285,2023-10-14,06:31:00,delivered,Debit Card,23124.56,0,4162.42,27286.98,4,Mumbai,India
104581,16285,2023-04-15,07:21:00,delivered,Debit Card,7734.83,0,1392.27,9127.1,3,Mumbai,India
104583,16285,2023-05-26,09:22:00,delivered,UPI,799.0,149,143.82,1091.82,1,Mumbai,India
104584,16285,2024-01-22,09:25:00,delivered,Debit Card,3499.0,0,629.82,4128.82,1,Mumbai,India
104585,16285,2023-06-16,15:44:00,delivered,Net Banking,1198.0,0,215.64,1413.64,1,Mumbai,India
104586,16285,2023-03-29,09:01:00,delivered,Debit Card,2397.0,0,431.46,2828.46,2,Mumbai,India
104587,16285,2024-02-07,07:42:00,delivered,Credit Card,12999.0,0,2339.82,15338.82,1,Mumbai,India
104588,16285,2023-05-26,18:19:00,shipped,UPI,999.0,0,179.82,1178.82,1,Mumbai,India
104589,16285,2023-04-12,17:39:00,delivered,Debit Card,3197.0,0,575.46,3772.46,2,Mumbai,India
104590,16285,2024-01-20,12:51:00,delivered,UPI,14796.0,0,2663.28,17459.28,3,Mumbai,India
104591,16285,2023-05-26,02:51:00,delivered,Credit Card,999.0,0,179.82,1178.82,1,Mumbai,India
104592,16285,2023-04-28,04:27:00,returned,UPI,3785.02,0,681.3,4466.32,3,Mumbai,India
104593,16285,2023-04-19,16:56:00,shipped,Debit Card,3296.0,0,593.28,3889.28,3,Mumbai,India
104594,16285,2023-07-20,10:51:00,delivered,Debit Card,881.33,99,158.64,1138.97,1,Mumbai,India
104595,16285,2025-06-15,08:55:00,delivered,Wallet,4893.0,0,880.74,5773.74,4,Mumbai,India
104596,16293,2022-08-17,06:30:00,delivered,UPI,10794.0,0,1942.92,12736.92,3,Mumbai,India
104597,16300,2022-06-04,17:44:00,shipped,UPI,599.0,149,107.82,855.82,1,Mumbai,Canada
104598,16300,2023-08-27,03:38:00,shipped,UPI,5679.58,0,1022.32,6701.9,2,Mumbai,Canada
104599,16300,2023-01-22,21:26:00,delivered,Credit Card,1999.0,0,359.82,2358.82,1,Mumbai,Canada
104600,16303,2023-12-05,05:39:00,delivered,UPI,599.0,149,107.82,855.82,1,Mumbai,Australia
104601,16303,2023-11-28,05:28:00,delivered,Net Banking,2998.0,0,539.64,3537.64,1,Mumbai,Australia
104602,16303,2024-03-04,13:26:00,delivered,Debit Card,15204.56,0,2736.82,17941.38,4,Mumbai,Australia
104603,16303,2024-01-03,13:34:00,processing,UPI,1398.0,0,251.64,1649.64,1,Mumbai,Australia
104604,16303,2024-01-06,22:29:00,shipped,Credit Card,1598.0,0,287.64,1885.64,2,Mumbai,Australia
104605,16303,2024-02-18,18:54:00,delivered,Wallet,999.0,0,179.82,1178.82,1,Mumbai,Australia
104606,16303,2024-02-14,11:11:00,delivered,Debit Card,5921.83,0,1065.93,6987.76,2,Mumbai,Australia
104608,16303,2023-12-04,03:20:00,delivered,UPI,6997.0,0,1259.46,8256.46,3,Mumbai,Australia
104609,16307,2024-03-27,12:07:00,delivered,UPI,899.0,149,161.82,1209.82,1,Mumbai,India
104610,16308,2024-02-02,12:19:00,returned,UPI,3499.0,0,629.82,4128.82,1,Mumbai,UK
104611,16308,2024-05-11,20:47:00,delivered,Net Banking,1299.0,0,233.82,1532.82,1,Mumbai,UK
104612,16308,2024-02-12,13:56:00,delivered,Credit Card,13019.34,0,2343.48,15362.82,4,Mumbai,UK
104613,16308,2024-04-27,22:32:00,delivered,COD,2498.0,0,449.64,2947.64,2,Mumbai,UK
104614,16308,2024-05-08,10:19:00,delivered,Net Banking,556.89,99,100.24,756.13,1,Mumbai,UK
104615,16308,2024-01-03,22:09:00,shipped,Credit Card,2671.98,0,480.96,3152.94,2,Mumbai,UK
104616,16320,2023-06-02,01:26:00,cancelled,COD,1844.4,0,331.99,2176.39,1,Mumbai,UK
104617,16320,2023-02-09,23:33:00,delivered,COD,9792.7,0,1762.69,11555.39,3,Mumbai,UK
104618,16320,2022-11-03,18:35:00,delivered,Credit Card,1284.37,0,231.19,1515.56,1,Mumbai,UK
104619,16328,2024-08-11,05:58:00,processing,UPI,6496.0,0,1169.28,7665.28,3,Mumbai,Canada
104620,16328,2024-09-16,09:07:00,shipped,COD,5695.0,0,1025.1,6720.1,3,Mumbai,Canada
104621,16328,2024-07-30,22:00:00,delivered,Net Banking,22111.64,0,3980.1,26091.74,1,Mumbai,Canada
104622,16329,2023-11-26,22:21:00,delivered,Debit Card,6265.48,0,1127.79,7393.27,1,Mumbai,USA
104623,16334,2023-05-19,05:28:00,cancelled,UPI,13598.0,0,2447.64,16045.64,2,Mumbai,India
104624,16334,2023-06-19,12:44:00,delivered,Net Banking,1598.0,0,287.64,1885.64,1,Mumbai,India
104626,16334,2023-05-22,11:05:00,cancelled,Credit Card,999.0,0,179.82,1178.82,1,Mumbai,India
104627,16334,2023-08-17,20:37:00,processing,Credit Card,1998.0,0,359.64,2357.64,1,Mumbai,India
104628,16334,2023-08-03,18:22:00,shipped,Debit Card,862.84,49,155.31,1067.15,1,Mumbai,India
104629,16337,2023-05-08,11:43:00,pending,Debit Card,11997.0,0,2159.46,14156.46,2,Mumbai,India
104630,16337,2022-12-01,12:51:00,delivered,Debit Card,5298.0,0,953.64,6251.64,2,Mumbai,India
104631,16337,2022-11-28,06:50:00,delivered,UPI,3695.0,0,665.1,4360.1,2,Mumbai,India
104632,16338,2024-08-26,12:30:00,delivered,Net Banking,599.0,149,107.82,855.82,1,Mumbai,India
104633,16338,2024-09-03,02:53:00,delivered,Credit Card,2425.32,0,436.56,2861.88,2,Mumbai,India
104634,16338,2024-09-06,14:03:00,shipped,UPI,5999.0,0,1079.82,7078.82,1,Mumbai,India
104635,16338,2024-08-24,03:24:00,processing,Debit Card,3215.62,0,578.81,3794.43,2,Mumbai,India
104636,16338,2024-08-27,01:59:00,delivered,UPI,2998.0,0,539.64,3537.64,1,Mumbai,India
104637,16338,2024-08-30,05:40:00,delivered,UPI,9597.0,0,1727.46,11324.46,2,Mumbai,India
104638,16342,2023-06-12,14:55:00,delivered,Debit Card,15999.0,0,2879.82,18878.82,1,Mumbai,USA
104639,16347,2024-04-20,20:52:00,delivered,Credit Card,3196.0,0,575.28,3771.28,3,Mumbai,USA
104640,16374,2023-03-19,21:38:00,cancelled,UPI,4996.0,0,899.28,5895.28,4,Mumbai,India
104641,16376,2023-03-14,06:26:00,delivered,Wallet,4744.9,0,854.08,5598.98,1,Mumbai,India
104642,16376,2023-07-19,04:21:00,pending,Wallet,299.0,149,53.82,501.82,1,Mumbai,India
104644,16376,2022-10-26,07:39:00,delivered,UPI,6896.0,0,1241.28,8137.28,3,Mumbai,India
104646,16376,2022-11-03,15:26:00,shipped,Credit Card,43693.0,0,7864.74,51557.74,5,Mumbai,India
104647,16380,2023-12-10,15:53:00,shipped,COD,699.0,149,125.82,973.82,1,Mumbai,India
104648,16384,2022-09-27,12:28:00,delivered,Wallet,14722.05,0,2649.97,17372.02,3,Mumbai,Germany
104649,16384,2022-09-07,06:42:00,delivered,COD,27530.54,0,4955.5,32486.04,3,Mumbai,Germany
104650,16384,2022-07-25,21:55:00,delivered,Credit Card,3301.33,0,594.24,3895.57,2,Mumbai,Germany
104651,16387,2023-10-27,13:17:00,delivered,Debit Card,199.0,99,35.82,333.82,1,Mumbai,Germany
104652,16395,2023-12-02,13:51:00,delivered,Wallet,2197.0,0,395.46,2592.46,2,Mumbai,USA
104654,16395,2024-04-06,18:34:00,cancelled,UPI,11796.0,0,2123.28,13919.28,3,Mumbai,USA
104655,16397,2023-08-31,08:05:00,delivered,Debit Card,1499.0,0,269.82,1768.82,1,Mumbai,India
104656,16397,2023-07-28,10:40:00,shipped,UPI,8890.72,0,1600.33,10491.05,2,Mumbai,India
104657,16397,2023-12-27,05:13:00,delivered,UPI,999.0,0,179.82,1178.82,1,Mumbai,India
104658,16404,2022-08-20,06:20:00,delivered,Net Banking,10497.0,0,1889.46,12386.46,1,Mumbai,Australia
104659,16416,2023-02-12,07:04:00,delivered,Wallet,3476.28,0,625.73,-4102.01,1,Mumbai,Canada
104660,16417,2022-11-13,14:25:00,delivered,Credit Card,2395.13,0,431.12,2826.25,2,Mumbai,Canada
104661,16420,2023-08-24,06:41:00,delivered,UPI,999.0,0,179.82,1178.82,1,Mumbai,India
104662,16431,2022-09-28,06:14:00,delivered,UPI,4698.0,0,845.64,5543.64,2,Mumbai,India
104663,16431,2022-10-09,16:09:00,shipped,Debit Card,599.0,99,107.82,805.82,1,Mumbai,India
104664,16431,2023-01-18,18:30:00,delivered,UPI,33995.0,0,6119.1,40114.1,3,Mumbai,India
104665,16431,2022-12-01,16:47:00,delivered,Debit Card,27013.02,0,4862.34,31875.36,3,Mumbai,India
104666,16436,2023-08-23,22:02:00,delivered,UPI,999.0,0,179.82,1178.82,1,Mumbai,UK
104667,16436,2022-07-21,17:11:00,shipped,Credit Card,6498.0,0,1169.64,7667.64,2,Mumbai,UK
104668,16436,2022-07-29,19:40:00,delivered,Debit Card,717.78,99,129.2,945.98,1,Mumbai,UK
104669,16445,2024-10-19,05:51:00,delivered,Credit Card,2598.0,0,467.64,3065.64,1,Mumbai,USA
104670,16445,2024-10-12,14:49:00,delivered,Credit Card,5489.15,0,988.05,6477.2,3,Mumbai,USA
104671,16445,2024-10-17,23:12:00,processing,Net Banking,43900.87,0,7902.16,51803.03,2,Mumbai,USA
104672,16445,2024-10-23,17:22:00,delivered,Net Banking,7291.47,0,1312.46,8603.93,2,Mumbai,USA
104673,16445,2024-10-18,03:16:00,delivered,Debit Card,1798.0,0,323.64,2121.64,2,Mumbai,USA
104674,16445,2024-10-11,16:19:00,delivered,Debit Card,3596.0,0,647.28,4243.28,4,Mumbai,USA
104675,16445,2024-10-19,08:48:00,shipped,UPI,599.0,99,107.82,805.82,1,Mumbai,USA
104678,16445,2024-10-17,09:05:00,delivered,Credit Card,899.0,149,161.82,1209.82,1,Mumbai,USA
104679,16446,2022-07-27,13:52:00,shipped,UPI,5595.0,0,1007.1,6602.1,3,Mumbai,India
104680,16446,2022-09-25,04:14:00,delivered,Debit Card,2746.52,0,494.37,3240.89,2,Mumbai,India
104681,16446,2023-03-15,01:20:00,delivered,Wallet,2298.0,0,413.64,2711.64,2,Mumbai,India
104683,16468,2024-07-28,03:25:00,delivered,UPI,1499.0,0,269.82,1768.82,1,Mumbai,India
104684,16468,2024-07-04,10:18:00,pending,Wallet,5997.0,0,1079.46,7076.46,2,Mumbai,India
104685,16468,2024-06-18,11:49:00,processing,COD,2499.0,0,449.82,2948.82,1,Mumbai,India
104686,16468,2024-07-26,16:26:00,delivered,Net Banking,3996.0,0,719.28,4715.28,3,Mumbai,India
104687,16472,2023-05-04,12:27:00,delivered,Credit Card,5397.0,0,971.46,6368.46,3,Mumbai,USA
104688,16473,2023-10-15,16:05:00,delivered,Credit Card,9017.33,0,1623.12,10640.45,2,Mumbai,India
104689,16474,2023-11-21,06:14:00,returned,UPI,11998.0,0,2159.64,14157.64,1,Mumbai,India
104690,16477,2023-02-13,23:53:00,delivered,Net Banking,799.0,49,143.82,991.82,1,Mumbai,India
104691,16477,2023-01-30,23:27:00,delivered,UPI,4255.4,0,765.97,5021.37,1,Mumbai,India
104692,16478,2024-01-05,08:41:00,delivered,Net Banking,2499.0,0,449.82,2948.82,1,Mumbai,Germany
104693,16483,2024-02-12,17:22:00,pending,Credit Card,3606.19,0,649.11,4255.3,1,Mumbai,USA
104694,16484,2023-08-26,16:52:00,delivered,Credit Card,1797.0,0,323.46,2120.46,2,Mumbai,Australia
104695,16484,2024-01-22,06:48:00,shipped,Credit Card,24935.01,0,4488.3,29423.31,2,Mumbai,Australia
104696,16484,2024-03-28,04:24:00,delivered,Debit Card,899.0,49,161.82,1109.82,1,Mumbai,Australia
104697,16484,2023-11-13,08:47:00,delivered,Wallet,4296.0,0,773.28,5069.28,2,Mumbai,Australia
104698,16484,2023-11-04,08:09:00,cancelled,Net Banking,1499.0,0,269.82,1768.82,1,Mumbai,Australia
104699,16484,2024-01-29,11:02:00,returned,Net Banking,1997.0,0,359.46,2356.46,2,Mumbai,Australia
104700,16484,2024-01-23,06:16:00,delivered,Credit Card,794.48,149,143.01,1086.49,1,Mumbai,Australia
104701,16484,2023-09-13,04:23:00,delivered,UPI,2998.0,0,539.64,3537.64,1,Mumbai,Australia
104702,16484,2023-11-29,12:54:00,delivered,Debit Card,622.56,99,112.06,833.62,1,Mumbai,Australia
104703,16484,2023-08-01,22:37:00,delivered,Credit Card,35206.65,0,6337.2,41543.85,3,Mumbai,Australia
104704,16484,2024-02-21,11:26:00,delivered,UPI,6545.11,0,1178.12,7723.23,3,Mumbai,Australia
104705,16484,2023-10-27,15:10:00,delivered,Credit Card,31998.0,0,5759.64,37757.64,1,Mumbai,Australia
104706,16484,2023-12-07,12:59:00,delivered,UPI,599.0,99,107.82,805.82,1,Mumbai,Australia
104707,16484,2023-10-26,00:07:00,delivered,Debit Card,5497.0,0,989.46,6486.46,2,Mumbai,Australia
104708,16484,2023-12-16,14:57:00,delivered,Debit Card,3213.34,0,578.4,3791.74,2,Mumbai,Australia
104709,16484,2023-10-18,20:42:00,delivered,Wallet,14042.48,0,2527.65,16570.13,1,Mumbai,Australia
104710,16484,2024-03-01,16:04:00,shipped,Credit Card,6998.0,0,1259.64,8257.64,1,Mumbai,Australia
104711,16484,2023-10-26,04:45:00,delivered,Wallet,2486.53,0,447.58,2934.11,3,Mumbai,Australia
104712,16484,2024-01-16,16:26:00,shipped,UPI,1588.17,0,285.87,1874.04,1,Mumbai,Australia
104713,16484,2023-08-25,08:37:00,delivered,Debit Card,13694.0,0,2464.92,16158.92,4,Mumbai,Australia
104714,16484,2024-03-27,10:25:00,cancelled,UPI,3297.0,0,593.46,3890.46,2,Mumbai,Australia
104715,16490,2022-12-13,03:04:00,shipped,Net Banking,4013.18,0,722.37,4735.55,2,Mumbai,UK
104716,16490,2022-12-04,13:36:00,delivered,Credit Card,999.0,0,179.82,1178.82,1,Mumbai,UK
104717,16490,2022-12-29,22:53:00,delivered,Debit Card,1215.9,0,218.86,1434.76,2,Mumbai,UK
104718,16490,2023-08-17,07:52:00,delivered,UPI,1290.71,0,232.33,1523.04,1,Mumbai,UK
104719,16492,2024-02-08,23:52:00,delivered,Credit Card,2998.0,0,539.64,3537.64,1,Mumbai,USA
104720,16492,2024-01-11,06:47:00,shipped,Credit Card,14996.0,0,2699.28,17695.28,2,Mumbai,USA
104721,16492,2023-10-31,23:16:00,delivered,UPI,2698.0,0,485.64,3183.64,2,Mumbai,USA
104722,16492,2024-03-21,05:36:00,delivered,Net Banking,20592.0,0,3706.56,24298.56,5,Mumbai,USA
104723,16492,2024-01-28,12:19:00,delivered,Credit Card,5495.0,0,989.1,6484.1,3,Mumbai,USA
104724,16492,2024-01-07,08:39:00,delivered,Debit Card,999.0,0,179.82,1178.82,1,Mumbai,USA
104725,16492,2024-01-24,00:56:00,processing,UPI,1499.0,0,269.82,1768.82,1,Mumbai,USA
104726,16492,2023-12-14,22:48:00,shipped,Debit Card,6597.0,0,1187.46,7784.46,3,Mumbai,USA
104728,16492,2023-12-07,17:01:00,delivered,Debit Card,799.0,49,143.82,991.82,1,Mumbai,USA
104729,16492,2024-01-10,02:05:00,delivered,Debit Card,8452.93,0,1521.53,9974.46,2,Mumbai,USA
104730,16492,2024-05-21,12:33:00,shipped,Wallet,299.0,99,53.82,451.82,1,Mumbai,USA
104731,16492,2024-01-18,09:15:00,processing,Debit Card,4176.24,0,751.72,4927.96,3,Mumbai,USA
104732,16492,2024-01-23,23:30:00,processing,Credit Card,1299.0,0,233.82,1532.82,1,Mumbai,USA
104733,16492,2023-11-12,15:00:00,shipped,Credit Card,999.0,0,179.82,1178.82,1,Mumbai,USA
104735,16492,2023-11-15,00:09:00,delivered,UPI,22528.18,0,4055.07,26583.25,1,Mumbai,USA
104736,16492,2023-11-03,01:34:00,shipped,Debit Card,3570.18,0,642.63,4212.81,3,Mumbai,USA
104737,16492,2023-11-25,16:17:00,delivered,Credit Card,12193.71,0,2194.87,14388.58,1,Mumbai,USA
104738,16492,2023-10-26,00:35:00,shipped,Credit Card,9795.0,0,1763.1,11558.1,4,Mumbai,USA
104739,16492,2024-06-02,23:57:00,delivered,UPI,5391.53,0,970.48,6362.01,2,Mumbai,USA
104740,16492,2024-01-24,06:47:00,delivered,Net Banking,20709.83,0,3727.77,24437.6,3,Mumbai,USA
104741,16492,2024-07-28,00:17:00,delivered,Wallet,1798.0,0,323.64,2121.64,1,Mumbai,USA
104742,16492,2024-01-07,17:52:00,delivered,Debit Card,5597.0,0,1007.46,6604.46,2,Mumbai,USA
104743,16493,2025-06-15,00:43:00,returned,Credit Card,1299.0,0,233.82,1532.82,1,Mumbai,Germany
104744,16493,2023-07-02,21:41:00,processing,UPI,5999.0,0,1079.82,7078.82,1,Mumbai,Germany
104745,16493,2023-05-05,02:09:00,cancelled,Credit Card,4198.0,0,755.64,4953.64,2,Mumbai,Germany
104746,16494,2022-07-23,05:27:00,delivered,Debit Card,7999.0,0,1439.82,9438.82,1,Mumbai,India
104747,16494,2022-07-01,20:53:00,delivered,UPI,10634.1,0,1914.14,12548.24,2,Mumbai,India
104748,16494,2023-01-09,05:11:00,delivered,Credit Card,1798.0,0,323.64,2121.64,2,Mumbai,India
104749,16498,2023-11-21,12:01:00,delivered,Wallet,19548.42,0,3518.72,23067.14,3,Mumbai,India
104750,16504,2024-07-04,21:48:00,returned,Wallet,1413.5,0,254.43,1667.93,2,Mumbai,India
104751,16509,2024-04-19,11:42:00,returned,UPI,398.0,99,71.64,568.64,1,Mumbai,Singapore
104752,16514,2024-08-09,07:38:00,returned,UPI,2499.0,0,449.82,2948.82,1,Mumbai,India
104753,16516,2022-09-02,13:05:00,delivered,Credit Card,4497.0,0,809.46,5306.46,1,Mumbai,India
104754,16517,2023-09-14,04:50:00,shipped,Debit Card,3990.18,0,718.23,4708.41,2,Mumbai,Singapore
104755,16517,2023-01-20,09:10:00,delivered,Debit Card,25998.0,0,4679.64,30677.64,1,Mumbai,Singapore
104756,16517,2023-09-21,21:24:00,delivered,UPI,899.0,49,161.82,1109.82,1,Mumbai,Singapore
104757,16519,2022-05-09,03:53:00,pending,Debit Card,21697.0,0,3905.46,25602.46,3,Mumbai,India
104758,16519,2022-12-29,20:16:00,shipped,Wallet,4999.0,0,899.82,5898.82,1,Mumbai,India
104759,16519,2022-12-16,04:25:00,delivered,UPI,12969.04,0,2334.43,15303.47,5,Mumbai,India
104760,16528,2022-08-09,22:12:00,shipped,Credit Card,22996.0,0,4139.28,27135.28,3,Mumbai,India
104761,16529,2024-04-01,10:12:00,shipped,UPI,1499.0,0,269.82,1768.82,1,Mumbai,USA
104762,16529,2024-08-15,21:49:00,delivered,UPI,1499.0,0,269.82,1768.82,1,Mumbai,USA
104763,16529,2024-06-15,13:26:00,cancelled,Net Banking,5999.0,0,1079.82,7078.82,1,Mumbai,USA
104764,16529,2024-05-07,21:22:00,delivered,Net Banking,19395.0,0,3491.1,22886.1,2,Mumbai,USA
104765,16530,2023-07-22,04:12:00,delivered,Credit Card,9597.0,0,1727.46,11324.46,3,Mumbai,USA
104766,16531,2023-09-18,05:14:00,shipped,Debit Card,18833.98,0,3390.12,22224.1,2,Mumbai,USA
104767,16532,2023-07-28,20:34:00,delivered,UPI,999.0,0,179.82,1178.82,1,Mumbai,India
104768,16533,2024-09-13,18:58:00,delivered,Credit Card,1998.0,0,359.64,2357.64,1,Mumbai,India
104769,16549,2023-12-14,20:56:00,delivered,Credit Card,5999.0,0,1079.82,7078.82,1,Mumbai,USA
104770,16549,2024-01-27,15:39:00,delivered,COD,3997.0,0,719.46,4716.46,2,Mumbai,USA
104772,16550,2023-07-23,07:55:00,delivered,COD,8498.0,0,1529.64,10027.64,2,Mumbai,India
104773,16550,2022-12-29,19:11:00,delivered,UPI,14997.0,0,2699.46,17696.46,1,Mumbai,India
104774,16550,2022-11-03,17:21:00,delivered,Credit Card,6253.38,0,1125.61,7378.99,3,Mumbai,India
104775,16550,2022-08-19,03:09:00,delivered,COD,999.0,0,179.82,1178.82,1,Mumbai,India
104776,16553,2022-09-05,08:39:00,delivered,Credit Card,28100.29,0,5058.05,33158.34,5,Mumbai,India
104777,16556,2023-01-12,16:33:00,delivered,Wallet,4999.0,0,899.82,5898.82,1,Mumbai,USA
104778,16556,2022-12-12,03:06:00,delivered,Credit Card,299.0,99,53.82,451.82,1,Mumbai,USA
104779,16556,2023-05-20,11:35:00,delivered,UPI,9998.0,0,1799.64,11797.64,1,Mumbai,USA
104780,16556,2023-05-20,19:04:00,delivered,Debit Card,1798.0,0,323.64,2121.64,1,Mumbai,USA
104781,16559,2022-09-04,22:22:00,delivered,UPI,6596.0,0,1187.28,7783.28,4,Mumbai,USA
104782,16559,2023-06-16,14:20:00,shipped,Debit Card,799.0,99,143.82,1041.82,1,Mumbai,USA
104783,16559,2022-12-04,17:52:00,shipped,Debit Card,2597.0,0,467.46,3064.46,2,Mumbai,USA
104784,16561,2024-03-27,22:17:00,delivered,UPI,3497.0,0,629.46,4126.46,2,Mumbai,UK
104785,16563,2024-01-22,06:18:00,delivered,UPI,809.48,99,145.71,1054.19,1,Mumbai,USA
104786,16563,2024-01-11,07:07:00,delivered,Net Banking,3097.0,0,557.46,3654.46,2,Mumbai,USA
104787,16563,2024-01-14,09:40:00,delivered,Credit Card,4999.0,0,899.82,5898.82,1,Mumbai,USA
104788,16563,2023-10-31,04:35:00,delivered,Credit Card,3496.0,0,629.28,4125.28,3,Mumbai,USA
104789,16563,2023-09-27,13:04:00,shipped,Debit Card,2997.0,0,539.46,3536.46,1,Mumbai,USA
104790,16563,2024-03-06,15:10:00,returned,UPI,1397.0,0,251.46,1648.46,2,Mumbai,USA
104791,16566,2023-05-16,07:28:00,delivered,Credit Card,6698.0,0,1205.64,7903.64,2,Mumbai,India
104792,16566,2023-08-02,05:47:00,delivered,Credit Card,3396.0,0,611.28,4007.28,2,Mumbai,India
104794,16566,2023-06-14,22:57:00,delivered,UPI,4998.0,0,899.64,5897.64,1,Mumbai,India
104795,16566,2023-05-22,19:01:00,delivered,Debit Card,199.0,99,35.82,333.82,1,Mumbai,India
104796,16566,2023-12-22,19:52:00,delivered,Net Banking,1598.0,0,287.64,1885.64,1,Mumbai,India
104797,16569,2024-01-04,01:08:00,delivered,Debit Card,1299.0,0,233.82,1532.82,1,Mumbai,India
104798,16573,2023-04-14,11:28:00,cancelled,Wallet,4998.0,0,899.64,5897.64,1,Mumbai,UK
104799,16573,2023-09-17,09:54:00,delivered,Debit Card,4999.0,0,899.82,5898.82,1,Mumbai,UK
104800,16573,2023-09-07,15:05:00,delivered,Net Banking,7094.0,0,1276.92,8370.92,3,Mumbai,UK
104801,16573,2023-06-10,07:40:00,delivered,Credit Card,4998.0,0,899.64,5897.64,2,Mumbai,UK
104802,16573,2023-03-20,03:33:00,delivered,Wallet,2740.86,0,493.35,3234.21,2,Mumbai,UK
104803,16573,2023-02-01,19:35:00,delivered,COD,998.0,99,179.64,1276.64,1,Mumbai,UK
104804,16573,2023-10-16,02:20:00,delivered,UPI,2998.0,0,539.64,3537.64,1,Mumbai,UK
104805,16592,2024-09-10,08:19:00,processing,COD,21497.0,0,3869.46,25366.46,3,Mumbai,Singapore
104806,16593,2024-04-08,20:00:00,delivered,Debit Card,5597.0,0,1007.46,6604.46,2,Mumbai,India
104807,16605,2024-09-30,04:58:00,delivered,Debit Card,16888.11,0,3039.86,19927.97,1,Mumbai,India
104808,16605,2024-09-22,23:44:00,delivered,Debit Card,3499.0,0,629.82,4128.82,1,Mumbai,India
104809,16605,2024-10-03,10:16:00,delivered,Credit Card,4999.0,0,899.82,5898.82,1,Mumbai,India
104810,16613,2023-04-24,04:43:00,delivered,UPI,23340.46,0,4201.28,27541.74,4,Mumbai,India
104811,16613,2023-08-01,05:02:00,delivered,Credit Card,6598.0,0,1187.64,7785.64,2,Mumbai,India
104812,16613,2023-03-06,04:12:00,delivered,UPI,699.0,49,125.82,873.82,1,Mumbai,India
104813,16614,2024-08-04,02:07:00,delivered,Debit Card,20896.0,0,3761.28,24657.28,3,Mumbai,India
104814,16616,2024-05-05,16:57:00,pending,UPI,7057.4,0,1270.33,8327.73,4,Mumbai,USA
104815,16648,2024-06-19,14:16:00,shipped,Credit Card,14597.0,0,2627.46,17224.46,2,Mumbai,Australia
104816,16652,2023-11-16,13:25:00,delivered,Debit Card,10096.0,0,1817.28,11913.28,3,Mumbai,India
104817,16665,2024-01-07,10:50:00,returned,Credit Card,3594.0,0,646.92,4240.92,2,Mumbai,India
104818,16665,2024-01-01,16:55:00,delivered,Debit Card,14586.12,0,2625.5,17211.62,3,Mumbai,India
104819,16665,2024-02-04,22:22:00,delivered,Credit Card,3999.0,0,719.82,4718.82,1,Mumbai,India
104820,16665,2024-01-10,06:10:00,delivered,Credit Card,2770.14,0,498.63,3268.77,1,Mumbai,India
104821,16665,2024-05-08,15:38:00,delivered,Wallet,5997.0,0,1079.46,7076.46,1,Mumbai,India
104822,16665,2023-12-14,13:43:00,delivered,Wallet,799.0,99,143.82,1041.82,1,Mumbai,India
104823,16665,2024-03-29,14:32:00,delivered,Debit Card,7996.0,0,1439.28,9435.28,2,Mumbai,India
104824,16665,2024-06-06,14:41:00,processing,Credit Card,31998.0,0,5759.64,37757.64,1,Mumbai,India
104825,16665,2024-02-18,01:17:00,delivered,Net Banking,9397.0,0,1691.46,11088.46,3,Mumbai,India
104826,16675,2023-09-21,01:30:00,delivered,UPI,8243.42,0,1483.82,9727.24,2,Mumbai,India
104827,16675,2023-09-25,17:10:00,delivered,Wallet,5999.0,0,1079.82,7078.82,1,Mumbai,India
104828,16675,2023-01-15,08:44:00,delivered,Credit Card,4499.0,0,809.82,5308.82,1,Mumbai,India
104829,16686,2024-05-29,14:14:00,delivered,COD,24999.0,0,4499.82,29498.82,1,Mumbai,USA
104830,16686,2024-04-24,03:57:00,pending,Net Banking,12946.07,0,2330.29,15276.36,3,Mumbai,USA
104831,16686,2024-06-04,23:41:00,delivered,Debit Card,44673.71,0,8041.27,52714.98,5,Mumbai,USA
104832,16693,2023-08-24,10:26:00,delivered,Wallet,4998.0,0,899.64,5897.64,1,Mumbai,India
104833,16696,2023-02-20,18:23:00,delivered,Net Banking,12999.0,0,2339.82,15338.82,1,Mumbai,Germany
104834,16696,2023-05-02,06:21:00,delivered,Debit Card,199.0,99,35.82,333.82,1,Mumbai,Germany
104835,16696,2022-12-18,18:00:00,processing,Wallet,999.0,0,179.82,1178.82,1,Mumbai,Germany
104836,16696,2023-02-22,01:45:00,cancelled,COD,4999.0,0,899.82,5898.82,1,Mumbai,Germany
104837,16696,2023-07-27,16:58:00,delivered,Credit Card,16916.3,0,3044.93,19961.23,4,Mumbai,Germany
104838,16696,2022-12-22,01:31:00,delivered,Credit Card,12999.0,0,2339.82,15338.82,1,Mumbai,Germany
104839,16696,2024-01-02,11:52:00,delivered,UPI,12999.0,0,2339.82,15338.82,1,Mumbai,Germany
104841,16696,2022-12-30,14:59:00,delivered,Credit Card,799.0,149,143.82,1091.82,1,Mumbai,Germany
104842,16700,2023-07-16,22:35:00,delivered,Credit Card,699.97,99,125.99,924.96,1,Mumbai,India
104843,16702,2023-08-09,18:48:00,delivered,Debit Card,4999.0,0,899.82,5898.82,1,Mumbai,India
104844,16702,2023-08-21,01:51:00,delivered,COD,18195.0,0,3275.1,21470.1,4,Mumbai,India
104845,16702,2022-08-06,05:18:00,returned,Net Banking,835.21,99,150.34,1084.55,1,Mumbai,India
104846,16706,2022-05-09,03:48:00,pending,Debit Card,5171.67,0,930.9,6102.57,4,Mumbai,India
104848,16706,2022-08-23,04:37:00,delivered,Credit Card,15595.0,0,2807.1,18402.1,5,Mumbai,India
104849,16713,2023-07-18,09:57:00,returned,Wallet,2999.0,0,539.82,3538.82,1,Mumbai,Singapore
104850,16726,2023-02-20,08:39:00,delivered,Debit Card,1589.82,0,286.17,1875.99,2,Mumbai,India
104851,16726,2023-09-01,18:48:00,delivered,Credit Card,597.0,149,107.46,853.46,1,Mumbai,India
104852,16727,2024-01-22,02:52:00,delivered,UPI,3058.95,0,550.61,3609.56,4,Mumbai,India
104854,16729,2024-05-28,10:43:00,delivered,Net Banking,699.0,49,125.82,873.82,1,Mumbai,USA
104855,16739,2023-02-10,03:32:00,pending,COD,6395.0,0,1151.1,7546.1,3,Mumbai,USA
104856,16740,2024-07-09,07:14:00,delivered,Credit Card,699.0,149,125.82,973.82,1,Mumbai,India
104857,16748,2023-06-04,11:42:00,delivered,Net Banking,19494.0,0,3508.92,23002.92,4,Mumbai,UK
104858,16748,2023-08-14,07:21:00,delivered,UPI,3689.96,0,664.19,4354.15,3,Mumbai,UK
104859,16748,2023-04-14,19:17:00,delivered,UPI,799.0,99,143.82,1041.82,1,Mumbai,UK
104860,16753,2024-08-04,16:33:00,delivered,UPI,5798.0,0,1043.64,6841.64,2,Mumbai,India
104861,16767,2024-04-03,17:35:00,delivered,UPI,1898.56,0,341.74,2240.3,1,Mumbai,India
104862,16771,2024-03-29,05:15:00,delivered,Debit Card,3298.0,0,593.64,3891.64,2,Mumbai,Germany
104863,16771,2024-02-11,22:47:00,delivered,Debit Card,8498.0,0,1529.64,10027.64,2,Mumbai,Germany
104864,16782,2023-06-04,14:49:00,delivered,UPI,5615.34,0,1010.76,6626.1,1,Mumbai,India
104865,16785,2023-03-26,20:47:00,processing,Wallet,3999.0,0,719.82,4718.82,1,Mumbai,Australia
104866,16785,2023-12-08,15:35:00,delivered,Credit Card,5391.38,0,970.45,6361.83,3,Mumbai,Australia
104867,16785,2022-06-13,11:41:00,delivered,Credit Card,6695.0,0,1205.1,7900.1,4,Mumbai,Australia
104868,16789,2022-12-28,05:36:00,delivered,Debit Card,999.0,0,179.82,1178.82,1,Mumbai,Singapore
104869,16800,2024-03-05,21:26:00,pending,Credit Card,24999.0,0,4499.82,29498.82,1,Mumbai,USA
104870,16800,2024-03-20,01:28:00,shipped,Credit Card,3499.0,0,629.82,4128.82,1,Mumbai,USA
104871,16800,2024-04-26,02:38:00,delivered,Credit Card,7902.73,0,1422.49,9325.22,4,Mumbai,USA
104872,16805,2024-07-03,20:00:00,shipped,Debit Card,1198.0,0,215.64,1413.64,1,Mumbai,India
104873,16805,2024-08-27,22:03:00,delivered,UPI,1999.0,0,359.82,2358.82,1,Mumbai,India
104874,16805,2024-07-07,14:02:00,delivered,Credit Card,3297.0,0,593.46,3890.46,2,Mumbai,India
104875,16805,2024-08-10,00:13:00,cancelled,Credit Card,942.46,99,169.64,1211.1,1,Mumbai,India
104876,16806,2024-04-26,19:46:00,delivered,COD,1499.0,0,269.82,1768.82,1,Mumbai,India
104877,16806,2024-04-09,04:13:00,delivered,UPI,4499.0,0,809.82,5308.82,1,Mumbai,India
104878,16806,2024-02-03,05:06:00,returned,Debit Card,7276.12,0,1309.7,8585.82,3,Mumbai,India
104879,16806,2024-05-16,09:19:00,delivered,Net Banking,2669.4,0,480.49,3149.89,2,Mumbai,India
104880,16806,2024-03-13,02:22:00,delivered,UPI,16287.82,0,2931.81,19219.63,3,Mumbai,India
104881,16806,2024-05-16,19:22:00,processing,Debit Card,29006.78,0,5221.22,34228.0,5,Mumbai,India
104882,16806,2024-03-21,09:30:00,delivered,COD,8412.96,0,1514.33,9927.29,3,Mumbai,India
104883,16806,2024-05-05,07:43:00,delivered,UPI,18747.47,0,3374.54,22122.01,4,Mumbai,India
104884,16806,2024-02-20,10:02:00,delivered,Credit Card,7394.99,0,1331.1,8726.09,4,Mumbai,India
104885,16809,2022-11-30,16:24:00,delivered,Net Banking,1098.0,0,197.64,1295.64,2,Mumbai,India
104886,16809,2022-09-15,03:51:00,delivered,Credit Card,18193.0,0,3274.74,21467.74,4,Mumbai,India
104887,16809,2023-08-19,14:03:00,delivered,Wallet,3998.0,0,719.64,4717.64,2,Mumbai,India
104888,16815,2023-02-13,04:02:00,delivered,Credit Card,3777.96,0,680.03,4457.99,3,Mumbai,USA
104889,16826,2023-07-15,11:13:00,pending,UPI,6929.2,0,1247.26,8176.46,5,Mumbai,India
104890,16826,2023-10-05,23:00:00,processing,Net Banking,3499.0,0,629.82,4128.82,1,Mumbai,India
104891,16826,2023-07-15,19:58:00,pending,Debit Card,7695.0,0,1385.1,9080.1,4,Mumbai,India
104892,16831,2022-12-16,14:38:00,delivered,Credit Card,899.0,99,161.82,1159.82,1,Mumbai,India
104893,16831,2023-08-06,14:18:00,cancelled,Debit Card,24999.0,0,4499.82,29498.82,1,Mumbai,India
104894,16831,2023-01-08,17:39:00,delivered,Credit Card,12999.0,0,2339.82,15338.82,1,Mumbai,India
104895,16831,2023-01-22,12:22:00,delivered,Net Banking,15109.16,0,2719.65,17828.81,3,Mumbai,India
104896,16831,2023-01-04,20:24:00,delivered,Credit Card,7498.0,0,1349.64,8847.64,2,Mumbai,India
104897,16831,2022-11-28,00:10:00,delivered,Wallet,999.0,0,179.82,1178.82,1,Mumbai,India
104898,16831,2022-11-16,17:32:00,pending,UPI,15900.55,0,2862.1,18762.65,2,Mumbai,India
104899,16836,2022-08-11,18:46:00,delivered,Credit Card,11596.0,0,2087.28,13683.28,3,Mumbai,UK
104900,16836,2022-07-29,18:22:00,delivered,Credit Card,3775.6,0,679.61,4455.21,1,Mumbai,UK
104901,16836,2022-07-19,09:28:00,pending,UPI,799.0,99,143.82,1041.82,1,Mumbai,UK
104902,16836,2022-09-13,15:30:00,delivered,Credit Card,4997.0,0,899.46,5896.46,3,Mumbai,UK
104903,16836,2023-05-12,09:27:00,processing,Debit Card,9697.0,0,1745.46,11442.46,2,Mumbai,UK
104904,16836,2023-01-31,13:29:00,delivered,Credit Card,2598.0,0,467.64,3065.64,1,Mumbai,UK
104905,16836,2023-02-14,22:55:00,delivered,Credit Card,6494.0,0,1168.92,7662.92,4,Mumbai,UK
104906,16836,2022-09-15,22:30:00,delivered,Net Banking,5997.0,0,1079.46,7076.46,2,Mumbai,UK
104907,16836,2022-07-04,00:44:00,delivered,UPI,11194.75,0,2015.05,13209.8,3,Mumbai,UK
104908,16847,2023-06-04,07:12:00,delivered,Debit Card,7592.78,0,1366.7,8959.48,2,Mumbai,India
104909,16852,2022-11-30,11:49:00,delivered,UPI,4485.44,0,807.38,5292.82,1,Mumbai,USA
104910,16852,2023-06-03,07:46:00,delivered,UPI,3998.0,0,719.64,4717.64,1,Mumbai,USA
104911,16852,2022-08-14,18:56:00,delivered,Debit Card,3211.51,0,578.07,3789.58,1,Mumbai,USA
104912,16855,2023-09-04,01:58:00,delivered,Debit Card,3999.0,0,719.82,4718.82,1,Mumbai,USA
104913,16855,2023-03-01,01:09:00,delivered,Debit Card,999.0,0,179.82,1178.82,1,Mumbai,USA
104914,16855,2022-11-23,02:24:00,shipped,Credit Card,14250.58,0,2565.1,16815.68,1,Mumbai,USA
104915,16855,2023-09-01,10:44:00,delivered,UPI,732.81,99,131.91,963.72,1,Mumbai,USA
104916,16855,2023-05-31,22:41:00,delivered,Debit Card,10985.92,0,1977.47,12963.39,4,Mumbai,USA
104917,16855,2023-01-23,01:49:00,delivered,UPI,9998.0,0,1799.64,11797.64,1,Mumbai,USA
104918,16855,2023-07-17,03:40:00,shipped,Debit Card,999.0,0,179.82,1178.82,1,Mumbai,USA
104919,16855,2022-11-14,00:20:00,delivered,UPI,2999.0,0,539.82,3538.82,1,Mumbai,USA
104920,16855,2023-08-01,05:16:00,delivered,UPI,10172.02,0,1830.96,12002.98,4,Mumbai,USA
104921,16855,2023-02-05,18:16:00,delivered,Credit Card,3498.0,0,629.64,4127.64,2,Mumbai,USA
104922,16855,2023-04-22,02:33:00,delivered,Credit Card,4019.43,0,723.5,4742.93,2,Mumbai,USA
104923,16855,2022-08-25,00:28:00,delivered,UPI,18196.0,0,3275.28,21471.28,3,Mumbai,USA
104924,16855,2022-12-26,05:31:00,delivered,Net Banking,1508.02,0,271.44,1779.46,1,Mumbai,USA
104925,16855,2023-03-26,15:12:00,delivered,UPI,899.0,49,161.82,1109.82,1,Mumbai,USA
104926,16855,2023-02-27,22:25:00,delivered,Debit Card,1999.0,0,359.82,2358.82,1,Mumbai,USA
104927,16856,2025-06-15,19:25:00,processing,UPI,26897.0,0,4841.46,31738.46,2,Mumbai,India
104928,16860,2023-08-06,17:07:00,processing,Wallet,8226.32,0,1480.74,9707.06,2,Mumbai,India
104929,16864,2024-05-05,03:26:00,delivered,Debit Card,3096.0,0,557.28,3653.28,2,Mumbai,UK
104930,16864,2024-06-30,18:21:00,delivered,Debit Card,3499.0,0,629.82,4128.82,1,Mumbai,UK
104931,16864,2024-07-05,09:46:00,shipped,UPI,2261.54,0,407.08,2668.62,3,Mumbai,UK
104932,,2024-05-03,11:16:00,delivered,Debit Card,599.0,49,107.82,755.82,1,Mumbai,USA
104933,16872,2024-04-25,23:03:00,delivered,Credit Card,5997.0,0,1079.46,7076.46,3,Mumbai,India
104934,16872,2024-02-26,02:07:00,shipped,UPI,999.0,0,179.82,1178.82,1,Mumbai,India
104935,16872,2024-01-22,02:19:00,delivered,Credit Card,499.0,99,89.82,687.82,1,Mumbai,India
104936,16872,2023-10-25,16:34:00,delivered,Debit Card,3996.0,0,719.28,4715.28,2,Mumbai,India
104937,16872,2023-10-25,22:35:00,delivered,UPI,2417.68,0,435.18,2852.86,2,Mumbai,India
104938,16872,2023-11-21,01:15:00,delivered,Debit Card,15662.96,0,2819.33,18482.29,2,Mumbai,India
104941,16879,2024-10-18,02:03:00,delivered,Debit Card,999.0,0,179.82,1178.82,1,Mumbai,USA
104943,16881,2023-01-09,21:30:00,processing,UPI,24999.0,0,4499.82,29498.82,1,Mumbai,India
104944,16881,2023-12-08,21:18:00,delivered,Credit Card,3285.06,0,591.31,3876.37,2,Mumbai,India
104945,16881,2023-03-29,22:51:00,delivered,Credit Card,299.0,99,53.82,451.82,1,Mumbai,India
104946,16885,2023-05-31,15:20:00,delivered,Wallet,6598.0,0,1187.64,7785.64,2,Mumbai,India
104947,16891,2023-07-30,08:19:00,delivered,Credit Card,1735.38,0,312.37,2047.75,1,Mumbai,India
104948,16891,2024-01-31,13:31:00,delivered,Credit Card,5996.0,0,1079.28,7075.28,3,Mumbai,India
104949,16891,2023-12-09,16:28:00,delivered,UPI,8495.0,0,1529.1,10024.1,3,Mumbai,India
104950,16897,2024-09-01,05:56:00,delivered,Credit Card,12999.0,0,2339.82,15338.82,1,Mumbai,India
104951,16902,2024-08-13,06:37:00,delivered,Net Banking,9843.4,0,1771.81,11615.21,4,Mumbai,India
104952,16905,2024-09-11,19:10:00,delivered,Debit Card,46847.56,0,8432.56,55280.12,1,Mumbai,Singapore
104953,16905,2024-09-19,00:19:00,delivered,Credit Card,29450.29,0,5301.05,34751.34,4,Mumbai,Singapore
104954,16905,2024-09-03,12:52:00,delivered,Credit Card,4077.24,0,733.9,4811.14,2,Mumbai,Singapore
104955,16907,2023-03-27,02:35:00,processing,Net Banking,17997.0,0,3239.46,21236.46,2,Mumbai,USA
104956,16917,2023-04-14,03:12:00,delivered,UPI,26487.7,0,4767.79,31255.49,3,Mumbai,India
104958,16917,2024-02-10,10:17:00,delivered,UPI,1999.0,0,359.82,2358.82,1,Mumbai,India
104960,16917,2023-06-23,21:00:00,delivered,Wallet,2499.0,0,449.82,2948.82,1,Mumbai,India
104961,16917,2023-04-18,03:59:00,cancelled,Wallet,2499.0,0,449.82,2948.82,1,Mumbai,India
104963,16924,2023-10-21,01:57:00,delivered,Credit Card,5020.79,0,903.74,5924.53,2,Mumbai,Singapore
104964,16924,2024-05-23,22:04:00,delivered,Credit Card,1798.0,0,323.64,2121.64,2,Mumbai,Singapore
104965,16932,2023-03-23,21:39:00,delivered,Debit Card,12296.0,0,2213.28,14509.28,2,Mumbai,India
104966,16932,2023-05-30,15:43:00,delivered,Wallet,2298.0,0,413.64,2711.64,2,Mumbai,India
104967,16932,2023-08-28,10:10:00,cancelled,Credit Card,2499.0,0,449.82,2948.82,1,Mumbai,India
104968,16932,2023-07-09,22:47:00,processing,Debit Card,1499.0,0,269.82,1768.82,1,Mumbai,India
104969,16932,2023-08-19,23:51:00,delivered,Debit Card,15497.0,0,2789.46,18286.46,2,Mumbai,India
104970,16932,2023-04-29,07:55:00,delivered,Debit Card,10094.58,0,1817.02,11911.6,5,Mumbai,India
104971,16932,2023-10-13,03:05:00,delivered,COD,10492.0,0,1888.56,12380.56,5,Mumbai,India
104973,16932,2023-02-19,10:09:00,delivered,Debit Card,15997.0,0,2879.46,18876.46,3,Mumbai,India
104974,16932,2023-05-17,10:59:00,delivered,Wallet,3497.0,0,629.46,4126.46,3,Mumbai,India
104975,16932,2023-06-13,13:47:00,delivered,Debit Card,1499.0,0,269.82,1768.82,1,Mumbai,India
104976,16932,2023-08-15,00:24:00,delivered,Net Banking,1997.0,0,359.46,2356.46,2,Mumbai,India
104977,16932,2023-09-01,22:27:00,delivered,COD,1831.92,0,329.75,2161.67,1,Mumbai,India
104978,16932,2023-02-22,02:16:00,delivered,Credit Card,23574.14,0,4243.35,27817.49,5,Mumbai,India
104980,16937,2023-06-03,07:11:00,delivered,UPI,8649.65,0,1556.94,10206.59,4,Mumbai,India
104981,16937,2023-12-09,20:31:00,delivered,Debit Card,14498.0,0,2609.64,17107.64,2,Mumbai,India
104982,16939,2024-08-22,02:56:00,delivered,UPI,15383.21,0,2768.98,18152.19,2,Mumbai,USA
104983,16944,2024-05-23,04:59:00,delivered,Debit Card,2499.0,0,449.82,2948.82,1,Mumbai,India
104984,16944,2024-05-27,13:00:00,pending,Wallet,1795.08,0,323.11,2118.19,1,Mumbai,India
104985,16944,2024-06-11,05:47:00,delivered,Credit Card,1499.0,0,269.82,1768.82,1,Mumbai,India
104986,16944,2024-05-02,07:04:00,delivered,Wallet,3999.0,0,719.82,4718.82,1,Mumbai,India
104987,16944,2024-07-16,00:21:00,processing,Net Banking,12997.0,0,2339.46,15336.46,2,Mumbai,India
104988,16944,2024-07-11,02:51:00,delivered,Credit Card,1999.0,0,359.82,2358.82,1,Mumbai,India
104989,16946,2023-08-25,18:28:00,processing,Debit Card,2307.08,0,415.27,2722.35,1,Mumbai,India
104990,16946,2023-06-07,01:59:00,delivered,Wallet,2698.0,0,485.64,3183.64,2,Mumbai,India
104991,16946,2023-11-03,23:18:00,delivered,Credit Card,5997.0,0,1079.46,7076.46,1,Mumbai,India
104992,16946,2023-06-24,17:34:00,returned,Credit Card,3596.0,0,647.28,4243.28,2,Mumbai,India
104993,16946,2023-07-10,05:18:00,delivered,Debit Card,9796.0,0,1763.28,11559.28,3,Mumbai,India
104995,16946,2023-08-01,17:10:00,delivered,Wallet,755.7,49,136.03,940.73,1,Mumbai,India
104996,16946,2024-01-23,05:29:00,delivered,COD,3197.0,0,575.46,3772.46,3,Mumbai,India
104998,16946,2023-06-30,03:35:00,delivered,Net Banking,6998.0,0,1259.64,8257.64,1,Mumbai,India
104999,16951,2022-06-03,00:08:00,delivered,Net Banking,1267.74,0,228.19,1495.93,2,Mumbai,USA
105000,16953,2023-04-04,11:45:00,processing,Debit Card,1398.0,0,251.64,1649.64,2,Mumbai,India
105001,16953,2023-10-25,08:53:00,delivered,Credit Card,4998.0,0,899.64,5897.64,1,Mumbai,India
105002,16956,2024-08-09,17:35:00,delivered,COD,3593.21,0,646.78,4239.99,2,Mumbai,India
105003,16956,2024-08-19,09:26:00,delivered,Wallet,7511.33,0,1352.04,8863.37,3,Mumbai,India
105004,16962,2024-08-03,18:15:00,delivered,UPI,2998.0,0,539.64,3537.64,1,Mumbai,India
105005,16963,2024-10-07,05:47:00,returned,UPI,2935.45,0,528.38,3463.83,3,Mumbai,India
105006,16977,2023-06-03,03:09:00,delivered,Credit Card,5681.12,0,1022.6,6703.72,2,Mumbai,UK
105007,16982,2023-01-21,04:56:00,delivered,UPI,9496.0,0,1709.28,11205.28,2,Mumbai,Singapore
105008,16982,2023-04-19,20:15:00,delivered,Credit Card,299.0,49,53.82,401.82,1,Mumbai,Singapore
105009,16982,2022-11-19,00:58:00,delivered,Debit Card,2498.0,0,449.64,2947.64,2,Mumbai,Singapore
105010,16982,2023-04-27,16:35:00,delivered,Debit Card,3798.94,0,683.81,4482.75,5,Mumbai,Singapore
105011,16982,2023-07-27,13:41:00,delivered,Wallet,1998.0,0,359.64,2357.64,1,Mumbai,Singapore
105012,16982,2023-04-14,13:36:00,delivered,Debit Card,30696.0,0,5525.28,36221.28,3,Mumbai,Singapore
105013,16982,2023-04-26,15:17:00,delivered,Credit Card,20005.65,0,3601.02,23606.67,5,Mumbai,Singapore
105014,16982,2022-10-11,00:57:00,delivered,Net Banking,1111.28,0,200.03,1311.31,1,Mumbai,Singapore
105015,16982,2022-10-14,08:41:00,returned,UPI,2498.0,0,449.64,2947.64,2,Mumbai,Singapore
105016,16982,2023-04-09,11:35:00,delivered,Wallet,2849.84,0,512.97,3362.81,4,Mumbai,Singapore
105018,16982,2023-10-08,03:50:00,delivered,UPI,2499.0,0,449.82,2948.82,1,Mumbai,Singapore
105019,16982,2023-05-10,00:26:00,pending,Credit Card,599.0,99,107.82,805.82,1,Mumbai,Singapore
105020,16982,2023-01-14,17:44:00,delivered,UPI,3998.0,0,719.64,4717.64,1,Mumbai,Singapore
105021,16982,2023-07-05,15:07:00,processing,UPI,4998.0,0,899.64,5897.64,1,Mumbai,Singapore
105022,16982,2023-02-16,16:55:00,delivered,Debit Card,20496.0,0,3689.28,24185.28,3,Mumbai,Singapore
105023,16982,2023-03-11,03:33:00,delivered,Credit Card,999.0,0,179.82,1178.82,1,Mumbai,Singapore
105024,16982,2023-03-08,15:10:00,processing,Wallet,1798.0,0,323.64,2121.64,1,Mumbai,Singapore
105025,16982,2023-04-20,18:58:00,delivered,Credit Card,5796.0,0,1043.28,6839.28,3,Mumbai,Singapore
105026,16982,2023-12-29,22:23:00,delivered,Credit Card,15347.91,0,2762.62,18110.53,2,Mumbai,Singapore
105027,16982,2023-03-31,17:09:00,delivered,Debit Card,1407.52,0,253.35,1660.87,1,Mumbai,Singapore
105028,16982,2023-01-21,05:29:00,shipped,Credit Card,2998.0,0,539.64,3537.64,1,Mumbai,Singapore
105029,16982,2023-05-21,09:56:00,delivered,Debit Card,4413.78,0,794.48,5208.26,3,Mumbai,Singapore
105030,16982,2023-04-27,20:33:00,delivered,Credit Card,1798.0,0,323.64,2121.64,1,Mumbai,Singapore
105031,16982,2023-03-20,07:54:00,processing,Debit Card,11144.47,0,2006.0,13150.47,4,Mumbai,Singapore
105033,16982,2022-11-29,14:12:00,shipped,Debit Card,599.0,149,107.82,855.82,1,Mumbai,Singapore
105034,16982,2023-11-23,17:50:00,delivered,Credit Card,2705.29,0,486.95,3192.24,3,Mumbai,Singapore
105035,16982,2023-07-02,20:50:00,delivered,Credit Card,1999.0,0,359.82,2358.82,1,Mumbai,Singapore
105036,16982,2023-01-05,12:54:00,delivered,Debit Card,5798.0,0,1043.64,6841.64,2,Mumbai,Singapore
105037,16983,2023-06-27,20:55:00,delivered,Credit Card,999.0,0,179.82,1178.82,1,Mumbai,USA
105038,16991,2024-07-02,20:00:00,delivered,Debit Card,5999.0,0,1079.82,7078.82,1,Mumbai,India
105039,16998,2024-07-06,07:55:00,delivered,Credit Card,999.0,0,179.82,1178.82,1,Mumbai,India
105040,17007,2023-12-05,20:01:00,delivered,UPI,20197.0,0,3635.46,23832.46,3,Mumbai,India
105041,17007,2023-10-06,06:59:00,delivered,Debit Card,12797.0,0,2303.46,15100.46,2,Mumbai,India
105042,17007,2023-11-15,06:38:00,shipped,Credit Card,4998.0,0,899.64,5897.64,2,Mumbai,India
105043,17007,2023-08-03,08:01:00,delivered,Credit Card,999.0,0,179.82,1178.82,1,Mumbai,India
105044,17007,2023-11-06,03:13:00,delivered,COD,3098.0,0,557.64,3655.64,2,Mumbai,India
105045,17007,2023-09-11,08:58:00,delivered,Credit Card,3171.97,0,570.95,3742.92,1,Mumbai,India
105046,17007,2023-09-21,21:14:00,pending,Net Banking,599.0,49,107.82,755.82,1,Mumbai,India
105047,17007,2023-08-20,00:04:00,delivered,Net Banking,12999.0,0,2339.82,15338.82,1,Mumbai,India
105048,17007,2023-12-29,14:57:00,delivered,UPI,5254.66,0,945.84,6200.5,2,Mumbai,India
105049,17008,2024-01-11,16:11:00,delivered,UPI,1628.13,0,293.06,1921.19,2,Mumbai,India
105050,17008,2023-11-28,04:24:00,delivered,Net Banking,12497.0,0,2249.46,14746.46,2,Mumbai,India
105051,17008,2024-02-24,23:15:00,delivered,Debit Card,3998.0,0,719.64,4717.64,1,Mumbai,India
105052,17010,2024-04-05,13:26:00,delivered,Wallet,1853.52,0,333.63,2187.15,1,Mumbai,India
105053,17010,2024-04-03,04:11:00,delivered,Debit Card,999.0,0,179.82,1178.82,1,Mumbai,India
105054,17010,2024-06-14,19:31:00,pending,Credit Card,6898.0,0,1241.64,8139.64,2,Mumbai,India
105055,17017,2024-04-27,04:49:00,processing,Credit Card,11796.0,0,2123.28,13919.28,4,Mumbai,Germany
105056,17018,2023-07-22,14:06:00,returned,Debit Card,1499.0,0,269.82,1768.82,1,Mumbai,India
105057,17018,2023-05-17,18:12:00,processing,UPI,4499.0,0,809.82,5308.82,1,Mumbai,India
105058,17018,2023-08-16,11:10:00,delivered,Wallet,7497.0,0,1349.46,8846.46,1,Mumbai,India
105060,17023,2023-05-19,19:23:00,delivered,UPI,5739.21,0,1033.06,6772.27,2,Mumbai,Australia
105061,17023,2022-07-18,16:20:00,pending,Wallet,9896.0,0,1781.28,11677.28,3,Mumbai,Australia
105062,17023,2023-07-15,17:00:00,processing,Credit Card,2796.0,0,503.28,3299.28,2,Mumbai,Australia
105063,17023,2022-08-01,02:06:00,pending,UPI,2998.0,0,539.64,3537.64,1,Mumbai,Australia
105064,17023,2023-03-23,04:04:00,delivered,Credit Card,3796.0,0,683.28,4479.28,4,Mumbai,Australia
105065,17023,2023-01-29,13:25:00,delivered,Debit Card,1999.0,0,359.82,2358.82,1,Mumbai,Australia
105066,17023,2022-11-10,22:15:00,delivered,UPI,999.0,0,179.82,1178.82,1,Mumbai,Australia
105068,17036,2023-01-09,07:27:00,shipped,Credit Card,899.0,99,161.82,1159.82,1,Mumbai,USA
105069,17036,2023-02-14,16:25:00,delivered,Credit Card,4498.0,0,809.64,5307.64,2,Mumbai,USA
105070,17036,2024-01-04,14:40:00,delivered,Credit Card,2998.0,0,539.64,3537.64,1,Mumbai,USA
105071,17041,2022-08-29,20:07:00,delivered,Credit Card,699.0,49,125.82,873.82,1,Mumbai,India
105072,17042,2024-03-07,05:21:00,pending,Credit Card,36296.0,0,6533.28,42829.28,3,Mumbai,India
105073,17042,2024-01-04,03:39:00,delivered,UPI,4369.2,0,786.46,5155.66,2,Mumbai,India
105074,17042,2024-04-14,02:13:00,delivered,Net Banking,6597.0,0,1187.46,7784.46,3,Mumbai,India
105075,17044,2024-02-25,06:30:00,processing,UPI,2012.56,0,362.26,2374.82,2,Mumbai,India
105076,17047,2023-07-24,23:06:00,delivered,Net Banking,18477.25,0,3325.9,21803.15,4,Mumbai,USA
105077,17047,2023-09-03,21:24:00,delivered,UPI,3545.32,0,638.16,4183.48,2,Mumbai,USA
105078,17047,2024-01-21,18:03:00,shipped,COD,12997.0,0,2339.46,15336.46,2,Mumbai,USA
105079,17049,2024-09-23,15:39:00,delivered,Credit Card,11998.0,0,2159.64,14157.64,1,Mumbai,USA
105080,17053,2024-06-18,17:20:00,delivered,Debit Card,1498.0,0,269.64,1767.64,2,Mumbai,India
105081,17053,2024-03-24,00:55:00,delivered,Debit Card,999.0,0,179.82,1178.82,1,Mumbai,India
105082,17053,2024-04-30,20:01:00,delivered,Debit Card,7697.0,0,1385.46,9082.46,2,Mumbai,India
105083,17053,2024-04-16,19:08:00,delivered,Credit Card,6994.0,0,1258.92,8252.92,3,Mumbai,India
105084,17053,2024-05-19,01:33:00,cancelled,UPI,7921.15,0,1425.81,9346.96,3,Mumbai,India
105085,17053,2024-05-06,19:07:00,shipped,Credit Card,2797.0,0,503.46,3300.46,2,Mumbai,India
105086,17053,2024-07-06,22:23:00,delivered,Credit Card,4497.0,0,809.46,5306.46,2,Mumbai,India
105087,17053,2024-04-16,13:05:00,delivered,Credit Card,799.0,99,143.82,1041.82,1,Mumbai,India
105088,17053,2024-03-26,11:44:00,delivered,Net Banking,5998.0,0,1079.64,7077.64,1,Mumbai,India
105089,17066,2023-04-23,16:23:00,delivered,Credit Card,1498.0,0,269.64,1767.64,2,Mumbai,India
105090,17066,2023-10-04,21:15:00,pending,UPI,2998.0,0,539.64,3537.64,1,Mumbai,India
105091,17066,2023-03-06,15:08:00,delivered,UPI,3196.0,0,575.28,3771.28,4,Mumbai,India
105092,17066,2022-10-24,13:32:00,delivered,Net Banking,27842.61,0,5011.67,32854.28,2,Mumbai,India
105093,17066,2022-09-18,09:44:00,delivered,Credit Card,617.62,49,111.17,777.79,1,Mumbai,India
105094,17066,2022-12-25,01:51:00,pending,Credit Card,3217.94,0,579.23,3797.17,1,Mumbai,India
105095,17066,2023-04-19,05:28:00,delivered,Debit Card,3999.0,0,719.82,4718.82,1,Mumbai,India
105097,17066,2023-09-24,17:11:00,delivered,Wallet,3499.0,0,629.82,4128.82,1,Mumbai,India
105098,17066,2023-06-11,06:48:00,delivered,Wallet,8498.0,0,1529.64,10027.64,2,Mumbai,India
105099,17066,2023-01-23,14:05:00,delivered,UPI,15998.0,0,2879.64,18877.64,1,Mumbai,India
105100,17066,2024-01-23,16:48:00,cancelled,Debit Card,653.2,149,117.58,919.78,1,Mumbai,India
105101,17067,2023-05-01,20:29:00,delivered,Debit Card,8559.04,0,1540.63,10099.67,2,Mumbai,UK
105102,17067,2023-06-13,20:05:00,delivered,UPI,599.0,49,107.82,755.82,1,Mumbai,UK
105105,17083,2022-12-17,23:57:00,delivered,Credit Card,5938.98,0,1069.02,7008.0,2,Mumbai,UK
105106,17083,2022-09-23,07:27:00,delivered,UPI,3998.0,0,719.64,4717.64,1,Mumbai,UK
105107,17083,2022-11-07,23:27:00,delivered,Credit Card,299.0,49,53.82,401.82,1,Mumbai,UK
105108,17083,2022-07-05,22:13:00,shipped,Credit Card,3615.94,0,650.87,4266.81,2,Mumbai,UK
105109,17083,2023-07-30,13:02:00,cancelled,Debit Card,17888.72,0,3219.97,21108.69,2,Mumbai,UK
105110,17084,2023-12-12,23:33:00,pending,UPI,1598.0,0,287.64,1885.64,1,Mumbai,India
105111,17088,2024-01-04,17:03:00,delivered,Wallet,7298.0,0,1313.64,8611.64,2,Mumbai,UK
105112,17088,2024-03-01,09:09:00,delivered,Credit Card,1715.64,0,308.82,2024.46,1,Mumbai,UK
105113,17088,2023-09-08,16:20:00,delivered,Debit Card,1999.0,0,359.82,2358.82,1,Mumbai,UK
105114,17088,2023-08-23,17:13:00,pending,Debit Card,15681.39,0,2822.65,18504.04,4,Mumbai,UK
105115,17088,2023-10-06,02:07:00,delivered,Net Banking,7999.0,0,1439.82,9438.82,1,Mumbai,UK
105116,17088,2023-10-16,10:27:00,delivered,Credit Card,15059.47,0,2710.7,17770.17,2,Mumbai,UK
105117,17088,2024-01-07,09:41:00,delivered,COD,844.17,49,151.95,1045.12,1,Mumbai,UK
105118,17097,2024-08-12,12:24:00,delivered,Wallet,899.0,99,161.82,1159.82,1,Mumbai,USA
105119,17097,2024-07-09,04:01:00,delivered,UPI,4997.0,0,899.46,5896.46,2,Mumbai,USA
105120,17097,2024-08-26,15:12:00,delivered,UPI,1299.0,0,233.82,1532.82,1,Mumbai,USA
105121,17097,2024-07-11,00:15:00,delivered,Wallet,4907.74,0,883.39,5791.13,2,Mumbai,USA
105122,17097,2024-07-03,01:15:00,delivered,Debit Card,6609.47,0,1189.7,7799.17,2,Mumbai,USA
105123,17097,2024-06-26,11:42:00,shipped,UPI,1999.0,0,359.82,2358.82,1,Mumbai,USA
105124,17103,2024-09-14,03:53:00,delivered,Debit Card,30998.0,0,5579.64,36577.64,2,Mumbai,Canada
105125,17110,2023-09-17,06:55:00,delivered,Credit Card,899.0,149,161.82,1209.82,1,Mumbai,India
105126,17115,2023-11-09,18:21:00,delivered,Debit Card,12095.0,0,2177.1,14272.1,2,Mumbai,Canada
105127,17122,2023-11-02,02:27:00,delivered,UPI,899.0,149,161.82,1209.82,1,Mumbai,Canada
105128,17124,2022-07-23,13:43:00,delivered,Debit Card,4998.0,0,899.64,5897.64,1,Mumbai,India
105129,17125,2023-04-04,03:10:00,delivered,Debit Card,52246.78,0,9404.42,61651.2,3,Mumbai,Germany
105130,17128,2022-05-31,09:34:00,returned,Debit Card,5698.0,0,1025.64,6723.64,2,Mumbai,Canada
105131,17128,2022-08-01,04:34:00,delivered,Net Banking,3499.0,0,629.82,4128.82,1,Mumbai,Canada
105132,17128,2022-07-05,01:33:00,shipped,Net Banking,16998.0,0,3059.64,20057.64,2,Mumbai,Canada
105133,17128,2022-07-01,22:58:00,delivered,Debit Card,8948.42,0,1610.72,10559.14,2,Mumbai,Canada
105134,17128,2023-05-07,23:59:00,delivered,Wallet,79594.0,0,14326.92,93920.92,3,Mumbai,Canada
105135,17128,2022-07-20,23:42:00,delivered,Wallet,1499.0,0,269.82,1768.82,1,Mumbai,Canada
105136,17131,2024-06-15,00:28:00,delivered,Credit Card,999.0,0,179.82,-1178.82,1,Mumbai,India
105137,17131,2024-09-12,04:06:00,delivered,Debit Card,999.0,0,179.82,1178.82,1,Mumbai,India
105138,17131,2024-08-25,08:34:00,delivered,UPI,4999.0,0,899.82,5898.82,1,Mumbai,India
105139,17133,2024-07-14,14:37:00,shipped,Credit Card,25353.51,0,4563.63,29917.14,3,Mumbai,India
105140,17133,2024-07-07,14:42:00,delivered,Credit Card,3996.0,0,719.28,4715.28,2,Mumbai,India
105141,17133,2024-07-06,08:33:00,delivered,Credit Card,7998.0,0,1439.64,9437.64,1,Mumbai,India
105143,17138,2022-05-12,14:59:00,delivered,Credit Card,3997.0,0,719.46,4716.46,2,Mumbai,India
105144,17138,2022-11-26,08:38:00,delivered,Net Banking,4100.29,0,738.05,4838.34,1,Mumbai,India
105145,17138,2023-04-21,11:10:00,delivered,UPI,1299.0,0,233.82,1532.82,1,Mumbai,India
105146,17138,2022-07-22,05:40:00,delivered,COD,4497.0,0,809.46,5306.46,3,Mumbai,India
105147,17138,2023-04-08,14:54:00,delivered,Credit Card,7400.25,0,1332.04,8732.29,3,Mumbai,India
105149,17138,2023-04-10,18:40:00,delivered,Wallet,9890.08,0,1780.21,11670.29,3,Mumbai,India
105150,17138,2022-08-09,19:55:00,processing,Wallet,7497.0,0,1349.46,8846.46,3,Mumbai,India
105151,17138,2022-06-27,01:23:00,delivered,Net Banking,1998.0,0,359.64,2357.64,2,Mumbai,India
105152,17138,2022-09-17,11:04:00,delivered,Wallet,6395.0,0,1151.1,7546.1,3,Mumbai,India
105153,17138,2023-11-09,23:46:00,shipped,Credit Card,838.52,99,150.93,1088.45,1,Mumbai,India
105154,17138,2022-04-09,12:57:00,cancelled,Net Banking,7999.0,0,1439.82,9438.82,1,Mumbai,India
105155,17138,2022-06-29,02:34:00,delivered,Credit Card,5895.19,0,1061.13,6956.32,2,Mumbai,India
105156,17138,2022-11-26,20:35:00,delivered,Credit Card,1998.0,0,359.64,2357.64,1,Mumbai,India
105157,17138,2022-07-25,21:08:00,delivered,Credit Card,1999.0,0,359.82,2358.82,1,Mumbai,India
105158,17138,2022-07-28,21:42:00,processing,Debit Card,1499.0,0,269.82,1768.82,1,Mumbai,India
105160,17138,2022-05-23,11:36:00,delivered,UPI,199.0,149,35.82,383.82,1,Mumbai,India
105161,17142,2024-04-01,12:15:00,pending,Credit Card,2697.0,0,485.46,-3182.46,2,Mumbai,India
105162,17142,2024-04-03,15:25:00,pending,Wallet,2499.0,0,449.82,2948.82,1,Mumbai,India
105163,17142,2024-04-23,13:29:00,delivered,COD,12597.0,0,2267.46,14864.46,2,Mumbai,India
105164,17142,2024-04-08,14:24:00,pending,Debit Card,5497.0,0,989.46,6486.46,2,Mumbai,India
105165,17142,2024-04-23,05:10:00,shipped,Credit Card,3298.0,0,593.64,3891.64,2,Mumbai,India
105166,17142,2024-07-03,03:26:00,delivered,Debit Card,2998.0,0,539.64,3537.64,1,Mumbai,India
105167,17142,2024-06-22,11:00:00,delivered,UPI,1298.0,0,233.64,1531.64,2,Mumbai,India
105168,17142,2024-05-04,01:06:00,delivered,Net Banking,1418.48,0,255.33,1673.81,1,Mumbai,India
105169,17142,2024-06-28,06:59:00,shipped,COD,1598.0,0,287.64,1885.64,1,Mumbai,India
105170,17142,2024-05-05,07:27:00,pending,Credit Card,9579.25,0,1724.26,11303.51,2,Mumbai,India
105171,17142,2024-06-06,04:40:00,delivered,COD,16297.0,0,2933.46,19230.46,3,Mumbai,India
105172,17142,2024-06-01,16:30:00,delivered,Debit Card,2897.0,0,521.46,3418.46,3,Mumbai,India
105173,17142,2024-05-18,21:38:00,delivered,UPI,5998.0,0,1079.64,7077.64,2,Mumbai,India
105174,17142,2024-06-01,15:42:00,delivered,Net Banking,4897.95,0,881.63,5779.58,3,Mumbai,India
105175,17142,2024-06-18,15:59:00,shipped,Net Banking,2997.0,0,539.46,3536.46,1,Mumbai,India
105176,17142,2024-05-09,05:52:00,delivered,Credit Card,13396.0,0,2411.28,15807.28,3,Mumbai,India
105177,17142,2024-06-23,05:58:00,processing,Net Banking,38886.59,0,6999.59,45886.18,3,Mumbai,India
105178,17142,2024-05-18,14:36:00,delivered,Credit Card,14073.58,0,2533.24,16606.82,4,Mumbai,India
105179,17142,2024-07-13,15:07:00,processing,Wallet,26435.49,0,4758.39,31193.88,3,Mumbai,India
105180,17142,2024-06-07,04:57:00,delivered,Debit Card,9697.0,0,1745.46,11442.46,2,Mumbai,India
105181,17142,2024-05-07,13:59:00,delivered,Debit Card,8509.71,0,1531.75,10041.46,5,Mumbai,India
105182,17142,2024-06-18,22:09:00,cancelled,UPI,10922.44,0,1966.04,12888.48,2,Mumbai,India
105183,17142,2024-05-24,22:15:00,delivered,Wallet,2998.0,0,539.64,3537.64,1,Mumbai,India
105184,17142,2024-04-20,21:20:00,delivered,UPI,4998.0,0,899.64,5897.64,1,Mumbai,India
105185,17142,2024-06-30,01:57:00,delivered,Credit Card,176.36,149,31.74,357.1,1,Mumbai,India
105186,17142,2024-07-09,01:44:00,delivered,Debit Card,8998.0,0,1619.64,10617.64,1,Mumbai,India
105187,17142,2024-06-07,01:00:00,delivered,Wallet,1498.0,0,269.64,1767.64,2,Mumbai,India
105188,17142,2024-05-15,07:04:00,pending,Credit Card,2298.0,0,413.64,2711.64,2,Mumbai,India
105189,17142,2024-04-30,07:55:00,delivered,Debit Card,3999.0,0,719.82,4718.82,1,Mumbai,India
105190,17142,2024-05-07,23:29:00,processing,Wallet,3994.0,0,718.92,4712.92,3,Mumbai,India
105191,17142,2024-06-05,13:48:00,delivered,UPI,699.0,149,125.82,973.82,1,Mumbai,India
105192,17142,2024-04-16,02:49:00,delivered,Debit Card,4999.0,0,899.82,5898.82,1,Mumbai,India
105193,17142,2024-04-18,00:59:00,processing,UPI,1198.0,0,215.64,1413.64,1,Mumbai,India
105194,17142,2024-06-13,02:27:00,delivered,Credit Card,7498.0,0,1349.64,8847.64,2,Mumbai,India
105195,17142,2024-04-22,02:52:00,delivered,Wallet,8323.46,0,1498.22,9821.68,2,Mumbai,India
105196,17142,2024-05-18,21:20:00,processing,UPI,1855.82,0,334.05,2189.87,1,Mumbai,India
105197,17142,2024-05-18,10:08:00,delivered,UPI,599.0,49,107.82,755.82,1,Mumbai,India
105198,17142,2024-05-14,02:42:00,delivered,Debit Card,3796.0,0,683.28,4479.28,4,Mumbai,India
105199,17142,2024-06-08,14:28:00,delivered,Credit Card,2097.0,0,377.46,2474.46,1,Mumbai,India
105200,17142,2024-06-12,03:09:00,delivered,Debit Card,2097.0,0,377.46,2474.46,2,Mumbai,India
105201,17142,2024-07-12,06:05:00,processing,Debit Card,752.8,99,135.5,987.3,1,Mumbai,India
105202,17142,2024-06-05,10:17:00,delivered,Debit Card,4406.8,0,793.22,5200.02,4,Mumbai,India
105203,17142,2024-04-14,10:57:00,delivered,UPI,2999.0,0,539.82,3538.82,1,Mumbai,India
105204,17142,2024-06-12,12:00:00,shipped,COD,6878.47,0,1238.12,8116.59,2,Mumbai,India
105205,17142,2024-05-30,03:35:00,shipped,Wallet,3236.04,0,582.49,3818.53,3,Mumbai,India
105206,17142,2024-05-03,14:36:00,delivered,UPI,5307.88,0,955.42,6263.3,3,Mumbai,India
105207,17142,2024-06-03,09:00:00,delivered,Credit Card,8897.0,0,1601.46,10498.46,3,Mumbai,India
105208,17142,2024-05-06,13:50:00,shipped,Net Banking,11396.0,0,2051.28,13447.28,3,Mumbai,India
105209,17142,2024-06-22,18:39:00,cancelled,Credit Card,10778.7,0,1940.17,12718.87,1,Mumbai,India
105210,17142,2024-05-08,11:24:00,delivered,UPI,999.0,0,179.82,1178.82,1,Mumbai,India
105211,17142,2024-04-11,06:42:00,shipped,Wallet,599.0,149,107.82,855.82,1,Mumbai,India
105212,17142,2024-05-13,04:39:00,shipped,Debit Card,699.0,149,125.82,973.82,1,Mumbai,India
105213,17142,2024-04-17,12:13:00,delivered,Credit Card,1797.0,0,323.46,2120.46,2,Mumbai,India
105214,17142,2024-04-07,11:41:00,delivered,Net Banking,1780.82,0,320.55,2101.37,1,Mumbai,India
105215,17142,2024-06-11,23:55:00,processing,Credit Card,2999.0,0,539.82,3538.82,1,Mumbai,India
105216,17142,2024-07-09,21:52:00,delivered,UPI,21495.0,0,3869.1,25364.1,3,Mumbai,India
105217,17142,2024-05-31,15:13:00,delivered,Debit Card,57433.88,0,10338.1,67771.98,5,Mumbai,India
105218,17142,2024-05-17,23:04:00,shipped,Credit Card,4995.0,0,899.1,5894.1,3,Mumbai,India
105219,17142,2024-07-01,16:21:00,delivered,Wallet,13595.0,0,2447.1,16042.1,3,Mumbai,India
105220,17142,2024-06-04,18:34:00,delivered,Wallet,799.0,149,143.82,1091.82,1,Mumbai,India
105221,17142,2024-07-13,15:52:00,delivered,UPI,3405.31,0,612.96,4018.27,2,Mumbai,India
105222,17142,2024-06-09,12:51:00,delivered,Credit Card,2018.64,0,363.36,2382.0,2,Mumbai,India
105223,17142,2024-04-03,05:32:00,delivered,Debit Card,3999.0,0,719.82,4718.82,1,Mumbai,India
105224,17142,2024-06-15,14:20:00,delivered,Credit Card,3696.0,0,665.28,4361.28,3,Mumbai,India
105225,17142,2024-07-03,10:35:00,delivered,Debit Card,23374.13,0,4207.34,27581.47,2,Mumbai,India
105226,17142,2024-06-30,01:41:00,delivered,Credit Card,3197.0,0,575.46,3772.46,2,Mumbai,India
105227,17145,2023-07-11,23:45:00,cancelled,Credit Card,29790.18,0,5362.23,35152.41,2,Mumbai,USA
105228,17145,2023-10-23,18:26:00,delivered,Debit Card,13195.0,0,2375.1,15570.1,4,Mumbai,USA
105229,17145,2023-10-23,19:45:00,delivered,UPI,2499.0,0,449.82,2948.82,1,Mumbai,USA
105230,17148,2023-03-28,22:24:00,cancelled,Debit Card,26897.0,0,4841.46,31738.46,2,Mumbai,UK
105232,17148,2023-04-08,17:14:00,delivered,Credit Card,999.0,0,179.82,1178.82,1,Mumbai,UK
105233,17148,2022-11-02,16:49:00,delivered,Credit Card,7999.0,0,1439.82,9438.82,1,Mumbai,UK
105234,17148,2022-12-31,05:21:00,delivered,Credit Card,1999.0,0,359.82,2358.82,1,Mumbai,UK
105235,17148,2023-01-11,20:52:00,shipped,Credit Card,6027.73,0,1084.99,7112.72,3,Mumbai,UK
105236,17156,2023-11-28,02:12:00,delivered,Credit Card,554.62,99,99.83,753.45,1,Mumbai,India
105237,17156,2023-10-01,16:06:00,shipped,Credit Card,49998.0,0,8999.64,58997.64,1,Mumbai,India
105238,17156,2024-02-08,00:44:00,delivered,Credit Card,2999.0,0,539.82,3538.82,1,Mumbai,India
105239,17158,2023-06-24,03:48:00,processing,Credit Card,899.0,149,161.82,1209.82,1,Mumbai,India
105240,17162,2024-03-12,04:44:00,cancelled,Credit Card,9998.0,0,1799.64,11797.64,2,Mumbai,Singapore
105241,17162,2024-04-18,12:15:00,cancelled,Credit Card,4098.0,0,737.64,4835.64,2,Mumbai,Singapore
105242,17162,2024-03-26,01:36:00,delivered,Credit Card,5999.0,0,1079.82,7078.82,1,Mumbai,Singapore
105243,17166,2024-09-28,10:29:00,delivered,Credit Card,11998.0,0,2159.64,14157.64,2,Mumbai,India
105244,17167,2023-12-10,08:29:00,delivered,Debit Card,7498.0,0,1349.64,8847.64,2,Mumbai,India
105245,17167,2024-01-10,21:43:00,delivered,UPI,9397.0,0,1691.46,11088.46,3,Mumbai,India
105246,17167,2024-03-19,19:18:00,pending,Debit Card,17998.3,0,3239.69,21237.99,3,Mumbai,India
105247,17167,2024-07-09,01:00:00,delivered,Wallet,2098.0,0,377.64,2475.64,2,Mumbai,India
105248,17167,2024-03-26,05:20:00,delivered,UPI,2499.0,0,449.82,2948.82,1,Mumbai,India
105249,17167,2024-01-03,14:36:00,shipped,Wallet,1222.49,0,220.05,1442.54,2,Mumbai,India
105250,17167,2023-12-15,19:54:00,delivered,UPI,12697.0,0,2285.46,14982.46,2,Mumbai,India
105251,17167,2024-04-18,07:28:00,processing,Credit Card,447.93,99,80.63,627.56,1,Mumbai,India
105253,17167,2024-01-01,16:41:00,delivered,Debit Card,799.0,49,143.82,991.82,1,Mumbai,India
105254,17167,2024-01-30,02:13:00,delivered,Credit Card,12392.0,0,2230.56,14622.56,4,Mumbai,India
105255,17167,2024-07-05,13:33:00,delivered,UPI,33916.42,0,6104.96,40021.38,4,Mumbai,India
105256,17167,2024-02-15,05:33:00,delivered,Wallet,4841.26,0,871.43,5712.69,2,Mumbai,India
105257,17167,2024-01-29,17:18:00,shipped,Debit Card,2997.0,0,539.46,3536.46,2,Mumbai,India
105259,17167,2024-03-22,15:43:00,delivered,Debit Card,14633.77,0,2634.08,17267.85,1,Mumbai,India
105260,17167,2024-02-12,06:01:00,pending,Credit Card,2726.52,0,490.77,3217.29,2,Mumbai,India
105261,17167,2024-01-21,06:28:00,delivered,Credit Card,799.0,99,143.82,1041.82,1,Mumbai,India
105262,17167,2024-02-10,05:34:00,delivered,Wallet,11809.78,0,2125.76,13935.54,3,Mumbai,India
105263,17167,2024-01-01,16:41:00,delivered,UPI,999.0,0,179.82,1178.82,1,Mumbai,India
105264,17167,2024-04-01,05:43:00,pending,COD,2853.05,0,513.55,3366.6,3,Mumbai,India
105265,17167,2024-02-22,11:03:00,delivered,Credit Card,1698.0,0,305.64,2003.64,2,Mumbai,India
105266,17167,2024-04-12,06:37:00,delivered,Debit Card,4195.0,0,755.1,4950.1,2,Mumbai,India
105267,17167,2024-02-03,23:32:00,delivered,Net Banking,2497.0,0,449.46,2946.46,2,Mumbai,India
105269,17167,2024-02-28,02:09:00,delivered,Credit Card,2499.0,0,449.82,2948.82,1,Mumbai,India
105270,17167,2024-02-23,00:46:00,delivered,Wallet,20895.0,0,3761.1,24656.1,4,Mumbai,India
105271,17167,2024-02-22,14:25:00,processing,Debit Card,999.0,0,179.82,1178.82,1,Mumbai,India
105272,17167,2023-12-06,23:24:00,delivered,UPI,1299.0,0,233.82,1532.82,1,Mumbai,India
105273,17167,2025-06-15,10:49:00,delivered,Net Banking,6633.3,0,1193.99,7827.29,2,Mumbai,India
105274,17167,2024-04-06,21:23:00,delivered,Credit Card,3562.25,0,641.2,4203.45,2,Mumbai,India
105275,17167,2023-11-24,20:43:00,delivered,Credit Card,199.0,99,35.82,333.82,1,Mumbai,India
105276,17167,2024-01-02,17:33:00,pending,Wallet,9895.0,0,1781.1,11676.1,3,Mumbai,India
105277,17167,2024-04-14,22:24:00,delivered,Credit Card,50931.64,0,9167.7,60099.34,2,Mumbai,India
105278,17167,2024-05-18,22:40:00,delivered,UPI,10998.0,0,1979.64,12977.64,2,Mumbai,India
105279,17167,2024-02-27,19:09:00,processing,Credit Card,7497.0,0,1349.46,8846.46,3,Mumbai,India
105280,17167,2024-03-02,12:19:00,delivered,Debit Card,843.04,49,151.75,1043.79,1,Mumbai,India
105281,17167,2024-04-17,17:27:00,delivered,Net Banking,1952.66,0,351.48,2304.14,2,Mumbai,India
105282,17167,2024-01-06,12:07:00,delivered,Credit Card,15913.78,0,2864.48,18778.26,4,Mumbai,India
105283,17167,2024-04-01,07:40:00,delivered,Credit Card,7496.0,0,1349.28,8845.28,2,Mumbai,India
105284,17167,2024-04-03,16:55:00,delivered,COD,27998.0,0,5039.64,33037.64,2,Mumbai,India
105285,17167,2024-02-03,15:51:00,delivered,Credit Card,5596.0,0,1007.28,6603.28,3,Mumbai,India
105286,17167,2024-01-06,05:32:00,delivered,Credit Card,10948.18,0,1970.67,12918.85,4,Mumbai,India
105287,17167,2024-03-31,22:33:00,delivered,UPI,1998.0,0,359.64,2357.64,1,Mumbai,India
105288,17167,2024-01-18,09:39:00,delivered,Credit Card,1796.53,0,323.38,2119.91,1,Mumbai,India
105289,17176,2024-06-01,18:57:00,delivered,Credit Card,1667.31,0,300.12,1967.43,2,Mumbai,India
105290,17176,2024-05-21,19:12:00,delivered,Net Banking,5297.0,0,953.46,6250.46,2,Mumbai,India
105291,17176,2024-05-01,12:52:00,shipped,UPI,2997.0,0,539.46,3536.46,1,Mumbai,India
105292,17176,2024-06-06,17:17:00,cancelled,Credit Card,4952.78,0,891.5,5844.28,3,Mumbai,India
105294,17204,2024-10-14,09:07:00,processing,UPI,1622.22,0,292.0,1914.22,1,Mumbai,UK
105296,17210,2022-07-06,19:59:00,delivered,Debit Card,3096.71,0,557.41,3654.12,3,Mumbai,India
105297,17210,2023-11-29,05:25:00,returned,Debit Card,3298.0,0,593.64,3891.64,2,Mumbai,India
105299,17220,2023-02-16,00:20:00,processing,Debit Card,699.0,99,125.82,923.82,1,Mumbai,Canada
105300,17222,2023-05-17,11:10:00,processing,Credit Card,9797.0,0,1763.46,11560.46,2,Mumbai,USA
105301,17222,2023-04-29,16:37:00,delivered,Net Banking,2499.0,0,449.82,2948.82,1,Mumbai,USA
105302,17222,2023-01-29,16:31:00,returned,Credit Card,9997.0,0,1799.46,11796.46,3,Mumbai,USA
105303,17231,2023-11-15,11:19:00,shipped,Net Banking,6998.0,0,1259.64,8257.64,2,Mumbai,India
105304,17246,2024-03-14,01:16:00,processing,Credit Card,599.0,149,107.82,855.82,1,Mumbai,USA
105305,17251,2023-11-06,21:56:00,delivered,Credit Card,9358.38,0,1684.51,11042.89,4,Mumbai,USA
105306,17251,2022-10-10,03:57:00,delivered,Debit Card,7674.72,0,1381.45,9056.17,4,Mumbai,USA
105307,17251,2022-07-07,10:11:00,delivered,Net Banking,12999.0,0,2339.82,15338.82,1,Mumbai,USA
105308,17252,2023-04-15,23:33:00,delivered,Debit Card,1598.0,0,287.64,1885.64,1,Mumbai,Canada
105309,17252,2023-06-16,07:00:00,shipped,Debit Card,567.32,149,102.12,818.44,1,Mumbai,Canada
105310,17252,2023-06-26,20:42:00,shipped,Debit Card,1797.0,0,323.46,2120.46,2,Mumbai,Canada
105311,17253,2024-07-13,21:21:00,delivered,UPI,5296.71,0,953.41,6250.12,3,Mumbai,Australia
105312,17258,2023-05-02,16:35:00,delivered,Debit Card,599.0,149,107.82,855.82,1,Mumbai,USA
105313,17258,2023-08-04,21:00:00,delivered,COD,17997.0,0,3239.46,21236.46,2,Mumbai,USA
105314,17267,2023-09-17,07:20:00,delivered,Debit Card,12296.0,0,2213.28,14509.28,3,Mumbai,Canada
105315,17267,2024-02-27,00:19:00,delivered,Debit Card,1499.0,0,269.82,1768.82,1,Mumbai,Canada
105316,17267,2023-12-29,05:11:00,delivered,Credit Card,41797.0,0,7523.46,49320.46,3,Mumbai,Canada
105317,17277,2022-05-19,15:47:00,delivered,Wallet,14496.04,0,2609.29,17105.33,1,Mumbai,India
105318,17277,2022-03-19,01:38:00,delivered,Debit Card,16897.0,0,3041.46,19938.46,2,Mumbai,India
105319,17277,2022-11-14,09:46:00,pending,Credit Card,2598.0,0,467.64,3065.64,1,Mumbai,India
105320,17277,2023-02-07,05:50:00,delivered,Credit Card,3996.0,0,719.28,4715.28,2,Mumbai,India
105322,17277,2022-05-03,05:49:00,delivered,Net Banking,1999.0,0,359.82,2358.82,1,Mumbai,India
105323,17278,2023-06-03,05:07:00,delivered,Credit Card,6228.4,0,1121.11,7349.51,2,Mumbai,USA
105324,17279,2023-10-25,05:57:00,delivered,Debit Card,5760.34,0,1036.86,6797.2,3,Mumbai,India
105325,17279,2023-11-19,08:33:00,delivered,UPI,299.0,149,53.82,501.82,1,Mumbai,India
105326,17279,2023-05-22,12:27:00,delivered,UPI,3698.0,0,665.64,4363.64,2,Mumbai,India
105327,17290,2023-02-05,16:23:00,processing,Credit Card,1499.0,0,269.82,1768.82,1,Mumbai,India
105328,17292,2023-09-19,07:04:00,delivered,UPI,899.0,99,161.82,1159.82,1,Mumbai,Australia
105329,17293,2024-06-01,04:54:00,delivered,Credit Card,10819.74,0,1947.55,12767.29,1,Mumbai,UK
105330,17293,2024-05-14,19:10:00,delivered,Debit Card,17251.21,0,3105.22,20356.43,3,Mumbai,UK
105331,17293,2024-06-13,16:33:00,pending,Net Banking,6289.37,0,1132.09,7421.46,3,Mumbai,UK
105332,17299,2023-04-06,14:21:00,delivered,Debit Card,1499.0,0,269.82,1768.82,1,Mumbai,India
105333,17299,2023-07-02,17:28:00,delivered,COD,2581.68,0,464.7,3046.38,1,Mumbai,India
105334,17299,2023-07-08,20:58:00,delivered,UPI,6998.0,0,1259.64,8257.64,1,Mumbai,India
105335,17299,2023-06-12,23:27:00,delivered,Credit Card,4298.0,0,773.64,5071.64,2,Mumbai,India
105336,17299,2023-07-02,19:06:00,delivered,Credit Card,2998.0,0,539.64,3537.64,1,Mumbai,India
105337,17299,2023-09-13,06:28:00,delivered,COD,1999.0,0,359.82,2358.82,1,Mumbai,India
105338,17299,2024-04-21,02:58:00,delivered,Wallet,8297.0,0,1493.46,9790.46,2,Mumbai,India
105339,17299,2024-01-02,04:50:00,delivered,Wallet,22494.0,0,4048.92,26542.92,4,Mumbai,India
105340,17299,2024-01-23,15:40:00,delivered,Credit Card,5497.0,0,989.46,6486.46,2,Mumbai,India
105341,17299,2023-02-03,02:40:00,delivered,Credit Card,846.8,99,152.42,1098.22,1,Mumbai,India
105342,17299,2023-09-07,12:26:00,delivered,Credit Card,9246.25,0,1664.32,10910.57,3,Mumbai,India
105343,17299,2023-09-18,16:56:00,delivered,Credit Card,3096.0,0,557.28,3653.28,2,Mumbai,India
105344,17301,2024-01-15,08:34:00,returned,Debit Card,51799.54,0,9323.92,61123.46,2,Mumbai,USA
105345,17304,2024-01-09,09:09:00,delivered,Credit Card,4949.09,0,890.84,5839.93,2,Mumbai,Canada
105346,17308,2024-09-14,08:26:00,delivered,Debit Card,23729.74,0,4271.35,28001.09,3,Mumbai,USA
105347,17311,2024-03-15,00:09:00,delivered,UPI,1797.0,0,323.46,2120.46,1,Mumbai,India
105348,17311,2024-06-18,11:07:00,processing,Debit Card,1698.0,0,305.64,2003.64,2,Mumbai,India
105349,17311,2024-02-04,03:22:00,delivered,Debit Card,14057.1,0,2530.28,16587.38,2,Mumbai,India
105350,17311,2024-02-08,14:22:00,delivered,UPI,18696.0,0,3365.28,22061.28,2,Mumbai,India
105351,17311,2024-05-21,22:43:00,processing,Wallet,5697.0,0,1025.46,6722.46,2,Mumbai,India
105352,17311,2024-02-02,14:28:00,delivered,Debit Card,2873.32,0,517.2,3390.52,2,Mumbai,India
105353,17311,2024-02-03,16:57:00,delivered,UPI,5094.0,0,916.92,6010.92,4,Mumbai,India
105354,17311,2024-05-08,10:39:00,shipped,COD,4497.0,0,809.46,5306.46,2,Mumbai,India
105355,17311,2024-02-28,15:21:00,shipped,Credit Card,1299.0,0,233.82,1532.82,1,Mumbai,India
105356,17311,2024-04-05,09:18:00,delivered,Debit Card,3297.0,0,593.46,3890.46,3,Mumbai,India
105357,17311,2024-03-26,07:36:00,delivered,Debit Card,2499.0,0,449.82,2948.82,1,Mumbai,India
105358,17311,2024-02-27,21:21:00,pending,Net Banking,5145.18,0,926.13,6071.31,2,Mumbai,India
105359,17311,2024-05-18,11:05:00,delivered,Debit Card,1999.0,0,359.82,2358.82,1,Mumbai,India
105360,17311,2024-05-27,19:18:00,delivered,Credit Card,2499.0,0,449.82,2948.82,1,Mumbai,India
105361,17311,2024-01-19,22:33:00,delivered,Credit Card,599.0,149,107.82,855.82,1,Mumbai,India
105362,17311,2024-01-22,12:22:00,delivered,UPI,11998.0,0,2159.64,14157.64,1,Mumbai,India
105363,17311,2024-02-24,15:23:00,delivered,Credit Card,4498.0,0,809.64,5307.64,2,Mumbai,India
105364,17311,2024-05-12,03:04:00,processing,Debit Card,9997.0,0,1799.46,11796.46,3,Mumbai,India
105365,17311,2024-03-30,00:18:00,pending,UPI,899.0,149,161.82,1209.82,1,Mumbai,India
105366,17311,2024-03-04,14:39:00,delivered,Credit Card,899.0,149,161.82,1209.82,1,Mumbai,India
105367,17311,2024-04-17,19:46:00,cancelled,Credit Card,2156.03,0,388.09,2544.12,1,Mumbai,India
105368,17311,2024-06-18,12:04:00,shipped,Credit Card,4097.0,0,737.46,4834.46,2,Mumbai,India
105369,17311,2024-02-13,18:22:00,delivered,Net Banking,3795.0,0,683.1,4478.1,4,Mumbai,India
105370,17311,2024-06-26,10:06:00,processing,Credit Card,1798.0,0,323.64,2121.64,1,Mumbai,India
105371,17311,2024-01-09,17:25:00,processing,Debit Card,9077.33,0,1633.92,10711.25,3,Mumbai,India
105372,17311,2024-03-30,21:46:00,shipped,Net Banking,17997.0,0,3239.46,21236.46,2,Mumbai,India
105373,17311,2024-01-05,15:49:00,shipped,Credit Card,4499.0,0,809.82,5308.82,1,Mumbai,India
105374,17311,2024-06-18,01:01:00,processing,UPI,2397.0,0,431.46,2828.46,2,Mumbai,India
105375,17311,2024-03-06,07:19:00,delivered,UPI,5999.0,0,1079.82,7078.82,1,Mumbai,India
105376,17311,2024-07-22,23:40:00,delivered,UPI,49998.0,0,8999.64,58997.64,1,Mumbai,India
105377,17311,2024-03-14,16:50:00,pending,UPI,9339.56,0,1681.12,11020.68,4,Mumbai,India
105378,17311,2024-02-27,02:00:00,delivered,Net Banking,10997.0,0,1979.46,12976.46,2,Mumbai,India
105379,17311,2024-01-12,09:17:00,delivered,Wallet,1598.0,0,287.64,1885.64,1,Mumbai,India
105380,17311,2024-01-26,19:27:00,delivered,UPI,1951.55,0,351.28,2302.83,4,Mumbai,India
105381,17311,2024-01-01,18:25:00,cancelled,Debit Card,7221.04,0,1299.79,8520.83,3,Mumbai,India
105382,17311,2024-01-24,23:47:00,delivered,UPI,9023.14,0,1624.17,10647.31,1,Mumbai,India
105383,17323,2024-08-07,01:55:00,delivered,Credit Card,599.0,99,107.82,805.82,1,Mumbai,USA
105384,17323,2024-07-26,17:32:00,delivered,Debit Card,1398.0,0,251.64,1649.64,1,Mumbai,USA
105385,17323,2024-08-21,20:39:00,delivered,Wallet,1798.0,0,323.64,2121.64,2,Mumbai,USA
105386,17323,2024-08-13,20:11:00,delivered,Wallet,20095.0,0,3617.1,23712.1,4,Mumbai,USA
105387,17323,2024-08-13,15:55:00,processing,Credit Card,2499.0,0,449.82,2948.82,1,Mumbai,USA
105388,17323,2024-08-14,06:44:00,delivered,Net Banking,7999.0,0,1439.82,9438.82,1,Mumbai,USA
105389,17328,2022-08-01,20:22:00,delivered,Debit Card,2996.0,0,539.28,3535.28,3,Mumbai,India
105391,17329,2022-06-22,01:17:00,delivered,Credit Card,2797.0,0,503.46,3300.46,2,Mumbai,USA
105392,17332,2024-01-13,00:28:00,delivered,Credit Card,4999.0,0,899.82,5898.82,1,Mumbai,USA
105393,17334,2023-05-25,00:46:00,delivered,Debit Card,2591.0,0,466.38,3057.38,2,Mumbai,India
105394,17334,2023-11-11,12:42:00,delivered,Credit Card,1998.0,0,359.64,2357.64,1,Mumbai,India
105395,17334,2024-03-16,06:13:00,cancelled,UPI,899.0,149,161.82,1209.82,1,Mumbai,India
105396,17334,2023-05-20,10:00:00,delivered,Credit Card,599.0,49,107.82,755.82,1,Mumbai,India
105397,17334,2023-08-29,05:17:00,cancelled,Credit Card,6997.0,0,1259.46,8256.46,2,Mumbai,India
105398,17334,2023-08-01,04:50:00,delivered,Credit Card,5996.0,0,1079.28,7075.28,3,Mumbai,India
105400,17334,2023-09-14,11:44:00,delivered,UPI,4999.0,0,899.82,5898.82,1,Mumbai,India
105401,17334,2023-11-17,23:20:00,delivered,Debit Card,1998.0,0,359.64,2357.64,1,Mumbai,India
105402,17334,2023-09-25,09:08:00,delivered,Debit Card,7602.2,0,1368.4,8970.6,5,Mumbai,India
105403,17334,2023-05-15,20:09:00,processing,Debit Card,2167.39,0,390.13,2557.52,1,Mumbai,India
105404,17334,2024-03-16,15:38:00,delivered,Credit Card,1999.0,0,359.82,2358.82,1,Mumbai,India
105405,17334,2023-12-18,09:49:00,delivered,UPI,5182.86,0,932.91,6115.77,3,Mumbai,India
105406,17334,2023-08-14,07:40:00,shipped,Credit Card,11695.08,0,2105.11,13800.19,4,Mumbai,India
105407,17343,2024-02-14,17:30:00,delivered,Debit Card,15493.0,0,2788.74,-18281.74,5,Mumbai,India
105408,17345,2024-04-24,22:56:00,delivered,Wallet,3998.0,0,719.64,4717.64,1,Mumbai,India
105409,17348,2023-02-17,05:37:00,cancelled,UPI,643.17,149,115.77,907.94,1,Mumbai,Germany
105410,17348,2023-06-23,10:56:00,delivered,Credit Card,9226.71,0,1660.81,10887.52,4,Mumbai,Germany
105411,17348,2023-02-22,13:25:00,delivered,Credit Card,599.0,99,107.82,805.82,1,Mumbai,Germany
105412,17356,2023-04-18,02:51:00,delivered,Credit Card,4499.0,0,809.82,5308.82,1,Mumbai,UK
105413,17382,2023-08-23,00:43:00,delivered,UPI,1499.0,0,269.82,1768.82,1,Mumbai,India
105414,17382,2023-05-08,09:52:00,shipped,Credit Card,9932.1,0,1787.78,11719.88,4,Mumbai,India
105415,17382,2023-08-02,02:14:00,delivered,Wallet,799.0,99,143.82,1041.82,1,Mumbai,India
105416,17382,2023-04-17,12:00:00,processing,Credit Card,5743.02,0,1033.74,6776.76,3,Mumbai,India
105417,17382,2023-12-22,02:13:00,delivered,Debit Card,12999.0,0,2339.82,15338.82,1,Mumbai,India
105418,17382,2023-04-03,22:49:00,delivered,COD,47192.0,0,8494.56,55686.56,5,Mumbai,India
105419,17382,2024-05-23,22:08:00,delivered,Debit Card,7396.0,0,1331.28,8727.28,3,Mumbai,India
105420,17382,2023-06-27,16:24:00,shipped,Credit Card,5889.35,0,1060.08,6949.43,3,Mumbai,India
105421,17382,2023-04-17,17:38:00,delivered,Credit Card,11998.0,0,2159.64,14157.64,1,Mumbai,India
105422,17382,2023-08-03,21:57:00,processing,Net Banking,11776.38,0,2119.75,13896.13,3,Mumbai,India
105423,17382,2024-03-25,20:07:00,returned,Net Banking,999.0,0,179.82,1178.82,1,Mumbai,India
105424,17382,2023-06-14,01:08:00,delivered,Credit Card,9998.0,0,1799.64,11797.64,1,Mumbai,India
105425,17382,2023-06-13,09:24:00,delivered,UPI,49998.0,0,8999.64,58997.64,1,Mumbai,India
105426,17382,2023-04-12,18:32:00,pending,Credit Card,11998.0,0,2159.64,14157.64,1,Mumbai,India
105427,17382,2023-09-20,17:45:00,delivered,Credit Card,9309.52,0,1675.71,10985.23,3,Mumbai,India
105428,17385,2024-03-10,00:34:00,delivered,Debit Card,10040.43,0,1807.28,11847.71,3,Mumbai,India
105429,17385,2024-06-20,09:11:00,processing,Credit Card,4999.0,0,899.82,5898.82,1,Mumbai,India
105430,17385,2024-04-13,09:19:00,processing,Debit Card,18395.0,0,3311.1,21706.1,5,Mumbai,India
105431,17385,2024-03-28,02:28:00,delivered,Net Banking,12697.0,0,2285.46,14982.46,2,Mumbai,India
105432,17385,2024-02-25,13:49:00,delivered,UPI,1598.0,0,287.64,1885.64,1,Mumbai,India
105433,17385,2024-06-01,20:16:00,processing,Debit Card,1118.07,0,201.25,1319.32,2,Mumbai,India
105434,17385,2024-05-04,04:30:00,delivered,Debit Card,17414.07,0,3134.53,20548.6,3,Mumbai,India
105435,17385,2024-03-26,07:07:00,delivered,UPI,4231.22,0,761.62,4992.84,3,Mumbai,India
105436,17385,2024-04-08,15:32:00,delivered,UPI,9397.0,0,1691.46,11088.46,2,Mumbai,India
105437,17385,2024-04-01,10:10:00,cancelled,Debit Card,7895.0,0,1421.1,9316.1,2,Mumbai,India
105438,17385,2024-03-27,19:43:00,shipped,Wallet,7895.0,0,1421.1,9316.1,2,Mumbai,India
105439,17385,2024-07-23,16:49:00,delivered,Credit Card,8496.0,0,1529.28,10025.28,3,Mumbai,India
105440,17389,2023-05-11,03:21:00,shipped,Net Banking,2397.0,0,431.46,2828.46,1,Mumbai,India
105441,17389,2022-05-12,19:07:00,delivered,Credit Card,5540.47,0,997.28,6537.75,3,Mumbai,India
105442,17389,2022-05-09,17:23:00,processing,UPI,1499.0,0,269.82,1768.82,1,Mumbai,India
105443,17404,2023-03-29,17:07:00,delivered,Credit Card,5118.3,0,921.29,6039.59,2,Mumbai,USA
105444,17405,2024-05-24,01:53:00,delivered,COD,5998.0,0,1079.64,7077.64,1,Mumbai,UK
105445,17406,2024-06-29,18:02:00,shipped,Credit Card,799.0,49,143.82,991.82,1,Mumbai,India
105446,17408,2024-09-21,22:15:00,delivered,Wallet,3229.58,0,581.32,3810.9,4,Mumbai,USA
105447,17408,2024-10-08,13:11:00,pending,Debit Card,8105.42,0,1458.98,9564.4,2,Mumbai,USA
105448,17408,2024-10-05,08:53:00,delivered,Wallet,2997.0,0,539.46,3536.46,2,Mumbai,USA
105449,17409,2023-10-18,17:53:00,delivered,UPI,1498.0,0,269.64,1767.64,2,Mumbai,Germany
105450,17409,2024-03-12,22:51:00,delivered,Debit Card,11095.0,0,1997.1,13092.1,4,Mumbai,Germany
105451,17409,2023-10-14,05:02:00,delivered,Credit Card,733.7,49,132.07,914.77,1,Mumbai,Germany
105452,17412,2024-07-05,01:11:00,delivered,Debit Card,32351.41,0,5823.25,38174.66,2,Mumbai,UK
105453,17412,2024-05-25,04:50:00,delivered,Debit Card,3498.0,0,629.64,4127.64,2,Mumbai,UK
105454,17412,2024-05-12,20:00:00,delivered,Net Banking,998.0,49,179.64,1226.64,1,Mumbai,UK
105455,17414,2024-09-16,20:26:00,delivered,UPI,1999.0,0,359.82,2358.82,1,Mumbai,India
105456,17417,2023-12-25,01:17:00,shipped,UPI,14697.62,0,2645.57,17343.19,4,Mumbai,UK
105457,17417,2023-08-08,13:18:00,delivered,Credit Card,1798.0,0,323.64,2121.64,2,Mumbai,UK
105458,17417,2023-04-02,15:07:00,shipped,Debit Card,4998.0,0,899.64,5897.64,1,Mumbai,UK
105459,17420,2023-10-20,14:13:00,delivered,Debit Card,5999.0,0,1079.82,7078.82,1,Mumbai,India
105460,17423,2023-06-22,09:55:00,delivered,Credit Card,1998.0,0,359.64,2357.64,1,Mumbai,Australia
105461,17423,2022-06-17,19:52:00,delivered,Credit Card,22588.75,0,4065.98,26654.73,5,Mumbai,Australia
105462,17425,2022-10-02,16:32:00,pending,UPI,3098.0,0,557.64,3655.64,2,Mumbai,Australia
105463,17425,2023-05-22,21:37:00,delivered,UPI,6610.0,0,1189.8,7799.8,2,Mumbai,Australia
105464,17425,2022-07-23,04:29:00,delivered,Credit Card,4999.0,0,899.82,5898.82,1,Mumbai,Australia
105465,17425,2023-03-14,20:20:00,delivered,UPI,2398.0,0,431.64,2829.64,2,Mumbai,Australia
105466,17434,2024-01-06,21:55:00,delivered,Credit Card,15870.31,0,2856.66,18726.97,3,Mumbai,India
105467,17443,2023-01-19,12:02:00,delivered,UPI,3044.02,0,547.92,3591.94,2,Mumbai,Australia
105468,17443,2023-10-17,09:00:00,delivered,Credit Card,11008.08,0,1981.45,12989.53,2,Mumbai,Australia
105469,17443,2023-05-12,02:24:00,delivered,Wallet,2296.0,0,413.28,2709.28,3,Mumbai,Australia
105470,17444,2023-02-02,16:03:00,delivered,Debit Card,299.0,149,53.82,501.82,1,Mumbai,USA
105471,17444,2022-11-02,22:51:00,delivered,UPI,30320.3,0,5457.65,35777.95,2,Mumbai,USA
105472,17444,2023-06-20,18:33:00,returned,Credit Card,4710.8,0,847.94,5558.74,2,Mumbai,USA
105474,17457,2022-12-29,01:26:00,processing,Wallet,7696.0,0,1385.28,9081.28,4,Mumbai,India
105475,17460,2023-01-26,20:47:00,delivered,Credit Card,1998.0,0,359.64,2357.64,1,Mumbai,India
105476,17460,2023-04-18,20:52:00,delivered,Debit Card,25998.0,0,4679.64,30677.64,1,Mumbai,India
105477,17462,2024-05-13,15:55:00,delivered,UPI,15998.0,0,2879.64,18877.64,1,Mumbai,India
105478,17462,2024-07-19,02:04:00,shipped,Credit Card,2759.95,0,496.79,3256.74,1,Mumbai,India
105479,17462,2024-06-08,00:17:00,processing,Net Banking,3999.0,0,719.82,4718.82,1,Mumbai,India
105480,17465,2023-10-07,02:48:00,delivered,UPI,6278.97,0,1130.21,7409.18,2,Mumbai,USA
105481,17473,2023-04-04,10:32:00,delivered,Debit Card,2216.31,0,398.94,2615.25,2,Mumbai,India
105482,17473,2022-10-19,14:32:00,delivered,Debit Card,3386.6,0,609.59,3996.19,4,Mumbai,India
105483,17473,2023-08-31,20:18:00,cancelled,Credit Card,4998.0,0,899.64,5897.64,1,Mumbai,India
105484,17473,2023-01-19,07:02:00,delivered,COD,3132.14,0,563.79,3695.93,2,Mumbai,India
105485,17473,2023-07-30,09:38:00,pending,Debit Card,1798.0,0,323.64,2121.64,1,Mumbai,India
105487,17484,2023-01-16,07:10:00,shipped,Credit Card,35666.81,0,6420.03,42086.84,5,Mumbai,India
105488,17484,2022-09-28,18:58:00,delivered,Credit Card,55364.94,0,9965.69,65330.63,4,Mumbai,India
105489,17484,2023-02-23,04:39:00,returned,Debit Card,17042.55,0,3067.66,20110.21,3,Mumbai,India
105490,17489,2023-10-02,18:43:00,delivered,Debit Card,1898.0,0,341.64,2239.64,2,Mumbai,India
105491,17490,2022-09-04,22:07:00,delivered,Debit Card,2661.3,0,479.03,3140.33,2,Mumbai,Singapore
105492,17494,2024-03-30,11:16:00,delivered,Credit Card,3210.54,0,577.9,3788.44,2,Mumbai,USA
105493,17494,2024-05-31,10:15:00,delivered,UPI,5998.0,0,1079.64,7077.64,2,Mumbai,USA
105494,17494,2024-04-16,15:06:00,delivered,Credit Card,2831.35,0,509.64,3340.99,2,Mumbai,USA
105495,17502,2023-07-06,15:44:00,shipped,Credit Card,1198.0,0,215.64,1413.64,1,Mumbai,USA
105496,17514,2022-08-16,15:59:00,delivered,Debit Card,9597.0,0,1727.46,11324.46,2,Mumbai,Australia
105497,17514,2023-01-04,09:41:00,delivered,Wallet,999.0,0,179.82,1178.82,1,Mumbai,Australia
105498,17514,2022-05-25,05:25:00,delivered,UPI,8096.0,0,1457.28,9553.28,2,Mumbai,Australia
105499,17520,2024-05-18,08:50:00,shipped,Credit Card,1499.0,0,269.82,1768.82,1,Mumbai,UK
105500,17521,2023-02-15,00:32:00,cancelled,UPI,999.0,0,179.82,1178.82,1,Mumbai,UK
105501,17521,2023-09-26,06:57:00,delivered,UPI,4999.0,0,899.82,5898.82,1,Mumbai,UK
105502,17521,2025-06-15,02:43:00,delivered,Credit Card,699.0,149,125.82,973.82,1,Mumbai,UK
105503,17521,2023-09-08,15:30:00,processing,Debit Card,4387.8,0,789.8,5177.6,2,Mumbai,UK
105504,17521,2023-04-24,13:54:00,delivered,UPI,599.0,149,107.82,855.82,1,Mumbai,UK
105505,17521,2023-03-23,17:26:00,shipped,Wallet,799.0,49,143.82,991.82,1,Mumbai,UK
105506,17521,2023-03-20,12:56:00,delivered,Credit Card,6912.45,0,1244.24,8156.69,2,Mumbai,UK
105507,17521,2023-03-09,23:40:00,cancelled,Credit Card,11998.0,0,2159.64,14157.64,1,Mumbai,UK
105508,17521,2023-04-12,05:46:00,delivered,UPI,6498.0,0,1169.64,7667.64,2,Mumbai,UK
105509,17525,2023-04-19,17:16:00,delivered,Debit Card,5998.0,0,1079.64,7077.64,2,Mumbai,India
105510,17530,2023-07-01,04:46:00,processing,UPI,699.0,99,125.82,923.82,1,Mumbai,India
105511,17531,2023-05-15,08:21:00,delivered,Wallet,2700.96,0,486.17,3187.13,2,Mumbai,India
105512,17558,2024-07-26,02:03:00,returned,Credit Card,25998.0,0,4679.64,30677.64,1,Mumbai,Canada
105513,17563,2023-08-31,20:36:00,processing,Credit Card,28856.71,0,5194.21,34050.92,4,Mumbai,Canada
105515,17574,2024-10-14,22:05:00,delivered,Wallet,1136.87,0,204.64,1341.51,1,Mumbai,India
105516,17574,2024-10-14,09:16:00,delivered,Debit Card,6798.0,0,1223.64,8021.64,2,Mumbai,India
105518,17577,2024-06-28,06:22:00,delivered,Credit Card,4395.0,0,791.1,5186.1,3,Mumbai,India
105519,17577,2024-07-20,03:54:00,delivered,Debit Card,21052.16,0,3789.39,24841.55,4,Mumbai,India
105520,17577,2024-07-12,04:03:00,delivered,UPI,3998.0,0,719.64,4717.64,2,Mumbai,India
105521,17577,2024-06-11,09:48:00,delivered,Credit Card,599.0,99,107.82,805.82,1,Mumbai,India
105522,17578,2023-04-10,06:02:00,delivered,Debit Card,9791.78,0,1762.52,11554.3,5,Mumbai,India
105523,17587,2024-10-25,11:13:00,delivered,UPI,7997.0,0,1439.46,9436.46,3,Mumbai,India
105525,17593,2024-09-25,16:46:00,processing,UPI,2997.0,0,539.46,3536.46,1,Mumbai,India
105526,17593,2024-09-16,11:18:00,delivered,UPI,2499.0,0,449.82,2948.82,1,Mumbai,India
105527,17603,2023-06-05,04:36:00,shipped,UPI,998.0,99,179.64,1276.64,1,Mumbai,Canada
105528,17603,2023-08-15,12:38:00,delivered,Credit Card,9597.0,0,1727.46,11324.46,3,Mumbai,Canada
105529,17603,2023-08-13,22:19:00,delivered,Wallet,6497.0,0,1169.46,7666.46,2,Mumbai,Canada
105530,17604,2024-05-10,00:19:00,delivered,UPI,3126.61,0,562.79,3689.4,2,Mumbai,India
105531,17605,2022-09-20,23:00:00,pending,Net Banking,2296.67,0,413.4,2710.07,4,Mumbai,Singapore
105532,17605,2023-07-01,08:40:00,delivered,Credit Card,12210.33,0,2197.86,14408.19,5,Mumbai,Singapore
105533,17605,2022-11-09,20:44:00,delivered,Credit Card,7995.0,0,1439.1,9434.1,4,Mumbai,Singapore
105534,17609,2024-07-05,17:17:00,delivered,Wallet,510.69,99,91.92,701.61,1,Mumbai,Germany
105536,17624,2023-03-06,04:54:00,pending,Net Banking,16598.0,0,2987.64,19585.64,2,Mumbai,Singapore
105537,17624,2022-12-05,00:12:00,delivered,Net Banking,2998.0,0,539.64,3537.64,1,Mumbai,Singapore
105538,17627,2024-08-26,19:18:00,delivered,Credit Card,2556.89,0,460.24,3017.13,3,Mumbai,India
105539,17636,2024-04-14,07:54:00,delivered,Credit Card,1999.0,0,359.82,2358.82,1,Mumbai,Australia
105540,17636,2024-05-30,02:21:00,delivered,Debit Card,2732.51,0,491.85,3224.36,2,Mumbai,Australia
105541,17636,2024-03-30,04:14:00,pending,UPI,5114.42,0,920.6,6035.02,2,Mumbai,Australia
105542,17636,2024-05-09,14:04:00,shipped,COD,2998.0,0,539.64,3537.64,1,Mumbai,Australia
105543,17636,2024-04-15,11:06:00,delivered,Net Banking,8050.0,0,1449.0,9499.0,3,Mumbai,Australia
105544,17636,2024-02-26,05:01:00,processing,Debit Card,5266.66,0,948.0,6214.66,1,Mumbai,Australia
105545,17639,2023-09-25,07:05:00,delivered,Net Banking,1499.0,0,269.82,1768.82,1,Mumbai,India
105546,17643,2023-12-13,13:05:00,cancelled,Wallet,24999.0,0,4499.82,29498.82,1,Mumbai,USA
105547,17643,2023-10-20,19:40:00,delivered,Credit Card,17496.0,0,3149.28,20645.28,3,Mumbai,USA
105548,17644,2024-10-27,14:14:00,pending,COD,13089.95,0,2356.19,15446.14,3,Mumbai,Singapore
105549,17644,2024-10-28,22:29:00,shipped,Net Banking,14093.0,0,2536.74,16629.74,5,Mumbai,Singapore
105550,17644,2024-10-27,08:10:00,delivered,Credit Card,2998.0,0,539.64,3537.64,1,Mumbai,Singapore
105551,17644,2024-10-27,16:13:00,delivered,Wallet,6998.0,0,1259.64,8257.64,2,Mumbai,Singapore
105552,17644,2024-10-27,15:18:00,delivered,UPI,3149.88,0,566.98,3716.86,3,Mumbai,Singapore
105553,17644,2024-10-28,13:54:00,delivered,COD,599.0,99,107.82,805.82,1,Mumbai,Singapore
105555,17653,2023-08-09,19:29:00,delivered,Credit Card,899.0,149,161.82,1209.82,1,Mumbai,UK
105556,17653,2023-12-17,16:08:00,delivered,COD,999.0,0,179.82,1178.82,1,Mumbai,UK
105557,17665,2025-06-15,14:18:00,delivered,UPI,12999.0,0,2339.82,15338.82,1,Mumbai,Germany
105558,17668,2024-04-12,15:50:00,returned,Net Banking,14998.0,0,2699.64,17697.64,2,Mumbai,Australia
105559,17673,2024-03-09,11:29:00,delivered,Credit Card,7297.0,0,1313.46,8610.46,2,Mumbai,USA
105560,17673,2024-03-16,10:23:00,delivered,Debit Card,4906.69,0,883.2,5789.89,3,Mumbai,USA
105562,17673,2024-06-26,19:33:00,delivered,Net Banking,1999.0,0,359.82,2358.82,1,Mumbai,USA
105563,17677,2023-03-31,15:40:00,delivered,UPI,9134.11,0,1644.14,10778.25,3,Mumbai,India
105564,17677,2023-09-12,18:50:00,delivered,Credit Card,3499.0,0,629.82,4128.82,1,Mumbai,India
105565,17677,2023-09-28,20:15:00,processing,Wallet,27498.0,0,4949.64,32447.64,2,Mumbai,India
105566,17677,2023-09-04,04:19:00,delivered,Debit Card,2969.25,0,534.46,3503.71,2,Mumbai,India
105567,17677,2023-08-20,06:31:00,cancelled,UPI,699.0,149,125.82,973.82,1,Mumbai,India
105568,17677,2023-03-29,05:34:00,shipped,Credit Card,3499.0,0,629.82,4128.82,1,Mumbai,India
105569,17682,2023-04-16,18:39:00,delivered,UPI,7733.87,0,1392.1,9125.97,4,Mumbai,India
105570,17682,2023-10-12,21:42:00,delivered,Net Banking,2120.03,0,381.61,2501.64,2,Mumbai,India
105571,17682,2023-10-14,07:07:00,delivered,Wallet,4196.0,0,755.28,4951.28,2,Mumbai,India
105572,17682,2023-11-04,13:16:00,delivered,Credit Card,15595.0,0,2807.1,18402.1,3,Mumbai,India
105573,17682,2023-08-03,22:51:00,delivered,Wallet,10797.0,0,1943.46,12740.46,3,Mumbai,India
105574,17682,2023-05-09,01:42:00,delivered,Debit Card,2499.0,0,449.82,2948.82,1,Mumbai,India
105575,17695,2023-09-03,14:40:00,delivered,UPI,2436.73,0,438.61,2875.34,2,Mumbai,UK
105576,17705,2023-09-25,07:17:00,delivered,UPI,1607.76,0,289.4,1897.16,3,Mumbai,Germany
105577,17705,2024-02-21,16:48:00,shipped,COD,799.0,99,143.82,1041.82,1,Mumbai,Germany
105578,17705,2024-02-16,17:48:00,delivered,Credit Card,1844.94,0,332.09,2177.03,2,Mumbai,Germany
105579,17705,2023-07-30,13:56:00,cancelled,Credit Card,2181.23,0,392.62,2573.85,1,Mumbai,Germany
105580,17705,2023-10-14,21:40:00,delivered,Debit Card,27291.06,0,4912.39,32203.45,3,Mumbai,Germany
105582,17705,2023-09-28,05:49:00,processing,Net Banking,699.0,49,125.82,873.82,1,Mumbai,Germany
105583,17709,2023-03-22,22:33:00,shipped,COD,5097.0,0,917.46,6014.46,3,Mumbai,UK
105584,17709,2023-10-10,02:50:00,delivered,Net Banking,1998.0,0,359.64,2357.64,1,Mumbai,UK
105585,17709,2023-02-10,14:53:00,delivered,Credit Card,1790.5,0,322.29,2112.79,1,Mumbai,UK
105586,17709,2023-09-30,07:44:00,pending,COD,1499.0,0,269.82,1768.82,1,Mumbai,UK
105587,17709,2024-05-14,04:52:00,delivered,UPI,595.2,149,107.14,851.34,1,Mumbai,UK
105588,17709,2023-03-16,16:10:00,returned,UPI,16293.0,0,2932.74,19225.74,5,Mumbai,UK
105589,17711,2023-06-19,07:08:00,shipped,Debit Card,1998.0,0,359.64,2357.64,1,Mumbai,India
105590,17711,2022-12-23,21:02:00,delivered,Net Banking,6596.0,0,1187.28,7783.28,4,Mumbai,India
105591,17722,2023-05-11,18:21:00,delivered,Debit Card,799.0,149,143.82,1091.82,1,Mumbai,India
105592,17724,2024-07-30,14:39:00,delivered,Net Banking,2198.63,0,395.75,2594.38,1,Mumbai,UK
105593,17729,2023-09-07,19:00:00,shipped,UPI,18346.1,0,3302.3,21648.4,4,Mumbai,India
105594,17729,2023-09-03,18:59:00,shipped,Net Banking,2823.76,0,508.28,3332.04,1,Mumbai,India
105596,17744,2023-06-22,19:00:00,delivered,COD,1598.0,0,287.64,1885.64,1,Mumbai,UK
105597,17744,2023-05-14,15:02:00,processing,Credit Card,1499.0,0,269.82,1768.82,1,Mumbai,UK
105598,17744,2024-04-14,23:28:00,pending,Credit Card,4499.0,0,809.82,5308.82,1,Mumbai,UK
105599,17744,2022-12-19,09:37:00,delivered,UPI,2499.0,0,449.82,2948.82,1,Mumbai,UK
105600,17749,2023-08-11,17:17:00,delivered,Credit Card,11998.0,0,2159.64,14157.64,1,Mumbai,USA
105601,17749,2023-05-27,00:37:00,delivered,Credit Card,11903.78,0,2142.68,14046.46,5,Mumbai,USA
105602,17749,2023-10-26,03:45:00,delivered,COD,24385.0,0,4389.3,28774.3,2,Mumbai,USA
105603,17751,2022-12-10,09:59:00,delivered,Net Banking,1999.0,0,359.82,2358.82,1,Mumbai,Germany
105604,17751,2022-09-18,17:13:00,delivered,Debit Card,3998.0,0,719.64,4717.64,1,Mumbai,Germany
105605,17751,2023-05-10,05:01:00,delivered,Credit Card,8419.28,0,1515.47,9934.75,1,Mumbai,Germany
105606,17751,2023-05-24,02:25:00,delivered,Credit Card,5349.21,0,962.86,6312.07,2,Mumbai,Germany
105607,17751,2023-03-04,20:29:00,delivered,Credit Card,27498.0,0,4949.64,32447.64,2,Mumbai,Germany
105608,17751,2022-08-12,16:55:00,delivered,Credit Card,1816.81,0,327.03,2143.84,1,Mumbai,Germany
105609,17751,2022-09-19,14:17:00,delivered,UPI,599.0,149,107.82,855.82,1,Mumbai,Germany
105610,17751,2023-05-02,07:39:00,delivered,Credit Card,699.0,99,125.82,923.82,1,Mumbai,Germany
105611,17751,2022-11-05,18:57:00,delivered,UPI,14497.0,0,2609.46,17106.46,2,Mumbai,Germany
105612,17756,2024-03-14,05:19:00,shipped,Credit Card,10443.0,0,1879.74,12322.74,2,Mumbai,India
105613,17756,2024-05-01,06:18:00,pending,Credit Card,999.0,0,179.82,1178.82,1,Mumbai,India
105614,17756,2024-03-03,10:27:00,delivered,Net Banking,4921.7,0,885.91,5807.61,4,Mumbai,India
105615,17758,2022-10-24,23:39:00,shipped,Net Banking,7251.92,0,1305.35,8557.27,2,Mumbai,USA
105616,17758,2022-09-21,18:44:00,delivered,Credit Card,5192.76,0,934.7,6127.46,1,Mumbai,USA
105617,17758,2023-09-29,18:09:00,delivered,Debit Card,4017.76,0,723.2,4740.96,3,Mumbai,USA
105618,17758,2022-10-13,20:46:00,delivered,Credit Card,699.0,99,125.82,923.82,1,Mumbai,USA
105620,17758,2023-06-14,20:00:00,delivered,Debit Card,11544.55,0,2078.02,13622.57,3,Mumbai,USA
105621,17758,2022-09-11,22:40:00,delivered,Net Banking,11995.0,0,2159.1,14154.1,4,Mumbai,USA
105622,17760,2024-08-29,01:06:00,delivered,Net Banking,3298.0,0,593.64,3891.64,2,Mumbai,India
105623,17760,2024-09-08,12:24:00,delivered,UPI,1883.27,0,338.99,2222.26,2,Mumbai,India
105624,17760,2024-08-27,06:09:00,delivered,Debit Card,19593.37,0,3526.81,23120.18,4,Mumbai,India
105625,17760,2024-09-10,12:04:00,delivered,Net Banking,15999.0,0,2879.82,18878.82,1,Mumbai,India
105626,17760,2024-08-25,08:46:00,delivered,Credit Card,2698.0,0,485.64,3183.64,2,Mumbai,India
105627,17760,2024-09-28,20:13:00,delivered,Credit Card,1798.0,0,323.64,2121.64,1,Mumbai,India
105628,17765,2022-10-03,03:45:00,shipped,Credit Card,2301.65,0,414.3,2715.95,2,Mumbai,USA
105629,17765,2022-12-30,10:38:00,returned,UPI,2397.0,0,431.46,2828.46,2,Mumbai,USA
105630,17765,2023-07-28,03:01:00,pending,Credit Card,3698.0,0,665.64,4363.64,2,Mumbai,USA
105631,17770,2024-07-28,05:38:00,delivered,UPI,7086.41,0,1275.55,8361.96,1,Mumbai,UK
105632,17770,2024-08-02,03:15:00,delivered,UPI,1890.47,0,340.28,2230.75,1,Mumbai,UK
105633,17770,2024-07-12,02:24:00,returned,Net Banking,1398.0,0,251.64,1649.64,1,Mumbai,UK
105634,17770,2024-06-19,05:04:00,delivered,Credit Card,799.0,49,143.82,991.82,1,Mumbai,UK
105635,17770,2024-06-02,02:16:00,delivered,UPI,3798.0,0,683.64,4481.64,2,Mumbai,UK
105636,17770,2024-09-02,14:19:00,processing,Net Banking,1098.0,0,197.64,1295.64,2,Mumbai,UK
105637,17773,2024-01-15,01:50:00,shipped,Wallet,3203.16,0,576.57,3779.73,2,Mumbai,Singapore
105638,17773,2024-01-18,21:17:00,pending,COD,2998.0,0,539.64,3537.64,1,Mumbai,Singapore
105639,17773,2024-02-07,22:17:00,delivered,Credit Card,7999.0,0,1439.82,9438.82,1,Mumbai,Singapore
105640,17775,2024-06-13,19:43:00,delivered,Credit Card,2897.0,0,521.46,3418.46,3,Mumbai,India
105641,17784,2024-06-09,13:20:00,delivered,Credit Card,7012.74,0,1262.29,8275.03,2,Mumbai,India
105642,17787,2024-01-31,20:48:00,delivered,Debit Card,787.42,49,141.74,978.16,1,Mumbai,India
105643,17787,2024-03-07,09:30:00,delivered,Wallet,7822.02,0,1407.96,9229.98,2,Mumbai,India
105644,17789,2023-06-19,12:08:00,delivered,Credit Card,11998.0,0,2159.64,14157.64,1,Mumbai,India
105645,17800,2024-03-21,13:52:00,delivered,Debit Card,16998.0,0,3059.64,20057.64,2,Mumbai,India
105646,17802,2024-08-28,01:54:00,shipped,Credit Card,599.0,149,107.82,855.82,1,Mumbai,India
105647,17802,2024-08-22,20:45:00,delivered,Credit Card,7999.0,0,1439.82,9438.82,1,Mumbai,India
105648,17802,2024-07-22,04:20:00,delivered,UPI,3353.52,0,603.63,3957.15,3,Mumbai,India
105649,17802,2024-09-08,08:59:00,delivered,Credit Card,9998.0,0,1799.64,11797.64,1,Mumbai,India
105650,17802,2024-08-21,15:37:00,delivered,Credit Card,1300.89,0,234.16,1535.05,1,Mumbai,India
105651,17802,2024-08-11,18:29:00,delivered,Debit Card,6998.0,0,1259.64,8257.64,1,Mumbai,India
105652,17802,2024-08-31,23:32:00,processing,Net Banking,999.0,0,179.82,1178.82,1,Mumbai,India
105653,17802,2024-08-29,10:13:00,shipped,Wallet,3297.0,0,593.46,3890.46,2,Mumbai,India
105654,17802,2024-08-29,10:20:00,delivered,Wallet,1598.0,0,287.64,1885.64,1,Mumbai,India
105655,17802,2024-07-30,10:37:00,delivered,UPI,1499.0,0,269.82,1768.82,1,Mumbai,India
105656,17802,2024-08-05,11:53:00,delivered,Wallet,899.0,49,161.82,1109.82,1,Mumbai,India
105657,17802,2024-08-19,14:27:00,delivered,Credit Card,4997.0,0,899.46,5896.46,3,Mumbai,India
105658,17802,2024-08-05,16:15:00,delivered,UPI,1043.24,0,187.78,1231.02,1,Mumbai,India
105659,17802,2024-09-03,13:44:00,delivered,UPI,3832.34,0,689.82,4522.16,3,Mumbai,India
105660,17802,2024-09-03,08:26:00,delivered,COD,15999.0,0,2879.82,18878.82,1,Mumbai,India
105661,17802,2024-08-15,18:09:00,processing,UPI,2697.0,0,485.46,3182.46,1,Mumbai,India
105662,17802,2024-08-15,12:07:00,pending,UPI,10504.84,0,1890.87,12395.71,1,Mumbai,India
105663,17802,2024-08-21,05:50:00,delivered,Debit Card,9596.0,0,1727.28,-11323.28,3,Mumbai,India
105664,17802,2024-09-06,07:43:00,shipped,Credit Card,49998.0,0,8999.64,58997.64,1,Mumbai,India
105665,17802,2024-09-02,11:28:00,delivered,Credit Card,5999.0,0,1079.82,7078.82,1,Mumbai,India
105666,17802,2024-07-27,09:58:00,delivered,Credit Card,11998.0,0,2159.64,14157.64,1,Mumbai,India
105667,17802,2024-08-16,05:04:00,delivered,Credit Card,2597.0,0,467.46,3064.46,2,Mumbai,India
105668,17802,2024-08-15,10:38:00,pending,Credit Card,4491.96,0,808.55,5300.51,3,Mumbai,India
105669,17802,2024-08-31,11:53:00,pending,Credit Card,171.33,99,30.84,301.17,1,Mumbai,India
105670,17802,2024-09-06,05:24:00,delivered,Credit Card,1499.0,0,269.82,1768.82,1,Mumbai,India
105671,17802,2024-08-27,04:39:00,delivered,Debit Card,999.0,0,179.82,1178.82,1,Mumbai,India
105672,17802,2024-08-17,09:22:00,delivered,Wallet,3499.0,0,629.82,4128.82,1,Mumbai,India
105673,17802,2024-09-03,23:04:00,processing,Debit Card,8851.41,0,1593.25,10444.66,2,Mumbai,India
105674,17802,2024-08-18,23:26:00,processing,Wallet,899.0,149,161.82,1209.82,1,Mumbai,India
105675,17802,2024-09-01,20:48:00,processing,Debit Card,7998.0,0,1439.64,9437.64,1,Mumbai,India
105676,17802,2024-07-30,15:09:00,delivered,Debit Card,899.0,149,161.82,1209.82,1,Mumbai,India
105677,17802,2024-08-18,11:16:00,delivered,Credit Card,699.0,99,125.82,923.82,1,Mumbai,India
105678,17802,2024-08-26,17:06:00,delivered,UPI,12999.0,0,2339.82,15338.82,1,Mumbai,India
105679,17803,2024-01-27,13:55:00,returned,Credit Card,3252.47,0,585.44,3837.91,1,Mumbai,Singapore
105680,17805,2023-08-03,16:25:00,delivered,Credit Card,299.0,49,53.82,401.82,1,Mumbai,India
105681,17805,2022-12-30,12:51:00,delivered,Net Banking,799.0,149,143.82,1091.82,1,Mumbai,India
105682,17805,2022-12-21,14:45:00,delivered,UPI,10497.0,0,1889.46,12386.46,1,Mumbai,India
105683,17805,2023-09-24,04:16:00,delivered,Debit Card,7393.0,0,1330.74,8723.74,5,Mumbai,India
105684,17805,2023-01-06,11:49:00,delivered,UPI,14396.64,0,2591.4,16988.04,1,Mumbai,India
105685,17805,2023-08-06,03:30:00,pending,Net Banking,199.0,49,35.82,283.82,1,Mumbai,India
105686,17805,2023-04-16,11:18:00,delivered,Net Banking,8057.37,0,1450.33,9507.7,2,Mumbai,India
105687,17805,2023-07-18,01:04:00,delivered,UPI,4958.17,0,892.47,5850.64,3,Mumbai,India
105688,17805,2023-06-12,10:52:00,delivered,COD,3797.0,0,683.46,4480.46,2,Mumbai,India
105689,17805,2024-02-10,05:50:00,shipped,Wallet,16596.0,0,2987.28,19583.28,3,Mumbai,India
105690,17805,2023-04-16,23:25:00,delivered,Debit Card,15444.24,0,2779.96,18224.2,4,Mumbai,India
105691,17805,2023-07-09,03:46:00,returned,Debit Card,7348.05,0,1322.65,8670.7,4,Mumbai,India
105692,17805,2023-08-15,13:35:00,processing,Debit Card,1997.0,0,359.46,2356.46,2,Mumbai,India
105695,17820,2023-08-30,04:30:00,delivered,UPI,1678.95,0,302.21,1981.16,2,Mumbai,Germany
105696,17821,2023-04-07,10:34:00,processing,Wallet,53155.58,0,9568.0,62723.58,2,Mumbai,India
105697,17821,2023-08-04,15:31:00,pending,UPI,2753.91,0,495.7,3249.61,2,Mumbai,India
105698,17821,2023-01-26,19:01:00,pending,Credit Card,10197.0,0,1835.46,12032.46,3,Mumbai,India
105699,17821,2023-10-09,21:24:00,delivered,UPI,6997.0,0,1259.46,8256.46,3,Mumbai,India
105700,17821,2024-03-01,02:30:00,delivered,Debit Card,9284.47,0,1671.2,10955.67,3,Mumbai,India
105701,17821,2023-04-25,20:20:00,delivered,Net Banking,1598.0,0,287.64,1885.64,2,Mumbai,India
105702,17826,2024-06-10,07:27:00,returned,Net Banking,1999.0,0,359.82,2358.82,1,Mumbai,India
105703,17827,2023-03-18,15:02:00,shipped,Debit Card,599.0,99,107.82,805.82,1,Mumbai,UK
105704,17829,2023-07-21,09:50:00,delivered,Debit Card,4998.0,0,899.64,5897.64,1,Mumbai,Germany
105705,17831,2023-03-19,22:03:00,delivered,Debit Card,9999.92,0,1799.99,11799.91,2,Mumbai,Canada
105706,17831,2022-11-30,10:16:00,delivered,Net Banking,24999.0,0,4499.82,29498.82,1,Mumbai,Canada
105707,17831,2023-06-01,01:20:00,delivered,Net Banking,3998.0,0,719.64,4717.64,2,Mumbai,Canada
105709,17835,2024-07-22,21:53:00,delivered,Net Banking,3998.0,0,719.64,4717.64,2,Mumbai,India
105710,17835,2024-06-26,00:23:00,delivered,Credit Card,2949.17,0,530.85,3480.02,2,Mumbai,India
105711,17835,2024-06-24,09:19:00,cancelled,Credit Card,9109.44,0,1639.7,10749.14,4,Mumbai,India
105712,17840,2023-11-29,09:41:00,delivered,Credit Card,5798.0,0,1043.64,6841.64,2,Mumbai,India
105713,17841,2023-09-03,03:20:00,delivered,Debit Card,11997.0,0,2159.46,14156.46,3,Mumbai,USA
105714,17856,2024-08-19,22:22:00,delivered,Wallet,10194.0,0,1834.92,12028.92,4,Mumbai,India
105715,17856,2024-08-12,01:00:00,shipped,UPI,999.0,0,179.82,1178.82,1,Mumbai,India
105716,17856,2024-09-11,22:40:00,delivered,UPI,5999.0,0,1079.82,7078.82,1,Mumbai,India
105717,17856,2024-09-13,15:47:00,delivered,UPI,5696.0,0,1025.28,6721.28,3,Mumbai,India
105718,17856,2024-09-08,05:25:00,processing,Net Banking,12999.0,0,2339.82,15338.82,1,Mumbai,India
105719,17856,2024-08-16,10:04:00,delivered,Credit Card,2343.4,0,421.81,2765.21,2,Mumbai,India
105720,17856,2024-08-31,03:32:00,delivered,Wallet,17964.55,0,3233.62,21198.17,3,Mumbai,India
105721,17856,2024-09-12,13:46:00,delivered,Credit Card,2499.0,0,449.82,2948.82,1,Mumbai,India
105722,17856,2024-09-24,16:29:00,delivered,Credit Card,2504.2,0,450.76,2954.96,2,Mumbai,India
105723,17856,2024-09-02,01:26:00,delivered,UPI,723.18,49,130.17,902.35,1,Mumbai,India
105724,17856,2024-09-06,08:50:00,delivered,Debit Card,28695.0,0,5165.1,33860.1,3,Mumbai,India
105725,17856,2024-08-17,01:19:00,delivered,UPI,4072.46,0,733.04,4805.5,3,Mumbai,India
105726,17856,2024-08-23,21:47:00,delivered,Wallet,4142.67,0,745.68,4888.35,3,Mumbai,India
105727,17856,2024-09-12,20:11:00,pending,COD,22094.0,0,3976.92,26070.92,4,Mumbai,India
105728,17856,2024-09-03,16:42:00,delivered,Credit Card,2211.46,0,398.06,2609.52,2,Mumbai,India
105729,17859,2023-06-03,18:54:00,pending,Debit Card,899.0,99,161.82,1159.82,1,Mumbai,UK
105730,17859,2022-08-26,15:58:00,delivered,Credit Card,46594.0,0,8386.92,54980.92,5,Mumbai,UK
105731,17859,2022-03-27,21:47:00,delivered,COD,1999.0,0,359.82,2358.82,1,Mumbai,UK
105732,17867,2024-07-14,01:35:00,pending,Net Banking,652.87,149,117.52,919.39,1,Mumbai,USA
105733,17871,2024-01-19,19:48:00,delivered,Credit Card,4596.0,0,827.28,5423.28,2,Mumbai,USA
105734,17871,2024-03-09,23:04:00,delivered,UPI,6898.0,0,1241.64,8139.64,2,Mumbai,USA
105735,17871,2023-10-25,21:23:00,delivered,Wallet,11342.06,0,2041.57,13383.63,3,Mumbai,USA
105736,17872,2023-09-23,15:59:00,processing,COD,4999.0,0,899.82,5898.82,1,Mumbai,Germany
105737,17872,2024-02-19,05:45:00,delivered,Debit Card,699.0,99,125.82,923.82,1,Mumbai,Germany
105738,17872,2023-08-21,07:58:00,delivered,Debit Card,3498.0,0,629.64,4127.64,2,Mumbai,Germany
105739,17872,2022-12-13,06:25:00,cancelled,Credit Card,9197.0,0,1655.46,10852.46,2,Mumbai,Germany
105741,,2023-05-04,21:54:00,delivered,Wallet,499.0,49,89.82,637.82,1,Mumbai,Germany
105742,17872,2023-07-04,10:38:00,delivered,Wallet,3999.0,0,719.82,4718.82,1,Mumbai,Germany
105743,17872,2023-10-20,20:35:00,delivered,Credit Card,269.27,49,48.47,366.74,1,Mumbai,Germany
105744,17872,2023-08-20,01:10:00,delivered,Debit Card,999.0,0,179.82,1178.82,1,Mumbai,Germany
105745,17872,2022-11-24,17:34:00,delivered,Debit Card,737.78,99,132.8,969.58,1,Mumbai,Germany
105746,17892,2023-05-06,09:00:00,processing,Debit Card,7216.68,0,1299.0,8515.68,3,Mumbai,UK
105747,17892,2023-12-13,11:50:00,delivered,Wallet,25118.98,0,4521.42,29640.4,3,Mumbai,UK
105748,,2023-06-22,03:30:00,shipped,Wallet,1999.0,0,359.82,2358.82,1,Mumbai,UK
105749,17899,2022-11-27,08:50:00,delivered,Credit Card,2897.0,0,521.46,3418.46,2,Mumbai,India
105750,17899,2023-03-25,19:18:00,shipped,Credit Card,799.0,149,143.82,1091.82,1,Mumbai,India
105751,17899,2024-03-05,01:41:00,delivered,Debit Card,999.0,0,179.82,1178.82,1,Mumbai,India
105752,17901,2024-03-18,03:49:00,delivered,Credit Card,12999.0,0,2339.82,15338.82,1,Mumbai,USA
105753,17901,2024-04-27,19:47:00,delivered,Credit Card,8594.0,0,1546.92,10140.92,4,Mumbai,USA
105754,17901,2024-06-14,22:00:00,delivered,Credit Card,7928.98,0,1427.22,9356.2,3,Mumbai,USA
105755,17906,2023-05-02,18:18:00,processing,Net Banking,910.31,99,163.86,1173.17,1,Mumbai,UK
105756,17934,2022-12-19,23:02:00,returned,Wallet,2999.0,0,539.82,3538.82,1,Mumbai,USA
105757,17934,2023-06-22,17:46:00,delivered,Credit Card,6758.18,0,1216.47,7974.65,3,Mumbai,USA
105758,17934,2023-04-03,08:13:00,delivered,Debit Card,2999.0,0,539.82,3538.82,1,Mumbai,USA
105759,17954,2024-02-25,11:22:00,cancelled,UPI,2595.0,0,467.1,3062.1,4,Mumbai,India
105760,17954,2024-03-09,00:43:00,processing,Credit Card,4425.23,0,796.54,5221.77,1,Mumbai,India
105761,17954,2024-03-29,20:03:00,delivered,Wallet,3498.0,0,629.64,4127.64,2,Mumbai,India
105762,17954,2024-03-09,21:14:00,delivered,Net Banking,3075.69,0,553.62,3629.31,2,Mumbai,India
105763,17954,2024-05-29,11:28:00,delivered,Credit Card,6408.11,0,1153.46,7561.57,2,Mumbai,India
105764,17954,2024-05-19,19:18:00,delivered,Debit Card,2674.82,0,481.47,3156.29,1,Mumbai,India
105765,17971,2024-02-13,14:47:00,delivered,Debit Card,1598.0,0,287.64,1885.64,1,Mumbai,USA
105766,17971,2023-04-25,21:01:00,delivered,Credit Card,5663.89,0,1019.5,6683.39,2,Mumbai,USA
105767,17971,2023-04-10,02:08:00,shipped,Debit Card,3797.0,0,683.46,4480.46,2,Mumbai,USA
105768,17971,2023-08-29,13:47:00,processing,Credit Card,1999.0,0,359.82,2358.82,1,Mumbai,USA
105769,17972,2023-10-14,15:17:00,delivered,Debit Card,799.0,149,143.82,1091.82,1,Mumbai,India
105771,17973,2024-10-24,06:03:00,delivered,Credit Card,24094.54,0,4337.02,28431.56,5,Mumbai,India
105772,17973,2024-10-24,01:18:00,delivered,Credit Card,799.0,149,143.82,1091.82,1,Mumbai,India
105773,17974,2023-09-24,17:25:00,delivered,Credit Card,16998.0,0,3059.64,20057.64,2,Mumbai,UK
105774,17979,2024-10-14,01:07:00,delivered,Debit Card,8998.0,0,1619.64,10617.64,1,Mumbai,Canada
105775,17979,2024-10-12,08:39:00,delivered,UPI,999.0,0,179.82,1178.82,1,Mumbai,Canada
105777,17979,2024-10-20,02:35:00,delivered,UPI,699.0,99,125.82,923.82,1,Mumbai,Canada
105778,17979,2024-10-18,22:00:00,delivered,Wallet,9277.02,0,1669.86,10946.88,4,Mumbai,Canada
105779,17979,2024-10-14,10:00:00,pending,Debit Card,9687.23,0,1743.7,11430.93,5,Mumbai,Canada
105780,17979,2024-10-14,12:48:00,delivered,Credit Card,1209.94,0,217.79,1427.73,1,Mumbai,Canada
105782,17979,2024-10-14,10:35:00,delivered,UPI,6596.0,0,1187.28,7783.28,2,Mumbai,Canada
105783,17979,2024-10-13,07:34:00,delivered,Debit Card,4798.0,0,863.64,5661.64,2,Mumbai,Canada
105784,17979,2024-10-18,14:13:00,delivered,Credit Card,5742.97,0,1033.73,6776.7,3,Mumbai,Canada
105788,17980,2024-10-21,13:14:00,delivered,UPI,13297.0,0,2393.46,15690.46,2,Mumbai,India
105790,17982,2024-10-24,01:14:00,delivered,Credit Card,999.0,0,179.82,1178.82,1,Mumbai,USA
105791,17982,2024-10-27,13:25:00,processing,UPI,8351.79,0,1503.32,9855.11,4,Mumbai,USA
105793,17993,2023-06-11,08:40:00,shipped,Debit Card,2097.0,0,377.46,2474.46,1,Mumbai,USA
105794,17993,2023-03-17,10:39:00,delivered,Debit Card,3298.0,0,593.64,3891.64,2,Mumbai,USA
105795,17993,2023-04-28,09:16:00,pending,Net Banking,1499.0,0,269.82,1768.82,1,Mumbai,USA
105796,17993,2023-03-04,08:05:00,delivered,Credit Card,4999.0,0,899.82,5898.82,1,Mumbai,USA
105797,17993,2023-07-12,14:52:00,pending,Debit Card,199.0,49,35.82,283.82,1,Mumbai,USA
105798,17993,2023-10-08,21:51:00,delivered,Debit Card,1999.0,0,359.82,2358.82,1,Mumbai,USA
105799,17993,2023-07-20,04:47:00,shipped,Credit Card,45009.2,0,8101.66,53110.86,4,Mumbai,USA
105800,17993,2024-04-15,02:03:00,delivered,UPI,1197.0,0,215.46,1412.46,2,Mumbai,USA
105801,17993,2023-12-21,10:13:00,delivered,Credit Card,35223.25,0,6340.18,41563.43,4,Mumbai,USA
105802,17995,2023-07-17,02:24:00,processing,Credit Card,7966.06,0,1433.89,9399.95,3,Mumbai,India
105803,17995,2022-09-08,10:02:00,delivered,Credit Card,8997.0,0,1619.46,10616.46,3,Mumbai,India
105804,17995,2023-04-02,17:45:00,delivered,Wallet,199.0,99,35.82,333.82,1,Mumbai,India
105805,17995,2022-09-27,03:32:00,delivered,Credit Card,4645.53,0,836.2,5481.73,1,Mumbai,India
105806,17995,2023-11-10,05:29:00,delivered,Debit Card,25998.0,0,4679.64,-30677.64,2,Mumbai,India
105807,17995,2022-11-20,13:45:00,delivered,UPI,3507.29,0,631.31,4138.6,3,Mumbai,India
105808,17995,2023-01-14,07:45:00,processing,Debit Card,5398.0,0,971.64,6369.64,2,Mumbai,India
105809,18008,2024-09-06,14:49:00,shipped,Credit Card,4691.55,0,844.48,5536.03,1,Mumbai,Canada
105810,18008,2024-09-11,12:24:00,delivered,Credit Card,1257.21,0,226.3,1483.51,2,Mumbai,Canada
105811,18008,2024-09-19,06:25:00,delivered,COD,9296.0,0,1673.28,10969.28,3,Mumbai,Canada
105812,18013,2024-08-29,17:51:00,delivered,Debit Card,655.13,49,117.92,822.05,1,Mumbai,Germany
105813,18016,2024-02-21,11:41:00,pending,Credit Card,4198.0,0,755.64,4953.64,2,Mumbai,India
105814,18017,2023-04-08,14:00:00,returned,Credit Card,3198.0,0,575.64,3773.64,2,Mumbai,India
105815,18020,2023-08-05,03:15:00,delivered,UPI,1598.0,0,287.64,1885.64,2,Mumbai,India
105816,18020,2024-04-07,07:23:00,delivered,Credit Card,954.07,49,171.73,1174.8,2,Mumbai,India
105817,18020,2023-07-14,17:24:00,delivered,Net Banking,21318.7,0,3837.37,25156.07,3,Mumbai,India
105819,18020,2023-09-09,12:13:00,delivered,UPI,25731.11,0,4631.6,30362.71,2,Mumbai,India
105820,18020,2024-04-21,09:17:00,delivered,Credit Card,899.0,149,161.82,1209.82,1,Mumbai,India
105821,18020,2024-01-04,03:57:00,delivered,Debit Card,1698.0,0,305.64,2003.64,2,Mumbai,India
105823,18029,2023-09-14,15:18:00,delivered,Debit Card,3238.15,0,582.87,3821.02,2,Mumbai,India
105825,18029,2024-02-08,00:22:00,shipped,Debit Card,6564.1,0,1181.54,7745.64,2,Mumbai,India
105826,18029,2023-11-02,21:31:00,delivered,Debit Card,4696.0,0,845.28,5541.28,3,Mumbai,India
105827,18034,2023-06-10,21:23:00,processing,Net Banking,1798.0,0,323.64,2121.64,2,Mumbai,Germany
105828,18034,2023-09-04,08:56:00,shipped,Credit Card,799.0,149,143.82,1091.82,1,Mumbai,Germany
105829,18034,2023-03-10,03:05:00,shipped,Credit Card,12296.0,0,2213.28,14509.28,3,Mumbai,Germany
105830,18034,2023-05-08,12:57:00,delivered,Credit Card,3499.0,0,629.82,4128.82,1,Mumbai,Germany
105831,18034,2023-04-30,03:49:00,shipped,Debit Card,1553.88,0,279.7,1833.58,1,Mumbai,Germany
105832,18034,2023-05-03,13:47:00,delivered,UPI,30738.61,0,5532.95,36271.56,2,Mumbai,Germany
105834,18038,2024-10-23,07:06:00,processing,UPI,599.0,49,107.82,755.82,1,Mumbai,UK
105836,18038,2024-10-17,18:23:00,cancelled,Credit Card,4598.0,0,827.64,5425.64,2,Mumbai,UK
105837,18038,2024-10-16,06:45:00,shipped,UPI,3395.0,0,611.1,4006.1,3,Mumbai,UK
105839,18044,2024-09-11,22:29:00,delivered,Wallet,8110.21,0,1459.84,9570.05,2,Mumbai,India
105840,18044,2024-08-14,17:52:00,delivered,Debit Card,799.0,99,143.82,1041.82,1,Mumbai,India
105841,18044,2024-08-10,04:36:00,delivered,Wallet,5697.0,0,1025.46,6722.46,3,Mumbai,India
105842,18048,2022-12-14,04:16:00,delivered,Wallet,3297.0,0,593.46,3890.46,3,Mumbai,India
105843,18048,2022-10-25,20:01:00,pending,UPI,499.0,99,89.82,687.82,1,Mumbai,India
105844,18048,2023-05-29,15:51:00,delivered,UPI,899.0,149,161.82,1209.82,1,Mumbai,India
105845,18048,2023-01-03,05:24:00,delivered,Debit Card,3171.78,0,570.92,3742.7,1,Mumbai,India
105846,18048,2022-03-31,14:31:00,delivered,Credit Card,3723.45,0,670.22,4393.67,2,Mumbai,India
105847,18048,2023-06-07,07:31:00,delivered,UPI,6196.0,0,1115.28,7311.28,3,Mumbai,India
105848,18050,2022-12-02,11:01:00,delivered,Wallet,5897.0,0,1061.46,6958.46,2,Mumbai,India
105849,18050,2023-03-20,01:35:00,delivered,UPI,8998.0,0,1619.64,10617.64,2,Mumbai,India
105850,18069,2023-07-13,00:46:00,delivered,Credit Card,3498.0,0,629.64,4127.64,2,Mumbai,Canada
105851,18069,2023-09-28,09:36:00,delivered,Credit Card,9596.04,0,1727.29,11323.33,2,Mumbai,Canada
105852,18075,2024-06-17,14:02:00,returned,Wallet,2097.0,0,377.46,2474.46,2,Mumbai,India
105853,18075,2024-04-21,15:20:00,pending,Credit Card,4863.5,0,875.43,5738.93,2,Mumbai,India
105854,18075,2024-07-23,08:58:00,delivered,Debit Card,699.0,99,125.82,923.82,1,Mumbai,India
105855,18075,2024-07-06,23:30:00,delivered,Credit Card,5182.45,0,932.84,6115.29,1,Mumbai,India
105856,18075,2024-05-28,05:26:00,delivered,Debit Card,299.0,49,53.82,401.82,1,Mumbai,India
105857,18075,2024-07-02,19:57:00,processing,Debit Card,6030.96,0,1085.57,7116.53,1,Mumbai,India
105858,18083,2023-02-02,11:15:00,processing,Wallet,8497.0,0,1529.46,10026.46,3,Mumbai,India
105859,18083,2023-09-08,15:36:00,shipped,Credit Card,4449.62,0,800.93,5250.55,1,Mumbai,India
105860,18083,2023-08-16,12:33:00,delivered,Net Banking,29494.0,0,5308.92,34802.92,4,Mumbai,India
105861,18083,2023-08-04,08:07:00,delivered,Debit Card,4499.0,0,809.82,5308.82,1,Mumbai,India
105862,18088,2024-01-24,02:51:00,delivered,Credit Card,6009.0,0,1081.62,7090.62,3,Mumbai,Canada
105863,18089,2022-09-16,13:39:00,shipped,COD,1999.0,0,359.82,2358.82,1,Mumbai,India
105864,18094,2023-05-30,22:17:00,cancelled,Credit Card,2297.0,0,413.46,2710.46,2,Mumbai,Germany
105865,18094,2023-07-25,09:16:00,processing,Credit Card,1999.0,0,359.82,2358.82,1,Mumbai,Germany
105866,18094,2023-09-14,09:38:00,delivered,UPI,27594.63,0,4967.03,32561.66,4,Mumbai,Germany
105867,18094,2023-06-28,19:01:00,delivered,UPI,2297.0,0,413.46,2710.46,2,Mumbai,Germany
105868,18112,2023-03-06,13:16:00,delivered,Credit Card,10048.98,0,1808.82,11857.8,5,Mumbai,India
105869,18113,2023-03-21,15:21:00,returned,Wallet,1499.0,0,269.82,1768.82,1,Mumbai,India
105870,18113,2024-01-11,10:11:00,returned,UPI,3998.0,0,719.64,4717.64,1,Mumbai,India
105871,18113,2023-06-18,08:19:00,delivered,Wallet,3498.0,0,629.64,4127.64,2,Mumbai,India
105872,18116,2023-12-18,15:13:00,delivered,Credit Card,11636.41,0,2094.55,13730.96,4,Mumbai,India
105873,18116,2024-03-16,00:43:00,delivered,Credit Card,1499.0,0,269.82,1768.82,1,Mumbai,India
105874,18116,2023-09-03,00:12:00,delivered,Debit Card,15837.61,0,2850.77,18688.38,2,Mumbai,India
105875,18116,2023-09-29,22:11:00,delivered,Wallet,11995.0,0,2159.1,14154.1,3,Mumbai,India
105876,18116,2023-09-26,08:24:00,delivered,Wallet,10549.7,0,1898.95,12448.65,2,Mumbai,India
105877,18116,2023-09-01,12:52:00,shipped,Credit Card,2344.61,0,422.03,2766.64,2,Mumbai,India
105878,18116,2023-09-19,11:50:00,delivered,Wallet,7381.96,0,1328.75,8710.71,4,Mumbai,India
105879,18116,2023-10-23,10:22:00,delivered,Credit Card,4249.38,0,764.89,5014.27,2,Mumbai,India
105880,18116,2024-01-04,05:41:00,processing,Wallet,2999.0,0,539.82,3538.82,1,Mumbai,India
105881,18122,2024-05-02,14:06:00,delivered,Net Banking,2151.56,0,387.28,2538.84,2,Mumbai,Canada
105882,18123,2024-04-14,21:17:00,delivered,Credit Card,22573.85,0,4063.29,26637.14,4,Mumbai,India
105883,18124,2022-12-27,10:46:00,delivered,Credit Card,5595.0,0,1007.1,6602.1,3,Mumbai,India
105884,18133,2023-05-26,00:57:00,delivered,Credit Card,22493.0,0,4048.74,26541.74,4,Mumbai,USA
105885,18144,2023-04-17,08:34:00,delivered,Debit Card,2515.8,0,452.84,2968.64,2,Mumbai,USA
105886,18147,2024-08-13,21:19:00,delivered,Debit Card,2224.04,0,400.33,2624.37,2,Mumbai,USA
105887,18147,2024-08-23,05:50:00,delivered,Credit Card,1398.0,0,251.64,1649.64,1,Mumbai,USA
105888,18147,2024-07-31,06:06:00,cancelled,Debit Card,5498.0,0,989.64,6487.64,2,Mumbai,USA
105891,18167,2024-08-27,18:11:00,processing,Credit Card,470.87,99,84.76,654.63,1,Mumbai,India
105892,18167,2024-07-31,21:22:00,delivered,UPI,1817.9,0,327.22,2145.12,1,Mumbai,India
105893,18170,2024-09-03,19:11:00,delivered,Debit Card,5998.0,0,1079.64,7077.64,1,Mumbai,India
105894,18172,2024-04-08,16:50:00,delivered,Wallet,14187.71,0,2553.79,16741.5,2,Mumbai,India
105895,18172,2024-04-09,05:53:00,delivered,Debit Card,1999.0,0,359.82,2358.82,1,Mumbai,India
105896,18172,2024-05-21,01:07:00,delivered,Net Banking,1999.0,0,359.82,2358.82,1,Mumbai,India
105897,18176,2023-02-08,20:04:00,delivered,Credit Card,31208.29,0,5617.49,36825.78,3,Mumbai,India
105899,18180,2024-04-18,05:54:00,shipped,UPI,4998.0,0,899.64,5897.64,1,Mumbai,India
105900,18180,2024-09-25,08:02:00,processing,Credit Card,14394.0,0,2590.92,-16984.92,4,Mumbai,India
105901,18181,2023-04-03,02:58:00,delivered,UPI,4998.0,0,899.64,5897.64,2,Mumbai,India
105902,18181,2023-04-23,06:21:00,processing,Credit Card,1775.89,0,319.66,2095.55,2,Mumbai,India
105903,18181,2022-11-10,06:38:00,processing,Credit Card,6653.12,0,1197.56,7850.68,4,Mumbai,India
105904,18187,2023-11-16,18:21:00,delivered,UPI,1798.0,0,323.64,2121.64,2,Mumbai,India
105905,18187,2024-01-15,00:37:00,delivered,Net Banking,2999.0,0,539.82,3538.82,1,Mumbai,India
105906,18187,2023-11-05,14:36:00,delivered,UPI,6166.6,0,1109.99,7276.59,2,Mumbai,India
105908,18187,2024-03-21,12:59:00,delivered,UPI,2498.0,0,449.64,2947.64,2,Mumbai,India
105909,18187,2024-01-13,08:16:00,delivered,UPI,7852.02,0,1413.36,9265.38,2,Mumbai,India
105910,18187,2023-08-31,08:13:00,delivered,Debit Card,1461.37,0,263.05,1724.42,2,Mumbai,India
105911,18189,2024-10-12,22:27:00,delivered,UPI,6998.0,0,1259.64,8257.64,1,Mumbai,India
105912,18202,2024-06-24,14:23:00,delivered,Debit Card,8169.44,0,1470.5,9639.94,1,Mumbai,India
105913,18210,2024-08-28,22:05:00,shipped,Debit Card,199.0,99,35.82,333.82,1,Mumbai,Canada
105914,18210,2024-07-07,06:02:00,delivered,UPI,2098.0,0,377.64,2475.64,2,Mumbai,Canada
105915,18210,2024-08-27,10:57:00,delivered,Wallet,699.0,49,125.82,873.82,1,Mumbai,Canada
105916,18210,2024-07-16,19:42:00,delivered,Wallet,799.0,149,143.82,1091.82,1,Mumbai,Canada
105917,18210,2024-07-09,05:22:00,pending,UPI,5998.0,0,1079.64,7077.64,2,Mumbai,Canada
105918,18210,2024-07-08,12:33:00,pending,Debit Card,3207.7,0,577.39,3785.09,1,Mumbai,Canada
105919,18210,2024-07-01,03:58:00,delivered,Credit Card,1829.69,0,329.34,2159.03,2,Mumbai,Canada
105920,18210,2024-07-20,06:57:00,delivered,Net Banking,10997.0,0,1979.46,12976.46,2,Mumbai,Canada
105921,18210,2024-08-04,18:10:00,delivered,UPI,299.0,149,53.82,501.82,1,Mumbai,Canada
105922,18210,2024-08-15,21:27:00,delivered,COD,4250.23,0,765.04,5015.27,2,Mumbai,Canada
105923,18210,2024-06-30,21:02:00,delivered,Debit Card,8997.0,0,1619.46,10616.46,3,Mumbai,Canada
105924,18210,2024-07-28,20:38:00,pending,Debit Card,11294.0,0,2032.92,13326.92,4,Mumbai,Canada
105925,18210,2024-08-27,13:21:00,delivered,Net Banking,1299.0,0,233.82,1532.82,1,Mumbai,Canada
105926,18215,2024-07-15,21:50:00,delivered,Credit Card,7396.0,0,1331.28,8727.28,4,Mumbai,UK
105927,18218,2023-02-05,04:03:00,delivered,Wallet,699.0,49,125.82,873.82,1,Mumbai,Canada
105928,18218,2022-10-17,00:16:00,delivered,Credit Card,13648.21,0,2456.68,16104.89,3,Mumbai,Canada
105929,18218,2023-02-01,00:23:00,delivered,Credit Card,599.0,149,107.82,855.82,1,Mumbai,Canada
105930,18223,2023-07-06,05:41:00,delivered,Debit Card,14997.0,0,2699.46,17696.46,1,Mumbai,Germany
105931,18223,2023-08-31,23:06:00,delivered,Debit Card,8797.0,0,1583.46,10380.46,3,Mumbai,Germany
105932,18223,2023-11-15,07:51:00,cancelled,COD,46596.81,0,8387.43,54984.24,4,Mumbai,Germany
105933,18223,2023-09-26,15:44:00,returned,UPI,999.0,0,179.82,1178.82,1,Mumbai,Germany
105934,18223,2024-02-15,12:28:00,delivered,Debit Card,4097.0,0,737.46,4834.46,3,Mumbai,Germany
105935,18223,2023-09-20,09:12:00,processing,Wallet,1299.0,0,233.82,1532.82,1,Mumbai,Germany
105936,18223,2023-07-08,15:00:00,delivered,Credit Card,1298.0,0,233.64,1531.64,2,Mumbai,Germany
105937,18240,2023-09-04,16:32:00,delivered,Credit Card,1499.0,0,269.82,1768.82,1,Mumbai,Singapore
105938,18240,2023-09-15,17:22:00,delivered,UPI,19996.0,0,3599.28,23595.28,3,Mumbai,Singapore
105939,18240,2023-04-08,21:51:00,delivered,Debit Card,2998.0,0,539.64,3537.64,1,Mumbai,Singapore
105940,18240,2023-11-14,09:16:00,delivered,Net Banking,999.0,0,179.82,1178.82,1,Mumbai,Singapore
105941,18240,2023-07-12,05:46:00,shipped,UPI,35152.07,0,6327.37,41479.44,4,Mumbai,Singapore
105942,18240,2023-04-08,06:51:00,delivered,Net Banking,6396.0,0,1151.28,7547.28,3,Mumbai,Singapore
105943,18240,2023-12-06,01:52:00,delivered,Net Banking,16998.0,0,3059.64,20057.64,2,Mumbai,Singapore
105944,18245,2024-09-25,09:36:00,processing,UPI,699.0,99,125.82,923.82,1,Mumbai,India
105945,18245,2024-09-16,04:45:00,delivered,Wallet,5998.0,0,1079.64,7077.64,1,Mumbai,India
105946,18245,2024-09-05,20:34:00,shipped,UPI,5140.48,0,925.29,6065.77,2,Mumbai,India
105947,18254,2024-04-09,16:17:00,delivered,UPI,12597.0,0,2267.46,14864.46,2,Mumbai,India
105948,18254,2024-04-22,12:27:00,shipped,Credit Card,3076.48,0,553.77,3630.25,2,Mumbai,India
105949,18254,2024-06-16,05:48:00,delivered,UPI,1304.77,0,234.86,1539.63,1,Mumbai,India
105950,18258,2024-01-10,19:42:00,delivered,Credit Card,13196.0,0,2375.28,15571.28,2,Mumbai,India
105951,18258,2022-10-18,10:56:00,delivered,UPI,799.0,149,143.82,1091.82,1,Mumbai,India
105952,18258,2023-02-06,22:11:00,delivered,Credit Card,51997.0,0,9359.46,61356.46,2,Mumbai,India
105953,18264,2023-08-02,13:49:00,delivered,Credit Card,11297.0,0,2033.46,13330.46,3,Mumbai,India
105954,18264,2023-11-17,06:06:00,pending,Credit Card,20038.17,0,3606.87,23645.04,5,Mumbai,India
105955,18264,2022-08-21,11:05:00,delivered,UPI,41294.0,0,7432.92,48726.92,4,Mumbai,India
105956,18269,2024-03-21,19:52:00,shipped,UPI,2913.72,0,524.47,3438.19,2,Mumbai,Singapore
105957,18269,2024-04-12,05:36:00,delivered,COD,699.0,49,125.82,873.82,1,Mumbai,Singapore
105958,18269,2024-04-05,08:45:00,shipped,Wallet,1285.78,0,231.44,1517.22,1,Mumbai,Singapore
105959,18269,2024-02-11,23:20:00,delivered,UPI,1999.0,0,359.82,2358.82,1,Mumbai,Singapore
105960,18290,2023-07-29,11:02:00,processing,Credit Card,10259.02,0,1846.62,12105.64,4,Mumbai,India
105961,18290,2023-10-06,09:23:00,delivered,Net Banking,999.0,0,179.82,1178.82,1,Mumbai,India
105962,18290,2023-08-03,00:46:00,delivered,Debit Card,4708.2,0,847.48,5555.68,1,Mumbai,India
105963,18294,2022-07-14,14:05:00,shipped,UPI,4164.92,0,749.69,4914.61,1,Mumbai,Singapore
105964,18294,2022-07-03,01:09:00,returned,Debit Card,7498.0,0,1349.64,8847.64,2,Mumbai,Singapore
105965,18294,2023-02-27,14:26:00,delivered,Credit Card,15895.0,0,2861.1,18756.1,5,Mumbai,Singapore
105966,18296,2023-10-14,04:20:00,delivered,UPI,3103.7,0,558.67,3662.37,2,Mumbai,USA
105967,18296,2023-03-13,03:51:00,delivered,Wallet,17197.0,0,3095.46,20292.46,2,Mumbai,USA
105968,18306,2023-04-07,12:18:00,delivered,Debit Card,616.25,149,110.92,876.17,1,Mumbai,USA
105971,18310,2023-08-13,10:30:00,delivered,Debit Card,3571.68,0,642.9,4214.58,2,Mumbai,USA
105972,18326,2024-02-15,22:43:00,delivered,Credit Card,1499.0,0,269.82,1768.82,1,Mumbai,USA
105973,18330,2023-09-10,11:55:00,delivered,UPI,15999.0,0,2879.82,18878.82,1,Mumbai,India
105974,18330,2024-05-04,02:02:00,delivered,Debit Card,12999.0,0,2339.82,15338.82,1,Mumbai,India
105975,18330,2024-01-01,06:54:00,pending,Debit Card,1798.0,0,323.64,2121.64,1,Mumbai,India
105976,18330,2023-12-03,08:13:00,delivered,Debit Card,799.0,49,143.82,991.82,1,Mumbai,India
105977,18334,2024-03-09,19:12:00,cancelled,UPI,1299.0,0,233.82,1532.82,1,Mumbai,USA
105978,18338,2024-02-01,11:40:00,delivered,Debit Card,6698.0,0,1205.64,7903.64,2,Mumbai,India
105979,18338,2023-01-13,08:51:00,delivered,Debit Card,736.18,99,132.51,967.69,1,Mumbai,India
105980,18346,2022-04-16,01:02:00,shipped,Net Banking,31995.0,0,5759.1,37754.1,5,Mumbai,UK
105981,18346,2022-05-02,04:31:00,delivered,Debit Card,19327.85,0,3479.01,22806.86,4,Mumbai,UK
105982,18346,2022-05-21,23:01:00,returned,UPI,568.93,99,102.41,770.34,1,Mumbai,UK
105983,18347,2024-09-21,01:51:00,delivered,Credit Card,2798.0,0,503.64,3301.64,2,Mumbai,USA
105984,18347,2024-08-27,03:31:00,delivered,Credit Card,567.57,99,102.16,768.73,1,Mumbai,USA
105985,18347,2024-09-03,04:28:00,delivered,Credit Card,2697.0,0,485.46,3182.46,1,Mumbai,USA
105986,18347,2024-08-25,11:19:00,processing,Debit Card,2499.0,0,449.82,2948.82,1,Mumbai,USA
105987,18347,2024-09-09,10:43:00,delivered,Credit Card,14396.48,0,2591.37,16987.85,5,Mumbai,USA
105988,18347,2024-09-02,23:28:00,delivered,Debit Card,18586.79,0,3345.62,21932.41,3,Mumbai,USA
105989,18347,2024-08-23,15:53:00,delivered,Credit Card,2997.0,0,539.46,3536.46,2,Mumbai,USA
105990,18347,2024-08-25,02:08:00,delivered,Credit Card,7324.5,0,1318.41,8642.91,3,Mumbai,USA
105991,18347,2024-08-31,02:59:00,shipped,UPI,199.0,99,35.82,333.82,1,Mumbai,USA
105992,18347,2024-09-13,02:36:00,shipped,UPI,2499.0,0,449.82,2948.82,1,Mumbai,USA
105993,18347,2025-06-15,16:24:00,delivered,Debit Card,5998.0,0,1079.64,7077.64,2,Mumbai,USA
105994,18347,2024-09-19,16:50:00,shipped,Debit Card,910.32,49,163.86,1123.18,1,Mumbai,USA
105995,18347,2024-09-09,18:23:00,delivered,Net Banking,299.0,149,53.82,501.82,1,Mumbai,USA
105996,18347,2024-09-13,07:16:00,delivered,Credit Card,9402.74,0,1692.49,11095.23,5,Mumbai,USA
105997,18347,2024-09-22,17:37:00,processing,Debit Card,2744.13,0,493.94,3238.07,1,Mumbai,USA
105998,18347,2024-09-02,05:23:00,delivered,Debit Card,999.0,0,179.82,1178.82,1,Mumbai,USA
105999,18347,2024-09-02,10:17:00,delivered,UPI,1852.7,0,333.49,2186.19,2,Mumbai,USA
106000,18347,2024-09-04,17:48:00,delivered,UPI,699.0,149,125.82,973.82,1,Mumbai,USA
106001,18347,2024-09-13,17:24:00,delivered,Net Banking,10972.26,0,1975.01,12947.27,4,Mumbai,USA
106002,18347,2024-09-30,23:08:00,delivered,Credit Card,7793.06,0,1402.75,9195.81,4,Mumbai,USA
106003,18347,2024-09-07,02:51:00,delivered,Net Banking,683.19,99,122.97,905.16,1,Mumbai,USA
106004,18347,2024-09-18,18:39:00,shipped,Debit Card,6097.0,0,1097.46,7194.46,3,Mumbai,USA
106005,18347,2024-09-02,08:25:00,delivered,Credit Card,1298.0,0,233.64,1531.64,2,Mumbai,USA
106006,18347,2024-09-08,05:27:00,delivered,Credit Card,74997.0,0,13499.46,88496.46,1,Mumbai,USA
106007,18355,2023-11-24,14:50:00,delivered,Wallet,7603.5,0,1368.63,8972.13,3,Mumbai,India
106008,18359,2023-03-21,01:08:00,delivered,Wallet,999.0,0,179.82,1178.82,1,Mumbai,USA
106009,18359,2023-05-08,06:12:00,delivered,Credit Card,1498.0,0,269.64,1767.64,2,Mumbai,USA
106010,18359,2023-05-16,06:55:00,cancelled,Net Banking,5999.0,0,1079.82,7078.82,1,Mumbai,USA
106011,18360,2023-12-22,17:10:00,delivered,COD,5999.0,0,1079.82,7078.82,1,Mumbai,Canada
106012,18361,2024-09-02,20:53:00,delivered,Net Banking,5999.0,0,1079.82,7078.82,1,Mumbai,USA
106013,18365,2024-09-22,15:51:00,delivered,Debit Card,11998.0,0,2159.64,14157.64,1,Mumbai,Canada
106014,18365,2024-10-07,00:28:00,processing,Credit Card,2499.0,0,449.82,2948.82,1,Mumbai,Canada
106015,18365,2024-09-21,09:48:00,shipped,UPI,12994.0,0,2338.92,15332.92,4,Mumbai,Canada
106016,18365,2024-09-29,23:27:00,delivered,UPI,18893.0,0,3400.74,22293.74,3,Mumbai,Canada
106017,18365,2024-09-17,03:39:00,delivered,Wallet,1598.0,0,287.64,1885.64,2,Mumbai,Canada
106018,18365,2024-10-03,07:03:00,delivered,Net Banking,31190.49,0,5614.29,36804.78,5,Mumbai,Canada
106019,18365,2024-09-18,12:11:00,delivered,Debit Card,699.0,49,125.82,873.82,1,Mumbai,Canada
106020,18365,2024-09-26,09:31:00,delivered,UPI,15999.0,0,2879.82,18878.82,1,Mumbai,Canada
106021,18365,2024-09-22,15:04:00,shipped,UPI,31238.19,0,5622.87,36861.06,3,Mumbai,Canada
106022,18365,2024-10-03,03:21:00,delivered,UPI,3013.18,0,542.37,3555.55,1,Mumbai,Canada
106023,18365,2024-09-26,15:24:00,delivered,Debit Card,3174.42,0,571.4,3745.82,1,Mumbai,Canada
106024,18365,2024-09-27,14:57:00,delivered,Wallet,2379.36,0,428.28,2807.64,1,Mumbai,Canada
106025,18365,2024-09-23,06:30:00,delivered,Wallet,899.0,99,161.82,1159.82,1,Mumbai,Canada
106026,18365,2024-09-24,08:37:00,delivered,Wallet,599.0,49,107.82,755.82,1,Mumbai,Canada
106028,18365,2024-09-23,15:56:00,returned,UPI,3499.0,0,629.82,4128.82,1,Mumbai,Canada
106029,18365,2024-09-24,04:42:00,delivered,Credit Card,6725.51,0,1210.59,7936.1,3,Mumbai,Canada
106030,18365,2024-09-20,17:43:00,delivered,Wallet,3881.09,0,698.6,4579.69,2,Mumbai,Canada
106031,18370,2023-08-01,02:42:00,cancelled,Wallet,3948.96,0,710.81,4659.77,4,Mumbai,India
106032,18370,2022-10-25,10:45:00,delivered,Wallet,2598.0,0,467.64,3065.64,2,Mumbai,India
106033,18370,2023-03-17,02:47:00,processing,Net Banking,9179.07,0,1652.23,10831.3,2,Mumbai,India
106034,18370,2022-09-14,02:29:00,processing,Credit Card,4499.0,0,809.82,5308.82,1,Mumbai,India
106035,18370,2024-02-18,03:45:00,delivered,Credit Card,1497.0,0,269.46,1766.46,1,Mumbai,India
106036,18370,2023-07-01,16:27:00,delivered,Credit Card,6796.0,0,1223.28,8019.28,3,Mumbai,India
106038,18381,2024-09-08,07:59:00,delivered,Wallet,32384.75,0,5829.26,38214.01,4,Mumbai,India
106039,18394,2023-08-14,21:31:00,pending,Net Banking,999.0,0,179.82,1178.82,1,Mumbai,USA
106040,18405,2023-10-08,19:50:00,delivered,Credit Card,5898.0,0,1061.64,6959.64,2,Mumbai,India
106041,18405,2023-05-06,17:40:00,delivered,Credit Card,1999.0,0,359.82,2358.82,1,Mumbai,India
106042,18405,2023-06-12,23:19:00,cancelled,Credit Card,1597.0,0,287.46,1884.46,3,Mumbai,India
106043,18405,2023-06-02,12:24:00,delivered,Debit Card,5879.98,0,1058.4,6938.38,3,Mumbai,India
106044,18405,2023-03-17,09:40:00,delivered,Wallet,7812.25,0,1406.2,9218.45,4,Mumbai,India
106047,18415,2023-12-26,04:07:00,delivered,Credit Card,15297.0,0,2753.46,18050.46,3,Mumbai,UK
106048,18417,2023-08-26,18:27:00,shipped,UPI,8195.0,0,1475.1,9670.1,4,Mumbai,India
106049,18417,2023-09-11,04:40:00,delivered,Credit Card,5625.15,0,1012.53,6637.68,2,Mumbai,India
106050,18417,2023-06-14,04:40:00,delivered,Debit Card,899.0,49,161.82,1109.82,1,Mumbai,India
106051,18417,2023-09-23,14:48:00,delivered,Net Banking,12697.0,0,2285.46,14982.46,2,Mumbai,India
106052,18417,2023-06-16,12:58:00,delivered,Debit Card,1299.0,0,233.82,1532.82,1,Mumbai,India
106053,18417,2023-09-14,20:24:00,delivered,COD,6993.0,0,1258.74,8251.74,5,Mumbai,India
106054,18417,2023-07-16,14:20:00,delivered,UPI,699.0,149,125.82,973.82,1,Mumbai,India
106055,18420,2023-04-02,12:30:00,delivered,COD,7696.0,0,1385.28,9081.28,4,Mumbai,Singapore
106056,18420,2023-09-12,08:55:00,delivered,Debit Card,2198.0,0,395.64,2593.64,2,Mumbai,Singapore
106058,18420,2022-12-28,07:04:00,delivered,Debit Card,2597.0,0,467.46,3064.46,2,Mumbai,Singapore
106059,18420,2023-02-03,07:16:00,delivered,UPI,3731.98,0,671.76,4403.74,1,Mumbai,Singapore
106060,18420,2023-12-06,20:29:00,delivered,Credit Card,699.0,149,125.82,973.82,1,Mumbai,Singapore
106061,18420,2023-06-18,20:46:00,delivered,COD,5798.0,0,1043.64,6841.64,2,Mumbai,Singapore
106062,18420,2023-07-08,16:46:00,delivered,Net Banking,11796.0,0,2123.28,13919.28,3,Mumbai,Singapore
106063,18420,2023-01-04,07:51:00,delivered,UPI,7498.0,0,1349.64,8847.64,2,Mumbai,Singapore
106064,18421,2024-09-29,10:37:00,delivered,Debit Card,3063.66,0,551.46,3615.12,2,Mumbai,USA
106065,18421,2024-09-22,18:29:00,delivered,UPI,17161.67,0,3089.1,20250.77,5,Mumbai,USA
106066,18421,2024-09-20,20:17:00,processing,Debit Card,948.62,49,170.75,1168.37,1,Mumbai,USA
106067,18426,2024-04-20,07:46:00,processing,Wallet,2796.0,0,503.28,3299.28,2,Mumbai,India
106068,18430,2022-12-03,12:12:00,shipped,Credit Card,1979.17,0,356.25,2335.42,2,Mumbai,India
106070,18447,2024-08-02,00:29:00,cancelled,UPI,4095.0,0,737.1,4832.1,4,Mumbai,UK
106071,18455,2023-07-14,01:25:00,delivered,Debit Card,5998.0,0,1079.64,7077.64,1,Mumbai,India
106073,18455,2023-12-15,06:16:00,delivered,Credit Card,1299.0,0,233.82,1532.82,1,Mumbai,India
106074,18455,2023-11-27,22:47:00,shipped,UPI,3897.0,0,701.46,4598.46,1,Mumbai,India
106075,18455,2023-09-07,00:40:00,delivered,COD,4071.07,0,732.79,4803.86,3,Mumbai,India
106076,18455,2023-09-25,13:32:00,delivered,Credit Card,11068.01,0,1992.24,13060.25,3,Mumbai,India
106077,18456,2024-02-19,18:10:00,delivered,Credit Card,21099.12,0,3797.84,24896.96,2,Mumbai,India
106079,18459,2023-04-29,13:21:00,shipped,Debit Card,9525.14,0,1714.53,11239.67,5,Mumbai,India
106080,18459,2023-09-24,14:35:00,shipped,Wallet,899.0,49,161.82,1109.82,1,Mumbai,India
106081,18459,2023-11-15,15:40:00,delivered,Debit Card,14796.0,0,2663.28,17459.28,4,Mumbai,India
106082,18460,2022-07-03,06:43:00,delivered,COD,11396.03,0,2051.29,13447.32,2,Mumbai,Singapore
106083,18466,2023-02-12,18:43:00,delivered,Credit Card,799.0,149,143.82,1091.82,1,Mumbai,India
106084,18466,2022-07-28,17:33:00,delivered,Net Banking,2201.1,0,396.2,2597.3,2,Mumbai,India
106085,18466,2022-07-20,19:28:00,shipped,Debit Card,2198.0,0,395.64,2593.64,2,Mumbai,India
106086,18466,2022-08-18,20:28:00,delivered,Net Banking,3998.0,0,719.64,4717.64,1,Mumbai,India
106087,18466,2023-03-21,19:03:00,delivered,Debit Card,3159.22,0,568.66,3727.88,2,Mumbai,India
106088,18466,2022-09-29,17:17:00,delivered,Debit Card,4896.0,0,881.28,5777.28,3,Mumbai,India
106089,18473,2024-02-25,16:48:00,delivered,Wallet,2045.99,0,368.28,2414.27,2,Mumbai,USA
106090,18473,2024-04-10,04:56:00,delivered,Debit Card,897.0,49,161.46,1107.46,1,Mumbai,USA
106091,18473,2024-06-28,02:11:00,returned,UPI,2168.87,0,390.4,2559.27,3,Mumbai,USA
106092,18477,2024-07-20,15:27:00,delivered,Debit Card,31989.0,0,5758.02,37747.02,5,Mumbai,Australia
106093,18477,2024-07-05,00:58:00,delivered,Credit Card,15999.0,0,2879.82,18878.82,1,Mumbai,Australia
106094,18477,2024-07-06,10:50:00,delivered,Credit Card,2396.0,0,431.28,2827.28,2,Mumbai,Australia
106095,18477,2024-07-29,09:02:00,delivered,UPI,7498.0,0,1349.64,8847.64,2,Mumbai,Australia
106097,18478,2024-05-22,04:53:00,delivered,Net Banking,8998.0,0,1619.64,10617.64,1,Mumbai,Singapore
106098,18478,2024-06-07,15:52:00,delivered,UPI,6298.0,0,1133.64,7431.64,2,Mumbai,Singapore
106100,18493,2024-08-14,19:59:00,delivered,COD,7998.0,0,1439.64,9437.64,2,Mumbai,UK
106101,18493,2024-09-28,23:43:00,delivered,Debit Card,1299.0,0,233.82,1532.82,1,Mumbai,UK
106102,18494,2023-02-20,17:33:00,delivered,Debit Card,26498.0,0,4769.64,31267.64,2,Mumbai,USA
106103,18494,2023-10-30,19:01:00,delivered,Credit Card,12999.0,0,2339.82,15338.82,1,Mumbai,USA
106104,18494,2022-11-18,23:08:00,shipped,UPI,599.0,149,107.82,855.82,1,Mumbai,USA
106106,18494,2022-12-31,03:56:00,delivered,UPI,7998.0,0,1439.64,9437.64,1,Mumbai,USA
106108,18494,2023-04-08,17:21:00,delivered,Wallet,1398.0,0,251.64,1649.64,1,Mumbai,USA
106109,18494,2023-06-01,16:12:00,delivered,Credit Card,2499.0,0,449.82,2948.82,1,Mumbai,USA
106110,18494,2024-01-21,06:37:00,delivered,Credit Card,12901.68,0,2322.3,15223.98,5,Mumbai,USA
106111,18494,2025-06-15,04:34:00,shipped,Credit Card,1398.0,0,251.64,1649.64,1,Mumbai,USA
106112,18494,2023-07-02,06:12:00,shipped,Debit Card,1198.0,0,215.64,1413.64,2,Mumbai,USA
106113,18494,2025-06-15,06:30:00,delivered,Debit Card,8103.69,0,1458.66,9562.35,2,Mumbai,USA
106115,18494,2022-10-03,13:15:00,shipped,UPI,999.0,0,179.82,1178.82,1,Mumbai,USA
106116,18494,2023-03-09,18:31:00,shipped,Debit Card,2097.0,0,377.46,2474.46,1,Mumbai,USA
106117,18494,2022-12-31,16:19:00,delivered,Wallet,6596.0,0,1187.28,7783.28,2,Mumbai,USA
106118,18494,2023-07-05,15:27:00,delivered,Debit Card,2598.0,0,467.64,3065.64,1,Mumbai,USA
106119,18494,2023-04-20,04:07:00,delivered,Credit Card,599.0,149,107.82,855.82,1,Mumbai,USA
106120,18494,2023-06-23,03:47:00,processing,Credit Card,8597.0,0,1547.46,10144.46,2,Mumbai,USA
106121,18494,2023-02-12,10:46:00,delivered,Credit Card,15046.87,0,2708.44,17755.31,1,Mumbai,USA
106122,18494,2023-05-05,03:28:00,delivered,Debit Card,2398.0,0,431.64,2829.64,2,Mumbai,USA
106123,18494,2023-01-14,10:12:00,delivered,Wallet,31998.0,0,5759.64,37757.64,1,Mumbai,USA
106124,18494,2023-02-11,15:40:00,delivered,Credit Card,13940.37,0,2509.27,16449.64,3,Mumbai,USA
106125,18494,2023-06-30,17:44:00,delivered,UPI,699.0,99,125.82,923.82,1,Mumbai,USA
106126,18494,2023-02-10,00:32:00,delivered,Debit Card,17997.0,0,3239.46,21236.46,1,Mumbai,USA
106127,18494,2023-05-16,08:02:00,delivered,UPI,1598.0,0,287.64,1885.64,1,Mumbai,USA
106128,18494,2023-05-07,06:16:00,cancelled,Debit Card,16798.0,0,3023.64,19821.64,2,Mumbai,USA
106129,18494,2023-03-08,07:31:00,delivered,Debit Card,1499.0,0,269.82,1768.82,1,Mumbai,USA
106130,18494,2023-06-05,00:52:00,delivered,Credit Card,54655.34,0,9837.96,64493.3,5,Mumbai,USA
106131,18494,2023-06-29,18:36:00,shipped,Credit Card,12999.0,0,2339.82,15338.82,1,Mumbai,USA
106132,18494,2023-08-13,03:58:00,delivered,Credit Card,1493.0,0,268.74,1761.74,2,Mumbai,USA
106133,18494,2022-10-25,23:32:00,delivered,UPI,3796.0,0,683.28,4479.28,2,Mumbai,USA
106134,18494,2023-03-22,06:28:00,delivered,Net Banking,799.0,149,143.82,1091.82,1,Mumbai,USA
106136,18495,2022-11-03,16:58:00,delivered,Debit Card,1299.0,0,233.82,1532.82,1,Mumbai,Singapore
106137,18495,2023-01-25,10:33:00,delivered,UPI,6680.08,0,1202.41,7882.49,3,Mumbai,Singapore
106138,18498,2023-09-24,22:02:00,processing,Debit Card,6134.38,0,1104.19,7238.57,1,Mumbai,USA
106139,18499,2023-03-16,04:17:00,delivered,Wallet,21788.7,0,3921.97,25710.67,3,Mumbai,India
106140,18499,2023-11-28,03:28:00,delivered,Debit Card,34416.5,0,6194.97,40611.47,3,Mumbai,India
106141,18499,2023-08-15,09:47:00,delivered,Credit Card,3996.0,0,719.28,4715.28,2,Mumbai,India
106142,18500,2022-10-27,11:49:00,delivered,Debit Card,1198.0,0,215.64,1413.64,1,Mumbai,India
106143,18500,2022-10-10,01:16:00,delivered,Debit Card,8997.0,0,1619.46,10616.46,2,Mumbai,India
106144,18500,2023-04-21,08:08:00,pending,Credit Card,799.0,99,143.82,1041.82,1,Mumbai,India
106145,18500,2022-09-18,08:27:00,delivered,Credit Card,2497.0,0,449.46,2946.46,3,Mumbai,India
106146,18500,2022-07-12,21:34:00,shipped,Debit Card,2499.0,0,449.82,2948.82,1,Mumbai,India
106147,18503,2024-05-10,11:17:00,delivered,Credit Card,699.0,49,125.82,873.82,1,Mumbai,India
106148,18506,2022-12-19,18:41:00,returned,Credit Card,7796.0,0,1403.28,9199.28,2,Mumbai,India
106149,18511,2024-01-17,01:33:00,delivered,Credit Card,32597.0,0,5867.46,38464.46,2,Mumbai,India
106150,18511,2024-02-20,13:45:00,shipped,Credit Card,4998.0,0,899.64,5897.64,1,Mumbai,India
106151,18511,2024-01-18,08:27:00,cancelled,Credit Card,3038.46,0,546.92,3585.38,2,Mumbai,India
106152,18515,2024-10-12,13:20:00,shipped,COD,2499.0,0,449.82,2948.82,1,Mumbai,India
106155,18515,2024-10-12,23:07:00,delivered,Credit Card,1998.0,0,359.64,2357.64,1,Mumbai,India
106156,18515,2024-10-08,08:17:00,delivered,Debit Card,1112.15,0,200.19,1312.34,1,Mumbai,India
106157,18515,2024-10-15,05:16:00,delivered,Credit Card,599.0,99,107.82,805.82,1,Mumbai,India
106159,18515,2024-10-13,08:23:00,delivered,Debit Card,7760.3,0,1396.85,9157.15,3,Mumbai,India
106161,18516,2024-04-08,20:37:00,shipped,Debit Card,18268.27,0,3288.29,21556.56,3,Mumbai,UK
106162,18516,2024-07-18,14:45:00,returned,Credit Card,599.0,49,107.82,755.82,1,Mumbai,UK
106163,18516,2024-06-02,04:45:00,shipped,UPI,8866.06,0,1595.89,10461.95,2,Mumbai,UK
106164,18516,2024-03-23,19:53:00,delivered,UPI,4879.43,0,878.3,5757.73,2,Mumbai,UK
106165,18516,2024-04-01,17:18:00,pending,UPI,899.0,149,161.82,1209.82,1,Mumbai,UK
106166,18516,2024-05-09,17:22:00,delivered,UPI,19558.0,0,3520.44,23078.44,5,Mumbai,UK
106167,18516,2024-03-29,02:56:00,pending,Net Banking,14295.0,0,2573.1,16868.1,3,Mumbai,UK
106168,18516,2024-06-16,20:28:00,delivered,COD,7496.0,0,1349.28,8845.28,2,Mumbai,UK
106169,18516,2024-02-18,03:58:00,delivered,Credit Card,1299.0,0,233.82,1532.82,1,Mumbai,UK
106170,18518,2023-05-19,13:23:00,delivered,UPI,4097.0,0,737.46,4834.46,3,Mumbai,USA
106171,18518,2023-05-15,13:11:00,delivered,UPI,29995.0,0,5399.1,35394.1,3,Mumbai,USA
106172,18518,2022-12-27,08:19:00,shipped,Net Banking,18809.48,0,3385.71,22195.19,3,Mumbai,USA
106173,18519,2024-08-03,17:21:00,shipped,Debit Card,4694.0,0,844.92,5538.92,4,Mumbai,Canada
106174,18521,2024-01-22,16:02:00,delivered,Wallet,6296.0,0,1133.28,7429.28,2,Mumbai,India
106175,18528,2024-10-09,05:45:00,pending,UPI,12257.43,0,2206.34,14463.77,3,Mumbai,USA
106176,18528,2024-10-14,04:10:00,shipped,Debit Card,10493.0,0,1888.74,12381.74,3,Mumbai,USA
106177,18528,2024-10-15,08:01:00,processing,Credit Card,3897.0,0,701.46,4598.46,2,Mumbai,USA
106178,18528,2024-10-11,17:56:00,delivered,Debit Card,2097.0,0,377.46,2474.46,2,Mumbai,USA
106179,18528,2024-10-16,17:20:00,delivered,Credit Card,4629.11,0,833.24,5462.35,3,Mumbai,USA
106181,18528,2024-10-04,21:43:00,delivered,Net Banking,2997.0,0,539.46,3536.46,2,Mumbai,USA
106182,18528,2024-10-13,01:09:00,pending,Debit Card,3498.0,0,629.64,4127.64,2,Mumbai,USA
106183,18528,2024-10-08,18:26:00,delivered,Credit Card,1450.09,0,261.02,1711.11,2,Mumbai,USA
106184,18528,2024-10-11,05:45:00,delivered,Credit Card,1499.0,0,269.82,1768.82,1,Mumbai,USA
106185,18528,2024-10-12,00:20:00,delivered,UPI,4097.0,0,737.46,4834.46,3,Mumbai,USA
106186,18528,2024-10-15,04:18:00,processing,Debit Card,4499.0,0,809.82,5308.82,1,Mumbai,USA
106187,18528,2024-10-07,07:51:00,delivered,UPI,5595.0,0,1007.1,6602.1,4,Mumbai,USA
106188,18528,2024-10-13,20:12:00,delivered,Debit Card,824.22,149,148.36,1121.58,1,Mumbai,USA
106189,18528,2024-10-17,08:08:00,delivered,Net Banking,2323.28,0,418.19,2741.47,2,Mumbai,USA
106190,18530,2024-06-04,06:12:00,processing,UPI,1697.59,0,305.57,2003.16,2,Mumbai,USA
106191,18530,2024-03-11,16:03:00,pending,UPI,272.78,99,49.1,420.88,1,Mumbai,USA
106192,18530,2024-01-19,04:44:00,delivered,Debit Card,4016.92,0,723.05,4739.97,3,Mumbai,USA
106193,18530,2024-06-12,20:08:00,delivered,Credit Card,9998.0,0,1799.64,11797.64,1,Mumbai,USA
106194,18530,2024-01-14,01:09:00,delivered,Wallet,4358.55,0,784.54,5143.09,1,Mumbai,USA
106195,18530,2024-03-06,21:47:00,delivered,Debit Card,17684.6,0,3183.23,20867.83,3,Mumbai,USA
106196,18530,2024-01-21,14:55:00,delivered,Wallet,3003.52,0,540.63,3544.15,2,Mumbai,USA
106197,18530,2024-04-06,02:52:00,delivered,Credit Card,6430.91,0,1157.56,7588.47,2,Mumbai,USA
106198,18530,2024-01-11,00:10:00,delivered,Wallet,6796.0,0,1223.28,8019.28,2,Mumbai,USA
106199,18530,2024-06-16,19:15:00,delivered,Credit Card,3499.0,0,629.82,4128.82,1,Mumbai,USA
106200,18530,2025-06-15,13:14:00,delivered,UPI,44708.89,0,8047.6,52756.49,5,Mumbai,USA
106201,18530,2024-04-19,06:37:00,delivered,Debit Card,4696.0,0,845.28,5541.28,3,Mumbai,USA
106203,18534,2024-09-19,16:52:00,delivered,Wallet,14996.0,0,2699.28,17695.28,2,Mumbai,India
106204,18537,2024-08-21,18:31:00,delivered,Debit Card,853.8,99,153.68,1106.48,1,Mumbai,Germany
106205,18537,2024-08-12,16:22:00,delivered,Debit Card,39378.96,0,7088.21,46467.17,4,Mumbai,Germany
106206,18537,2024-08-22,17:25:00,delivered,Credit Card,52085.27,0,9375.35,61460.62,5,Mumbai,Germany
106207,18537,2024-08-10,07:56:00,delivered,Credit Card,1780.2,0,320.44,2100.64,1,Mumbai,Germany
106208,18537,2024-08-01,19:23:00,delivered,Wallet,29368.05,0,5286.25,34654.3,5,Mumbai,Germany
106209,18537,2024-09-12,22:44:00,delivered,Debit Card,538.29,49,96.89,684.18,1,Mumbai,Germany
106210,18537,2024-08-05,01:22:00,delivered,UPI,5197.0,0,935.46,6132.46,3,Mumbai,Germany
106211,18537,2024-08-07,13:54:00,processing,Net Banking,16432.78,0,2957.9,19390.68,2,Mumbai,Germany
106212,18537,2024-09-08,19:05:00,cancelled,Credit Card,19496.0,0,3509.28,23005.28,4,Mumbai,Germany
106213,18543,2023-07-13,17:03:00,shipped,Debit Card,6116.49,0,1100.97,7217.46,4,Mumbai,India
106214,18550,2023-10-16,11:41:00,shipped,Credit Card,8202.87,0,1476.52,9679.39,2,Mumbai,USA
106215,18550,2022-12-21,23:34:00,delivered,UPI,3098.0,0,557.64,3655.64,2,Mumbai,USA
106216,18550,2022-09-09,08:34:00,shipped,Wallet,43892.0,0,7900.56,51792.56,4,Mumbai,USA
106217,18554,2024-04-22,09:36:00,delivered,Net Banking,4999.0,0,899.82,5898.82,1,Mumbai,India
106218,18556,2023-08-04,10:01:00,delivered,UPI,1499.0,0,269.82,1768.82,1,Mumbai,India
106219,18568,2024-04-13,18:26:00,delivered,Debit Card,2675.74,0,481.63,3157.37,1,Mumbai,India
106220,18568,2024-02-16,15:21:00,delivered,Net Banking,3297.0,0,593.46,3890.46,2,Mumbai,India
106221,18568,2025-06-15,05:03:00,delivered,UPI,8195.0,0,1475.1,9670.1,4,Mumbai,India
106222,18585,2023-05-31,17:38:00,delivered,UPI,1598.0,0,287.64,1885.64,1,Mumbai,UK
106223,18586,2024-06-13,11:42:00,delivered,UPI,3998.0,0,719.64,4717.64,1,Mumbai,India
106224,18586,2024-09-01,07:05:00,delivered,Debit Card,2498.0,0,449.64,2947.64,2,Mumbai,India
106225,18586,2024-05-06,06:23:00,delivered,UPI,6195.0,0,1115.1,7310.1,3,Mumbai,India
106226,18586,2024-05-17,02:55:00,delivered,Wallet,2297.0,0,413.46,2710.46,2,Mumbai,India
106227,18586,2024-05-06,09:31:00,delivered,Wallet,999.0,0,179.82,1178.82,1,Mumbai,India
106228,18586,2024-05-28,11:31:00,delivered,Credit Card,699.0,49,125.82,873.82,1,Mumbai,India
106229,18587,2023-06-29,10:22:00,delivered,Credit Card,1798.0,0,323.64,2121.64,1,Mumbai,USA
106230,18588,2024-07-31,09:19:00,delivered,Credit Card,2930.02,0,527.4,3457.42,2,Mumbai,USA
106231,18588,2024-08-01,23:48:00,delivered,UPI,14439.68,0,2599.14,17038.82,2,Mumbai,USA
106232,18588,2024-10-02,12:42:00,cancelled,COD,4096.0,0,737.28,4833.28,3,Mumbai,USA
106233,18588,2024-08-29,01:11:00,delivered,Credit Card,7695.0,0,1385.1,9080.1,3,Mumbai,USA
106234,18588,2024-08-21,12:17:00,delivered,UPI,31998.0,0,5759.64,37757.64,1,Mumbai,USA
106235,18588,2024-08-08,09:36:00,delivered,UPI,3095.0,0,557.1,3652.1,3,Mumbai,USA
106236,18595,2022-08-01,03:42:00,delivered,Credit Card,12999.0,0,2339.82,15338.82,1,Mumbai,India
106238,18595,2023-05-29,03:38:00,delivered,UPI,3499.0,0,629.82,4128.82,1,Mumbai,India
106239,18595,2023-03-24,12:43:00,cancelled,UPI,7545.44,0,1358.18,8903.62,3,Mumbai,India
106240,18595,2022-12-27,03:15:00,delivered,Wallet,5496.0,0,989.28,6485.28,3,Mumbai,India
106241,18595,2023-03-22,01:35:00,delivered,COD,3999.0,0,719.82,4718.82,1,Mumbai,India
106242,18601,2022-12-03,15:30:00,delivered,Debit Card,7498.0,0,1349.64,8847.64,2,Mumbai,UK
106243,18601,2023-08-20,03:18:00,shipped,Debit Card,22994.0,0,4138.92,27132.92,3,Mumbai,UK
106244,18601,2023-06-13,21:51:00,delivered,Debit Card,4296.0,0,773.28,5069.28,2,Mumbai,UK
106245,18601,2025-06-15,09:43:00,delivered,Net Banking,1999.0,0,359.82,2358.82,1,Mumbai,UK
106246,18601,2023-09-07,01:09:00,delivered,UPI,6197.0,0,1115.46,7312.46,3,Mumbai,UK
106247,18601,2022-07-23,23:49:00,delivered,Debit Card,33093.0,0,5956.74,39049.74,5,Mumbai,UK
106248,18605,2023-03-09,22:22:00,delivered,Credit Card,799.0,99,143.82,1041.82,1,Mumbai,Australia
106249,18605,2023-05-27,19:03:00,delivered,Credit Card,15698.38,0,2825.71,18524.09,2,Mumbai,Australia
106250,18605,2023-03-08,16:44:00,processing,Credit Card,1499.0,0,269.82,1768.82,1,Mumbai,Australia
106254,18610,2024-10-14,02:30:00,processing,Debit Card,1299.0,0,233.82,1532.82,1,Mumbai,India
106255,18613,2023-07-18,23:16:00,processing,Debit Card,1098.0,0,197.64,1295.64,2,Mumbai,India
106256,18615,2023-03-22,01:26:00,cancelled,Debit Card,37297.8,0,6713.6,44011.4,3,Mumbai,Singapore
106257,18627,2023-12-05,19:26:00,delivered,Credit Card,7999.0,0,1439.82,9438.82,1,Mumbai,India
106258,18632,2023-01-02,02:05:00,delivered,Credit Card,11824.12,0,2128.34,13952.46,2,Mumbai,Australia
106259,18632,2023-11-07,03:34:00,delivered,Net Banking,841.3,149,151.43,1141.73,1,Mumbai,Australia
106260,18632,2023-04-05,23:23:00,delivered,Credit Card,2841.88,0,511.54,3353.42,2,Mumbai,Australia
106262,18632,2023-02-18,19:39:00,delivered,Credit Card,199.0,149,35.82,383.82,1,Mumbai,Australia
106264,18632,2023-01-31,04:51:00,delivered,Debit Card,84673.4,0,15241.21,99914.61,3,Mumbai,Australia
106265,18632,2023-01-26,18:18:00,shipped,Credit Card,18497.0,0,3329.46,21826.46,2,Mumbai,Australia
106266,18632,2022-06-16,22:24:00,delivered,COD,2389.6,0,430.13,2819.73,1,Mumbai,Australia
106268,18632,2022-08-25,15:00:00,delivered,Wallet,2496.59,0,449.39,2945.98,2,Mumbai,Australia
106269,18632,2023-03-25,23:48:00,processing,UPI,3397.0,0,611.46,4008.46,2,Mumbai,Australia
106270,18650,2024-03-02,18:56:00,delivered,Debit Card,299.0,99,53.82,451.82,1,Mumbai,UK
106271,18650,2024-01-28,09:11:00,delivered,UPI,699.0,149,125.82,973.82,1,Mumbai,UK
106272,18650,2023-12-03,12:59:00,delivered,Net Banking,6395.0,0,1151.1,7546.1,3,Mumbai,UK
106273,18653,2024-03-29,18:31:00,delivered,COD,5539.5,0,997.11,6536.61,2,Mumbai,Germany
106274,18656,2023-02-17,13:48:00,delivered,UPI,2397.0,0,431.46,2828.46,3,Mumbai,India
106275,18656,2022-12-08,21:48:00,delivered,UPI,26203.96,0,4716.71,30920.67,3,Mumbai,India
106276,18658,2023-10-11,07:10:00,delivered,Credit Card,17745.15,0,3194.13,20939.28,2,Mumbai,India
106277,18664,2022-09-13,13:32:00,delivered,Debit Card,1386.14,0,249.51,1635.65,1,Mumbai,India
106278,18664,2023-05-19,04:51:00,delivered,Debit Card,24999.0,0,4499.82,29498.82,1,Mumbai,India
106279,18668,2023-02-26,17:23:00,delivered,Credit Card,2827.24,0,508.9,3336.14,1,Mumbai,USA
106280,18668,2023-04-23,20:42:00,delivered,Credit Card,14092.0,0,2536.56,16628.56,5,Mumbai,USA
106281,18668,2024-01-15,15:10:00,processing,UPI,1999.0,0,359.82,2358.82,1,Mumbai,USA
106282,18671,2023-04-26,21:01:00,delivered,Wallet,8411.83,0,1514.13,9925.96,2,Mumbai,USA
106283,18674,2024-03-03,04:59:00,processing,Debit Card,899.0,149,161.82,1209.82,1,Mumbai,India
106284,18678,2024-01-26,19:32:00,delivered,Debit Card,1499.0,0,269.82,1768.82,1,Mumbai,Canada
106286,18678,2024-01-17,22:06:00,shipped,UPI,22191.0,0,3994.38,26185.38,4,Mumbai,Canada
106287,18699,2022-06-29,05:24:00,shipped,Net Banking,1797.0,0,323.46,2120.46,2,Mumbai,India
106288,18699,2022-12-31,11:58:00,delivered,Debit Card,6389.75,0,1150.16,7539.91,3,Mumbai,India
106289,18699,2022-02-23,07:42:00,processing,Credit Card,999.0,0,179.82,1178.82,1,Mumbai,India
106291,18699,2022-11-30,16:35:00,shipped,UPI,8791.42,0,1582.46,10373.88,4,Mumbai,India
106292,18699,2022-10-21,08:04:00,delivered,Credit Card,7999.0,0,1439.82,9438.82,1,Mumbai,India
106293,18699,2022-07-19,06:53:00,shipped,Debit Card,2633.64,0,474.06,3107.7,3,Mumbai,India
106294,18704,2024-09-22,06:58:00,delivered,Credit Card,2397.0,0,431.46,2828.46,2,Mumbai,India
106295,18704,2024-09-26,21:41:00,pending,Debit Card,14096.0,0,2537.28,16633.28,3,Mumbai,India
106296,18704,2024-09-03,03:20:00,delivered,Debit Card,1198.0,0,215.64,1413.64,1,Mumbai,India
106297,18715,2024-04-16,03:53:00,delivered,UPI,9330.56,0,1679.5,11010.06,3,Mumbai,Singapore
106298,18717,2023-02-03,03:05:00,delivered,UPI,1499.0,0,269.82,1768.82,1,Mumbai,USA
106299,18717,2022-09-17,06:21:00,returned,Net Banking,2825.4,0,508.57,3333.97,1,Mumbai,USA
106300,18717,2023-07-07,13:06:00,delivered,Debit Card,16122.38,0,2902.03,19024.41,3,Mumbai,USA
106301,18719,2024-04-11,14:08:00,cancelled,Debit Card,15208.66,0,2737.56,17946.22,3,Mumbai,India
106302,18727,2022-12-09,01:05:00,processing,Credit Card,1897.77,0,341.6,2239.37,1,Mumbai,India
106303,18728,2022-02-16,04:51:00,pending,Wallet,3724.81,0,670.47,4395.28,3,Mumbai,UK
106304,18728,2023-09-03,04:30:00,processing,Debit Card,4796.0,0,863.28,5659.28,2,Mumbai,UK
106305,18728,2022-06-11,05:30:00,delivered,UPI,1798.0,0,323.64,2121.64,1,Mumbai,UK
106306,18730,2023-08-14,03:59:00,processing,Debit Card,12761.18,0,2297.01,15058.19,5,Mumbai,India
106307,18737,2024-08-23,11:12:00,delivered,Debit Card,6149.3,0,1106.87,7256.17,3,Mumbai,Canada
106308,18746,2022-02-21,11:40:00,delivered,Debit Card,3094.47,0,557.0,3651.47,1,Mumbai,India
106309,18746,2023-01-06,18:50:00,shipped,Debit Card,1499.0,0,269.82,1768.82,1,Mumbai,India
106310,18746,2022-09-12,14:38:00,delivered,Debit Card,2497.0,0,449.46,2946.46,2,Mumbai,India
106311,18750,2025-06-15,01:26:00,processing,Debit Card,5998.0,0,1079.64,7077.64,1,Mumbai,USA
106312,18750,2023-05-27,11:45:00,delivered,Debit Card,2583.72,0,465.07,3048.79,1,Mumbai,USA
106313,18750,2024-01-12,05:26:00,delivered,Credit Card,3596.0,0,647.28,4243.28,3,Mumbai,USA
106314,18750,2023-02-18,18:25:00,delivered,Net Banking,1499.0,0,269.82,1768.82,1,Mumbai,USA
106315,18753,2022-06-30,11:27:00,delivered,Debit Card,3485.76,0,627.44,4113.2,2,Mumbai,Singapore
106316,18771,2023-11-22,13:09:00,shipped,UPI,2772.18,0,498.99,3271.17,1,Mumbai,India
106317,18774,2023-03-27,07:53:00,delivered,Credit Card,6695.0,0,1205.1,7900.1,3,Mumbai,UK
106318,18781,2024-02-26,20:52:00,delivered,Debit Card,3998.0,0,719.64,4717.64,1,Mumbai,Germany
106319,18781,2024-01-21,22:32:00,delivered,Debit Card,2045.3,0,368.15,2413.45,2,Mumbai,Germany
106320,18781,2024-02-12,15:40:00,shipped,Debit Card,11997.0,0,2159.46,14156.46,1,Mumbai,Germany
106321,18781,2024-01-26,06:33:00,delivered,UPI,7497.0,0,1349.46,8846.46,2,Mumbai,Germany
106322,18781,2024-06-28,01:27:00,processing,Debit Card,3499.0,0,629.82,4128.82,1,Mumbai,Germany
106323,18781,2024-02-02,09:22:00,processing,Wallet,1698.0,0,305.64,2003.64,2,Mumbai,Germany
106324,18781,2024-05-26,09:48:00,delivered,COD,1598.0,0,287.64,1885.64,2,Mumbai,Germany
106325,18781,2024-04-02,02:48:00,delivered,Credit Card,2697.0,0,485.46,3182.46,2,Mumbai,Germany
106326,18781,2024-04-19,22:38:00,cancelled,Debit Card,2497.0,0,449.46,2946.46,2,Mumbai,Germany
106327,18781,2024-02-17,10:22:00,delivered,Wallet,24595.0,0,4427.1,29022.1,3,Mumbai,Germany
106328,18788,2023-10-08,14:43:00,delivered,Credit Card,6097.0,0,1097.46,7194.46,2,Mumbai,UK
106329,18794,2024-06-20,07:53:00,returned,UPI,7323.02,0,1318.14,8641.16,4,Mumbai,USA
106330,18794,2024-05-05,18:09:00,delivered,Credit Card,9424.08,0,1696.33,11120.41,1,Mumbai,USA
106331,18794,2024-06-20,19:22:00,delivered,Credit Card,2498.0,0,449.64,2947.64,2,Mumbai,USA
106332,18794,2024-05-29,17:23:00,delivered,Net Banking,12596.0,0,2267.28,14863.28,2,Mumbai,USA
106333,18794,2024-06-01,03:32:00,delivered,Debit Card,2054.43,0,369.8,2424.23,1,Mumbai,USA
106334,18794,2024-07-04,09:02:00,delivered,Credit Card,799.0,49,143.82,991.82,1,Mumbai,USA
106335,18795,2024-10-08,19:16:00,delivered,Debit Card,2499.0,0,449.82,2948.82,1,Mumbai,USA
106336,18797,2022-12-14,03:30:00,delivered,UPI,4999.0,0,899.82,5898.82,1,Mumbai,USA
106337,18797,2023-09-11,07:34:00,delivered,Wallet,9897.0,0,1781.46,11678.46,2,Mumbai,USA
106338,18797,2023-07-02,14:59:00,shipped,UPI,8997.0,0,1619.46,10616.46,1,Mumbai,USA
106339,18797,2023-12-29,22:32:00,delivered,Debit Card,24999.0,0,4499.82,29498.82,1,Mumbai,USA
106340,18797,2023-05-11,10:29:00,delivered,Credit Card,16498.0,0,2969.64,19467.64,2,Mumbai,USA
106341,18797,2023-01-06,22:48:00,delivered,Debit Card,799.0,99,143.82,1041.82,1,Mumbai,USA
106342,18801,2024-07-25,10:12:00,delivered,Net Banking,1798.0,0,323.64,2121.64,2,Mumbai,India
106343,18801,2024-07-03,23:54:00,delivered,COD,7619.27,0,1371.47,8990.74,3,Mumbai,India
106344,18801,2024-08-04,12:29:00,delivered,COD,2397.0,0,431.46,2828.46,1,Mumbai,India
106345,18802,2023-12-21,17:55:00,processing,Debit Card,2607.96,0,469.43,3077.39,2,Mumbai,Canada
106346,18802,2024-02-18,12:45:00,delivered,COD,1798.0,0,323.64,2121.64,1,Mumbai,Canada
106347,18802,2024-01-09,05:22:00,processing,Debit Card,12498.07,0,2249.65,14747.72,2,Mumbai,Canada
106348,18808,2023-06-21,16:37:00,delivered,UPI,8496.0,0,1529.28,10025.28,3,Mumbai,India
106349,18808,2022-09-09,00:12:00,processing,COD,2499.0,0,449.82,2948.82,1,Mumbai,India
106350,18808,2023-01-16,20:28:00,delivered,Credit Card,5293.0,0,952.74,6245.74,5,Mumbai,India
106351,18810,2023-05-04,03:19:00,processing,Credit Card,1499.0,0,269.82,1768.82,1,Mumbai,UK
106353,18810,2023-09-17,08:59:00,delivered,Debit Card,4595.0,0,827.1,5422.1,3,Mumbai,UK
106354,18812,2024-09-21,06:31:00,delivered,UPI,49998.0,0,8999.64,58997.64,1,Mumbai,India
106355,18813,2023-11-01,20:56:00,shipped,Net Banking,6598.0,0,1187.64,7785.64,2,Mumbai,India
106356,18813,2024-01-10,19:22:00,delivered,UPI,1298.0,0,233.64,1531.64,2,Mumbai,India
106357,18813,2024-04-19,03:31:00,delivered,Debit Card,2996.0,0,539.28,3535.28,4,Mumbai,India
106358,18813,2024-03-08,05:27:00,delivered,Debit Card,3499.0,0,629.82,4128.82,1,Mumbai,India
106359,18813,2023-11-06,16:52:00,pending,Credit Card,5497.0,0,989.46,6486.46,3,Mumbai,India
106360,18813,2023-10-28,03:20:00,shipped,Net Banking,2499.0,0,449.82,2948.82,1,Mumbai,India
106361,18824,2022-06-19,18:31:00,shipped,UPI,19160.8,0,3448.94,22609.74,4,Mumbai,USA
106362,18824,2022-04-05,23:38:00,processing,UPI,4999.0,0,899.82,5898.82,1,Mumbai,USA
106363,18824,2022-10-24,23:41:00,delivered,Credit Card,1499.0,0,269.82,1768.82,1,Mumbai,USA
106364,18824,2022-06-26,04:23:00,delivered,Debit Card,598.0,99,107.64,-804.64,1,Mumbai,USA
106365,18824,2022-12-20,23:12:00,processing,Credit Card,5798.0,0,1043.64,6841.64,2,Mumbai,USA
106366,18824,2023-04-16,13:25:00,delivered,Credit Card,7998.0,0,1439.64,9437.64,2,Mumbai,USA
106368,18824,2023-07-17,11:05:00,delivered,Credit Card,998.0,49,179.64,1226.64,1,Mumbai,USA
106369,18824,2022-06-10,05:37:00,processing,Net Banking,898.0,49,161.64,1108.64,2,Mumbai,USA
106370,18824,2023-04-14,15:10:00,delivered,Debit Card,7498.0,0,1349.64,8847.64,2,Mumbai,USA
106371,18824,2022-06-19,18:14:00,shipped,Wallet,7693.17,0,1384.77,9077.94,3,Mumbai,USA
106372,18824,2023-11-30,18:42:00,pending,Debit Card,28410.98,0,5113.98,33524.96,4,Mumbai,USA
106373,18824,2022-07-31,17:37:00,delivered,Credit Card,5998.0,0,1079.64,7077.64,2,Mumbai,USA
106374,18824,2022-08-21,17:53:00,delivered,Net Banking,39997.0,0,7199.46,47196.46,2,Mumbai,USA
106375,18824,2022-08-20,11:13:00,returned,Credit Card,1999.0,0,359.82,2358.82,1,Mumbai,USA
106376,18824,2023-06-13,21:23:00,pending,Debit Card,18196.0,0,3275.28,21471.28,3,Mumbai,USA
106377,18824,2023-08-15,20:55:00,delivered,Debit Card,10654.05,0,1917.73,12571.78,3,Mumbai,USA
106378,18824,2022-06-11,05:23:00,delivered,Credit Card,6497.0,0,1169.46,7666.46,2,Mumbai,USA
106379,18824,2022-04-12,16:43:00,delivered,Credit Card,16761.78,0,3017.12,19778.9,2,Mumbai,USA
106380,18824,2023-01-15,11:00:00,delivered,Wallet,599.0,49,107.82,755.82,1,Mumbai,USA
106381,18824,2022-05-07,06:04:00,delivered,Debit Card,1998.0,0,359.64,2357.64,1,Mumbai,USA
106382,18824,2022-06-08,16:53:00,delivered,Credit Card,15025.15,0,2704.53,17729.68,5,Mumbai,USA
106383,18824,2022-05-20,02:52:00,delivered,Debit Card,1598.0,0,287.64,1885.64,1,Mumbai,USA
106384,18824,2023-02-25,04:16:00,delivered,Debit Card,3197.0,0,575.46,3772.46,2,Mumbai,USA
106386,18824,2022-11-27,07:19:00,delivered,COD,12996.0,0,2339.28,15335.28,2,Mumbai,USA
106387,18824,2022-07-13,19:29:00,pending,Debit Card,5597.0,0,1007.46,6604.46,3,Mumbai,USA
106388,18824,2022-12-03,01:46:00,processing,Wallet,3999.0,0,719.82,4718.82,1,Mumbai,USA
106389,18824,2022-06-23,05:39:00,delivered,UPI,799.0,149,143.82,1091.82,1,Mumbai,USA
106390,18824,2022-07-16,21:50:00,delivered,Credit Card,3998.0,0,719.64,4717.64,1,Mumbai,USA
106391,18825,2023-06-26,23:47:00,cancelled,Wallet,3674.91,0,661.48,4336.39,4,Mumbai,India
106392,18825,2024-01-31,22:25:00,delivered,UPI,3397.0,0,611.46,4008.46,2,Mumbai,India
106393,18825,2023-11-20,21:57:00,processing,Net Banking,499.0,149,89.82,737.82,1,Mumbai,India
106394,18826,2024-02-25,09:58:00,pending,Wallet,6676.35,0,1201.74,7878.09,2,Mumbai,India
106395,18832,2023-05-12,12:37:00,delivered,Net Banking,2318.93,0,417.41,2736.34,2,Mumbai,USA
106396,18832,2023-08-18,08:12:00,delivered,Debit Card,49994.0,0,8998.92,58992.92,3,Mumbai,USA
106397,18838,2024-05-22,22:01:00,delivered,Debit Card,19368.6,0,3486.35,22854.95,2,Mumbai,India
106398,18845,2022-10-02,18:36:00,delivered,Debit Card,11497.0,0,2069.46,13566.46,2,Mumbai,Germany
106399,18845,2023-03-05,10:43:00,delivered,Credit Card,1999.0,0,359.82,2358.82,1,Mumbai,Germany
106401,18845,2023-03-28,09:43:00,delivered,Credit Card,1499.0,0,269.82,1768.82,1,Mumbai,Germany
106402,18848,2025-06-15,09:40:00,delivered,UPI,899.0,149,161.82,1209.82,1,Mumbai,USA
106403,18850,2023-01-10,03:07:00,delivered,UPI,2499.0,0,449.82,2948.82,1,Mumbai,India
106404,18851,2022-08-15,18:47:00,delivered,Debit Card,8322.25,0,1498.0,9820.25,2,Mumbai,India
106405,18854,2023-02-22,14:59:00,pending,UPI,8394.0,0,1510.92,9904.92,4,Mumbai,India
106406,18856,2024-04-14,04:37:00,delivered,UPI,6440.94,0,1159.37,7600.31,3,Mumbai,USA
106407,18856,2024-02-08,19:29:00,pending,Wallet,852.54,149,153.46,1155.0,1,Mumbai,USA
106408,18856,2024-03-30,11:54:00,shipped,Credit Card,7195.0,0,1295.1,8490.1,2,Mumbai,USA
106409,18856,2024-03-01,18:02:00,pending,Debit Card,5096.0,0,917.28,6013.28,3,Mumbai,USA
106410,18858,2023-10-28,05:40:00,delivered,Credit Card,1798.0,0,323.64,2121.64,2,Mumbai,UK
106411,18876,2024-03-10,08:01:00,delivered,COD,4497.0,0,809.46,5306.46,1,Mumbai,USA
106412,18880,2024-04-10,07:13:00,shipped,Debit Card,799.0,149,143.82,1091.82,1,Mumbai,USA
106413,18880,2024-04-23,23:30:00,pending,Credit Card,2397.0,0,431.46,2828.46,1,Mumbai,USA
106414,18880,2024-05-03,12:13:00,delivered,Credit Card,4669.62,0,840.53,5510.15,4,Mumbai,USA
106415,18880,2024-03-26,12:27:00,delivered,Credit Card,4493.48,0,808.83,5302.31,1,Mumbai,USA
106416,18880,2024-04-11,04:47:00,pending,Debit Card,2697.0,0,485.46,3182.46,1,Mumbai,USA
106417,18880,2024-03-26,14:01:00,shipped,Credit Card,1798.0,0,323.64,2121.64,1,Mumbai,USA
106418,18880,2024-05-21,06:39:00,returned,Credit Card,5597.0,0,1007.46,6604.46,3,Mumbai,USA
106419,18880,2024-03-22,04:16:00,delivered,Debit Card,59892.0,0,10780.56,70672.56,5,Mumbai,USA
106420,18880,2024-03-27,03:30:00,processing,Debit Card,7346.74,0,1322.41,8669.15,2,Mumbai,USA
106421,18880,2024-02-02,16:08:00,shipped,Debit Card,2441.51,0,439.47,2880.98,2,Mumbai,USA
106422,18880,2024-07-08,11:03:00,delivered,Net Banking,7498.0,0,1349.64,8847.64,2,Mumbai,USA
106423,18880,2024-04-17,05:44:00,delivered,COD,1299.0,0,233.82,1532.82,1,Mumbai,USA
106424,18880,2024-04-18,22:48:00,delivered,Credit Card,12999.0,0,2339.82,15338.82,1,Mumbai,USA
106425,18880,2024-04-26,17:32:00,delivered,Credit Card,499.0,99,89.82,687.82,1,Mumbai,USA
106426,18880,2024-03-31,17:55:00,delivered,Wallet,57494.0,0,10348.92,67842.92,3,Mumbai,USA
106427,18880,2024-07-05,10:10:00,delivered,Credit Card,299.0,49,53.82,401.82,1,Mumbai,USA
106429,18884,2024-10-29,23:24:00,delivered,Credit Card,7999.0,0,1439.82,9438.82,1,Mumbai,USA
106430,18884,2024-10-29,16:49:00,delivered,Credit Card,7695.0,0,1385.1,9080.1,3,Mumbai,USA
106431,18884,2024-10-29,02:48:00,delivered,UPI,6597.0,0,1187.46,7784.46,2,Mumbai,USA
106433,18884,2024-10-29,23:33:00,cancelled,Credit Card,998.0,149,179.64,1326.64,2,Mumbai,USA
106434,18891,2023-12-14,03:53:00,delivered,UPI,1499.0,0,269.82,1768.82,1,Mumbai,USA
106435,18909,2023-09-11,16:59:00,delivered,UPI,710.01,99,127.8,936.81,1,Mumbai,Singapore
106436,18909,2023-07-17,09:42:00,delivered,Net Banking,2198.0,0,395.64,2593.64,2,Mumbai,Singapore
106437,18909,2023-05-17,18:26:00,shipped,COD,9406.26,0,1693.13,11099.39,2,Mumbai,Singapore
106438,18912,2023-07-05,01:12:00,pending,Debit Card,2598.0,0,467.64,3065.64,2,Mumbai,India
106439,18912,2023-03-28,14:59:00,delivered,Debit Card,1780.73,0,320.53,2101.26,2,Mumbai,India
106440,18912,2023-11-16,14:18:00,shipped,Credit Card,13144.34,0,2365.98,15510.32,3,Mumbai,India
106441,18912,2023-12-15,20:18:00,cancelled,Debit Card,6513.54,0,1172.44,7685.98,2,Mumbai,India
106442,18912,2023-02-25,10:06:00,delivered,Credit Card,5999.0,0,1079.82,7078.82,1,Mumbai,India
106443,18912,2024-01-06,01:54:00,delivered,Debit Card,5187.96,0,933.83,6121.79,3,Mumbai,India
106444,18912,2023-04-13,05:44:00,processing,UPI,899.0,149,161.82,1209.82,1,Mumbai,India
106446,18912,2023-07-06,15:25:00,delivered,COD,5535.42,0,996.38,6531.8,2,Mumbai,India
106447,18919,2024-04-16,21:50:00,shipped,Credit Card,2998.0,0,539.64,3537.64,1,Mumbai,USA
106449,18919,2024-02-03,05:19:00,shipped,Credit Card,7960.03,0,1432.81,9392.84,5,Mumbai,USA
106450,18926,2023-09-02,11:21:00,delivered,Credit Card,1999.0,0,359.82,2358.82,1,Mumbai,India
106451,18926,2023-05-31,05:30:00,delivered,Credit Card,17298.0,0,3113.64,20411.64,2,Mumbai,India
106452,18926,2023-06-26,13:22:00,delivered,Wallet,2098.0,0,377.64,2475.64,2,Mumbai,India
106453,18926,2023-12-16,18:44:00,delivered,UPI,5136.13,0,924.5,6060.63,3,Mumbai,India
106454,18926,2023-05-20,20:06:00,cancelled,Debit Card,599.0,149,107.82,855.82,1,Mumbai,India
106455,18926,2024-05-14,05:19:00,delivered,UPI,14996.0,0,2699.28,17695.28,2,Mumbai,India
106456,18936,2024-03-17,04:14:00,shipped,Debit Card,851.21,99,153.22,1103.43,1,Mumbai,USA
106457,18938,2024-01-03,19:13:00,delivered,Credit Card,1798.0,0,323.64,2121.64,2,Mumbai,USA
106458,18945,2024-04-07,15:17:00,delivered,Wallet,4271.52,0,768.87,5040.39,1,Mumbai,UK
106459,18945,2024-02-13,10:26:00,delivered,Wallet,11995.0,0,2159.1,14154.1,3,Mumbai,UK
106460,18945,2024-02-06,17:26:00,processing,Debit Card,38997.0,0,7019.46,46016.46,1,Mumbai,UK
106461,18949,2023-01-24,22:45:00,delivered,Debit Card,3998.0,0,719.64,4717.64,2,Mumbai,India
106462,18958,2022-08-19,07:06:00,delivered,Credit Card,10997.0,0,1979.46,12976.46,2,Mumbai,India
106463,18958,2022-09-08,15:58:00,delivered,Debit Card,17498.0,0,3149.64,20647.64,2,Mumbai,India
106464,18958,2023-02-23,12:10:00,delivered,Net Banking,12881.76,0,2318.72,15200.48,5,Mumbai,India
106465,18958,2022-04-02,13:51:00,delivered,UPI,999.0,0,179.82,1178.82,1,Mumbai,India
106466,18958,2023-05-19,02:22:00,delivered,UPI,8951.0,0,1611.18,10562.18,3,Mumbai,India
106467,18958,2023-06-11,16:03:00,shipped,UPI,3499.0,0,629.82,4128.82,1,Mumbai,India
106468,18958,2025-06-15,23:30:00,shipped,Debit Card,4698.0,0,845.64,5543.64,2,Mumbai,India
106469,18958,2023-02-13,21:25:00,delivered,Wallet,499.0,149,89.82,737.82,1,Mumbai,India
106470,18969,2024-10-19,08:12:00,delivered,Credit Card,16313.46,0,2936.42,19249.88,1,Mumbai,India
106471,18971,2024-02-06,02:58:00,delivered,Credit Card,3499.0,0,629.82,4128.82,1,Mumbai,Australia
106473,18971,2024-02-09,19:51:00,delivered,Net Banking,2399.42,0,431.9,2831.32,2,Mumbai,Australia
106474,18971,2023-11-09,21:14:00,shipped,Net Banking,2398.0,0,431.64,2829.64,2,Mumbai,Australia
106475,18973,2023-07-25,21:05:00,delivered,UPI,7498.0,0,1349.64,8847.64,2,Mumbai,UK
106476,18973,2023-07-25,11:50:00,delivered,Credit Card,3590.23,0,646.24,4236.47,3,Mumbai,UK
106477,18973,2023-08-31,07:00:00,delivered,Debit Card,2499.0,0,449.82,2948.82,1,Mumbai,UK
106478,18973,2024-02-07,00:39:00,processing,Credit Card,1999.0,0,359.82,2358.82,1,Mumbai,UK
106479,18973,2023-10-29,12:00:00,delivered,Debit Card,38494.0,0,6928.92,45422.92,3,Mumbai,UK
106480,18973,2023-09-22,09:00:00,delivered,Wallet,3647.38,0,656.53,4303.91,2,Mumbai,UK
106481,18973,2024-03-12,21:49:00,delivered,UPI,1299.0,0,233.82,1532.82,1,Mumbai,UK
106483,18973,2023-05-20,19:19:00,delivered,Debit Card,1688.64,0,303.96,1992.6,2,Mumbai,UK
106484,18973,2023-10-17,19:18:00,shipped,Debit Card,6998.0,0,1259.64,8257.64,1,Mumbai,UK
106485,18973,2023-09-25,05:42:00,processing,Net Banking,3596.0,0,647.28,4243.28,2,Mumbai,UK
106486,18973,2023-08-04,23:42:00,delivered,Debit Card,2197.0,0,395.46,2592.46,3,Mumbai,UK
106487,18973,2023-07-26,13:10:00,delivered,UPI,999.0,0,179.82,1178.82,1,Mumbai,UK
106488,18973,2023-09-30,13:41:00,delivered,Wallet,1499.0,0,269.82,1768.82,1,Mumbai,UK
106489,18973,2024-02-07,10:55:00,delivered,Debit Card,5999.0,0,1079.82,7078.82,1,Mumbai,UK
106491,18989,2022-11-25,12:03:00,delivered,Debit Card,8997.0,0,1619.46,10616.46,1,Mumbai,India
106494,18996,2023-10-26,22:44:00,delivered,UPI,3296.0,0,593.28,3889.28,2,Mumbai,USA
106495,19007,2022-12-25,21:50:00,delivered,Debit Card,6804.88,0,1224.88,8029.76,1,Mumbai,USA
106496,19011,2024-04-08,05:43:00,returned,Wallet,8998.0,0,1619.64,10617.64,1,Mumbai,India
106498,19012,2023-10-28,06:37:00,delivered,UPI,51997.0,0,9359.46,61356.46,2,Mumbai,India
106499,19012,2024-01-10,12:18:00,delivered,UPI,599.0,99,107.82,805.82,1,Mumbai,India
106500,19013,2023-05-19,22:49:00,delivered,Credit Card,3597.0,0,647.46,4244.46,3,Mumbai,USA
106501,19013,2023-08-30,23:12:00,delivered,UPI,2999.0,0,539.82,3538.82,1,Mumbai,USA
106502,19013,2023-05-01,04:58:00,delivered,Credit Card,599.0,149,107.82,855.82,1,Mumbai,USA
106503,19023,2023-08-12,23:41:00,shipped,Debit Card,4737.74,0,852.79,5590.53,2,Mumbai,India
106504,19024,2024-07-06,09:12:00,shipped,Debit Card,1499.0,0,269.82,1768.82,1,Mumbai,Singapore
106505,19024,2024-07-09,04:06:00,returned,Credit Card,10497.0,0,1889.46,12386.46,2,Mumbai,Singapore
106506,19024,2024-08-15,03:34:00,delivered,Wallet,4051.2,0,729.22,4780.42,4,Mumbai,Singapore
106507,19024,2024-08-12,15:23:00,delivered,Credit Card,13096.0,0,2357.28,15453.28,3,Mumbai,Singapore
106508,19024,2024-07-24,12:14:00,delivered,Debit Card,10597.0,0,1907.46,12504.46,2,Mumbai,Singapore
106509,19024,2025-06-15,03:58:00,delivered,Debit Card,8642.03,0,1555.57,10197.6,2,Mumbai,Singapore
106510,19024,2024-08-23,08:46:00,delivered,Debit Card,1598.0,0,287.64,1885.64,2,Mumbai,Singapore
106511,19024,2024-08-13,06:48:00,delivered,Debit Card,2597.0,0,467.46,3064.46,2,Mumbai,Singapore
106512,19024,2024-08-08,20:09:00,delivered,Credit Card,5370.53,0,966.7,6337.23,2,Mumbai,Singapore
106513,19024,2024-08-05,19:45:00,cancelled,Credit Card,18896.98,0,3401.46,22298.44,3,Mumbai,Singapore
106514,19024,2024-07-23,18:46:00,delivered,Credit Card,49998.0,0,8999.64,58997.64,1,Mumbai,Singapore
106515,19024,2024-07-02,02:36:00,cancelled,Debit Card,8280.67,0,1490.52,9771.19,2,Mumbai,Singapore
106516,19026,2023-06-14,00:19:00,delivered,Debit Card,1239.44,0,223.1,1462.54,1,Mumbai,UK
106517,19026,2023-09-23,17:30:00,delivered,Credit Card,1798.0,0,323.64,2121.64,2,Mumbai,UK
106518,19026,2023-08-10,03:46:00,shipped,Debit Card,15999.0,0,2879.82,18878.82,1,Mumbai,UK
106519,19026,2023-05-25,03:49:00,shipped,COD,5997.0,0,1079.46,7076.46,2,Mumbai,UK
106520,19026,2023-03-05,01:31:00,delivered,Net Banking,1999.0,0,359.82,2358.82,1,Mumbai,UK
106521,19026,2023-06-12,15:57:00,pending,UPI,9997.0,0,1799.46,11796.46,2,Mumbai,UK
106522,19036,2022-09-19,03:14:00,delivered,UPI,49175.78,0,8851.64,58027.42,4,Mumbai,Germany
106523,19039,2024-01-06,07:38:00,delivered,Credit Card,7498.0,0,1349.64,8847.64,2,Mumbai,India
106524,19039,2024-02-26,03:37:00,cancelled,Debit Card,9032.46,0,1625.84,10658.3,1,Mumbai,India
106525,19039,2024-03-24,17:45:00,delivered,Wallet,6297.0,0,1133.46,7430.46,3,Mumbai,India
106526,19039,2024-05-22,08:24:00,shipped,Debit Card,4098.5,0,737.73,4836.23,2,Mumbai,India
106527,19039,2024-02-04,19:08:00,delivered,UPI,7999.0,0,1439.82,9438.82,1,Mumbai,India
106528,19039,2024-01-31,13:27:00,delivered,Debit Card,19997.0,0,3599.46,23596.46,2,Mumbai,India
106529,19039,2024-03-15,18:02:00,delivered,Wallet,15999.0,0,2879.82,18878.82,1,Mumbai,India
106530,19039,2024-03-08,09:50:00,processing,Debit Card,8998.0,0,1619.64,10617.64,1,Mumbai,India
106531,19043,2024-10-15,01:19:00,delivered,Debit Card,4031.07,0,725.59,4756.66,3,Mumbai,India
106532,19052,2024-08-05,11:57:00,delivered,Debit Card,2499.0,0,449.82,2948.82,1,Mumbai,USA
106533,19052,2024-09-06,01:06:00,delivered,Debit Card,599.0,149,107.82,855.82,1,Mumbai,USA
106534,19052,2024-07-14,05:38:00,shipped,UPI,4596.0,0,827.28,5423.28,2,Mumbai,USA
106535,19062,2023-01-09,00:56:00,delivered,Debit Card,1697.0,0,305.46,2002.46,2,Mumbai,India
106536,19069,2023-11-02,23:11:00,delivered,Debit Card,3082.69,0,554.88,3637.57,2,Mumbai,India
106537,19069,2023-09-29,22:51:00,delivered,Wallet,1697.0,0,305.46,2002.46,2,Mumbai,India
106538,19069,2023-05-05,04:09:00,delivered,Credit Card,699.0,99,125.82,923.82,1,Mumbai,India
106539,19069,2024-02-18,03:45:00,delivered,COD,2698.0,0,485.64,3183.64,2,Mumbai,India
106540,19069,2023-03-14,13:57:00,delivered,Debit Card,5998.0,0,1079.64,7077.64,1,Mumbai,India
106541,19069,2023-08-07,13:39:00,delivered,Credit Card,1999.0,0,359.82,2358.82,1,Mumbai,India
106542,19069,2023-05-28,18:04:00,processing,Credit Card,6217.76,0,1119.2,7336.96,4,Mumbai,India
106543,19069,2023-06-29,03:13:00,delivered,Wallet,13796.0,0,2483.28,16279.28,2,Mumbai,India
106544,19069,2023-11-04,09:27:00,delivered,UPI,7140.37,0,1285.27,8425.64,4,Mumbai,India
106545,19069,2023-11-05,02:13:00,delivered,Debit Card,2397.0,0,431.46,2828.46,1,Mumbai,India
106546,19069,2022-11-15,17:55:00,delivered,Credit Card,1998.0,0,359.64,2357.64,1,Mumbai,India
106547,19069,2023-02-25,01:50:00,delivered,Debit Card,2298.0,0,413.64,2711.64,2,Mumbai,India
106548,19069,2023-11-16,07:19:00,delivered,Credit Card,15999.0,0,2879.82,18878.82,1,Mumbai,India
106549,19069,2023-06-27,12:22:00,delivered,UPI,2597.0,0,467.46,3064.46,2,Mumbai,India
106550,19069,2023-02-05,12:31:00,delivered,Credit Card,2097.0,0,377.46,2474.46,2,Mumbai,India
106552,19074,2024-09-10,17:22:00,delivered,Credit Card,3498.0,0,629.64,4127.64,2,Mumbai,USA
106553,19074,2024-07-24,17:51:00,delivered,Credit Card,5797.0,0,1043.46,6840.46,2,Mumbai,USA
106554,19074,2024-08-10,09:05:00,processing,Debit Card,8930.67,0,1607.52,10538.19,5,Mumbai,USA
106555,19078,2024-02-06,09:58:00,delivered,Debit Card,5063.52,0,911.43,5974.95,3,Mumbai,India
106556,19078,2023-11-10,02:05:00,delivered,Debit Card,699.0,99,125.82,923.82,1,Mumbai,India
106557,19078,2023-09-02,20:26:00,delivered,Wallet,5889.15,0,1060.05,6949.2,2,Mumbai,India
106558,19078,2023-04-29,17:17:00,delivered,UPI,1398.0,0,251.64,1649.64,1,Mumbai,India
106559,19078,2023-09-13,02:42:00,delivered,Credit Card,3897.0,0,701.46,4598.46,3,Mumbai,India
106560,19078,2023-08-01,12:07:00,shipped,Wallet,1798.0,0,323.64,2121.64,1,Mumbai,India
106561,19081,2024-08-19,14:52:00,delivered,Credit Card,599.0,149,107.82,855.82,1,Mumbai,India
106562,19083,2023-01-01,15:58:00,delivered,Wallet,699.0,99,125.82,923.82,1,Mumbai,India
106563,19087,2024-03-10,10:18:00,processing,Credit Card,4797.0,0,863.46,5660.46,2,Mumbai,USA
106564,19087,2024-05-30,06:05:00,delivered,Credit Card,5898.0,0,1061.64,6959.64,2,Mumbai,USA
106565,19087,2024-05-21,04:45:00,delivered,COD,1999.0,0,359.82,2358.82,1,Mumbai,USA
106566,19093,2024-03-23,09:46:00,delivered,Debit Card,1198.0,0,215.64,1413.64,1,Mumbai,India
106568,19105,2023-04-04,04:20:00,delivered,Credit Card,4498.0,0,809.64,5307.64,2,Mumbai,India
106570,19115,2023-07-11,01:07:00,delivered,Credit Card,8996.0,0,1619.28,10615.28,2,Mumbai,India
106571,19115,2023-04-26,00:03:00,delivered,Debit Card,9497.0,0,1709.46,11206.46,2,Mumbai,India
106572,19117,2023-09-07,21:30:00,delivered,Wallet,4290.51,0,772.29,5062.8,2,Mumbai,India
106573,19117,2023-06-11,21:00:00,pending,UPI,11384.19,0,2049.15,13433.34,5,Mumbai,India
106574,19117,2023-06-10,06:37:00,delivered,Debit Card,899.0,99,161.82,1159.82,1,Mumbai,India
106575,19117,2023-08-29,04:35:00,processing,Credit Card,10597.0,0,1907.46,12504.46,2,Mumbai,India
106576,19117,2023-09-07,09:26:00,delivered,Credit Card,1598.0,0,287.64,1885.64,1,Mumbai,India
106577,19117,2023-07-16,19:43:00,delivered,Net Banking,25534.53,0,4596.22,30130.75,2,Mumbai,India
106578,19118,2024-01-06,00:55:00,cancelled,Wallet,1845.85,0,332.25,2178.1,1,Mumbai,India
106579,19121,2024-03-06,11:32:00,delivered,Wallet,2498.0,0,449.64,2947.64,2,Mumbai,Germany
106580,19126,2022-12-11,02:02:00,cancelled,Net Banking,11747.06,0,2114.47,13861.53,2,Mumbai,India
106581,19126,2022-07-20,00:04:00,delivered,UPI,1398.0,0,251.64,1649.64,1,Mumbai,India
106583,19126,2023-05-07,03:26:00,delivered,Credit Card,24999.0,0,4499.82,29498.82,1,Mumbai,India
106585,19126,2025-06-15,16:10:00,shipped,Credit Card,7795.0,0,1403.1,9198.1,3,Mumbai,India
106586,19126,2022-07-22,10:06:00,processing,Credit Card,14997.0,0,2699.46,-17696.46,2,Mumbai,India
106587,19126,2022-05-16,01:10:00,delivered,Debit Card,3294.8,0,593.06,3887.86,3,Mumbai,India
106588,19126,2023-09-23,13:40:00,delivered,UPI,11495.0,0,2069.1,13564.1,4,Mumbai,India
106589,19126,2023-03-03,16:22:00,delivered,Debit Card,3604.42,0,648.8,4253.22,3,Mumbai,India
106590,19126,2022-09-29,03:09:00,processing,Debit Card,6052.9,0,1089.52,7142.42,3,Mumbai,India
106592,19126,2022-05-27,07:42:00,shipped,Credit Card,7999.0,0,1439.82,9438.82,1,Mumbai,India
106593,19126,2022-10-28,10:46:00,delivered,Wallet,5070.02,0,912.6,5982.62,3,Mumbai,India
106594,19126,2022-10-29,13:26:00,delivered,Wallet,3971.7,0,714.91,4686.61,2,Mumbai,India
106597,19126,2023-05-10,23:59:00,delivered,Credit Card,899.0,99,161.82,1159.82,1,Mumbai,India
106598,19126,2022-12-18,07:05:00,delivered,UPI,2998.0,0,539.64,3537.64,2,Mumbai,India
106599,19126,2022-11-09,19:44:00,delivered,Debit Card,4197.0,0,755.46,4952.46,3,Mumbai,India
106600,19126,2023-07-08,23:52:00,delivered,COD,2598.0,0,467.64,3065.64,2,Mumbai,India
106602,19137,2023-02-04,12:21:00,delivered,Credit Card,4998.0,0,899.64,5897.64,1,Mumbai,India
106603,19140,2023-12-04,18:09:00,delivered,Credit Card,27143.48,0,4885.83,32029.31,3,Mumbai,UK
106604,19140,2023-07-09,21:56:00,delivered,UPI,599.0,149,107.82,855.82,1,Mumbai,UK
106605,19140,2023-07-22,00:56:00,cancelled,COD,1398.0,0,251.64,1649.64,1,Mumbai,UK
106607,19140,2023-12-08,05:05:00,processing,COD,5249.35,0,944.88,6194.23,1,Mumbai,UK
106608,19140,2023-07-18,10:41:00,delivered,UPI,1598.0,0,287.64,1885.64,2,Mumbai,UK
106609,19140,2023-06-14,15:16:00,delivered,Credit Card,28615.68,0,5150.82,33766.5,1,Mumbai,UK
106610,19141,2023-11-17,18:04:00,delivered,Net Banking,5112.51,0,920.25,6032.76,1,Mumbai,India
106611,19141,2024-04-17,05:46:00,delivered,Credit Card,1753.18,0,315.57,2068.75,1,Mumbai,India
106612,19141,2023-09-05,20:54:00,delivered,UPI,19493.0,0,3508.74,23001.74,5,Mumbai,India
106613,19143,2024-06-24,18:37:00,delivered,Debit Card,799.0,99,143.82,1041.82,1,Mumbai,India
106614,19143,2024-06-16,19:04:00,delivered,Credit Card,1999.0,0,359.82,2358.82,1,Mumbai,India
106615,19143,2024-06-25,08:03:00,cancelled,Net Banking,7468.92,0,1344.41,8813.33,3,Mumbai,India
106616,19143,2024-06-06,14:20:00,processing,Net Banking,199.0,149,35.82,383.82,1,Mumbai,India
106617,19143,2024-06-10,21:25:00,returned,Credit Card,2310.65,0,415.92,2726.57,1,Mumbai,India
106618,19143,2024-05-08,17:43:00,delivered,Debit Card,2923.02,0,526.14,3449.16,3,Mumbai,India
106619,19143,2024-05-28,20:40:00,delivered,Debit Card,25295.0,0,4553.1,29848.1,3,Mumbai,India
106620,19143,2024-06-03,08:47:00,delivered,Credit Card,1499.0,0,269.82,1768.82,1,Mumbai,India
106621,19143,2024-06-21,21:37:00,delivered,COD,9197.0,0,1655.46,10852.46,2,Mumbai,India
106622,19144,2024-09-13,14:41:00,delivered,UPI,11929.08,0,2147.23,14076.31,3,Mumbai,USA
106623,19144,2024-09-10,16:52:00,delivered,Credit Card,2598.0,0,467.64,3065.64,1,Mumbai,USA
106624,19144,2024-09-07,13:37:00,delivered,Debit Card,2248.89,0,404.8,2653.69,2,Mumbai,USA
106625,19146,2022-07-09,20:21:00,delivered,Credit Card,7624.15,0,1372.35,8996.5,3,Mumbai,India
106626,19146,2022-12-21,02:09:00,delivered,Net Banking,5999.0,0,1079.82,7078.82,1,Mumbai,India
106627,19146,2022-07-16,15:25:00,cancelled,Wallet,8943.37,0,1609.81,10553.18,4,Mumbai,India
106628,19154,2024-03-22,22:39:00,delivered,Net Banking,1198.97,0,215.81,1414.78,1,Mumbai,USA
106629,19154,2024-02-24,11:32:00,processing,UPI,898.0,99,161.64,1158.64,2,Mumbai,USA
106630,19154,2024-04-01,12:18:00,cancelled,COD,7497.0,0,1349.46,8846.46,1,Mumbai,USA
106631,19167,2024-10-26,08:06:00,delivered,Debit Card,4997.0,0,899.46,5896.46,2,Mumbai,Canada
106632,19169,2023-04-14,23:07:00,delivered,UPI,14593.0,0,2626.74,17219.74,4,Mumbai,India
106633,19169,2022-11-26,09:37:00,delivered,UPI,4499.0,0,809.82,5308.82,1,Mumbai,India
106634,19169,2023-02-08,01:01:00,cancelled,Credit Card,1499.0,0,269.82,1768.82,1,Mumbai,India
106635,19169,2022-10-24,00:02:00,delivered,Wallet,16498.0,0,2969.64,19467.64,2,Mumbai,India
106636,19171,2024-09-12,03:53:00,delivered,UPI,18498.0,0,3329.64,21827.64,2,Mumbai,Australia
106637,19178,2022-12-15,06:51:00,delivered,UPI,7594.0,0,1366.92,8960.92,5,Mumbai,India
106638,19178,2023-01-13,14:46:00,pending,Debit Card,13497.0,0,2429.46,15926.46,2,Mumbai,India
106639,19178,2022-06-09,22:43:00,delivered,Wallet,9382.2,0,1688.8,11071.0,3,Mumbai,India
106640,19178,2022-11-20,11:13:00,delivered,Debit Card,8002.47,0,1440.44,9442.91,3,Mumbai,India
106641,19178,2023-07-28,20:38:00,delivered,Credit Card,35993.0,0,6478.74,42471.74,4,Mumbai,India
106642,19178,2022-08-04,05:25:00,processing,Credit Card,8596.0,0,1547.28,10143.28,3,Mumbai,India
106643,19183,2024-03-23,12:41:00,delivered,Credit Card,5297.0,0,953.46,6250.46,3,Mumbai,India
106644,19201,2024-07-03,07:24:00,delivered,Credit Card,13698.0,0,2465.64,16163.64,2,Mumbai,USA
106645,19205,2022-08-31,06:23:00,delivered,Debit Card,5489.6,0,988.13,6477.73,4,Mumbai,India
106646,19205,2023-02-02,16:35:00,delivered,COD,3499.0,0,629.82,4128.82,1,Mumbai,India
106647,19205,2023-03-30,05:37:00,delivered,UPI,5038.82,0,906.99,5945.81,4,Mumbai,India
106648,19205,2022-09-03,08:36:00,delivered,Debit Card,13785.8,0,2481.44,16267.24,2,Mumbai,India
106649,19205,2023-08-24,00:16:00,delivered,Credit Card,17471.22,0,3144.82,20616.04,3,Mumbai,India
106650,19205,2022-10-11,11:41:00,delivered,Credit Card,5192.56,0,934.66,6127.22,2,Mumbai,India
106651,19205,2023-05-24,04:06:00,pending,Credit Card,3097.0,0,557.46,3654.46,3,Mumbai,India
106652,19208,2024-08-25,17:13:00,delivered,Net Banking,3724.82,0,670.47,4395.29,2,Mumbai,UK
106653,19208,2024-09-21,19:29:00,delivered,Debit Card,15993.0,0,2878.74,18871.74,5,Mumbai,UK
106654,19208,2024-07-26,15:06:00,delivered,Wallet,1997.0,0,359.46,2356.46,2,Mumbai,UK
106655,19208,2024-07-26,11:23:00,delivered,Credit Card,1796.0,0,323.28,2119.28,2,Mumbai,UK
106656,19208,2024-07-24,18:32:00,delivered,Wallet,5998.0,0,1079.64,7077.64,2,Mumbai,UK
106657,19208,2024-09-13,03:42:00,processing,Debit Card,499.0,49,89.82,637.82,1,Mumbai,UK
106658,19208,2024-09-12,07:24:00,delivered,Credit Card,6397.0,0,1151.46,7548.46,2,Mumbai,UK
106659,19208,2024-08-18,18:30:00,delivered,Credit Card,1320.96,0,237.77,1558.73,1,Mumbai,UK
106660,19208,2024-08-16,22:55:00,delivered,UPI,55942.33,0,10069.62,66011.95,3,Mumbai,UK
106661,19208,2024-07-22,22:55:00,delivered,COD,899.0,49,161.82,1109.82,1,Mumbai,UK
106662,19208,2024-08-31,17:51:00,pending,Debit Card,799.0,49,143.82,991.82,1,Mumbai,UK
106663,19208,2024-08-04,19:56:00,delivered,UPI,4497.0,0,809.46,5306.46,1,Mumbai,UK
106664,19220,2023-10-05,01:17:00,delivered,Debit Card,1499.0,0,269.82,1768.82,1,Mumbai,India
106666,19220,2022-08-16,10:37:00,delivered,Debit Card,27284.12,0,4911.14,32195.26,2,Mumbai,India
106667,19220,2023-02-22,21:35:00,processing,Debit Card,1897.0,0,341.46,2238.46,2,Mumbai,India
106668,19220,2023-07-21,11:45:00,delivered,Debit Card,722.87,149,130.12,1001.99,1,Mumbai,India
106669,19220,2023-02-13,10:56:00,delivered,UPI,10378.42,0,1868.12,12246.54,5,Mumbai,India
106670,19220,2023-02-20,23:27:00,delivered,Credit Card,5891.0,0,1060.38,6951.38,5,Mumbai,India
106671,19220,2022-08-23,01:16:00,delivered,UPI,2881.38,0,518.65,3400.03,2,Mumbai,India
106672,19220,2022-08-02,15:59:00,shipped,Wallet,928.2,99,167.08,1194.28,1,Mumbai,India
106673,19220,2023-05-24,02:12:00,delivered,Credit Card,13116.93,0,2361.05,15477.98,1,Mumbai,India
106674,19223,2024-09-03,16:54:00,delivered,Credit Card,5939.5,0,1069.11,7008.61,3,Mumbai,India
106675,19223,2024-08-19,09:53:00,shipped,COD,2453.14,0,441.57,2894.71,2,Mumbai,India
106676,19223,2024-08-20,21:59:00,delivered,Debit Card,3451.73,0,621.31,4073.04,1,Mumbai,India
106677,19223,2024-09-12,00:30:00,delivered,UPI,3508.06,0,631.45,4139.51,2,Mumbai,India
106678,19223,2024-08-16,13:11:00,delivered,Debit Card,25998.0,0,4679.64,30677.64,1,Mumbai,India
106679,19223,2024-09-01,14:28:00,delivered,Debit Card,11998.0,0,2159.64,14157.64,1,Mumbai,India
106680,19229,2024-10-24,21:55:00,shipped,Debit Card,1998.0,0,359.64,2357.64,1,Mumbai,Canada
106681,19229,2024-10-27,14:57:00,delivered,Credit Card,13998.0,0,2519.64,16517.64,2,Mumbai,Canada
106682,19229,2024-10-25,03:48:00,shipped,UPI,5596.0,0,1007.28,6603.28,2,Mumbai,Canada
106684,19229,2024-10-27,06:17:00,delivered,Wallet,1999.0,0,359.82,2358.82,1,Mumbai,Canada
106685,19229,2024-10-24,11:42:00,delivered,Debit Card,7396.0,0,1331.28,8727.28,2,Mumbai,Canada
106686,19229,2024-10-23,01:16:00,delivered,Credit Card,1198.0,0,215.64,1413.64,1,Mumbai,Canada
106688,19229,2024-10-26,07:59:00,delivered,UPI,4499.0,0,809.82,5308.82,1,Mumbai,Canada
106691,19229,2024-10-26,21:11:00,delivered,UPI,1499.0,0,269.82,1768.82,1,Mumbai,Canada
106694,19248,2023-07-28,14:54:00,delivered,Credit Card,6224.56,0,1120.42,7344.98,3,Mumbai,India
106697,19267,2023-05-25,23:41:00,delivered,Debit Card,1598.0,0,287.64,1885.64,1,Mumbai,USA
106699,19267,2024-02-11,13:31:00,delivered,UPI,32578.29,0,5864.09,38442.38,4,Mumbai,USA
106700,19267,2023-03-07,23:40:00,shipped,Net Banking,10616.41,0,1910.95,12527.36,2,Mumbai,USA
106701,19267,2023-02-08,12:16:00,delivered,UPI,4597.0,0,827.46,5424.46,2,Mumbai,USA
106702,19267,2023-07-04,18:59:00,delivered,Wallet,599.0,49,107.82,755.82,1,Mumbai,USA
106703,19267,2023-07-24,12:23:00,delivered,Wallet,3998.0,0,719.64,4717.64,1,Mumbai,USA
106704,19267,2023-01-22,06:16:00,delivered,Debit Card,10397.0,0,1871.46,12268.46,3,Mumbai,USA
106705,19267,2023-07-26,21:52:00,delivered,UPI,4999.0,0,899.82,5898.82,1,Mumbai,USA
106706,19272,2024-09-16,10:15:00,processing,Net Banking,3034.99,0,546.3,3581.29,1,Mumbai,Germany
106707,19281,2023-06-30,06:24:00,cancelled,UPI,2497.0,0,449.46,2946.46,2,Mumbai,India
106708,19281,2023-10-02,07:20:00,delivered,COD,2997.0,0,539.46,3536.46,1,Mumbai,India
106709,19281,2023-03-11,04:39:00,delivered,Debit Card,1359.06,0,244.63,1603.69,1,Mumbai,India
106710,19281,2023-08-19,18:19:00,delivered,Debit Card,4497.0,0,809.46,5306.46,2,Mumbai,India
106711,19287,2023-01-08,12:00:00,delivered,Wallet,7993.0,0,1438.74,9431.74,4,Mumbai,USA
106712,19291,2023-12-22,14:49:00,delivered,Wallet,999.0,0,179.82,1178.82,1,Mumbai,UK
106713,19291,2024-01-08,14:08:00,shipped,Wallet,2598.0,0,467.64,3065.64,1,Mumbai,UK
106714,19291,2024-05-23,13:43:00,delivered,Credit Card,799.0,99,143.82,1041.82,1,Mumbai,UK
106715,19291,2024-02-01,06:13:00,cancelled,Debit Card,1999.0,0,359.82,2358.82,1,Mumbai,UK
106716,19298,2024-01-31,05:46:00,shipped,Credit Card,9894.0,0,1780.92,11674.92,4,Mumbai,Singapore
106717,19298,2023-06-19,20:49:00,processing,Wallet,19660.96,0,3538.97,23199.93,3,Mumbai,Singapore
106718,19300,2023-09-07,04:10:00,delivered,Credit Card,4566.91,0,822.04,5388.95,2,Mumbai,India
106719,19300,2023-01-24,15:42:00,delivered,Credit Card,2998.0,0,539.64,3537.64,2,Mumbai,India
106720,19300,2023-10-18,00:10:00,delivered,Net Banking,9975.4,0,1795.57,11770.97,4,Mumbai,India
106721,19301,2024-10-05,19:10:00,delivered,Credit Card,20372.0,0,3666.96,24038.96,5,Mumbai,USA
106722,19301,2024-10-15,02:24:00,delivered,Credit Card,2463.9,0,443.5,2907.4,1,Mumbai,USA
106723,19301,2024-10-04,02:51:00,delivered,UPI,1299.0,0,233.82,1532.82,1,Mumbai,USA
106724,19304,2023-03-04,13:51:00,delivered,Debit Card,7752.24,0,1395.4,9147.64,4,Mumbai,India
106725,19304,2023-02-23,10:50:00,processing,UPI,13890.58,0,2500.3,16390.88,4,Mumbai,India
106726,19304,2023-08-14,14:18:00,delivered,UPI,3868.89,0,696.4,4565.29,3,Mumbai,India
106727,19304,2023-03-21,08:04:00,delivered,UPI,24999.0,0,4499.82,29498.82,1,Mumbai,India
106728,19320,2022-07-12,02:06:00,delivered,COD,49388.2,0,8889.88,58278.08,3,Mumbai,Singapore
106729,19320,2022-11-04,08:02:00,delivered,UPI,2998.0,0,539.64,3537.64,1,Mumbai,Singapore
106730,19320,2022-11-20,21:02:00,pending,UPI,21594.0,0,3886.92,25480.92,4,Mumbai,Singapore
106731,19321,2024-05-09,01:24:00,delivered,Wallet,1999.0,0,359.82,2358.82,1,Mumbai,India
106732,19321,2024-03-20,07:12:00,delivered,Debit Card,31998.0,0,5759.64,37757.64,1,Mumbai,India
106733,19321,2023-11-06,10:09:00,processing,Wallet,24432.29,0,4397.81,28830.1,2,Mumbai,India
106734,19323,2023-06-28,18:09:00,delivered,Debit Card,2997.0,0,539.46,3536.46,1,Mumbai,India
106735,19326,2024-07-20,08:45:00,delivered,Debit Card,3044.31,0,547.98,3592.29,2,Mumbai,India
106736,19326,2024-07-10,07:53:00,shipped,Wallet,20997.0,0,3779.46,24776.46,2,Mumbai,India
106737,19326,2024-06-27,09:13:00,shipped,Wallet,7997.0,0,1439.46,9436.46,3,Mumbai,India
106738,19326,2024-07-22,04:15:00,processing,Credit Card,599.0,99,107.82,805.82,1,Mumbai,India
106739,19326,2024-07-30,21:08:00,delivered,Debit Card,1198.0,0,215.64,1413.64,2,Mumbai,India
106740,19326,2024-07-16,12:20:00,delivered,Credit Card,299.0,99,53.82,451.82,1,Mumbai,India
106741,19333,2023-07-26,16:32:00,delivered,Debit Card,799.0,149,143.82,1091.82,1,Mumbai,Singapore
106742,19333,2023-05-26,12:16:00,delivered,Debit Card,11995.0,0,2159.1,14154.1,4,Mumbai,Singapore
106743,19333,2023-06-23,20:01:00,delivered,Credit Card,4183.55,0,753.04,4936.59,1,Mumbai,Singapore
106744,19333,2023-09-26,21:17:00,processing,UPI,24999.0,0,4499.82,29498.82,1,Mumbai,Singapore
106745,19333,2023-10-24,08:12:00,delivered,Credit Card,3473.16,0,625.17,4098.33,3,Mumbai,Singapore
106746,19333,2024-06-30,23:01:00,delivered,Debit Card,5458.32,0,982.5,6440.82,3,Mumbai,Singapore
106747,19333,2023-08-31,11:46:00,delivered,Credit Card,3008.54,0,541.54,3550.08,2,Mumbai,Singapore
106748,19333,2023-06-24,00:24:00,delivered,UPI,199.0,149,35.82,383.82,1,Mumbai,Singapore
106749,19333,2024-02-01,18:17:00,delivered,Credit Card,998.0,99,179.64,1276.64,1,Mumbai,Singapore
106750,19333,2023-09-03,18:49:00,pending,Credit Card,11632.75,0,2093.9,13726.65,3,Mumbai,Singapore
106751,19333,2023-06-24,09:16:00,pending,Credit Card,7414.43,0,1334.6,8749.03,4,Mumbai,Singapore
106752,19333,2023-12-08,10:41:00,delivered,Wallet,3499.0,0,629.82,4128.82,1,Mumbai,Singapore
106753,19336,2023-01-10,18:23:00,delivered,Net Banking,1828.66,0,329.16,2157.82,1,Mumbai,Canada
106754,19343,2024-03-13,21:20:00,delivered,COD,20612.1,0,3710.18,24322.28,5,Mumbai,UK
106755,19343,2023-12-16,14:47:00,delivered,COD,12404.98,0,2232.9,14637.88,2,Mumbai,UK
106756,19343,2024-03-10,19:10:00,delivered,Credit Card,1298.0,0,233.64,1531.64,2,Mumbai,UK
106757,19343,2023-10-06,02:06:00,shipped,Debit Card,999.0,0,179.82,1178.82,1,Mumbai,UK
106758,19343,2023-12-09,04:40:00,processing,Debit Card,1098.0,0,197.64,1295.64,2,Mumbai,UK
106759,19343,2024-04-12,15:54:00,shipped,Wallet,4604.91,0,828.88,5433.79,1,Mumbai,UK
106760,19347,2023-03-03,10:08:00,delivered,Debit Card,699.0,149,125.82,973.82,1,Mumbai,Singapore
106761,19352,2023-08-11,07:56:00,delivered,COD,3995.0,0,719.1,4714.1,3,Mumbai,India
106762,19352,2024-01-12,20:11:00,delivered,COD,3216.82,0,579.03,3795.85,2,Mumbai,India
106763,19352,2024-01-02,22:13:00,delivered,Credit Card,10263.38,0,1847.41,12110.79,3,Mumbai,India
106764,19352,2023-12-18,10:54:00,processing,UPI,34596.0,0,6227.28,40823.28,2,Mumbai,India
106765,19352,2025-06-15,15:06:00,processing,UPI,2998.0,0,539.64,3537.64,1,Mumbai,India
106766,19352,2023-12-25,09:19:00,delivered,Wallet,1198.0,0,215.64,1413.64,2,Mumbai,India
106767,19352,2023-10-31,20:36:00,delivered,Debit Card,3398.0,0,611.64,4009.64,2,Mumbai,India
106769,19352,2023-09-28,03:21:00,shipped,Debit Card,799.0,49,143.82,991.82,1,Mumbai,India
106770,19352,2024-02-15,13:58:00,delivered,Wallet,3999.0,0,719.82,4718.82,1,Mumbai,India
106771,19352,2023-10-13,21:52:00,delivered,Debit Card,1499.0,0,269.82,1768.82,1,Mumbai,India
106772,19352,2023-07-17,16:12:00,shipped,Credit Card,52628.46,0,9473.12,62101.58,4,Mumbai,India
106773,19362,2024-03-31,05:33:00,delivered,Debit Card,7498.0,0,1349.64,8847.64,2,Mumbai,Singapore
106774,19365,2023-03-06,22:34:00,delivered,Debit Card,1398.0,0,251.64,1649.64,1,Mumbai,Germany
106775,19365,2023-08-31,12:21:00,delivered,Debit Card,15994.0,0,2878.92,18872.92,3,Mumbai,Germany
106776,19365,2022-10-31,04:59:00,delivered,UPI,4706.22,0,847.12,5553.34,1,Mumbai,Germany
106777,19367,2023-03-08,08:04:00,shipped,UPI,1499.0,0,269.82,1768.82,1,Mumbai,India
106778,19367,2023-06-06,03:45:00,delivered,Debit Card,2398.0,0,431.64,2829.64,2,Mumbai,India
106780,19367,2023-05-27,16:19:00,delivered,UPI,4295.0,0,773.1,5068.1,3,Mumbai,India
106781,19367,2023-04-15,07:44:00,delivered,UPI,4357.64,0,784.38,5142.02,2,Mumbai,India
106782,19367,2023-01-27,18:32:00,delivered,COD,22692.01,0,4084.56,26776.57,1,Mumbai,India
106783,19367,2023-02-12,02:51:00,shipped,COD,2499.0,0,449.82,2948.82,1,Mumbai,India
106784,19367,2023-02-25,17:08:00,delivered,COD,1198.0,0,215.64,1413.64,1,Mumbai,India
106785,19367,2023-05-01,22:46:00,delivered,Debit Card,2999.0,0,539.82,3538.82,1,Mumbai,India
106786,,2022-02-18,22:19:00,delivered,UPI,3712.56,0,668.26,4380.82,2,Mumbai,India
106787,19368,2023-08-24,03:51:00,returned,Debit Card,2598.0,0,467.64,3065.64,1,Mumbai,India
106788,19368,2022-04-12,00:30:00,delivered,Debit Card,7761.28,0,1397.03,9158.31,2,Mumbai,India
106789,19368,2022-05-03,19:06:00,delivered,Credit Card,4999.0,0,899.82,5898.82,1,Mumbai,India
106790,19368,2024-03-08,12:51:00,shipped,Debit Card,1999.0,0,359.82,2358.82,1,Mumbai,India
106791,19368,2022-12-24,16:11:00,delivered,Credit Card,512.69,49,92.28,653.97,1,Mumbai,India
106793,19375,2024-10-04,08:31:00,pending,Debit Card,999.0,0,179.82,1178.82,1,Mumbai,India
106794,19375,2024-10-13,00:23:00,delivered,UPI,5997.0,0,1079.46,7076.46,1,Mumbai,India
106795,19375,2024-10-01,20:19:00,delivered,Debit Card,2999.0,0,539.82,3538.82,1,Mumbai,India
106797,19375,2024-10-02,07:39:00,delivered,Credit Card,499.0,49,89.82,637.82,1,Mumbai,India
106799,19377,2024-07-29,00:55:00,cancelled,Credit Card,3995.0,0,719.1,4714.1,4,Mumbai,Canada
106800,19379,2024-06-25,06:46:00,delivered,Debit Card,3499.0,0,629.82,4128.82,1,Mumbai,USA
106801,19379,2024-06-06,03:12:00,processing,Net Banking,1999.0,0,359.82,2358.82,1,Mumbai,USA
106802,19379,2024-08-04,10:34:00,delivered,Net Banking,30784.12,0,5541.14,36325.26,3,Mumbai,USA
106803,19382,2023-11-08,04:39:00,delivered,Credit Card,4696.0,0,845.28,5541.28,3,Mumbai,USA
106804,19393,2024-07-08,07:18:00,delivered,Credit Card,5596.0,0,1007.28,6603.28,3,Mumbai,India
106805,19393,2024-08-05,02:28:00,delivered,Debit Card,19796.0,0,3563.28,23359.28,3,Mumbai,India
106806,19393,2024-08-15,06:09:00,delivered,UPI,1598.0,0,287.64,1885.64,2,Mumbai,India
106807,19406,2023-09-24,09:23:00,processing,Net Banking,5461.27,0,983.03,6444.3,2,Mumbai,India
106808,19406,2023-11-09,12:41:00,delivered,Net Banking,20044.44,0,3608.0,23652.44,3,Mumbai,India
106809,19406,2023-07-11,10:42:00,delivered,Debit Card,7595.0,0,1367.1,8962.1,3,Mumbai,India
106810,19409,2024-02-07,07:52:00,delivered,COD,6797.0,0,1223.46,8020.46,3,Mumbai,UK
106812,19414,2024-04-27,16:24:00,delivered,Debit Card,18995.0,0,3419.1,22414.1,3,Mumbai,UK
106813,19414,2024-08-05,11:24:00,processing,Net Banking,9638.26,0,1734.89,11373.15,3,Mumbai,UK
106814,19414,2024-04-15,16:02:00,delivered,UPI,4998.0,0,899.64,5897.64,2,Mumbai,UK
106815,19430,2023-11-07,00:30:00,delivered,Credit Card,1299.0,0,233.82,1532.82,1,Mumbai,India
106816,19434,2024-06-28,16:48:00,delivered,Debit Card,22495.0,0,4049.1,26544.1,3,Mumbai,USA
106817,19434,2024-03-17,05:02:00,delivered,Credit Card,829.14,49,149.25,1027.39,1,Mumbai,USA
106818,19434,2024-01-16,13:34:00,delivered,Debit Card,3882.31,0,698.82,4581.13,3,Mumbai,USA
106819,19442,2024-09-08,01:26:00,delivered,Debit Card,2998.0,0,539.64,3537.64,2,Mumbai,India
106820,19442,2024-09-03,21:21:00,returned,Credit Card,6357.46,0,1144.34,7501.8,2,Mumbai,India
106821,19442,2024-09-20,06:55:00,delivered,Wallet,265.4,149,47.77,462.17,1,Mumbai,India
106822,19442,2024-09-26,02:43:00,delivered,COD,9597.0,0,1727.46,11324.46,2,Mumbai,India
106823,19442,2024-09-16,21:41:00,cancelled,Credit Card,2300.61,0,414.11,2714.72,2,Mumbai,India
106824,19442,2024-10-01,15:40:00,delivered,Credit Card,1299.0,0,233.82,1532.82,1,Mumbai,India
106825,19442,2024-09-13,10:08:00,delivered,Net Banking,1998.0,0,359.64,2357.64,2,Mumbai,India
106826,19443,2024-01-04,13:45:00,delivered,UPI,3498.0,0,629.64,4127.64,2,Mumbai,India
106827,19446,2023-12-09,22:58:00,delivered,Wallet,1999.0,0,359.82,2358.82,1,Mumbai,USA
106828,19446,2023-05-23,03:35:00,delivered,Net Banking,2612.96,0,470.33,3083.29,2,Mumbai,USA
106829,19446,2023-06-06,04:14:00,delivered,Credit Card,13997.0,0,2519.46,16516.46,2,Mumbai,USA
106830,19446,2023-11-08,05:02:00,delivered,Credit Card,2198.0,0,395.64,2593.64,2,Mumbai,USA
106831,19446,2023-12-11,01:43:00,delivered,Debit Card,599.0,99,107.82,805.82,1,Mumbai,USA
106833,19446,2023-04-08,20:40:00,delivered,Debit Card,1897.0,0,341.46,2238.46,2,Mumbai,USA
106835,19446,2023-11-26,03:24:00,delivered,Debit Card,9132.2,0,1643.8,10776.0,2,Mumbai,USA
106836,19446,2023-12-03,18:52:00,pending,Net Banking,998.0,149,179.64,1326.64,2,Mumbai,USA
106837,19446,2023-07-25,14:57:00,delivered,Debit Card,26594.0,0,4786.92,31380.92,4,Mumbai,USA
106838,19446,2023-12-16,22:57:00,cancelled,Net Banking,8551.12,0,1539.2,10090.32,3,Mumbai,USA
106839,19446,2023-06-23,23:46:00,delivered,UPI,999.0,0,179.82,1178.82,1,Mumbai,USA
106841,19446,2024-02-01,05:09:00,delivered,Debit Card,11604.84,0,2088.87,13693.71,5,Mumbai,USA
106842,19446,2023-06-07,18:22:00,delivered,Wallet,6797.0,0,1223.46,8020.46,2,Mumbai,USA
106843,19447,2023-04-15,01:03:00,delivered,Credit Card,6807.7,0,1225.39,8033.09,2,Mumbai,Singapore
106844,19454,2023-08-15,16:53:00,processing,Debit Card,1999.0,0,359.82,2358.82,1,Mumbai,Canada
106845,19455,2024-09-25,18:57:00,returned,Debit Card,999.0,0,179.82,1178.82,1,Mumbai,USA
106847,19455,2024-08-27,14:14:00,processing,Credit Card,6998.0,0,1259.64,8257.64,1,Mumbai,USA
106848,19458,2024-08-19,18:43:00,processing,COD,5697.0,0,1025.46,6722.46,3,Mumbai,India
106849,19458,2024-04-30,01:31:00,delivered,Credit Card,1499.0,0,269.82,1768.82,1,Mumbai,India
106850,19458,2024-07-04,00:30:00,delivered,UPI,2433.03,0,437.95,2870.98,2,Mumbai,India
106851,19458,2024-08-16,08:22:00,delivered,UPI,1198.0,0,215.64,1413.64,1,Mumbai,India
106852,19458,2024-04-23,04:08:00,returned,Credit Card,20336.66,0,3660.6,23997.26,2,Mumbai,India
106853,19458,2024-06-15,10:28:00,delivered,Debit Card,1499.0,0,269.82,1768.82,1,Mumbai,India
106854,19458,2024-04-22,00:14:00,pending,Debit Card,1598.0,0,287.64,1885.64,1,Mumbai,India
106855,19458,2024-08-28,11:51:00,delivered,Debit Card,2215.28,0,398.75,2614.03,1,Mumbai,India
106856,19458,2024-06-25,02:03:00,processing,COD,17695.0,0,3185.1,20880.1,3,Mumbai,India
106857,19458,2024-05-11,09:14:00,delivered,UPI,18394.0,0,3310.92,21704.92,4,Mumbai,India
106858,19458,2024-05-25,19:34:00,delivered,Credit Card,2629.9,0,473.38,3103.28,1,Mumbai,India
106859,19458,2024-07-29,10:36:00,shipped,UPI,3498.0,0,629.64,4127.64,2,Mumbai,India
106860,19459,2024-04-30,08:56:00,delivered,UPI,599.0,149,107.82,855.82,1,Mumbai,Australia
106861,19468,2024-03-21,08:01:00,delivered,Credit Card,3499.0,0,629.82,4128.82,1,Mumbai,UK
106862,19472,2023-01-08,11:09:00,processing,UPI,9997.0,0,1799.46,11796.46,2,Mumbai,India
106863,19477,2024-05-29,04:41:00,delivered,Net Banking,7999.0,0,1439.82,9438.82,1,Mumbai,India
106864,19477,2024-07-09,05:22:00,processing,Debit Card,4998.0,0,899.64,5897.64,1,Mumbai,India
106865,19477,2024-05-20,03:28:00,delivered,UPI,6419.04,0,1155.43,7574.47,5,Mumbai,India
106866,19478,2024-07-15,00:03:00,shipped,Credit Card,5999.0,0,1079.82,7078.82,1,Mumbai,India
106867,19478,2024-06-22,21:43:00,delivered,Debit Card,1398.0,0,251.64,1649.64,1,Mumbai,India
106868,19479,2024-10-06,11:47:00,delivered,COD,3499.0,0,629.82,4128.82,1,Mumbai,USA
106869,19479,2024-10-07,19:52:00,shipped,Credit Card,6763.65,0,1217.46,7981.11,3,Mumbai,USA
106870,19479,2024-10-13,02:43:00,processing,UPI,15999.0,0,2879.82,18878.82,1,Mumbai,USA
106872,19479,2024-10-12,09:03:00,shipped,UPI,8322.16,0,1497.99,9820.15,5,Mumbai,USA
106874,19479,2024-10-03,11:37:00,delivered,Debit Card,999.0,0,179.82,1178.82,1,Mumbai,USA
106875,19481,2023-10-16,14:29:00,delivered,Debit Card,8499.26,0,1529.87,10029.13,2,Mumbai,India
106876,19481,2023-08-07,05:58:00,delivered,Net Banking,7230.4,0,1301.47,8531.87,2,Mumbai,India
106877,19481,2023-08-01,10:49:00,delivered,Credit Card,9126.58,0,1642.78,10769.36,2,Mumbai,India
106878,19500,2024-04-09,00:43:00,delivered,Debit Card,1499.0,0,269.82,1768.82,1,Mumbai,India
106879,19500,2024-03-02,06:12:00,delivered,Debit Card,4719.61,0,849.53,5569.14,3,Mumbai,India
106880,19513,2024-05-29,23:10:00,shipped,Debit Card,699.0,49,125.82,873.82,1,Mumbai,Germany
106881,19513,2024-05-23,21:36:00,delivered,UPI,6094.0,0,1096.92,7190.92,4,Mumbai,Germany
106882,19513,2024-08-02,01:49:00,delivered,Debit Card,1999.0,0,359.82,2358.82,1,Mumbai,Germany
106883,19513,2024-07-15,09:15:00,delivered,Wallet,3097.0,0,557.46,3654.46,2,Mumbai,Germany
106884,19513,2024-05-31,07:29:00,delivered,Credit Card,2998.0,0,539.64,3537.64,2,Mumbai,Germany
106885,19513,2024-06-19,08:43:00,delivered,Debit Card,2945.09,0,530.12,3475.21,3,Mumbai,Germany
106886,19524,2022-12-05,18:46:00,delivered,Debit Card,10597.0,0,1907.46,12504.46,2,Mumbai,USA
106887,19524,2022-09-06,19:55:00,delivered,Debit Card,4775.08,0,859.51,5634.59,2,Mumbai,USA
106888,19524,2022-09-27,04:54:00,shipped,Net Banking,753.37,99,135.61,987.98,1,Mumbai,USA
106889,19524,2022-09-08,04:27:00,delivered,Debit Card,4499.0,0,809.82,5308.82,1,Mumbai,USA
106890,19524,2023-06-16,13:16:00,delivered,COD,16598.0,0,2987.64,19585.64,2,Mumbai,USA
106891,19524,2024-07-22,09:09:00,delivered,Credit Card,3999.0,0,719.82,4718.82,1,Mumbai,USA
106892,19525,2022-07-08,07:03:00,delivered,Net Banking,14730.62,0,2651.51,17382.13,4,Mumbai,India
106893,19528,2024-01-08,01:47:00,shipped,Wallet,1798.0,0,323.64,-2121.64,2,Mumbai,India
106895,19534,2023-01-16,20:22:00,delivered,Debit Card,1499.0,0,269.82,1768.82,1,Mumbai,India
106896,19534,2024-01-23,21:05:00,delivered,Debit Card,9845.34,0,1772.16,11617.5,2,Mumbai,India
106897,19546,2024-05-30,16:00:00,delivered,Debit Card,4097.0,0,737.46,4834.46,2,Mumbai,USA
106898,19555,2024-04-04,00:21:00,delivered,UPI,2697.0,0,485.46,3182.46,2,Mumbai,India
106899,19556,2024-10-24,00:00:00,shipped,Debit Card,7594.56,0,1367.02,8961.58,1,Mumbai,India
106900,19556,2024-10-25,04:25:00,processing,Credit Card,277.71,149,49.99,476.7,1,Mumbai,India
106902,19558,2022-09-07,20:25:00,delivered,UPI,6895.0,0,1241.1,8136.1,4,Mumbai,India
106903,19558,2022-07-18,04:36:00,cancelled,UPI,599.0,149,107.82,855.82,1,Mumbai,India
106904,19558,2022-11-10,23:35:00,delivered,Debit Card,3098.0,0,557.64,3655.64,2,Mumbai,India
106905,19568,2023-03-22,16:10:00,delivered,Wallet,9599.35,0,1727.88,11327.23,3,Mumbai,India
106906,19570,2023-08-30,06:58:00,delivered,Credit Card,4834.99,0,870.3,5705.29,3,Mumbai,Canada
106909,19574,2024-10-28,14:02:00,delivered,Wallet,6797.0,0,1223.46,8020.46,2,Mumbai,Singapore
106910,19574,2024-10-28,11:23:00,delivered,Net Banking,2996.0,0,539.28,3535.28,4,Mumbai,Singapore
106911,19587,2024-03-26,23:37:00,processing,Credit Card,1998.0,0,359.64,2357.64,1,Mumbai,Germany
106912,19588,2023-09-14,17:25:00,returned,COD,6066.16,0,1091.91,7158.07,3,Mumbai,Canada
106913,19588,2022-08-25,13:27:00,cancelled,COD,4015.29,0,722.75,4738.04,3,Mumbai,Canada
106914,19588,2023-03-09,09:12:00,delivered,COD,398.0,99,71.64,568.64,1,Mumbai,Canada
106915,19588,2023-01-27,12:43:00,processing,Debit Card,3942.76,0,709.7,4652.46,1,Mumbai,Canada
106916,19588,2022-08-27,00:33:00,delivered,Debit Card,31496.0,0,5669.28,37165.28,3,Mumbai,Canada
106917,19588,2022-10-14,11:42:00,delivered,Debit Card,2478.72,0,446.17,2924.89,2,Mumbai,Canada
106918,19592,2023-09-07,00:55:00,cancelled,Wallet,899.0,99,161.82,1159.82,1,Mumbai,India
106919,19597,2024-04-07,12:27:00,delivered,Debit Card,2499.0,0,449.82,2948.82,1,Mumbai,India
106920,19623,2024-04-19,19:55:00,delivered,Debit Card,1390.69,0,250.32,1641.01,1,Mumbai,USA
106921,19623,2024-06-01,13:05:00,shipped,Debit Card,3998.0,0,719.64,4717.64,2,Mumbai,USA
106922,19623,2025-06-15,19:15:00,processing,Debit Card,1299.0,0,233.82,1532.82,1,Mumbai,USA
106923,19623,2024-06-12,10:11:00,delivered,Credit Card,699.0,149,125.82,973.82,1,Mumbai,USA
106924,19623,2024-05-04,16:03:00,delivered,Credit Card,5994.0,0,1078.92,7072.92,3,Mumbai,USA
106925,19623,2024-05-23,09:46:00,processing,Net Banking,1798.0,0,323.64,2121.64,1,Mumbai,USA
106926,19627,2024-02-05,23:33:00,processing,COD,12495.0,0,2249.1,14744.1,4,Mumbai,Germany
106927,19627,2024-02-10,11:22:00,shipped,Credit Card,18096.0,0,3257.28,21353.28,2,Mumbai,Germany
106928,19627,2024-01-12,12:19:00,delivered,Net Banking,599.0,149,107.82,855.82,1,Mumbai,Germany
106930,19628,2023-03-21,03:48:00,shipped,Credit Card,3496.0,0,629.28,4125.28,3,Mumbai,Australia
106931,19629,2023-03-16,20:18:00,delivered,UPI,999.0,0,179.82,1178.82,1,Mumbai,India
106932,19635,2024-03-11,22:04:00,shipped,Credit Card,699.0,149,125.82,973.82,1,Mumbai,India
106933,19635,2023-12-24,11:03:00,pending,Net Banking,5998.0,0,1079.64,7077.64,1,Mumbai,India
106934,19635,2024-06-12,16:24:00,delivered,Net Banking,5552.63,0,999.47,6552.1,5,Mumbai,India
106935,19636,2023-06-06,14:58:00,delivered,Net Banking,3594.8,0,647.06,4241.86,3,Mumbai,Canada
106936,19636,2023-12-04,04:04:00,delivered,Credit Card,7195.0,0,1295.1,8490.1,3,Mumbai,Canada
106937,19636,2023-06-13,05:10:00,processing,Net Banking,599.0,99,107.82,805.82,1,Mumbai,Canada
106938,19638,2024-03-28,14:11:00,delivered,Credit Card,2097.0,0,377.46,2474.46,1,Mumbai,India
106939,19638,2024-07-03,10:36:00,delivered,UPI,1410.94,0,253.97,1664.91,1,Mumbai,India
106940,19638,2024-06-30,13:52:00,delivered,Credit Card,1499.0,0,269.82,1768.82,1,Mumbai,India
106941,19641,2024-07-04,01:00:00,shipped,Credit Card,434.38,49,78.19,561.57,1,Mumbai,USA
106942,19641,2024-08-05,02:42:00,cancelled,UPI,999.0,0,179.82,1178.82,1,Mumbai,USA
106943,19641,2024-08-14,22:54:00,delivered,Credit Card,2697.0,0,485.46,3182.46,2,Mumbai,USA
106944,19641,2024-09-11,15:05:00,delivered,UPI,758.2,149,136.48,1043.68,1,Mumbai,USA
106945,19644,2024-02-08,08:49:00,delivered,Credit Card,999.0,0,179.82,1178.82,1,Mumbai,India
106946,19644,2024-03-11,16:55:00,delivered,Debit Card,2499.0,0,449.82,2948.82,1,Mumbai,India
106947,19644,2024-02-16,20:19:00,delivered,Wallet,1299.0,0,233.82,1532.82,1,Mumbai,India
106948,19644,2024-02-24,06:05:00,delivered,Credit Card,27996.0,0,5039.28,33035.28,3,Mumbai,India
106949,19644,2024-01-20,20:19:00,returned,Debit Card,34801.27,0,6264.23,41065.5,4,Mumbai,India
106950,19644,2024-02-17,03:54:00,delivered,Credit Card,1798.0,0,323.64,2121.64,2,Mumbai,India
106951,19644,2024-01-24,23:36:00,delivered,Credit Card,2098.0,0,377.64,2475.64,2,Mumbai,India
106952,19644,2024-05-06,04:09:00,shipped,Wallet,5498.0,0,989.64,6487.64,2,Mumbai,India
106953,19644,2023-12-30,07:58:00,delivered,Debit Card,12497.0,0,2249.46,14746.46,2,Mumbai,India
106954,19644,2024-04-11,04:20:00,pending,Wallet,1787.36,0,321.72,2109.08,1,Mumbai,India
106955,19644,2023-11-12,07:30:00,processing,Credit Card,4934.13,0,888.14,5822.27,2,Mumbai,India
106956,19644,2024-02-02,01:41:00,delivered,COD,4398.0,0,791.64,5189.64,2,Mumbai,India
106957,19644,2024-03-23,15:50:00,shipped,Credit Card,7997.0,0,1439.46,9436.46,2,Mumbai,India
106958,19644,2024-05-22,09:50:00,delivered,Debit Card,13997.0,0,2519.46,16516.46,2,Mumbai,India
106959,19644,2024-02-08,05:56:00,delivered,Credit Card,4598.0,0,827.64,5425.64,2,Mumbai,India
106961,19644,2023-12-11,04:48:00,delivered,Debit Card,3256.46,0,586.16,3842.62,4,Mumbai,India
106963,19644,2023-12-17,00:06:00,delivered,UPI,5999.0,0,1079.82,7078.82,1,Mumbai,India
106964,19644,2024-01-30,15:23:00,delivered,Debit Card,2299.6,0,413.93,2713.53,2,Mumbai,India
106965,19644,2024-02-02,20:14:00,delivered,UPI,15998.0,0,2879.64,18877.64,1,Mumbai,India
106966,19644,2024-03-14,00:38:00,processing,Debit Card,599.0,99,107.82,805.82,1,Mumbai,India
106967,19644,2024-01-07,16:06:00,returned,Debit Card,27658.92,0,4978.61,32637.53,2,Mumbai,India
106968,19644,2023-12-21,20:54:00,delivered,Credit Card,5897.0,0,1061.46,6958.46,2,Mumbai,India
106969,19644,2023-12-18,01:55:00,delivered,Net Banking,23994.0,0,4318.92,28312.92,3,Mumbai,India
106970,19644,2024-03-05,11:12:00,shipped,Wallet,16485.42,0,2967.38,19452.8,3,Mumbai,India
106971,19644,2024-01-03,00:12:00,delivered,Net Banking,1499.0,0,269.82,1768.82,1,Mumbai,India
106972,19644,2024-05-30,02:35:00,delivered,Credit Card,1499.0,0,269.82,1768.82,1,Mumbai,India
106973,19644,2024-02-14,10:34:00,delivered,COD,42792.0,0,7702.56,50494.56,4,Mumbai,India
106974,19644,2024-04-04,07:36:00,delivered,Debit Card,2097.0,0,377.46,2474.46,1,Mumbai,India
106975,19644,2024-03-14,10:03:00,processing,Debit Card,2822.17,0,507.99,3330.16,2,Mumbai,India
106976,19644,2024-02-29,22:42:00,delivered,Credit Card,999.0,0,179.82,1178.82,1,Mumbai,India
106977,19644,2023-12-09,17:19:00,delivered,Debit Card,7196.0,0,1295.28,8491.28,4,Mumbai,India
106978,19644,2024-02-18,00:52:00,delivered,Debit Card,1345.71,0,242.23,1587.94,1,Mumbai,India
106979,19644,2024-04-25,22:58:00,processing,Credit Card,1998.0,0,359.64,2357.64,1,Mumbai,India
106980,19644,2024-02-29,20:41:00,delivered,Credit Card,4998.0,0,899.64,5897.64,1,Mumbai,India
106981,19644,2024-01-24,15:42:00,pending,Credit Card,17297.0,0,3113.46,20410.46,2,Mumbai,India
106982,19644,2024-01-22,18:01:00,delivered,Net Banking,20306.7,0,3655.21,23961.91,3,Mumbai,India
106983,19644,2024-03-21,14:07:00,delivered,UPI,2108.62,0,379.55,2488.17,3,Mumbai,India
106984,19644,2024-02-13,03:27:00,delivered,Credit Card,3798.0,0,683.64,4481.64,2,Mumbai,India
106985,19644,2024-07-01,06:27:00,processing,Debit Card,12999.0,0,2339.82,15338.82,1,Mumbai,India
106986,19644,2024-01-06,07:36:00,delivered,COD,199.0,99,35.82,333.82,1,Mumbai,India
106987,19644,2024-08-06,06:52:00,delivered,Debit Card,2598.0,0,467.64,3065.64,2,Mumbai,India
106988,19644,2024-02-11,02:48:00,delivered,Credit Card,5798.0,0,1043.64,6841.64,2,Mumbai,India
106989,19644,2024-03-31,22:18:00,shipped,Credit Card,6826.11,0,1228.7,8054.81,2,Mumbai,India
106990,19644,2024-04-13,01:39:00,delivered,Credit Card,3726.64,0,670.8,4397.44,1,Mumbai,India
106991,19644,2023-12-19,08:31:00,shipped,COD,999.0,0,179.82,1178.82,1,Mumbai,India
106992,19644,2024-03-23,18:55:00,delivered,UPI,18025.57,0,3244.6,21270.17,2,Mumbai,India
106993,19644,2024-02-25,22:10:00,delivered,UPI,8996.0,0,1619.28,10615.28,2,Mumbai,India
106994,19644,2024-06-17,14:22:00,delivered,Debit Card,14060.18,0,2530.83,16591.01,2,Mumbai,India
106995,19644,2023-11-29,18:24:00,delivered,Credit Card,1598.0,0,287.64,1885.64,1,Mumbai,India
106996,19644,2023-11-21,01:22:00,returned,Credit Card,3998.0,0,719.64,4717.64,1,Mumbai,India
106997,19644,2024-02-19,01:46:00,delivered,Credit Card,31576.0,0,5683.68,37259.68,3,Mumbai,India
106998,19644,2024-02-09,06:22:00,delivered,Credit Card,11497.0,0,2069.46,13566.46,2,Mumbai,India
106999,19644,2024-03-31,02:53:00,delivered,UPI,2912.31,0,524.22,3436.53,3,Mumbai,India
107000,19644,2024-02-26,13:15:00,returned,Credit Card,24999.0,0,4499.82,29498.82,1,Mumbai,India
107001,19644,2024-04-01,03:16:00,delivered,COD,6871.66,0,1236.9,8108.56,2,Mumbai,India
107002,19644,2024-04-21,19:34:00,delivered,Net Banking,11029.9,0,1985.38,13015.28,3,Mumbai,India
107003,19644,2024-01-22,09:41:00,delivered,Credit Card,16298.0,0,2933.64,19231.64,2,Mumbai,India
107004,19644,2024-03-07,09:25:00,delivered,Credit Card,4559.94,0,820.79,5380.73,1,Mumbai,India
107005,19647,2024-09-25,04:52:00,delivered,Credit Card,2998.0,0,539.64,3537.64,2,Mumbai,USA
107006,19649,2022-12-24,04:08:00,delivered,UPI,4999.0,0,899.82,5898.82,1,Mumbai,India
107007,19655,2023-01-26,18:17:00,shipped,Credit Card,1999.0,0,359.82,2358.82,1,Mumbai,India
107009,19655,2023-02-15,00:06:00,delivered,COD,13798.0,0,2483.64,16281.64,2,Mumbai,India
107010,19655,2022-08-18,03:22:00,shipped,Net Banking,1798.0,0,323.64,2121.64,1,Mumbai,India
107011,19655,2023-02-03,10:21:00,delivered,Debit Card,2098.0,0,377.64,2475.64,2,Mumbai,India
107012,19655,2022-09-05,10:39:00,delivered,UPI,946.13,49,170.3,1165.43,1,Mumbai,India
107013,19655,2022-11-07,09:42:00,delivered,UPI,14602.82,0,2628.51,-17231.33,3,Mumbai,India
107014,19655,2022-09-04,06:40:00,delivered,Net Banking,78443.26,0,14119.79,92563.05,4,Mumbai,India
107015,19655,2023-02-19,19:00:00,delivered,Net Banking,3632.11,0,653.78,4285.89,3,Mumbai,India
107016,19656,2024-05-12,04:06:00,delivered,Credit Card,2460.16,0,442.83,2902.99,2,Mumbai,UK
107017,19656,2024-04-23,20:37:00,delivered,Debit Card,20772.94,0,3739.13,24512.07,5,Mumbai,UK
107018,19656,2024-05-03,06:55:00,shipped,Net Banking,1299.0,0,233.82,1532.82,1,Mumbai,UK
107019,19670,2024-08-13,15:19:00,delivered,Wallet,5997.0,0,1079.46,7076.46,2,Mumbai,India
107020,19672,2024-07-23,08:12:00,processing,Net Banking,1998.0,0,359.64,2357.64,1,Mumbai,USA
107021,19693,2024-03-24,18:45:00,delivered,UPI,1098.0,0,197.64,1295.64,2,Mumbai,USA
107022,19693,2024-06-10,08:31:00,delivered,UPI,5236.78,0,942.62,6179.4,3,Mumbai,USA
107023,19693,2024-02-22,04:01:00,delivered,Debit Card,699.0,149,125.82,973.82,1,Mumbai,USA
107024,19693,2024-04-30,07:22:00,delivered,Wallet,3296.0,0,593.28,3889.28,2,Mumbai,USA
107025,19693,2024-04-03,23:30:00,delivered,Wallet,3196.0,0,575.28,3771.28,3,Mumbai,USA
107026,19693,2024-02-28,19:02:00,delivered,Credit Card,2497.0,0,449.46,2946.46,2,Mumbai,USA
107027,19706,2023-05-06,15:11:00,delivered,Debit Card,2097.0,0,377.46,2474.46,1,Mumbai,Canada
107028,19706,2023-04-10,15:17:00,delivered,Credit Card,1499.0,0,269.82,1768.82,1,Mumbai,Canada
107029,19706,2023-07-15,03:49:00,delivered,Debit Card,2778.62,0,500.15,3278.77,2,Mumbai,Canada
107031,19707,2022-12-10,18:59:00,delivered,Net Banking,899.0,99,161.82,1159.82,1,Mumbai,India
107032,19707,2023-08-07,17:14:00,delivered,Net Banking,2864.61,0,515.63,3380.24,2,Mumbai,India
107034,19707,2023-05-27,21:56:00,delivered,Credit Card,9636.5,0,1734.57,11371.07,3,Mumbai,India
107035,19707,2023-01-11,19:59:00,processing,Wallet,19507.02,0,3511.26,23018.28,4,Mumbai,India
107036,19720,2023-06-19,08:08:00,shipped,Credit Card,26270.41,0,4728.67,30999.08,3,Mumbai,India
107037,19720,2022-10-11,13:51:00,processing,Debit Card,3095.42,0,557.18,3652.6,2,Mumbai,India
107038,19720,2022-12-23,12:11:00,delivered,COD,1999.0,0,359.82,2358.82,1,Mumbai,India
107039,19720,2023-11-11,12:18:00,cancelled,COD,2724.31,0,490.38,3214.69,3,Mumbai,India
107040,19720,2023-01-04,23:15:00,delivered,Wallet,534.53,49,96.22,679.75,1,Mumbai,India
107042,19720,2022-09-18,02:02:00,delivered,Wallet,199.0,49,35.82,283.82,1,Mumbai,India
107043,19720,2023-05-12,16:36:00,delivered,UPI,2797.0,0,503.46,3300.46,2,Mumbai,India
107044,19720,2022-11-10,14:17:00,delivered,UPI,1597.0,0,287.46,1884.46,2,Mumbai,India
107045,19720,2023-05-06,17:42:00,delivered,Debit Card,1997.0,0,359.46,2356.46,2,Mumbai,India
107046,19723,2024-09-11,17:23:00,pending,Credit Card,8595.0,0,1547.1,10142.1,3,Mumbai,India
107047,19739,2024-06-02,04:43:00,pending,Net Banking,1698.0,0,305.64,2003.64,2,Mumbai,USA
107048,19739,2024-06-15,00:03:00,shipped,Debit Card,16496.0,0,2969.28,19465.28,3,Mumbai,USA
107049,19739,2024-04-30,08:06:00,delivered,Credit Card,32561.44,0,5861.06,38422.5,4,Mumbai,USA
107050,19739,2024-05-06,06:51:00,delivered,Debit Card,799.0,49,143.82,991.82,1,Mumbai,USA
107051,19739,2024-05-20,11:34:00,processing,Credit Card,1499.0,0,269.82,1768.82,1,Mumbai,USA
107052,19739,2024-05-09,06:40:00,delivered,Wallet,3397.0,0,611.46,4008.46,2,Mumbai,USA
107053,19739,2025-06-15,09:02:00,processing,Debit Card,20996.0,0,3779.28,24775.28,2,Mumbai,USA
107054,19739,2024-06-25,06:11:00,delivered,Debit Card,1396.0,0,251.28,1647.28,2,Mumbai,USA
107055,19739,2024-07-25,17:07:00,shipped,UPI,13394.55,0,2411.02,15805.57,1,Mumbai,USA
107056,19739,2024-05-05,15:48:00,processing,Net Banking,14472.73,0,2605.09,17077.82,2,Mumbai,USA
107057,19739,2024-06-05,04:13:00,delivered,Credit Card,11498.0,0,2069.64,13567.64,2,Mumbai,USA
107058,19739,2024-05-13,20:56:00,delivered,Debit Card,1798.0,0,323.64,2121.64,1,Mumbai,USA
107059,19739,2024-09-10,18:10:00,shipped,COD,4999.0,0,899.82,5898.82,1,Mumbai,USA
107060,19739,2024-05-09,11:05:00,delivered,Debit Card,7297.0,0,1313.46,8610.46,2,Mumbai,USA
107061,19739,2024-05-14,05:36:00,shipped,Debit Card,7797.0,0,1403.46,9200.46,2,Mumbai,USA
107062,19739,2024-06-15,11:24:00,delivered,Wallet,21123.79,0,3802.28,24926.07,4,Mumbai,USA
107063,19739,2024-07-07,03:05:00,delivered,UPI,29903.28,0,5382.59,35285.87,5,Mumbai,USA
107064,19739,2024-06-26,12:09:00,delivered,Credit Card,5398.0,0,971.64,6369.64,2,Mumbai,USA
107065,19739,2024-06-13,03:36:00,delivered,Net Banking,2499.0,0,449.82,2948.82,1,Mumbai,USA
107066,19739,2024-07-16,13:39:00,delivered,UPI,5498.0,0,989.64,6487.64,2,Mumbai,USA
107067,19739,2024-05-21,15:06:00,shipped,UPI,1798.0,0,323.64,2121.64,1,Mumbai,USA
107068,19739,2024-05-16,17:09:00,delivered,UPI,25258.99,0,4546.62,29805.61,2,Mumbai,USA
107069,19739,2024-07-05,04:33:00,delivered,UPI,10029.59,0,1805.33,11834.92,4,Mumbai,USA
107070,19739,2024-06-26,22:52:00,shipped,Debit Card,40296.0,0,7253.28,47549.28,2,Mumbai,USA
107071,19739,2024-05-02,17:54:00,delivered,COD,176.33,99,31.74,307.07,1,Mumbai,USA
107072,19739,2024-06-01,23:15:00,delivered,UPI,699.0,149,125.82,973.82,1,Mumbai,USA
107073,19739,2024-06-13,06:07:00,delivered,Credit Card,6915.96,0,1244.87,8160.83,3,Mumbai,USA
107074,19739,2024-05-22,23:46:00,delivered,UPI,6296.0,0,1133.28,7429.28,4,Mumbai,USA
107075,19739,2024-06-06,13:29:00,delivered,Credit Card,10998.0,0,1979.64,12977.64,2,Mumbai,USA
107076,19739,2024-06-18,23:46:00,shipped,Net Banking,799.0,149,143.82,1091.82,1,Mumbai,USA
107077,19739,2024-05-08,18:09:00,delivered,UPI,3246.41,0,584.35,3830.76,3,Mumbai,USA
107078,19739,2024-06-04,08:07:00,delivered,COD,999.0,0,179.82,1178.82,1,Mumbai,USA
107079,19739,2024-05-23,13:27:00,cancelled,Debit Card,1499.0,0,269.82,1768.82,1,Mumbai,USA
107080,19739,2024-07-16,21:08:00,delivered,Credit Card,6498.0,0,1169.64,7667.64,2,Mumbai,USA
107081,19739,2024-06-16,07:40:00,delivered,Net Banking,9997.0,0,1799.46,11796.46,2,Mumbai,USA
107082,19739,2024-05-23,15:11:00,pending,Credit Card,5497.0,0,989.46,6486.46,2,Mumbai,USA
107083,19746,2024-07-18,18:52:00,delivered,Wallet,599.0,49,107.82,755.82,1,Mumbai,India
107084,19746,2024-08-09,11:58:00,cancelled,Debit Card,8998.0,0,1619.64,10617.64,1,Mumbai,India
107085,19746,2024-08-24,22:37:00,delivered,Credit Card,7999.0,0,1439.82,9438.82,1,Mumbai,India
107086,19751,2023-07-02,01:15:00,processing,Debit Card,9096.0,0,1637.28,10733.28,3,Mumbai,India
107087,19754,2023-05-04,14:14:00,shipped,Wallet,2697.0,0,485.46,3182.46,3,Mumbai,Canada
107088,19760,2024-03-07,01:00:00,delivered,Credit Card,7253.68,0,1305.66,8559.34,4,Mumbai,USA
107089,19760,2023-11-12,22:18:00,delivered,Credit Card,1998.0,0,359.64,2357.64,1,Mumbai,USA
107091,19760,2023-10-02,11:13:00,delivered,UPI,499.0,149,89.82,737.82,1,Mumbai,USA
107092,19760,2023-08-19,09:41:00,delivered,UPI,2787.79,0,501.8,3289.59,2,Mumbai,USA
107093,19760,2023-10-08,14:04:00,shipped,Credit Card,6497.0,0,1169.46,7666.46,2,Mumbai,USA
107094,19760,2023-09-13,23:25:00,delivered,Credit Card,1999.0,0,359.82,2358.82,1,Mumbai,USA
107097,19760,2024-04-06,04:50:00,delivered,Debit Card,32770.22,0,5898.64,38668.86,2,Mumbai,USA
107098,19760,2023-08-04,20:40:00,delivered,UPI,5996.0,0,1079.28,7075.28,3,Mumbai,USA
107099,19760,2024-01-07,11:44:00,delivered,UPI,4897.0,0,881.46,5778.46,3,Mumbai,USA
107100,19760,2024-01-19,07:37:00,returned,Credit Card,899.0,149,161.82,1209.82,1,Mumbai,USA
107101,19760,2023-06-26,01:24:00,delivered,Credit Card,174.18,49,31.35,254.53,1,Mumbai,USA
107102,19760,2023-08-25,22:16:00,processing,Debit Card,4431.63,0,797.69,5229.32,2,Mumbai,USA
107104,19760,2024-01-14,11:03:00,delivered,Credit Card,4396.0,0,791.28,5187.28,4,Mumbai,USA
107105,19760,2024-01-23,02:43:00,delivered,UPI,5999.0,0,1079.82,7078.82,1,Mumbai,USA
107106,19763,2024-04-23,10:06:00,cancelled,UPI,32597.0,0,5867.46,38464.46,2,Mumbai,USA
107107,19769,2022-07-10,22:28:00,delivered,Debit Card,10496.0,0,1889.28,12385.28,4,Mumbai,USA
107108,19769,2022-12-04,06:41:00,delivered,Credit Card,2499.0,0,449.82,2948.82,1,Mumbai,USA
107109,19769,2023-09-17,23:43:00,cancelled,UPI,2397.0,0,431.46,2828.46,2,Mumbai,USA
107110,19769,2022-08-09,18:59:00,shipped,Credit Card,704.94,149,126.89,980.83,1,Mumbai,USA
107113,19773,2024-03-12,01:38:00,delivered,UPI,699.0,99,125.82,923.82,1,Mumbai,Canada
107114,19773,2024-01-01,10:27:00,delivered,Debit Card,20639.49,0,3715.11,24354.6,4,Mumbai,Canada
107115,19775,2024-09-06,16:20:00,shipped,Credit Card,909.59,149,163.73,1222.32,1,Mumbai,Singapore
107116,19783,2024-09-21,00:36:00,shipped,Net Banking,11029.5,0,1985.31,13014.81,4,Mumbai,India
107117,19783,2024-09-18,17:38:00,delivered,Credit Card,3497.0,0,629.46,4126.46,2,Mumbai,India
107118,19783,2024-09-18,21:34:00,delivered,UPI,15693.0,0,2824.74,18517.74,5,Mumbai,India
107119,19783,2024-09-19,15:55:00,delivered,Debit Card,15999.0,0,2879.82,18878.82,1,Mumbai,India
107120,19783,2024-09-22,09:59:00,delivered,Credit Card,2598.0,0,467.64,3065.64,1,Mumbai,India
107121,19783,2024-09-19,16:50:00,delivered,UPI,14195.0,0,2555.1,16750.1,3,Mumbai,India
107122,19783,2024-10-04,23:23:00,delivered,Credit Card,10297.0,0,1853.46,12150.46,2,Mumbai,India
107123,19793,2024-03-09,06:54:00,shipped,Debit Card,599.0,49,107.82,755.82,1,Mumbai,Canada
107124,19799,2023-12-09,08:13:00,returned,Net Banking,6998.0,0,1259.64,8257.64,1,Mumbai,India
107125,19801,2023-06-01,16:59:00,delivered,Debit Card,999.0,0,179.82,1178.82,1,Mumbai,India
107126,19801,2023-09-12,06:06:00,delivered,Net Banking,6998.0,0,1259.64,8257.64,1,Mumbai,India
107127,19801,2023-11-19,02:40:00,delivered,COD,5999.0,0,1079.82,7078.82,1,Mumbai,India
107128,19802,2024-09-11,21:47:00,cancelled,Credit Card,16997.0,0,3059.46,20056.46,3,Mumbai,USA
107129,19802,2024-10-01,10:11:00,delivered,UPI,1198.0,0,215.64,1413.64,1,Mumbai,USA
107130,19802,2024-09-01,15:08:00,shipped,Debit Card,8998.0,0,1619.64,10617.64,2,Mumbai,USA
107131,19807,2023-04-20,15:39:00,delivered,UPI,1499.0,0,269.82,1768.82,1,Mumbai,India
107132,19807,2023-09-12,18:54:00,delivered,Debit Card,4998.0,0,899.64,5897.64,1,Mumbai,India
107133,19807,2023-08-06,13:54:00,delivered,Debit Card,2999.0,0,539.82,3538.82,1,Mumbai,India
107134,19807,2023-04-24,03:00:00,delivered,Debit Card,15418.68,0,2775.36,18194.04,4,Mumbai,India
107135,19811,2023-05-14,15:39:00,delivered,Credit Card,17079.78,0,3074.36,20154.14,4,Mumbai,India
107137,19821,2024-02-07,13:04:00,delivered,Debit Card,8998.0,0,1619.64,10617.64,1,Mumbai,USA
107138,19821,2024-03-16,01:14:00,delivered,Debit Card,4496.0,0,809.28,-5305.28,3,Mumbai,USA
107139,19821,2024-03-24,10:30:00,delivered,COD,29997.0,0,5399.46,35396.46,3,Mumbai,USA
107140,19821,2023-11-20,12:28:00,delivered,Wallet,1499.0,0,269.82,1768.82,1,Mumbai,USA
107141,19821,2024-01-27,05:30:00,delivered,Credit Card,1999.0,0,359.82,2358.82,1,Mumbai,USA
107142,19821,2023-12-16,20:18:00,shipped,Credit Card,11996.0,0,2159.28,14155.28,2,Mumbai,USA
107143,19821,2023-12-14,00:01:00,returned,Credit Card,699.0,49,125.82,873.82,1,Mumbai,USA
107144,19821,2024-02-02,01:43:00,delivered,Debit Card,2056.24,0,370.12,2426.36,2,Mumbai,USA
107145,19821,2024-04-03,04:09:00,delivered,Debit Card,599.0,99,107.82,805.82,1,Mumbai,USA
107146,19821,2024-04-23,03:30:00,pending,Debit Card,599.0,99,107.82,805.82,1,Mumbai,USA
107147,19821,2024-03-06,20:53:00,cancelled,UPI,3275.25,0,589.54,3864.79,4,Mumbai,USA
107148,19821,2024-06-17,21:05:00,delivered,Net Banking,1998.0,0,359.64,2357.64,2,Mumbai,USA
107149,19821,2023-12-27,09:52:00,delivered,Debit Card,4498.0,0,809.64,5307.64,2,Mumbai,USA
107150,19821,2024-04-13,06:31:00,delivered,UPI,599.0,149,107.82,855.82,1,Mumbai,USA
107151,19821,2024-05-03,23:16:00,delivered,Credit Card,199.0,49,35.82,283.82,1,Mumbai,USA
107152,19821,2024-02-29,09:16:00,processing,Credit Card,1398.0,0,251.64,1649.64,1,Mumbai,USA
107153,19821,2023-12-19,07:43:00,delivered,Wallet,8320.08,0,1497.61,9817.69,2,Mumbai,USA
107154,19821,2024-06-01,04:26:00,delivered,UPI,2032.63,0,365.87,2398.5,2,Mumbai,USA
107155,19821,2024-04-03,19:05:00,delivered,Net Banking,899.0,49,161.82,1109.82,1,Mumbai,USA
107157,19821,2024-04-29,02:17:00,delivered,UPI,4998.0,0,899.64,5897.64,2,Mumbai,USA
107158,19821,2023-11-10,17:32:00,delivered,Credit Card,2798.0,0,503.64,3301.64,2,Mumbai,USA
107159,19821,2024-01-11,04:37:00,cancelled,Credit Card,599.0,99,107.82,805.82,1,Mumbai,USA
107160,19821,2023-11-04,23:00:00,delivered,Wallet,4998.0,0,899.64,5897.64,1,Mumbai,USA
107161,19821,2023-12-01,17:52:00,delivered,UPI,7424.13,0,1336.34,8760.47,3,Mumbai,USA
107162,19821,2024-03-03,07:12:00,delivered,Debit Card,9597.0,0,1727.46,11324.46,2,Mumbai,USA
107163,19821,2024-01-09,22:41:00,processing,Net Banking,1499.0,0,269.82,1768.82,1,Mumbai,USA
107164,19821,2024-01-01,02:15:00,delivered,Debit Card,19495.0,0,3509.1,23004.1,3,Mumbai,USA
107165,19821,2024-04-20,23:26:00,processing,UPI,3205.09,0,576.92,3782.01,2,Mumbai,USA
107166,19821,2024-06-10,21:29:00,delivered,Credit Card,44593.0,0,8026.74,52619.74,5,Mumbai,USA
107167,19821,2023-11-25,12:36:00,delivered,Credit Card,18496.0,0,3329.28,21825.28,3,Mumbai,USA
107168,19821,2023-12-01,01:12:00,delivered,COD,499.0,49,89.82,637.82,1,Mumbai,USA
107169,19821,2023-12-16,15:54:00,delivered,Credit Card,28698.95,0,5165.81,33864.76,5,Mumbai,USA
107170,19821,2024-04-15,16:57:00,delivered,Credit Card,1896.0,0,341.28,2237.28,3,Mumbai,USA
107171,19821,2024-01-17,09:07:00,delivered,Net Banking,999.0,0,179.82,1178.82,1,Mumbai,USA
107172,19830,2023-02-02,01:15:00,delivered,Net Banking,4837.76,0,870.8,5708.56,2,Mumbai,India
107173,19830,2023-10-12,04:01:00,delivered,UPI,5999.0,0,1079.82,7078.82,1,Mumbai,India
107174,19830,2023-05-11,06:21:00,delivered,Credit Card,699.0,149,125.82,973.82,1,Mumbai,India
107175,19830,2023-05-11,13:36:00,delivered,Credit Card,8592.0,0,1546.56,10138.56,5,Mumbai,India
107176,19830,2023-12-08,08:16:00,delivered,Net Banking,33623.9,0,6052.3,39676.2,4,Mumbai,India
107177,19830,2023-09-03,01:34:00,delivered,Debit Card,15999.0,0,2879.82,18878.82,1,Mumbai,India
107178,19832,2023-05-01,09:57:00,shipped,Wallet,925.88,49,166.66,1141.54,1,Mumbai,India
107179,19834,2024-04-01,10:39:00,delivered,UPI,6998.0,0,1259.64,8257.64,2,Mumbai,India
107180,19837,2024-07-31,23:06:00,delivered,Wallet,567.23,99,102.1,768.33,1,Mumbai,Germany
107181,19837,2024-07-08,12:54:00,delivered,Debit Card,14094.0,0,2536.92,16630.92,4,Mumbai,Germany
107182,19837,2024-03-28,05:36:00,returned,Credit Card,1297.0,0,233.46,1530.46,2,Mumbai,Germany
107183,19844,2023-11-24,03:32:00,delivered,Credit Card,3496.0,0,629.28,4125.28,3,Mumbai,USA
107184,19848,2024-05-12,06:50:00,shipped,Credit Card,6496.0,0,1169.28,7665.28,3,Mumbai,Australia
107185,19848,2024-02-12,21:26:00,delivered,Debit Card,7839.18,0,1411.05,9250.23,5,Mumbai,Australia
107186,19848,2024-01-11,05:51:00,delivered,UPI,836.13,49,150.5,1035.63,1,Mumbai,Australia
107187,19848,2024-03-14,18:43:00,delivered,Debit Card,2175.99,0,391.68,2567.67,2,Mumbai,Australia
107188,19852,2024-01-16,19:53:00,delivered,Debit Card,10573.17,0,1903.17,12476.34,2,Mumbai,USA
107189,19852,2024-01-15,02:23:00,delivered,UPI,6316.18,0,1136.91,7453.09,1,Mumbai,USA
107190,19852,2024-04-25,05:34:00,processing,UPI,2999.0,0,539.82,3538.82,1,Mumbai,USA
107191,19852,2024-02-28,22:24:00,delivered,UPI,1310.46,0,235.88,1546.34,1,Mumbai,USA
107192,19852,2024-07-09,01:34:00,shipped,Debit Card,499.0,49,89.82,637.82,1,Mumbai,USA
107193,19852,2024-04-23,13:02:00,delivered,Credit Card,829.03,149,149.23,1127.26,1,Mumbai,USA
107194,19852,2024-03-18,07:33:00,shipped,Debit Card,1714.7,0,308.65,2023.35,2,Mumbai,USA
107195,19852,2024-03-21,12:37:00,delivered,Credit Card,799.0,49,143.82,991.82,1,Mumbai,USA
107196,19852,2024-05-06,13:33:00,delivered,Credit Card,3999.0,0,719.82,4718.82,1,Mumbai,USA
107197,19852,2024-03-30,06:49:00,delivered,Net Banking,1898.0,0,341.64,2239.64,2,Mumbai,USA
107198,19852,2024-02-09,05:41:00,returned,COD,6696.0,0,1205.28,7901.28,3,Mumbai,USA
107199,19852,2024-03-15,05:43:00,delivered,Debit Card,5498.0,0,989.64,6487.64,2,Mumbai,USA
107200,19852,2024-04-10,21:42:00,cancelled,COD,4997.0,0,899.46,5896.46,2,Mumbai,USA
107201,19852,2024-04-27,19:29:00,processing,Credit Card,21374.94,0,3847.49,25222.43,1,Mumbai,USA
107202,19852,2024-04-24,04:09:00,delivered,Credit Card,1999.0,0,359.82,2358.82,1,Mumbai,USA
107203,19852,2024-04-18,15:09:00,delivered,COD,4999.0,0,899.82,5898.82,1,Mumbai,USA
107204,19852,2024-03-29,00:23:00,returned,Credit Card,49998.0,0,8999.64,58997.64,1,Mumbai,USA
107205,19852,2024-04-29,23:46:00,delivered,Wallet,3396.0,0,611.28,4007.28,2,Mumbai,USA
107206,19852,2024-05-13,02:08:00,processing,UPI,16998.0,0,3059.64,20057.64,2,Mumbai,USA
107207,19852,2024-03-05,09:32:00,delivered,COD,1299.0,0,233.82,1532.82,1,Mumbai,USA
107208,19852,2024-02-29,15:44:00,delivered,Credit Card,8797.0,0,1583.46,10380.46,3,Mumbai,USA
107209,19852,2024-04-07,13:24:00,processing,Credit Card,15999.0,0,2879.82,18878.82,1,Mumbai,USA
107210,19852,2024-02-02,18:42:00,delivered,Debit Card,5465.07,0,983.71,6448.78,1,Mumbai,USA
107211,19852,2024-03-20,01:29:00,processing,UPI,899.0,149,161.82,1209.82,1,Mumbai,USA
107212,19852,2024-02-10,21:52:00,delivered,Debit Card,1998.0,0,359.64,2357.64,1,Mumbai,USA
107213,19852,2024-03-01,10:09:00,delivered,COD,799.0,149,143.82,1091.82,1,Mumbai,USA
107214,19852,2024-04-14,22:03:00,delivered,Credit Card,6558.02,0,1180.44,7738.46,2,Mumbai,USA
107215,19852,2024-02-25,11:31:00,shipped,Debit Card,599.0,99,107.82,805.82,1,Mumbai,USA
107216,19852,2024-02-10,18:41:00,delivered,Net Banking,899.0,49,161.82,1109.82,1,Mumbai,USA
107217,19852,2024-06-05,22:30:00,returned,Debit Card,4565.12,0,821.72,5386.84,2,Mumbai,USA
107218,19852,2024-05-08,15:12:00,delivered,Debit Card,14496.0,0,2609.28,17105.28,2,Mumbai,USA
107219,19852,2024-05-07,21:50:00,shipped,Credit Card,2499.0,0,449.82,2948.82,1,Mumbai,USA
107220,19852,2024-03-30,18:36:00,returned,Wallet,17063.18,0,3071.37,20134.55,4,Mumbai,USA
107221,19852,2024-03-24,18:44:00,delivered,UPI,8297.0,0,1493.46,9790.46,2,Mumbai,USA
107222,19852,2024-06-04,06:20:00,delivered,Credit Card,599.0,149,107.82,855.82,1,Mumbai,USA
107223,19852,2024-04-23,20:33:00,delivered,UPI,20495.0,0,3689.1,24184.1,4,Mumbai,USA
107224,19852,2024-05-05,04:45:00,delivered,Credit Card,51896.0,0,9341.28,61237.28,3,Mumbai,USA
107225,19852,2024-03-01,21:16:00,delivered,Credit Card,799.0,149,143.82,1091.82,1,Mumbai,USA
107226,19852,2024-06-13,10:31:00,cancelled,Wallet,7038.8,0,1266.98,8305.78,4,Mumbai,USA
107227,19852,2024-01-26,22:47:00,delivered,Credit Card,10082.94,0,1814.93,11897.87,3,Mumbai,USA
107228,19852,2024-03-10,21:05:00,delivered,UPI,48879.37,0,8798.29,57677.66,5,Mumbai,USA
107229,19852,2024-05-03,21:01:00,delivered,Credit Card,699.0,99,125.82,923.82,1,Mumbai,USA
107230,19852,2024-02-19,11:57:00,shipped,Credit Card,6998.0,0,1259.64,8257.64,1,Mumbai,USA
107231,19852,2024-03-11,22:43:00,delivered,Credit Card,4294.0,0,772.92,5066.92,3,Mumbai,USA
107232,19852,2024-04-20,23:37:00,delivered,UPI,19995.0,0,3599.1,23594.1,4,Mumbai,USA
107233,19852,2024-03-16,21:42:00,delivered,UPI,998.0,49,179.64,1226.64,2,Mumbai,USA
107234,19852,2024-05-06,18:49:00,delivered,COD,2297.0,0,413.46,2710.46,2,Mumbai,USA
107235,19852,2024-05-19,13:24:00,delivered,Credit Card,13998.0,0,2519.64,16517.64,2,Mumbai,USA
107236,19852,2024-03-26,08:53:00,delivered,Debit Card,2096.0,0,377.28,2473.28,3,Mumbai,USA
107237,19852,2024-06-28,19:44:00,delivered,UPI,7306.0,0,1315.08,8621.08,2,Mumbai,USA
107238,19852,2024-07-12,04:50:00,shipped,Credit Card,11998.0,0,2159.64,14157.64,1,Mumbai,USA
107239,19852,2024-03-09,22:59:00,delivered,COD,32597.0,0,5867.46,38464.46,2,Mumbai,USA
107240,19852,2024-04-08,15:44:00,delivered,UPI,1299.0,0,233.82,1532.82,1,Mumbai,USA
107241,19852,2024-03-16,20:17:00,delivered,COD,3396.0,0,611.28,4007.28,4,Mumbai,USA
107242,19852,2024-03-05,11:32:00,delivered,Wallet,14997.0,0,2699.46,17696.46,1,Mumbai,USA
107243,19852,2024-01-24,12:36:00,delivered,Wallet,4396.0,0,791.28,5187.28,3,Mumbai,USA
107244,19852,2024-04-11,07:34:00,delivered,Debit Card,11998.0,0,2159.64,14157.64,1,Mumbai,USA
107245,19852,2024-03-10,00:59:00,processing,Credit Card,7797.0,0,1403.46,9200.46,3,Mumbai,USA
107246,19852,2024-03-17,01:25:00,delivered,Wallet,8650.37,0,1557.07,10207.44,2,Mumbai,USA
107247,19852,2024-03-20,18:07:00,processing,UPI,4898.0,0,881.64,5779.64,2,Mumbai,USA
107248,19852,2024-03-24,01:54:00,shipped,Credit Card,15999.0,0,2879.82,18878.82,1,Mumbai,USA
107249,19852,2024-01-23,17:17:00,delivered,Debit Card,8998.0,0,1619.64,10617.64,1,Mumbai,USA
107250,19852,2024-06-24,04:05:00,delivered,Debit Card,3760.23,0,676.84,4437.07,2,Mumbai,USA
107251,19852,2024-03-24,00:39:00,delivered,Credit Card,33160.36,0,5968.86,39129.22,4,Mumbai,USA
107252,19852,2024-02-18,19:36:00,delivered,Credit Card,10196.0,0,1835.28,12031.28,3,Mumbai,USA
107253,19852,2024-02-28,09:05:00,delivered,Net Banking,2797.0,0,503.46,3300.46,2,Mumbai,USA
107254,19852,2024-05-29,01:39:00,delivered,Credit Card,4999.0,0,899.82,5898.82,1,Mumbai,USA
107255,19852,2024-04-07,05:55:00,shipped,Debit Card,1998.0,0,359.64,2357.64,1,Mumbai,USA
107256,19852,2024-02-18,08:52:00,delivered,Credit Card,2598.0,0,467.64,3065.64,2,Mumbai,USA
107257,19853,2024-05-09,15:10:00,delivered,UPI,799.0,99,143.82,1041.82,1,Mumbai,Singapore
107258,19856,2023-05-14,07:04:00,delivered,COD,1046.98,0,188.46,1235.44,1,Mumbai,India
107259,19856,2023-03-27,07:01:00,delivered,Credit Card,18496.0,0,3329.28,21825.28,4,Mumbai,India
107260,19856,2022-10-13,04:37:00,delivered,Credit Card,30529.58,0,5495.32,36024.9,4,Mumbai,India
107261,19865,2024-04-23,12:49:00,cancelled,Credit Card,5999.0,0,1079.82,7078.82,1,Mumbai,India
107262,19873,2023-08-27,07:12:00,delivered,Debit Card,6338.74,0,1140.97,7479.71,3,Mumbai,India
107263,19873,2023-12-29,06:07:00,delivered,Credit Card,8188.89,0,1474.0,9662.89,4,Mumbai,India
107264,19873,2024-01-09,05:40:00,delivered,UPI,799.0,149,143.82,1091.82,1,Mumbai,India
107265,19877,2024-02-11,20:03:00,delivered,Debit Card,3384.35,0,609.18,3993.53,2,Mumbai,India
107266,19884,2022-07-04,08:56:00,delivered,UPI,7997.0,0,1439.46,9436.46,3,Mumbai,India
107267,19884,2023-03-11,23:27:00,delivered,Credit Card,7597.0,0,1367.46,8964.46,2,Mumbai,India
107268,19884,2023-01-14,08:03:00,cancelled,UPI,4897.0,0,881.46,5778.46,2,Mumbai,India
107269,19884,2022-08-29,04:25:00,delivered,UPI,4499.0,0,809.82,5308.82,1,Mumbai,India
107270,19884,2023-03-31,15:50:00,delivered,Wallet,14194.82,0,2555.07,16749.89,2,Mumbai,India
107271,19884,2022-09-11,03:41:00,delivered,Wallet,3163.66,0,569.46,3733.12,1,Mumbai,India
107272,19893,2022-12-06,00:10:00,delivered,Net Banking,6304.76,0,1134.86,7439.62,2,Mumbai,USA
107274,19897,2024-10-22,01:58:00,delivered,Debit Card,5999.0,0,1079.82,7078.82,1,Mumbai,India
107275,19897,2024-10-24,01:01:00,delivered,COD,598.0,49,107.64,754.64,1,Mumbai,India
107276,19897,2024-10-17,22:53:00,delivered,Wallet,899.0,49,161.82,1109.82,1,Mumbai,India
107278,19897,2024-10-19,23:03:00,delivered,Credit Card,2992.83,0,538.71,3531.54,2,Mumbai,India
107279,19898,2024-02-28,15:18:00,delivered,Debit Card,17095.37,0,3077.17,20172.54,5,Mumbai,India
107280,19901,2023-03-12,21:00:00,delivered,Credit Card,8586.46,0,1545.56,10132.02,5,Mumbai,India
107281,19901,2022-07-13,09:14:00,delivered,Credit Card,5129.3,0,923.27,6052.57,2,Mumbai,India
107282,19901,2023-01-11,11:39:00,delivered,Credit Card,29897.37,0,5381.53,35278.9,4,Mumbai,India
107283,19901,2022-06-25,16:41:00,delivered,Debit Card,4372.76,0,787.1,5159.86,2,Mumbai,India
107284,19901,2022-09-16,23:05:00,delivered,Debit Card,299.0,149,53.82,501.82,1,Mumbai,India
107285,19903,2022-09-23,04:55:00,returned,Debit Card,5999.0,0,1079.82,7078.82,1,Mumbai,USA
107286,19905,2023-11-27,00:59:00,processing,UPI,3357.06,0,604.27,3961.33,2,Mumbai,India
107287,19912,2024-04-20,06:31:00,delivered,Debit Card,2143.41,0,385.81,2529.22,1,Mumbai,USA
107288,19919,2023-07-23,06:05:00,delivered,Net Banking,999.0,0,179.82,1178.82,1,Mumbai,India
107289,,2024-02-02,04:20:00,returned,UPI,4456.8,0,802.22,5259.02,3,Mumbai,India
107290,19919,2023-01-06,08:15:00,shipped,Credit Card,6746.18,0,1214.31,7960.49,2,Mumbai,India
107291,19927,2024-08-01,10:28:00,delivered,COD,699.0,99,125.82,923.82,1,Mumbai,India
107292,19927,2024-08-15,14:35:00,delivered,Debit Card,6498.0,0,1169.64,7667.64,2,Mumbai,India
107293,19927,2024-08-03,01:05:00,delivered,Wallet,4998.0,0,899.64,5897.64,1,Mumbai,India
107294,19927,2024-09-09,13:53:00,processing,Debit Card,4999.0,0,899.82,5898.82,1,Mumbai,India
107295,19927,2024-08-01,12:16:00,delivered,Credit Card,899.0,149,161.82,1209.82,1,Mumbai,India
107296,19927,2024-08-20,19:24:00,delivered,UPI,11792.0,0,2122.56,13914.56,5,Mumbai,India
107297,19927,2024-07-30,17:40:00,delivered,Debit Card,1798.0,0,323.64,2121.64,1,Mumbai,India
107298,19927,2024-08-21,06:55:00,processing,UPI,2998.0,0,539.64,3537.64,1,Mumbai,India
107299,19927,2024-08-08,01:00:00,delivered,Wallet,799.0,49,143.82,991.82,1,Mumbai,India
107300,19927,2024-08-04,13:13:00,delivered,Debit Card,12999.0,0,2339.82,15338.82,1,Mumbai,India
107301,19927,2024-08-02,05:28:00,shipped,Credit Card,18693.0,0,3364.74,22057.74,4,Mumbai,India
107302,19927,2024-08-05,19:02:00,delivered,Credit Card,6498.0,0,1169.64,7667.64,2,Mumbai,India
107303,19927,2024-09-05,01:22:00,delivered,UPI,2097.0,0,377.46,2474.46,1,Mumbai,India
107304,19927,2024-08-17,17:01:00,delivered,Wallet,2998.0,0,539.64,3537.64,2,Mumbai,India
107305,19927,2024-08-12,03:36:00,shipped,Debit Card,629.96,149,113.39,892.35,1,Mumbai,India
107306,19927,2024-08-07,05:42:00,delivered,Credit Card,26202.64,0,4716.48,30919.12,3,Mumbai,India
107307,19927,2024-08-04,07:29:00,delivered,Debit Card,1898.0,0,341.64,2239.64,2,Mumbai,India
107308,19927,2024-08-05,15:40:00,processing,Credit Card,999.0,0,179.82,1178.82,1,Mumbai,India
107309,19927,2024-08-23,03:04:00,delivered,UPI,12999.0,0,2339.82,15338.82,1,Mumbai,India
107310,19927,2024-07-26,16:55:00,delivered,UPI,1347.86,0,242.61,1590.47,1,Mumbai,India
107311,19927,2024-08-23,06:16:00,shipped,Debit Card,5125.47,0,922.58,6048.05,2,Mumbai,India
107312,,2024-08-28,06:08:00,returned,Credit Card,4998.0,0,899.64,5897.64,1,Mumbai,India
107313,19927,2024-08-22,15:23:00,delivered,Debit Card,2999.0,0,539.82,3538.82,1,Mumbai,India
107314,19927,2024-09-06,19:27:00,delivered,Credit Card,1198.0,0,215.64,1413.64,1,Mumbai,India
107315,19927,2024-09-11,13:50:00,delivered,Net Banking,23794.0,0,4282.92,28076.92,5,Mumbai,India
107316,19927,2024-09-24,13:47:00,returned,UPI,5999.0,0,1079.82,7078.82,1,Mumbai,India
107317,19927,2024-08-18,04:30:00,delivered,Credit Card,7236.27,0,1302.53,8538.8,2,Mumbai,India
107318,19931,2023-07-08,13:56:00,delivered,UPI,1176.37,0,211.75,1388.12,1,Mumbai,UK
107319,19953,2024-03-25,05:31:00,delivered,Credit Card,8497.0,0,1529.46,10026.46,2,Mumbai,USA
107320,19955,2024-07-09,17:07:00,delivered,UPI,5596.0,0,1007.28,-6603.28,2,Mumbai,India
107321,19967,2022-12-16,22:05:00,delivered,Debit Card,50511.16,0,9092.01,59603.17,2,Mumbai,Australia
107322,19968,2024-02-09,02:22:00,processing,UPI,3499.0,0,629.82,4128.82,1,Mumbai,UK
107323,19968,2024-01-27,11:32:00,delivered,Credit Card,7688.72,0,1383.97,9072.69,3,Mumbai,UK
107324,19968,2024-06-12,17:32:00,delivered,Debit Card,1846.31,0,332.34,2178.65,2,Mumbai,UK
107325,19968,2024-01-21,07:15:00,returned,UPI,2499.0,0,449.82,2948.82,1,Mumbai,UK
107326,19968,2024-03-03,18:59:00,delivered,COD,1698.0,0,305.64,2003.64,2,Mumbai,UK
107327,19968,2024-03-29,08:55:00,processing,Wallet,599.0,149,107.82,855.82,1,Mumbai,UK
107328,19968,2024-03-09,12:57:00,shipped,Debit Card,1999.0,0,359.82,2358.82,1,Mumbai,UK
107329,19968,2024-03-08,14:48:00,processing,Credit Card,926.64,49,166.8,1142.44,1,Mumbai,UK
107330,19968,2024-03-26,17:49:00,delivered,COD,11395.0,0,2051.1,13446.1,4,Mumbai,UK
107331,19968,2024-01-30,09:07:00,cancelled,Credit Card,5598.0,0,1007.64,6605.64,2,Mumbai,UK
107332,19968,2024-04-18,07:32:00,cancelled,Credit Card,899.0,99,161.82,1159.82,1,Mumbai,UK
107333,19968,2024-03-10,00:38:00,delivered,UPI,3498.0,0,629.64,4127.64,2,Mumbai,UK
107334,19968,2024-02-16,14:54:00,delivered,Net Banking,31296.0,0,5633.28,36929.28,4,Mumbai,UK
107335,19968,2024-01-20,15:15:00,delivered,Wallet,1398.0,0,251.64,1649.64,1,Mumbai,UK
107336,19968,2024-01-19,20:01:00,delivered,Wallet,3499.0,0,629.82,4128.82,1,Mumbai,UK
107337,19968,2024-02-07,22:13:00,delivered,Debit Card,11146.11,0,2006.3,13152.41,5,Mumbai,UK
107338,19968,2024-01-18,00:01:00,delivered,UPI,6998.0,0,1259.64,8257.64,1,Mumbai,UK
107339,19968,2024-02-22,22:42:00,shipped,UPI,11998.0,0,2159.64,14157.64,1,Mumbai,UK
107340,19968,2024-01-30,07:15:00,delivered,Wallet,7999.0,0,1439.82,9438.82,1,Mumbai,UK
107341,19968,2024-02-28,02:07:00,cancelled,Credit Card,999.0,0,179.82,1178.82,1,Mumbai,UK
107342,19968,2024-05-29,17:49:00,delivered,Credit Card,7176.4,0,1291.75,8468.15,4,Mumbai,UK
107343,19968,2024-06-07,15:14:00,delivered,Wallet,19028.49,0,3425.13,22453.62,4,Mumbai,UK
107344,19968,2024-02-21,15:49:00,pending,Wallet,1998.0,0,359.64,2357.64,1,Mumbai,UK
107345,19968,2024-01-18,04:06:00,delivered,Debit Card,15999.0,0,2879.82,18878.82,1,Mumbai,UK
107346,19970,2024-03-18,04:59:00,delivered,Net Banking,4497.0,0,809.46,5306.46,1,Mumbai,Canada
107347,19970,2023-10-18,20:10:00,delivered,Credit Card,3499.0,0,629.82,4128.82,1,Mumbai,Canada
107348,19970,2024-02-27,07:43:00,delivered,Credit Card,4798.0,0,863.64,5661.64,2,Mumbai,Canada
107349,19970,2024-03-23,19:41:00,shipped,Credit Card,13998.0,0,2519.64,16517.64,2,Mumbai,Canada
107350,19970,2024-03-24,13:12:00,cancelled,UPI,498.0,99,89.64,686.64,2,Mumbai,Canada
107351,19970,2024-04-13,13:04:00,delivered,UPI,6596.0,0,1187.28,7783.28,2,Mumbai,Canada
107352,19970,2023-08-10,17:39:00,delivered,Credit Card,799.0,149,143.82,1091.82,1,Mumbai,Canada
107353,19970,2023-11-09,08:43:00,delivered,Wallet,3400.69,0,612.12,4012.81,2,Mumbai,Canada
107354,19970,2023-11-25,04:12:00,delivered,Credit Card,4998.0,0,899.64,5897.64,1,Mumbai,Canada
107356,19970,2023-09-16,11:33:00,delivered,Credit Card,10295.0,0,1853.1,12148.1,3,Mumbai,Canada
107357,19970,2023-10-08,13:35:00,delivered,Credit Card,5497.0,0,989.46,6486.46,2,Mumbai,Canada
107358,19970,2024-02-28,04:16:00,delivered,Wallet,1642.62,0,295.67,1938.29,1,Mumbai,Canada
107360,19972,2024-08-31,18:03:00,delivered,Debit Card,25298.0,0,4553.64,29851.64,2,Mumbai,UK
107361,19972,2024-07-13,08:24:00,delivered,UPI,1299.0,0,233.82,1532.82,1,Mumbai,UK
107362,19972,2024-06-24,11:37:00,delivered,Wallet,3196.0,0,575.28,3771.28,2,Mumbai,UK
107363,19982,2022-04-26,23:17:00,returned,Debit Card,4498.0,0,809.64,5307.64,2,Mumbai,UK
107364,19982,2023-09-17,05:42:00,cancelled,Credit Card,1598.0,0,287.64,1885.64,1,Mumbai,UK
107365,19982,2022-06-16,08:39:00,delivered,Net Banking,1298.0,0,233.64,1531.64,2,Mumbai,UK
107367,19982,2023-06-28,20:40:00,processing,Credit Card,273.38,149,49.21,471.59,1,Mumbai,UK
107368,19982,2022-06-22,15:15:00,delivered,COD,4995.0,0,899.1,5894.1,3,Mumbai,UK
107369,19983,2024-01-21,08:02:00,processing,UPI,6497.0,0,1169.46,7666.46,2,Mumbai,Australia
107370,19983,2024-02-05,12:21:00,delivered,UPI,3499.0,0,629.82,4128.82,1,Mumbai,Australia
107371,19983,2024-04-19,00:14:00,delivered,Credit Card,540.18,99,97.23,736.41,1,Mumbai,Australia
107372,19983,2024-03-27,16:42:00,returned,Credit Card,28130.38,0,5063.47,33193.85,5,Mumbai,Australia
107373,19992,2024-04-07,07:36:00,delivered,Debit Card,2498.0,0,449.64,2947.64,2,Mumbai,Singapore
107374,19992,2024-02-04,08:40:00,returned,Debit Card,1803.31,0,324.6,2127.91,2,Mumbai,Singapore
107375,19992,2023-10-12,06:16:00,delivered,Debit Card,15932.98,0,2867.94,18800.92,2,Mumbai,Singapore
107376,19992,2024-02-18,16:22:00,delivered,UPI,4197.0,0,755.46,4952.46,3,Mumbai,Singapore
107377,19992,2023-10-26,05:46:00,delivered,UPI,2499.0,0,449.82,2948.82,1,Mumbai,Singapore
107378,19992,2024-01-08,14:38:00,processing,Debit Card,7497.0,0,1349.46,8846.46,3,Mumbai,Singapore
107379,19992,2023-09-11,04:37:00,delivered,Debit Card,5998.0,0,1079.64,7077.64,1,Mumbai,Singapore
107380,19997,2024-08-01,15:35:00,delivered,UPI,4796.0,0,863.28,-5659.28,3,Mumbai,Germany
107381,19998,2023-06-29,13:51:00,delivered,Wallet,699.0,99,125.82,923.82,1,Mumbai,Canada
107382,19998,2023-05-23,16:18:00,shipped,Credit Card,499.0,149,89.82,737.82,1,Mumbai,Canada
107383,19998,2023-04-15,00:19:00,delivered,Credit Card,37967.92,0,6834.23,44802.15,5,Mumbai,Canada
107384,19998,2023-09-14,19:39:00,delivered,UPI,1998.0,0,359.64,2357.64,1,Mumbai,Canada
107385,19998,2023-06-17,13:30:00,shipped,Net Banking,6105.96,0,1099.07,7205.03,2,Mumbai,Canada
107386,19998,2023-06-30,17:25:00,delivered,Wallet,1299.0,0,233.82,1532.82,1,Mumbai,Canada
107387,19998,2023-12-03,21:12:00,processing,Credit Card,24214.64,0,4358.64,28573.28,1,Mumbai,Canada
107388,19998,2023-04-22,15:58:00,delivered,Net Banking,13014.0,0,2342.52,15356.52,3,Mumbai,Canada
107389,19998,2024-03-04,14:11:00,delivered,Wallet,6997.0,0,1259.46,8256.46,2,Mumbai,Canada
107390,19998,2023-10-25,19:53:00,shipped,Debit Card,3261.56,0,587.08,3848.64,3,Mumbai,Canada
107391,19998,2023-06-06,18:54:00,shipped,UPI,2999.0,0,539.82,3538.82,1,Mumbai,Canada
107392,19998,2024-02-16,08:36:00,delivered,Net Banking,499.0,99,89.82,687.82,1,Mumbai,Canada
107393,19998,2023-05-23,03:11:00,cancelled,Debit Card,17998.0,0,3239.64,21237.64,2,Mumbai,Canada
107394,19998,2023-10-08,06:54:00,delivered,Credit Card,1298.0,0,233.64,1531.64,2,Mumbai,Canada
107395,19998,2023-09-29,00:32:00,delivered,Credit Card,15760.96,0,2836.97,18597.93,4,Mumbai,Canada
107396,19999,2023-12-29,06:01:00,cancelled,Debit Card,3797.0,0,683.46,4480.46,2,Mumbai,India
