order_item_id,order_id,product_id,quantity,unit_price,discount_percent,item_total
100001-1,100001,P3003,2,515.91,13.9,1031.82
100002-1,100002,P6003,1,1999.0,0,1999.0
100003-1,100003,P3006,1,999.0,0,999.0
100004-1,100004,P8001,2,499.0,0,998.0
100005-1,100005,P1002,1,299.0,0,299.0
100005-2,100005,P5001,2,5500.86,8.3,11001.72
100006-1,100006,P6004,2,1499.0,0,2998.0
100006-2,100006,P5001,1,5999.0,0,5999.0
100007-1,100007,P4002,2,4999.0,0,9998.0
100007-2,100007,P8003,1,799.0,0,799.0
100008-1,100008,P7003,1,999.0,0,999.0
100009-1,100009,P1001,1,599.0,0,599.0
100010-1,100010,P5002,2,3499.0,0,6998.0
100011-1,100011,P5001,1,5999.0,0,5999.0
100011-2,100011,P2005,1,799.0,0,799.0
100012-1,100012,P1004,1,799.0,0,799.0
100013-1,100013,P2002,2,24999.0,0,49998.0
100014-1,100014,P4005,1,3499.0,0,3499.0
100015-1,100015,P1006,2,648.84,7.2,1297.68
100016-1,100016,P8002,1,512.08,14.5,512.08
100016-2,100016,P1001,2,599.0,0,1198.0
100016-3,100016,P3001,2,999.0,0,1998.0
100016-4,100016,P1005,1,1299.0,0,1299.0
100016-5,100016,P4001,1,6873.92,14.1,6873.92
100017-1,100017,P1010,1,784.04,12.8,784.04
100017-2,100017,P4002,1,4455.48,10.9,4455.48
100018-1,100018,P7004,1,599.0,0,599.0
100019-1,100019,P3006,2,999.0,0,1998.0
100019-2,100019,P7004,1,599.0,0,599.0
100020-1,100020,P2006,2,4999.0,0,9998.0
100021-1,100021,P8005,1,899.0,0,899.0
100021-2,100021,P1001,1,522.23,12.8,522.23
100022-1,100022,P3005,1,699.0,0,699.0
100022-2,100022,P4004,1,5999.0,0,5999.0
100023-1,100023,P2005,2,799.0,0,1598.0
100024-1,100024,P1005,2,1114.44,14.2,2228.88
100024-2,100024,P2005,1,799.0,0,799.0
100024-3,100024,P5002,1,3499.0,0,3499.0
100025-1,100025,P5005,1,1999.0,0,1999.0
100025-2,100025,P4002,2,4560.91,8.8,9121.82
100026-1,100026,P8003,1,799.0,0,799.0
100027-1,100027,P4001,1,7999.0,0,7999.0
100027-2,100027,P5005,1,1999.0,0,1999.0
100027-3,100027,P3001,3,999.0,0,2997.0
100028-1,100028,P2005,1,684.0,14.4,684.0
100029-1,100029,P3004,3,187.21,5.9,561.63
100030-1,100030,P3004,1,199.0,0,199.0
100031-1,100031,P6003,1,1999.0,0,1999.0
100031-2,100031,P7004,1,599.0,0,599.0
100031-3,100031,P8001,1,499.0,0,499.0
100031-4,100031,P3007,3,1299.0,0,3897.0
100032-1,100032,P7003,1,901.14,9.8,901.14
100033-1,100033,P3007,1,1299.0,0,1299.0
100034-1,100034,P2001,1,15999.0,0,15999.0
100034-2,100034,P1002,1,265.29,11.3,265.29
100034-3,100034,P6002,1,811.05,9.8,811.05
100034-4,100034,P1006,1,699.0,0,699.0
100036-1,100036,P1001,1,599.0,0,599.0
100036-2,100036,P8004,1,999.0,0,999.0
100037-1,100037,P1006,1,594.75,14.9,594.75
100039-1,100039,P1001,2,599.0,0,1198.0
100040-1,100040,P2003,2,1499.0,0,2998.0
100040-2,100040,P6004,2,1499.0,0,2998.0
100041-1,100041,P1006,1,699.0,0,699.0
100041-2,100041,P5001,2,5999.0,0,11998.0
100041-3,100041,P8002,1,599.0,0,599.0
100041-4,100041,P6002,1,842.01,6.3,842.01
100044-1,100044,P7003,1,999.0,0,999.0
100044-2,100044,P5004,1,4069.29,9.6,4069.29
100044-3,100044,P6001,3,2499.0,0,7497.0
100044-4,100044,P3004,3,199.0,0,597.0
100045-1,100045,P5004,2,4499.0,0,8998.0
100046-1,100046,P3004,1,181.81,8.6,181.81
100047-1,100047,P7002,1,1353.8,9.7,1353.8
100047-2,100047,P3001,1,999.0,0,999.0
100047-3,100047,P1005,2,1299.0,0,2598.0
100048-1,100048,P3004,2,199.0,0,398.0
100049-1,100049,P1009,1,12999.0,0,12999.0
100051-1,100051,P1009,1,12999.0,0,12999.0
100052-1,100052,P5002,1,3273.96,6.4,3273.96
100052-2,100052,P2004,1,999.0,0,999.0
100053-1,100053,P6002,2,899.0,0,1798.0
100053-2,100053,P2002,1,24999.0,0,24999.0
100054-1,100054,P2006,1,4999.0,0,4999.0
100054-2,100054,P4003,1,1999.0,0,1999.0
100054-3,100054,P3004,1,199.0,0,199.0
100056-1,100056,P8004,2,999.0,0,1998.0
100057-1,100057,P7004,1,535.53,10.6,535.53
100058-1,100058,P3007,2,1215.24,6.4,2430.48
100059-1,100059,P1007,2,3999.0,0,7998.0
100060-1,100060,P7002,1,1499.0,0,1499.0
100061-1,100061,P8002,2,599.0,0,1198.0
100061-2,100061,P1001,1,599.0,0,599.0
100061-3,100061,P2005,1,799.0,0,799.0
100062-1,100062,P4003,1,1882.99,5.8,1882.99
100062-2,100062,P3002,1,2499.0,0,2499.0
100063-1,100063,P6004,1,1499.0,0,1499.0
100064-1,100064,P8004,3,999.0,0,2997.0
100065-1,100065,P8005,2,821.84,8.6,1643.68
100065-2,100065,P8003,2,799.0,0,1598.0
100065-3,100065,P2006,2,4999.0,0,9998.0
100066-1,100066,P5005,1,1999.0,0,1999.0
100066-2,100066,P8002,1,560.94,6.4,560.94
100067-1,100067,P3004,1,176.48,11.3,176.48
100069-1,100069,P8001,2,499.0,0,998.0
100069-2,100069,P2004,1,924.14,7.5,924.14
100069-3,100069,P2002,2,24999.0,0,49998.0
100070-1,100070,P5001,1,5999.0,0,5999.0
100070-2,100070,P1009,3,12999.0,0,38997.0
100070-3,100070,P2003,1,1499.0,0,1499.0
100071-1,100071,P2002,2,24999.0,0,49998.0
100072-1,100072,P7002,1,1410.97,5.9,1410.97
100072-2,100072,P8005,1,794.86,11.6,794.86
100073-1,100073,P3003,1,567.49,5.3,567.49
100073-2,100073,P4003,1,1999.0,0,1999.0
100073-3,100073,P1006,1,699.0,0,699.0
100073-4,100073,P7001,1,2999.0,0,2999.0
100073-5,100073,P8004,1,859.94,13.9,859.94
100074-1,100074,P1001,1,599.0,0,599.0
100075-1,100075,P4002,2,4999.0,0,9998.0
100076-1,100076,P1007,2,3999.0,0,7998.0
100077-1,100077,P3001,1,999.0,0,999.0
100077-2,100077,P5005,1,1884.34,5.7,1884.34
100078-1,100078,P7002,2,1499.0,0,2998.0
100079-1,100079,P3001,1,999.0,0,999.0
100080-1,100080,P6001,2,2238.51,10.4,4477.02
100080-2,100080,P8003,2,700.47,12.3,1400.94
100081-1,100081,P4004,1,5999.0,0,5999.0
100081-2,100081,P8005,2,899.0,0,1798.0
100082-1,100082,P2001,1,15999.0,0,15999.0
100083-1,100083,P6001,1,2499.0,0,2499.0
100084-1,100084,P1010,2,899.0,0,1798.0
100085-1,100085,P8002,1,599.0,0,599.0
100086-1,100086,P8001,1,499.0,0,499.0
100086-2,100086,P8002,2,599.0,0,1198.0
100086-3,100086,P3005,1,699.0,0,699.0
100086-4,100086,P5004,1,4039.74,10.2,4039.74
100087-1,100087,P4004,3,5999.0,0,17997.0
100088-1,100088,P3003,3,599.0,0,1797.0
100088-2,100088,P6001,1,2337.77,6.5,2337.77
100090-1,100090,P4003,1,1999.0,0,1999.0
100092-1,100092,P8001,2,499.0,0,998.0
100092-2,100092,P6003,1,1999.0,0,1999.0
100094-1,100094,P8003,1,799.0,0,799.0
100095-1,100095,P8002,1,599.0,0,599.0
100096-1,100096,P7004,1,599.0,0,599.0
100096-2,100096,P2004,2,941.6,5.7,1883.2
100097-1,100097,P2003,1,1499.0,0,1499.0
100098-1,100098,P4002,1,4369.69,12.6,4369.69
100099-1,100099,P8004,1,999.0,0,999.0
100100-1,100100,P8002,1,599.0,0,599.0
100100-2,100100,P6003,1,1999.0,0,1999.0
100100-3,100100,P5003,2,699.0,0,1398.0
100100-4,100100,P1005,1,1209.11,6.9,1209.11
100101-1,100101,P4004,1,5999.0,0,5999.0
100102-1,100102,P8002,1,599.0,0,599.0
100103-1,100103,P2003,1,1499.0,0,1499.0
100104-1,100104,P1010,1,899.0,0,899.0
100105-1,100105,P1009,1,12999.0,0,12999.0
100105-2,100105,P2003,1,1499.0,0,1499.0
100106-1,100106,P5005,1,1999.0,0,1999.0
100106-2,100106,P8002,3,513.25,14.3,1539.75
100107-1,100107,P2002,2,24999.0,0,49998.0
100107-2,100107,P1001,1,599.0,0,599.0
100109-1,100109,P7002,1,1499.0,0,1499.0
100110-1,100110,P7004,1,599.0,0,599.0
100112-1,100112,P2003,1,1499.0,0,1499.0
100112-2,100112,P6003,1,1999.0,0,1999.0
100112-3,100112,P5004,1,4499.0,0,4499.0
100112-4,100112,P4002,2,4999.0,0,9998.0
100113-1,100113,P2005,1,799.0,0,799.0
100114-1,100114,P6003,1,1999.0,0,1999.0
100114-2,100114,P8004,2,999.0,0,1998.0
100115-1,100115,P3002,1,2157.01,13.7,2157.01
100115-2,100115,P1002,1,262.89,12.1,262.89
100116-1,100116,P6003,1,1999.0,0,1999.0
100116-2,100116,P7001,2,2999.0,0,5998.0
100117-1,100117,P3007,1,1299.0,0,1299.0
100117-2,100117,P3004,2,199.0,0,398.0
100119-1,100119,P3006,1,999.0,0,999.0
100119-2,100119,P8004,3,892.09,10.7,2676.27
100120-1,100120,P8002,1,530.57,11.4,530.57
100121-1,100121,P2002,1,24999.0,0,24999.0
100121-2,100121,P2006,1,4603.18,7.9,4603.18
100122-1,100122,P4004,1,5999.0,0,5999.0
100122-2,100122,P3001,1,999.0,0,999.0
100122-3,100122,P1010,2,820.14,8.8,1640.28
100123-1,100123,P3001,3,999.0,0,2997.0
100124-1,100124,P6002,2,899.0,0,1798.0
100125-1,100125,P5002,1,3499.0,0,3499.0
100125-2,100125,P6001,1,2499.0,0,2499.0
100125-3,100125,P5005,1,1999.0,0,1999.0
100125-4,100125,P1008,1,1499.0,0,1499.0
100126-1,100126,P5005,1,1999.0,0,1999.0
100127-1,100127,P3001,3,999.0,0,2997.0
100128-1,100128,P8004,1,999.0,0,999.0
100129-1,100129,P7001,2,2999.0,0,5998.0
100131-1,100131,P3001,1,999.0,0,999.0
100131-2,100131,P1003,1,2370.83,5.1,2370.83
100132-1,100132,P6001,1,2266.67,9.3,2266.67
100133-1,100133,P4003,1,1999.0,0,1999.0
100133-2,100133,P3002,1,2499.0,0,2499.0
100133-3,100133,P2005,1,799.0,0,799.0
100134-1,100134,P4002,2,4999.0,0,9998.0
100134-2,100134,P3004,1,199.0,0,199.0
100135-1,100135,P5002,1,3124.5,10.7,3124.5
100136-1,100136,P2006,2,4529.59,9.4,9059.18
100136-2,100136,P2004,2,999.0,0,1998.0
100137-1,100137,P1005,2,1218.42,6.2,2436.84
100138-1,100138,P1004,1,799.0,0,799.0
100139-1,100139,P2006,1,4999.0,0,4999.0
100140-1,100140,P6003,1,1999.0,0,1999.0
100142-1,100142,P8005,1,899.0,0,899.0
100143-1,100143,P6003,1,1999.0,0,1999.0
100144-1,100144,P1002,1,299.0,0,299.0
100145-1,100145,P3002,1,2499.0,0,2499.0
100146-1,100146,P5002,3,3499.0,0,10497.0
100146-2,100146,P4001,1,7999.0,0,7999.0
100146-3,100146,P7004,2,599.0,0,1198.0
100147-1,100147,P1005,2,1299.0,0,2598.0
100147-2,100147,P1008,2,1392.59,7.1,2785.18
100147-3,100147,P6004,1,1499.0,0,1499.0
100147-4,100147,P5004,1,4499.0,0,4499.0
100148-1,100148,P8005,1,899.0,0,899.0
100149-1,100149,P6002,1,899.0,0,899.0
100150-1,100150,P2005,2,799.0,0,1598.0
100150-2,100150,P5002,1,3499.0,0,3499.0
100150-3,100150,P5004,1,4499.0,0,4499.0
100151-1,100151,P2002,1,21724.91,13.1,21724.91
100151-2,100151,P4004,1,5999.0,0,5999.0
100151-3,100151,P1005,1,1108.03,14.7,1108.03
100151-4,100151,P8002,1,599.0,0,599.0
100151-5,100151,P1010,1,899.0,0,899.0
100152-1,100152,P8001,1,499.0,0,499.0
100152-2,100152,P2005,1,718.35,10.1,718.35
100152-3,100152,P2002,2,24999.0,0,49998.0
100153-1,100153,P1008,2,1391.26,7.2,2782.52
100153-2,100153,P1009,1,12999.0,0,12999.0
100153-3,100153,P8004,1,999.0,0,999.0
100154-1,100154,P4004,2,5999.0,0,11998.0
100155-1,100155,P4005,1,3499.0,0,3499.0
100155-2,100155,P8005,2,899.0,0,1798.0
100156-1,100156,P1007,2,3999.0,0,7998.0
100156-2,100156,P2001,2,15999.0,0,31998.0
100158-1,100158,P3007,1,1299.0,0,1299.0
100159-1,100159,P6002,1,850.76,5.4,850.76
100160-1,100160,P2001,1,15999.0,0,15999.0
100160-2,100160,P1008,1,1499.0,0,1499.0
100160-3,100160,P4001,1,7999.0,0,7999.0
100161-1,100161,P5004,1,4499.0,0,4499.0
100161-2,100161,P6003,1,1999.0,0,1999.0
100161-3,100161,P3003,1,599.0,0,599.0
100161-4,100161,P3001,1,999.0,0,999.0
100163-1,100163,P6001,1,2329.9,6.8,2329.9
100164-1,100164,P2003,2,1499.0,0,2998.0
100165-1,100165,P3007,1,1299.0,0,1299.0
100166-1,100166,P1004,1,799.0,0,799.0
100167-1,100167,P2002,2,24999.0,0,49998.0
100167-2,100167,P6001,1,2499.0,0,2499.0
100168-1,100168,P1010,2,899.0,0,1798.0
100168-2,100168,P8002,1,599.0,0,599.0
100168-3,100168,P8005,1,899.0,0,899.0
100168-4,100168,P4005,1,3499.0,0,3499.0
100169-1,100169,P8004,2,999.0,0,1998.0
100169-2,100169,P3002,1,2499.0,0,2499.0
100170-1,100170,P3004,1,171.58,13.8,171.58
100171-1,100171,P8001,1,499.0,0,499.0
100171-2,100171,P7001,1,2553.3,14.9,2553.3
100172-1,100172,P5001,1,5541.12,7.6,5541.12
100173-1,100173,P2003,2,1357.14,9.5,2714.28
100174-1,100174,P8005,1,899.0,0,899.0
100175-1,100175,P8001,1,499.0,0,499.0
100175-2,100175,P5001,2,5149.18,14.2,10298.36
100176-1,100176,P5001,1,5999.0,0,5999.0
100176-2,100176,P7002,2,1499.0,0,2998.0
100176-3,100176,P7003,2,999.0,0,1998.0
100178-1,100178,P2005,1,799.0,0,799.0
100178-2,100178,P4001,1,7999.0,0,7999.0
100180-1,100180,P4001,2,6936.09,13.3,13872.18
100181-1,100181,P2006,2,4999.0,0,9998.0
100181-2,100181,P3004,2,199.0,0,398.0
100181-3,100181,P8003,2,799.0,0,1598.0
100182-1,100182,P6002,1,899.0,0,899.0
100183-1,100183,P3005,1,699.0,0,699.0
100183-2,100183,P4005,1,3499.0,0,3499.0
100183-3,100183,P6001,2,2499.0,0,4998.0
100184-1,100184,P4002,1,4515.55,9.7,4515.55
100184-2,100184,P3006,1,999.0,0,999.0
100185-1,100185,P8002,2,599.0,0,1198.0
100186-1,100186,P1005,2,1165.15,10.3,2330.3
100186-2,100186,P2004,1,935.38,6.4,935.38
100186-3,100186,P5005,1,1999.0,0,1999.0
100187-1,100187,P6002,2,899.0,0,1798.0
100187-2,100187,P8002,2,599.0,0,1198.0
100188-1,100188,P4004,1,5999.0,0,5999.0
100189-1,100189,P5003,-1,699.0,0,699.0
100190-1,100190,P1003,1,2499.0,0,2499.0
100190-2,100190,P1005,1,1299.0,0,1299.0
100190-3,100190,P1002,3,299.0,0,897.0
100191-1,100191,P3003,1,555.31,7.3,555.31
100192-1,100192,P1010,1,843.16,6.2,843.16
100192-2,100192,P3006,1,999.0,0,999.0
100193-1,100193,P1008,1,1499.0,0,1499.0
100193-2,100193,P1001,2,558.1,6.8,1116.2
100193-3,100193,P6002,2,899.0,0,1798.0
100193-4,100193,P1002,2,299.0,0,598.0
100194-1,100194,P8002,1,599.0,0,599.0
100194-2,100194,P4002,1,4999.0,0,4999.0
100194-3,100194,P3004,2,199.0,0,398.0
100195-1,100195,P1010,2,837.45,6.8,1674.9
100196-1,100196,P2004,1,999.0,0,999.0
100196-2,100196,P4004,1,5650.89,5.8,5650.89
100197-1,100197,P6004,1,1310.7,12.6,1310.7
100198-1,100198,P3007,1,1299.0,0,1299.0
100199-1,100199,P2004,2,999.0,0,1998.0
100200-1,100200,P5002,2,3499.0,0,6998.0
100200-2,100200,P1005,1,1299.0,0,1299.0
100201-1,100201,P4005,1,3499.0,0,3499.0
100202-1,100202,P7004,1,599.0,0,599.0
100202-2,100202,P6001,1,2499.0,0,2499.0
100202-3,100202,P8001,3,499.0,0,1497.0
100204-1,100204,P7003,1,999.0,0,999.0
100206-1,100206,P2006,1,4999.0,0,4999.0
100207-1,100207,P2002,2,24999.0,0,49998.0
100207-2,100207,P2001,2,15999.0,0,31998.0
100208-1,100208,P4004,1,5999.0,0,5999.0
100208-2,100208,P2006,1,4349.3,13.0,4349.3
100208-3,100208,P2004,3,999.0,0,2997.0
100208-4,100208,P2005,1,799.0,0,799.0
100208-5,100208,P4005,1,3499.0,0,3499.0
100209-1,100209,P3006,1,999.0,0,999.0
100209-2,100209,P4003,1,1999.0,0,1999.0
100209-3,100209,P1004,1,799.0,0,799.0
100210-1,100210,P3003,1,599.0,0,599.0
100211-1,100211,P5003,2,699.0,0,1398.0
100212-1,100212,P8004,2,999.0,0,1998.0
100213-1,100213,P1007,1,3999.0,0,3999.0
100213-2,100213,P3002,1,2499.0,0,2499.0
100213-3,100213,P1008,1,1499.0,0,1499.0
100213-4,100213,P1003,-1,2151.58,13.9,2151.58
100214-1,100214,P8004,1,999.0,0,999.0
100215-1,100215,P2004,1,999.0,0,999.0
100216-1,100216,P3007,1,1299.0,0,1299.0
100217-1,100217,P4003,2,1999.0,0,3998.0
100217-2,100217,P5001,1,5999.0,0,5999.0
100219-1,100219,P2002,2,24999.0,0,49998.0
100220-1,100220,P2003,1,1499.0,0,1499.0
100221-1,100221,P1003,1,2499.0,0,2499.0
100222-1,100222,P1007,3,3999.0,0,11997.0
100222-2,100222,P4003,1,1875.59,6.2,1875.59
100223-1,100223,P8002,3,599.0,0,1797.0
100223-2,100223,P1008,1,1348.38,10.0,1348.38
100224-1,100224,P7002,2,1499.0,0,2998.0
100225-1,100225,P2001,1,15999.0,0,15999.0
100225-2,100225,P7003,2,934.85,6.4,1869.7
100225-3,100225,P5004,1,4499.0,0,4499.0
100226-1,100226,P4001,2,7999.0,0,15998.0
100226-2,100226,P1001,1,599.0,0,599.0
100227-1,100227,P2001,1,15999.0,0,15999.0
100228-1,100228,P4004,1,5999.0,0,5999.0
100228-2,100228,P3005,2,699.0,0,1398.0
100228-3,100228,P1004,1,799.0,0,799.0
100229-1,100229,P2001,1,15999.0,0,15999.0
100229-2,100229,P6002,1,899.0,0,899.0
100230-1,100230,P3002,1,2222.87,11.0,2222.87
100230-2,100230,P1002,1,299.0,0,299.0
100231-1,100231,P1007,1,3999.0,0,3999.0
100231-2,100231,P1009,1,12999.0,0,12999.0
100231-3,100231,P8004,1,999.0,0,999.0
100232-1,100232,P7001,2,2999.0,0,5998.0
100233-1,100233,P1002,1,283.72,5.1,283.72
100233-2,100233,P8005,1,899.0,0,899.0
100234-1,100234,P3006,1,999.0,0,999.0
100234-2,100234,P5001,2,5458.25,9.0,10916.5
100235-1,100235,P3001,1,999.0,0,999.0
100236-1,100236,P5001,2,5566.82,7.2,11133.64
100237-1,100237,P1007,2,3999.0,0,7998.0
100237-2,100237,P7002,1,1277.42,14.8,1277.42
100237-3,100237,P3004,2,199.0,0,398.0
100238-1,100238,P7001,1,2999.0,0,2999.0
100238-2,100238,P4003,2,1866.95,6.6,3733.9
100240-1,100240,P3001,2,999.0,0,1998.0
100240-2,100240,P7004,1,599.0,0,599.0
100241-1,100241,P3005,1,699.0,0,699.0
100243-1,100243,P8002,2,523.78,12.6,1047.56
100244-1,100244,P2005,1,799.0,0,799.0
100244-2,100244,P7003,2,889.97,10.9,1779.94
100245-1,100245,P8004,1,999.0,0,999.0
100245-2,100245,P1004,3,799.0,0,2397.0
100246-1,100246,P1007,1,3999.0,0,3999.0
100246-2,100246,P2002,1,24999.0,0,24999.0
100246-3,100246,P2006,1,4681.41,6.4,4681.41
100247-1,100247,P8005,1,770.15,14.3,770.15
100247-2,100247,P4003,2,1999.0,0,3998.0
100249-1,100249,P5002,2,3499.0,0,6998.0
100250-1,100250,P1001,3,599.0,0,1797.0
100251-1,100251,P6004,2,1499.0,0,2998.0
100251-2,100251,P4001,1,7999.0,0,7999.0
100252-1,100252,P8001,1,499.0,0,499.0
100253-1,100253,P3003,1,599.0,0,599.0
100254-1,100254,P2003,1,1499.0,0,1499.0
100254-2,100254,P5005,1,1817.05,9.1,1817.05
100254-3,100254,P3005,1,630.0,9.9,630.0
100255-1,100255,P5002,1,3499.0,0,3499.0
100256-1,100256,P2002,1,24999.0,0,24999.0
100257-1,100257,P4005,2,3271.59,6.5,6543.18
100257-2,100257,P2006,2,4999.0,0,9998.0
100257-3,100257,P7001,-1,2999.0,0,5998.0
100258-1,100258,P2003,1,1499.0,0,1499.0
100258-2,100258,P6001,1,2499.0,0,2499.0
100258-3,100258,P3006,1,895.44,10.4,895.44
100258-4,100258,P3007,1,1143.07,12.0,1143.07
100259-1,100259,P2002,2,24999.0,0,49998.0
100260-1,100260,P3005,1,604.13,13.6,604.13
100261-1,100261,P5001,1,5151.58,14.1,5151.58
100261-2,100261,P1005,1,1131.07,12.9,1131.07
100261-3,100261,P2002,1,21411.18,14.4,21411.18
100261-4,100261,P8002,1,599.0,0,599.0
100262-1,100262,P1003,1,2352.88,5.8,2352.88
100262-2,100262,P5005,1,1721.91,13.9,1721.91
100263-1,100263,P6002,1,899.0,0,899.0
100263-2,100263,P5002,1,3301.14,5.7,3301.14
100263-3,100263,P6001,1,2499.0,0,2499.0
100263-4,100263,P4005,3,3499.0,0,10497.0
100264-1,100264,P8001,2,499.0,0,998.0
100264-2,100264,P7001,2,2999.0,0,5998.0
100264-3,100264,P6002,2,899.0,0,1798.0
100265-1,100265,P1003,1,2499.0,0,2499.0
100265-2,100265,P8005,1,899.0,0,899.0
100265-3,100265,P8003,1,799.0,0,799.0
100266-1,100266,P8005,1,899.0,0,899.0
100266-2,100266,P3005,2,699.0,0,1398.0
100266-3,100266,P4001,1,7999.0,0,7999.0
100267-1,100267,P3001,1,999.0,0,999.0
100268-1,100268,P3006,1,999.0,0,999.0
100269-1,100269,P5004,2,4499.0,0,8998.0
100269-2,100269,P6002,2,899.0,0,1798.0
100270-1,100270,P2001,2,15999.0,0,31998.0
100271-1,100271,P3005,1,699.0,0,699.0
100272-1,100272,P8004,2,999.0,0,1998.0
100273-1,100273,P3003,1,599.0,0,599.0
100273-2,100273,P2001,-1,15999.0,0,15999.0
100274-1,100274,P6001,1,2499.0,0,2499.0
100274-2,100274,P4001,2,7999.0,0,15998.0
100275-1,100275,P1004,1,799.0,0,799.0
100276-1,100276,P2006,2,4454.44,10.9,8908.88
100277-1,100277,P1004,1,687.66,13.9,687.66
100278-1,100278,P3006,1,999.0,0,999.0
100279-1,100279,P4002,2,4411.71,11.7,8823.42
100279-2,100279,P3007,1,1299.0,0,1299.0
100280-1,100280,P4005,1,3499.0,0,3499.0
100281-1,100281,P3003,1,599.0,0,599.0
100281-2,100281,P1008,1,1499.0,0,1499.0
100281-3,100281,P8005,2,827.46,8.0,1654.92
100282-1,100282,P7001,1,2999.0,0,2999.0
100283-1,100283,P6003,2,1999.0,0,3998.0
100284-1,100284,P3006,1,999.0,0,999.0
100284-2,100284,P4004,1,5999.0,0,5999.0
100285-1,100285,P2001,1,15999.0,0,15999.0
100286-1,100286,P3003,2,599.0,0,1198.0
100286-2,100286,P3007,2,1299.0,0,2598.0
100286-3,100286,P1004,2,799.0,0,1598.0
100287-1,100287,P1006,1,699.0,0,699.0
100288-1,100288,P4003,1,1834.47,8.2,1834.47
100289-1,100289,P1001,1,599.0,0,599.0
100290-1,100290,P6002,1,843.81,6.1,843.81
100291-1,100291,P1006,1,699.0,0,699.0
100292-1,100292,P6001,1,2499.0,0,2499.0
100292-2,100292,P7001,-1,2999.0,0,2999.0
100293-1,100293,P5002,1,3499.0,0,3499.0
100293-2,100293,P6001,2,2499.0,0,4998.0
100293-3,100293,P6002,1,899.0,0,899.0
100293-4,100293,P2002,1,24999.0,0,24999.0
100294-1,100294,P4004,2,5999.0,0,11998.0
100295-1,100295,P1004,1,696.58,12.8,696.58
100295-2,100295,P2006,2,4999.0,0,9998.0
100297-1,100297,P8001,1,499.0,0,499.0
100298-1,100298,P1002,1,299.0,0,299.0
100298-2,100298,P1003,2,2499.0,0,4998.0
100298-3,100298,P1007,2,3999.0,0,7998.0
100299-1,100299,P1001,2,599.0,0,1198.0
100300-1,100300,P2002,1,24999.0,0,24999.0
100300-2,100300,P5004,1,3976.92,11.6,3976.92
100300-3,100300,P4001,1,7999.0,0,7999.0
100301-1,100301,P1001,1,566.58,5.4,566.58
100302-1,100302,P7003,2,999.0,0,1998.0
100302-2,100302,P1009,1,12999.0,0,12999.0
100302-3,100302,P2005,1,799.0,0,799.0
100302-4,100302,P2003,2,1499.0,0,2998.0
100303-1,100303,P1008,1,1499.0,0,1499.0
100304-1,100304,P6003,1,1999.0,0,1999.0
100304-2,100304,P6002,1,899.0,0,899.0
100305-1,100305,P2003,1,1499.0,0,1499.0
100306-1,100306,P1004,1,799.0,0,799.0
100307-1,100307,P8001,1,499.0,0,499.0
100307-2,100307,P7001,1,2614.96,12.8,2614.96
100308-1,100308,P4002,2,4999.0,0,9998.0
100308-2,100308,P3007,1,1299.0,0,1299.0
100309-1,100309,P7003,1,999.0,0,999.0
100310-1,100310,P3005,1,699.0,0,699.0
100310-2,100310,P5003,2,699.0,0,1398.0
100311-1,100311,P3001,1,999.0,0,999.0
100313-1,100313,P6002,1,818.66,8.9,818.66
100313-2,100313,P1007,1,3999.0,0,3999.0
100314-1,100314,P7003,2,999.0,0,1998.0
100314-2,100314,P1003,1,2499.0,0,2499.0
100315-1,100315,P2003,1,1499.0,0,1499.0
100316-1,100316,P7001,1,2999.0,0,2999.0
100316-2,100316,P1001,1,521.91,12.9,521.91
100316-3,100316,P1007,1,3999.0,0,3999.0
100317-1,100317,P8005,2,899.0,0,1798.0
100318-1,100318,P6002,1,899.0,0,899.0
100319-1,100319,P1003,1,2499.0,0,2499.0
100319-2,100319,P1007,1,3566.99,10.8,3566.99
100320-1,100320,P2004,1,999.0,0,999.0
100321-1,100321,P1006,1,618.01,11.6,618.01
100321-2,100321,P1005,1,1299.0,0,1299.0
100322-1,100322,P8001,2,499.0,0,998.0
100322-2,100322,P4003,1,1879.03,6.0,1879.03
100322-3,100322,P3001,2,893.23,10.6,1786.46
100323-1,100323,P6003,1,1999.0,0,1999.0
100324-1,100324,P7001,1,2599.88,13.3,2599.88
100325-1,100325,P6004,2,1499.0,0,2998.0
100325-2,100325,P2002,1,24999.0,0,24999.0
100325-3,100325,P4003,2,1999.0,0,3998.0
100326-1,100326,P8001,1,499.0,0,499.0
100326-2,100326,P5001,1,5297.25,11.7,5297.25
100326-3,100326,P6001,1,2499.0,0,2499.0
100327-1,100327,P6001,1,2499.0,0,2499.0
100327-2,100327,P8004,1,999.0,0,999.0
100327-3,100327,P5003,1,661.04,5.4,661.04
100329-1,100329,P8005,1,899.0,0,899.0
100329-2,100329,P7004,1,517.89,13.5,517.89
100329-3,100329,P2004,1,893.36,10.6,893.36
100330-1,100330,P3003,3,599.0,0,1797.0
100331-1,100331,P7004,1,599.0,0,599.0
100331-2,100331,P1008,1,1499.0,0,1499.0
100332-1,100332,P2005,1,730.1,8.6,730.1
100332-2,100332,P1009,1,12999.0,0,12999.0
100333-1,100333,P5005,1,1769.81,11.5,1769.81
100333-2,100333,P2002,1,22551.06,9.8,22551.06
100334-1,100334,P5005,1,1999.0,0,1999.0
100334-2,100334,P1005,1,1299.0,0,1299.0
100335-1,100335,P8003,1,799.0,0,799.0
100335-2,100335,P8001,1,499.0,0,499.0
100335-3,100335,P1003,1,2499.0,0,2499.0
100336-1,100336,P4003,1,1999.0,0,1999.0
100336-2,100336,P1009,1,12999.0,0,12999.0
100336-3,100336,P7001,1,2842.43,5.2,2842.43
100336-4,100336,P7003,2,999.0,0,1998.0
100338-1,100338,P2005,2,711.26,11.0,1422.52
100339-1,100339,P2006,2,4999.0,0,9998.0
100339-2,100339,P1002,1,299.0,0,299.0
100340-1,100340,P1002,2,299.0,0,598.0
100340-2,100340,P7002,2,1414.6,5.6,2829.2
100340-3,100340,P8003,1,799.0,0,799.0
100341-1,100341,P5003,1,699.0,0,699.0
100341-2,100341,P8004,1,903.46,9.6,903.46
100341-3,100341,P5005,1,1999.0,0,1999.0
100341-4,100341,P2004,1,999.0,0,999.0
100342-1,100342,P4003,1,1999.0,0,1999.0
100343-1,100343,P5002,1,3499.0,0,3499.0
100344-1,100344,P5003,2,699.0,0,1398.0
100344-2,100344,P3007,1,1299.0,0,1299.0
100344-3,100344,P3005,1,633.27,9.4,633.27
100345-1,100345,P1009,2,12999.0,0,25998.0
100346-1,100346,P7003,1,999.0,0,999.0
100346-2,100346,P1003,1,2499.0,0,2499.0
100346-3,100346,P1008,1,1499.0,0,1499.0
100347-1,100347,P1004,1,799.0,0,799.0
100348-1,100348,P1004,2,799.0,0,1598.0
100348-2,100348,P3007,2,1299.0,0,2598.0
100348-3,100348,P4003,1,1999.0,0,1999.0
100349-1,100349,P8003,1,683.19,14.5,683.19
100351-1,100351,P7002,1,1499.0,0,1499.0
100351-2,100351,P2004,2,999.0,0,1998.0
100352-1,100352,P6003,3,1999.0,0,5997.0
100352-2,100352,P7002,2,1499.0,0,2998.0
100353-1,100353,P4003,1,1999.0,0,1999.0
100354-1,100354,P1009,2,12999.0,0,25998.0
100354-2,100354,P4003,1,1999.0,0,1999.0
100354-3,100354,P1001,1,599.0,0,599.0
100355-1,100355,P4004,2,5999.0,0,11998.0
100356-1,100356,P5004,2,4499.0,0,8998.0
100356-2,100356,P4001,1,7999.0,0,7999.0
100356-3,100356,P3003,2,599.0,0,1198.0
100357-1,100357,P5004,1,4499.0,0,4499.0
100357-2,100357,P3004,2,199.0,0,398.0
100357-3,100357,P7001,1,2999.0,0,2999.0
100357-4,100357,P5001,2,5999.0,0,11998.0
100358-1,100358,P8002,2,529.52,11.6,1059.04
100360-1,100360,P3002,2,2499.0,0,4998.0
100361-1,100361,P3003,2,599.0,0,1198.0
100361-2,100361,P2006,2,4999.0,0,9998.0
100361-3,100361,P7002,1,1499.0,0,1499.0
100361-4,100361,P1004,1,799.0,0,799.0
100362-1,100362,P6002,1,899.0,0,899.0
100363-1,100363,P3002,1,2499.0,0,2499.0
100363-2,100363,P4003,1,1999.0,0,1999.0
100363-3,100363,P3003,1,599.0,0,599.0
100364-1,100364,P3007,2,1299.0,0,2598.0
100367-1,100367,P1006,1,699.0,0,699.0
100368-1,100368,P3007,1,1299.0,0,1299.0
100368-2,100368,P6004,2,1305.36,12.9,2610.72
100369-1,100369,P1005,2,1299.0,0,2598.0
100369-2,100369,P8005,1,899.0,0,899.0
100369-3,100369,P3005,2,630.8,9.8,1261.6
100370-1,100370,P1005,1,1299.0,0,1299.0
100371-1,100371,P7001,1,2999.0,0,2999.0
100371-2,100371,P1004,1,729.07,8.8,729.07
100371-3,100371,P5005,2,1999.0,0,3998.0
100371-4,100371,P1008,1,1499.0,0,1499.0
100371-5,100371,P1005,1,1131.28,12.9,1131.28
100372-1,100372,P3004,1,199.0,0,199.0
100373-1,100373,P7004,1,599.0,0,599.0
100373-2,100373,P1004,1,799.0,0,799.0
100373-3,100373,P5001,2,5337.98,11.0,10675.96
100373-4,100373,P8005,1,899.0,0,899.0
100374-1,100374,P4002,2,4999.0,0,9998.0
100375-1,100375,P8001,1,499.0,0,499.0
100375-2,100375,P2001,2,15999.0,0,31998.0
100375-3,100375,P2003,1,1407.22,6.1,1407.22
100376-1,100376,P3004,1,199.0,0,199.0
100377-1,100377,P6001,2,2499.0,0,4998.0
100377-2,100377,P1002,1,299.0,0,299.0
100377-3,100377,P3007,1,1299.0,0,1299.0
100378-1,100378,P8005,3,830.47,7.6,2491.41
100378-2,100378,P5001,2,5999.0,0,11998.0
100379-1,100379,P2002,2,23071.89,7.7,46143.78
100380-1,100380,P3003,2,599.0,0,1198.0
100381-1,100381,P6004,1,1499.0,0,1499.0
100382-1,100382,P2004,2,999.0,0,1998.0
100382-2,100382,P1002,1,299.0,0,299.0
100383-1,100383,P1004,1,799.0,0,799.0
100383-2,100383,P2002,2,21626.94,13.5,43253.88
100384-1,100384,P5001,1,5205.93,13.2,5205.93
100384-2,100384,P3005,1,699.0,0,699.0
100385-1,100385,P3006,1,929.37,7.0,929.37
100385-2,100385,P3002,2,2499.0,0,4998.0
100385-3,100385,P5002,1,3499.0,0,3499.0
100386-1,100386,P3006,3,999.0,0,2997.0
100387-1,100387,P2002,2,24999.0,0,49998.0
100388-1,100388,P5005,2,1999.0,0,3998.0
100388-2,100388,P8001,1,499.0,0,499.0
100388-3,100388,P1005,1,1299.0,0,1299.0
100389-1,100389,P1003,1,2499.0,0,2499.0
100389-2,100389,P7002,1,1499.0,0,1499.0
100389-3,100389,P2002,1,24999.0,0,24999.0
100389-4,100389,P4003,3,1999.0,0,5997.0
100390-1,100390,P4003,1,1887.42,5.6,1887.42
100390-2,100390,P1003,1,2499.0,0,2499.0
100390-3,100390,P4001,1,7999.0,0,7999.0
100391-1,100391,P7003,1,999.0,0,999.0
100392-1,100392,P8004,1,999.0,0,999.0
100393-1,100393,P3003,2,599.0,0,1198.0
100394-1,100394,P4004,1,5383.35,10.3,5383.35
100395-1,100395,P8002,2,599.0,0,1198.0
100396-1,100396,P2005,1,717.89,10.2,717.89
100396-2,100396,P5005,1,1999.0,0,1999.0
100396-3,100396,P1007,2,3999.0,0,7998.0
100396-4,100396,P7004,1,599.0,0,599.0
100397-1,100397,P1009,1,12999.0,0,12999.0
100397-2,100397,P1005,1,1188.09,8.5,1188.09
100397-3,100397,P5004,1,4077.97,9.4,4077.97
100398-1,100398,P2006,1,4999.0,0,4999.0
100399-1,100399,P3001,1,999.0,0,999.0
100400-1,100400,P4002,1,4999.0,0,4999.0
100400-2,100400,P3006,1,999.0,0,999.0
100401-1,100401,P5005,1,1999.0,0,1999.0
100402-1,100402,P2001,2,14273.33,10.8,28546.66
100402-2,100402,P2003,2,1499.0,0,2998.0
100403-1,100403,P7004,1,599.0,0,599.0
100403-2,100403,P8002,1,599.0,0,599.0
100403-3,100403,P8001,1,463.94,7.0,463.94
100404-1,100404,P7003,1,999.0,0,999.0
100405-1,100405,P2002,1,24999.0,0,24999.0
100406-1,100406,P2003,1,1499.0,0,1499.0
100406-2,100406,P2004,1,999.0,0,999.0
100406-3,100406,P8004,1,999.0,0,999.0
100406-4,100406,P3007,1,1299.0,0,1299.0
100406-5,100406,P1002,2,299.0,0,598.0
100407-1,100407,P8005,1,899.0,0,899.0
100408-1,100408,P5001,2,5999.0,0,11998.0
100408-2,100408,P1006,1,699.0,0,699.0
100409-1,100409,P4004,1,5999.0,0,5999.0
100410-1,100410,P4005,1,3499.0,0,3499.0
100411-1,100411,P7002,2,1379.68,8.0,2759.36
100412-1,100412,P4003,2,1999.0,0,3998.0
100413-1,100413,P2005,1,799.0,0,799.0
100413-2,100413,P6002,1,899.0,0,899.0
100414-1,100414,P4004,1,5999.0,0,5999.0
100415-1,100415,P7003,1,999.0,0,999.0
100416-1,100416,P2003,1,1499.0,0,1499.0
100417-1,100417,P4005,1,3051.51,12.8,3051.51
100418-1,100418,P3001,1,999.0,0,999.0
100418-2,100418,P6003,1,1999.0,0,1999.0
100418-3,100418,P7004,1,599.0,0,599.0
100419-1,100419,P8001,2,499.0,0,998.0
100419-2,100419,P2006,1,4999.0,0,4999.0
100419-3,100419,P6001,1,2499.0,0,2499.0
100420-1,100420,P4005,1,3499.0,0,3499.0
100420-2,100420,P3002,1,2499.0,0,2499.0
100420-3,100420,P2006,1,4552.52,8.9,4552.52
100421-1,100421,P3007,1,1299.0,0,1299.0
100422-1,100422,P4005,1,3499.0,0,3499.0
100422-2,100422,P1007,2,3999.0,0,7998.0
100423-1,100423,P3007,1,1299.0,0,1299.0
100423-2,100423,P2002,1,24999.0,0,24999.0
100423-3,100423,P1010,1,899.0,0,899.0
100424-1,100424,P5002,2,3499.0,0,6998.0
100425-1,100425,P5001,1,5999.0,0,5999.0
100425-2,100425,P3003,2,599.0,0,1198.0
100425-3,100425,P2004,1,999.0,0,999.0
100426-1,100426,P6002,1,824.92,8.2,824.92
100426-2,100426,P4001,1,7999.0,0,7999.0
100427-1,100427,P1007,1,3999.0,0,3999.0
100427-2,100427,P6002,1,899.0,0,899.0
100428-1,100428,P2004,2,999.0,0,1998.0
100429-1,100429,P4001,2,7999.0,0,15998.0
100429-2,100429,P5005,2,1999.0,0,3998.0
100429-3,100429,P5001,1,5999.0,0,5999.0
100430-1,100430,P1001,1,599.0,0,599.0
100430-2,100430,P2001,1,15999.0,0,15999.0
100430-3,100430,P8001,1,499.0,0,499.0
100431-1,100431,P1003,2,2499.0,0,4998.0
100431-2,100431,P5004,1,4499.0,0,4499.0
100431-3,100431,P2004,2,999.0,0,1998.0
100431-4,100431,P3007,1,1299.0,0,1299.0
100432-1,100432,P5003,1,699.0,0,699.0
100433-1,100433,P4002,1,4999.0,0,4999.0
100434-1,100434,P5004,1,4035.3,10.3,4035.3
100434-2,100434,P2003,1,1499.0,0,1499.0
100434-3,100434,P5002,1,3499.0,0,3499.0
100434-4,100434,P4004,1,5999.0,0,5999.0
100435-1,100435,P1001,2,599.0,0,1198.0
100435-2,100435,P1010,1,899.0,0,899.0
100436-1,100436,P8001,1,499.0,0,499.0
100436-2,100436,P3002,1,2153.95,13.8,2153.95
100436-3,100436,P2003,1,1279.82,14.6,1279.82
100436-4,100436,P2006,3,4999.0,0,14997.0
100437-1,100437,P3003,1,599.0,0,599.0
100437-2,100437,P7004,1,599.0,0,599.0
100437-3,100437,P2005,1,799.0,0,799.0
100439-1,100439,P1004,1,799.0,0,799.0
100440-1,100440,P3003,1,599.0,0,599.0
100440-2,100440,P2002,1,24999.0,0,24999.0
100440-3,100440,P3001,2,941.99,5.7,1883.98
100441-1,100441,P6001,1,2336.21,6.5,2336.21
100441-2,100441,P5001,1,5519.08,8.0,5519.08
100442-1,100442,P5001,1,5999.0,0,5999.0
100442-2,100442,P5003,1,699.0,0,699.0
100443-1,100443,P2005,1,799.0,0,799.0
100443-2,100443,P8003,2,799.0,0,1598.0
100444-1,100444,P5005,1,1999.0,0,1999.0
100444-2,100444,P2006,1,4999.0,0,4999.0
100445-1,100445,P1005,1,1299.0,0,1299.0
100446-1,100446,P5001,1,5999.0,0,5999.0
100447-1,100447,P8004,2,999.0,0,1998.0
100447-2,100447,P2004,1,999.0,0,999.0
100448-1,100448,P1008,3,1499.0,0,4497.0
100449-1,100449,P1008,1,1499.0,0,1499.0
100450-1,100450,P6001,1,2499.0,0,2499.0
100450-2,100450,P1001,1,599.0,0,599.0
100451-1,100451,P5002,2,3499.0,0,6998.0
100451-2,100451,P8005,1,899.0,0,899.0
100452-1,100452,P2005,1,693.27,13.2,693.27
100453-1,100453,P2005,1,799.0,0,799.0
100454-1,100454,P1006,1,699.0,0,699.0
100454-2,100454,P2001,2,15999.0,0,31998.0
100454-3,100454,P1004,2,799.0,0,1598.0
100455-1,100455,P3006,2,999.0,0,1998.0
100456-1,100456,P2001,1,15999.0,0,15999.0
100456-2,100456,P8004,3,999.0,0,2997.0
100457-1,100457,P8004,2,999.0,0,1998.0
100457-2,100457,P2003,1,1499.0,0,1499.0
100458-1,100458,P5002,1,3499.0,0,3499.0
100458-2,100458,P1001,1,599.0,0,599.0
100459-1,100459,P3003,2,599.0,0,1198.0
100460-1,100460,P1006,2,699.0,0,1398.0
100461-1,100461,P3004,1,176.06,11.5,176.06
100461-2,100461,P2003,1,1499.0,0,1499.0
100461-3,100461,P3006,1,999.0,0,999.0
100461-4,100461,P4003,1,1999.0,0,1999.0
100462-1,100462,P5005,2,1999.0,0,3998.0
100462-2,100462,P3006,1,999.0,0,999.0
100462-3,100462,P1008,1,1499.0,0,1499.0
100462-4,100462,P7003,1,932.47,6.7,932.47
100462-5,100462,P8002,1,599.0,0,599.0
100463-1,100463,P5001,1,5999.0,0,5999.0
100463-2,100463,P6001,1,2499.0,0,2499.0
100463-3,100463,P4001,1,7999.0,0,7999.0
100464-1,100464,P3005,2,699.0,0,1398.0
100465-1,100465,P4002,1,4999.0,0,4999.0
100465-2,100465,P6003,1,1999.0,0,1999.0
100465-3,100465,P8003,1,799.0,0,799.0
100465-4,100465,P2006,1,4999.0,0,4999.0
100465-5,100465,P1002,1,299.0,0,299.0
100466-1,100466,P8004,1,917.53,8.2,917.53
100466-2,100466,P1004,1,799.0,0,799.0
100468-1,100468,P1007,1,3999.0,0,3999.0
100469-1,100469,P4002,2,4689.09,6.2,9378.18
100469-2,100469,P5002,3,3499.0,0,10497.0
100470-1,100470,P5002,1,3499.0,0,3499.0
100470-2,100470,P5005,1,1749.04,12.5,1749.04
100470-3,100470,P1003,1,2499.0,0,2499.0
100472-1,100472,P7004,1,599.0,0,599.0
100472-2,100472,P5004,1,4499.0,0,4499.0
100476-1,100476,P1006,1,699.0,0,699.0
100477-1,100477,P4001,2,7999.0,0,15998.0
100478-1,100478,P5004,2,4499.0,0,8998.0
100478-2,100478,P8002,3,599.0,0,1797.0
100478-3,100478,P5005,1,1840.17,7.9,1840.17
100479-1,100479,P5001,2,5999.0,0,11998.0
100479-2,100479,P3002,1,2499.0,0,2499.0
100479-3,100479,P8005,1,813.2,9.5,813.2
100479-4,100479,P4004,1,5999.0,0,5999.0
100480-1,100480,P5002,2,3499.0,0,6998.0
100480-2,100480,P5005,1,1999.0,0,1999.0
100480-3,100480,P1007,1,3999.0,0,3999.0
100480-4,100480,P3002,1,2499.0,0,2499.0
100481-1,100481,P7001,1,2999.0,0,2999.0
100481-2,100481,P4003,1,1867.58,6.6,1867.58
100481-3,100481,P5001,1,5999.0,0,5999.0
100482-1,100482,P7003,1,999.0,0,999.0
100482-2,100482,P1007,2,3999.0,0,7998.0
100482-3,100482,P1008,1,1499.0,0,1499.0
100483-1,100483,P5003,1,651.93,6.7,651.93
100484-1,100484,P7004,1,599.0,0,599.0
100484-2,100484,P2002,3,24999.0,0,74997.0
100485-1,100485,P2001,1,15999.0,0,15999.0
100485-2,100485,P1005,1,1299.0,0,1299.0
100485-3,100485,P7003,2,999.0,0,1998.0
100486-1,100486,P3004,2,199.0,0,398.0
100486-2,100486,P1007,1,3999.0,0,3999.0
100486-3,100486,P1004,1,799.0,0,799.0
100486-4,100486,P1003,2,2499.0,0,4998.0
100487-1,100487,P6004,1,1499.0,0,1499.0
100487-2,100487,P4004,1,5999.0,0,5999.0
100488-1,100488,P1009,1,12999.0,0,12999.0
100489-1,100489,P4005,2,3301.52,5.6,6603.04
100489-2,100489,P4001,1,6830.53,14.6,6830.53
100490-1,100490,P1005,1,1160.47,10.7,1160.47
100490-2,100490,P2005,2,799.0,0,1598.0
100491-1,100491,P3006,2,999.0,0,1998.0
100491-2,100491,P2005,1,799.0,0,799.0
100491-3,100491,P1006,1,699.0,0,699.0
100491-4,100491,P7002,3,1499.0,0,4497.0
100492-1,100492,P8002,1,556.79,7.0,556.79
100494-1,100494,P6004,1,1499.0,0,1499.0
100494-2,100494,P6002,1,899.0,0,899.0
100494-3,100494,P8002,1,522.03,12.8,522.03
100495-1,100495,P1004,1,799.0,0,799.0
100496-1,100496,P3005,2,699.0,0,1398.0
100497-1,100497,P2002,1,24999.0,0,24999.0
100497-2,100497,P2006,3,4999.0,0,14997.0
100497-3,100497,P2001,2,15999.0,0,31998.0
100498-1,100498,P6003,2,1999.0,0,3998.0
100499-1,100499,P5001,1,5999.0,0,5999.0
100500-1,100500,P3003,1,599.0,0,599.0
100500-2,100500,P2002,1,24999.0,0,24999.0
100500-3,100500,P3001,2,999.0,0,1998.0
100501-1,100501,P1003,1,2499.0,0,2499.0
100502-1,100502,P8004,1,999.0,0,999.0
100502-2,100502,P2001,1,15999.0,0,15999.0
100502-3,100502,P5003,2,635.57,9.1,1271.14
100503-1,100503,P1007,1,3530.22,11.7,3530.22
100503-2,100503,P4001,1,7999.0,0,7999.0
100503-3,100503,P5002,1,3499.0,0,3499.0
100503-4,100503,P5005,2,1999.0,0,3998.0
100504-1,100504,P5004,2,4499.0,0,8998.0
100504-2,100504,P4001,1,7999.0,0,7999.0
100506-1,100506,P3002,1,2177.05,12.9,2177.05
100507-1,100507,P8003,1,799.0,0,799.0
100507-2,100507,P8002,2,519.48,13.3,1038.96
100507-3,100507,P7003,2,868.67,13.0,1737.34
100508-1,100508,P4004,1,5999.0,0,5999.0
100509-1,100509,P6001,1,2306.6,7.7,2306.6
100510-1,100510,P1003,1,2499.0,0,2499.0
100511-1,100511,P8003,2,799.0,0,1598.0
100511-2,100511,P3007,1,1299.0,0,1299.0
100512-1,100512,P3007,1,1192.83,8.2,1192.83
100513-1,100513,P6003,1,1999.0,0,1999.0
100513-2,100513,P3001,1,999.0,0,999.0
100514-1,100514,P8004,1,999.0,0,999.0
100515-1,100515,P3003,1,561.62,6.2,561.62
100516-1,100516,P3007,-1,1299.0,0,1299.0
100516-2,100516,P3005,1,699.0,0,699.0
100517-1,100517,P5005,1,1781.49,10.9,1781.49
100519-1,100519,P3001,1,999.0,0,999.0
100519-2,100519,P2002,2,23157.27,7.4,46314.54
100519-3,100519,P1007,1,3999.0,0,3999.0
100520-1,100520,P2003,2,1499.0,0,2998.0
100520-2,100520,P7002,2,1499.0,0,2998.0
100520-3,100520,P3006,1,999.0,0,999.0
100520-4,100520,P5004,1,4499.0,0,4499.0
100520-5,100520,P1002,1,262.57,12.2,262.57
100521-1,100521,P3005,1,643.11,8.0,643.11
100524-1,100524,P8005,1,899.0,0,899.0
100524-2,100524,P5001,1,5346.84,10.9,5346.84
100526-1,100526,P1002,1,299.0,0,299.0
100527-1,100527,P1009,3,12999.0,0,38997.0
100527-2,100527,P3006,1,999.0,0,999.0
100528-1,100528,P1010,1,899.0,0,899.0
100529-1,100529,P3005,1,699.0,0,699.0
100530-1,100530,P4002,2,4999.0,0,9998.0
100531-1,100531,P2005,1,799.0,0,799.0
100531-2,100531,P5003,2,613.99,12.2,1227.98
100531-3,100531,P7004,2,547.26,8.6,1094.52
100532-1,100532,P3005,1,604.21,13.6,604.21
100532-2,100532,P5004,1,4499.0,0,4499.0
100533-1,100533,P6003,2,1999.0,0,3998.0
100533-2,100533,P6001,1,2499.0,0,2499.0
100534-1,100534,P5001,2,5999.0,0,11998.0
100535-1,100535,P1004,2,799.0,0,1598.0
100536-1,100536,P4002,1,4999.0,0,4999.0
100537-1,100537,P1004,2,799.0,0,1598.0
100537-2,100537,P7002,3,1349.66,10.0,4048.98
100537-3,100537,P3004,2,199.0,0,398.0
100538-1,100538,P3007,2,1299.0,0,2598.0
100539-1,100539,P1005,1,1299.0,0,1299.0
100540-1,100540,P1004,2,799.0,0,1598.0
100541-1,100541,P6004,1,1499.0,0,1499.0
100542-1,100542,P8004,2,999.0,0,1998.0
100542-2,100542,P4002,1,4999.0,0,4999.0
100543-1,100543,P1009,2,12999.0,0,25998.0
100543-2,100543,P5001,1,5999.0,0,5999.0
100543-3,100543,P3005,1,645.12,7.7,645.12
100543-4,100543,P2005,1,799.0,0,799.0
100544-1,100544,P4001,1,7999.0,0,7999.0
100545-1,100545,P3002,1,2499.0,0,2499.0
100545-2,100545,P6004,1,1399.81,6.6,1399.81
100546-1,100546,P2006,2,4434.82,11.3,8869.64
100547-1,100547,P2001,1,15999.0,0,15999.0
100547-2,100547,P4003,1,1999.0,0,1999.0
100548-1,100548,P8002,2,520.01,13.2,1040.02
100548-2,100548,P5002,1,3499.0,0,3499.0
100548-3,100548,P3004,1,173.19,13.0,173.19
100548-4,100548,P3006,1,999.0,0,999.0
100549-1,100549,P8001,2,499.0,0,998.0
100550-1,100550,P4005,1,3047.72,12.9,3047.72
100550-2,100550,P1007,2,3999.0,0,7998.0
100552-1,100552,P2004,3,999.0,0,2997.0
100552-2,100552,P4005,1,3499.0,0,3499.0
100553-1,100553,P4003,2,1999.0,0,3998.0
100553-2,100553,P8004,1,999.0,0,999.0
100554-1,100554,P2002,1,24999.0,0,24999.0
100555-1,100555,P4004,2,5999.0,0,11998.0
100556-1,100556,P4002,2,4999.0,0,9998.0
100557-1,100557,P4001,2,7999.0,0,15998.0
100558-1,100558,P1004,2,799.0,0,1598.0
100559-1,100559,P8001,1,499.0,0,499.0
100559-2,100559,P3005,1,699.0,0,699.0
100559-3,100559,P4001,2,7999.0,0,15998.0
100559-4,100559,P3006,2,999.0,0,1998.0
100560-1,100560,P8004,2,892.99,10.6,1785.98
100561-1,100561,P4002,1,4999.0,0,4999.0
100561-2,100561,P3005,2,699.0,0,1398.0
100561-3,100561,P7003,1,999.0,0,999.0
100562-1,100562,P4005,1,3499.0,0,3499.0
100562-2,100562,P3005,1,699.0,0,699.0
100563-1,100563,P2002,1,24999.0,0,24999.0
100563-2,100563,P1004,1,799.0,0,799.0
100564-1,100564,P8005,1,899.0,0,899.0
100565-1,100565,P6004,1,1299.64,13.3,1299.64
100565-2,100565,P3002,1,2499.0,0,2499.0
100565-3,100565,P1010,1,789.86,12.1,789.86
100566-1,100566,P1009,1,11488.47,11.6,11488.47
100567-1,100567,P1008,1,1499.0,0,1499.0
100567-2,100567,P8002,1,561.86,6.2,561.86
100567-3,100567,P6004,2,1343.18,10.4,2686.36
100568-1,100568,P8001,2,499.0,0,998.0
100568-2,100568,P3007,1,1299.0,0,1299.0
100568-3,100568,P5003,1,699.0,0,699.0
100568-4,100568,P8004,1,999.0,0,999.0
100569-1,100569,P2004,1,999.0,0,999.0
100570-1,100570,P6004,1,1499.0,0,1499.0
100570-2,100570,P3003,1,535.6,10.6,535.6
100571-1,100571,P1005,1,1299.0,0,1299.0
100571-2,100571,P8002,1,599.0,0,599.0
100571-3,100571,P5003,2,699.0,0,1398.0
100572-1,100572,P2005,1,698.95,12.5,698.95
100573-1,100573,P8003,2,799.0,0,1598.0
100573-2,100573,P1005,3,1299.0,0,3897.0
100573-3,100573,P5001,1,5999.0,0,5999.0
100573-4,100573,P7001,2,2999.0,0,5998.0
100573-5,100573,P8004,1,866.92,13.2,866.92
100574-1,100574,P6002,1,899.0,0,899.0
100574-2,100574,P1008,1,1499.0,0,1499.0
100574-3,100574,P1003,2,2499.0,0,4998.0
100574-4,100574,P3001,1,999.0,0,999.0
100575-1,100575,P1002,1,275.1,8.0,275.1
100575-2,100575,P2002,1,22594.61,9.6,22594.61
100575-3,100575,P5005,1,1999.0,0,1999.0
100575-4,100575,P5001,1,5999.0,0,5999.0
100576-1,100576,P1002,1,299.0,0,299.0
100576-2,100576,P6002,1,804.2,10.5,804.2
100576-3,100576,P8005,1,899.0,0,899.0
100578-1,100578,P6002,3,835.19,7.1,2505.57
100579-1,100579,P6002,1,899.0,0,899.0
100580-1,100580,P8004,1,999.0,0,999.0
100580-2,100580,P2003,2,1499.0,0,2998.0
100581-1,100581,P1008,1,1499.0,0,1499.0
100582-1,100582,P5001,2,5999.0,0,11998.0
100583-1,100583,P7004,2,599.0,0,1198.0
100583-2,100583,P1010,1,899.0,0,899.0
100583-3,100583,P4003,1,1999.0,0,1999.0
100584-1,100584,P6002,1,899.0,0,899.0
100585-1,100585,P3004,1,199.0,0,199.0
100586-1,100586,P2002,1,24999.0,0,24999.0
100586-2,100586,P2005,2,799.0,0,1598.0
100587-1,100587,P3006,1,999.0,0,999.0
100587-2,100587,P2003,1,1396.33,6.8,1396.33
100588-1,100588,P1001,1,516.59,13.8,516.59
100588-2,100588,P2002,1,24999.0,0,24999.0
100588-3,100588,P3001,1,905.17,9.4,905.17
100588-4,100588,P7004,1,599.0,0,599.0
100589-1,100589,P1004,2,799.0,0,1598.0
100590-1,100590,P6001,1,2499.0,0,2499.0
100590-2,100590,P3006,1,999.0,0,999.0
100591-1,100591,P1005,2,1190.93,8.3,2381.86
100591-2,100591,P5005,1,1999.0,0,1999.0
100592-1,100592,P1007,1,3999.0,0,3999.0
100592-2,100592,P8003,1,731.69,8.4,731.69
100594-1,100594,P2001,1,15999.0,0,15999.0
100595-1,100595,P1004,1,679.25,15.0,679.25
100595-2,100595,P3002,1,2499.0,0,2499.0
100596-1,100596,P4005,2,3499.0,0,6998.0
100596-2,100596,P5002,1,3499.0,0,3499.0
100597-1,100597,P1002,3,299.0,0,897.0
100598-1,100598,P1009,1,12999.0,0,12999.0
100598-2,100598,P8004,2,895.1,10.4,1790.2
100599-1,100599,P1005,2,1299.0,0,2598.0
100599-2,100599,P3003,1,599.0,0,599.0
100599-3,100599,P2005,1,799.0,0,799.0
100599-4,100599,P7003,1,999.0,0,999.0
100599-5,100599,P7002,1,1499.0,0,1499.0
100600-1,100600,P1008,1,1401.96,6.5,1401.96
100600-2,100600,P7001,1,2737.02,8.7,2737.02
100601-1,100601,P4005,1,3499.0,0,3499.0
100601-2,100601,P2006,1,4999.0,0,4999.0
100601-3,100601,P2005,1,799.0,0,799.0
100602-1,100602,P6001,2,2499.0,0,4998.0
100602-2,100602,P8005,2,899.0,0,1798.0
100603-1,100603,P2002,2,22284.95,10.9,44569.9
100604-1,100604,P6002,1,831.4,7.5,831.4
100605-1,100605,P2004,1,999.0,0,999.0
100605-2,100605,P7003,2,999.0,0,1998.0
100605-3,100605,P4004,2,5999.0,0,11998.0
100606-1,100606,P4001,2,7999.0,0,15998.0
100607-1,100607,P3007,1,1171.41,9.8,1171.41
100607-2,100607,P2002,1,24999.0,0,24999.0
100608-1,100608,P2002,1,24999.0,0,24999.0
100609-1,100609,P3004,2,199.0,0,398.0
100609-2,100609,P4005,1,3298.88,5.7,3298.88
100609-3,100609,P3005,1,699.0,0,699.0
100610-1,100610,P8005,2,899.0,0,1798.0
100610-2,100610,P4005,1,3499.0,0,3499.0
100610-3,100610,P1007,3,3999.0,0,11997.0
100610-4,100610,P1002,2,299.0,0,598.0
100611-1,100611,P1005,1,1299.0,0,1299.0
100611-2,100611,P1002,1,275.14,8.0,275.14
100612-1,100612,P6003,1,1863.99,6.8,1863.99
100612-2,100612,P1002,1,299.0,0,299.0
100613-1,100613,P1001,3,599.0,0,1797.0
100613-2,100613,P5003,2,610.56,12.7,1221.12
100614-1,100614,P2001,1,15999.0,0,15999.0
100614-2,100614,P8001,3,499.0,0,1497.0
100614-3,100614,P5002,1,3258.91,6.9,3258.91
100614-4,100614,P8003,1,799.0,0,799.0
100614-5,100614,P1010,1,899.0,0,899.0
100615-1,100615,P1005,2,1299.0,0,2598.0
100615-2,100615,P6001,2,2499.0,0,4998.0
100616-1,100616,P2002,1,24999.0,0,24999.0
100616-2,100616,P6002,2,899.0,0,1798.0
100617-1,100617,P8001,1,499.0,0,499.0
100617-2,100617,P6001,2,2499.0,0,4998.0
100618-1,100618,P8003,1,799.0,0,799.0
100618-2,100618,P3007,1,1299.0,0,1299.0
100619-1,100619,P7004,1,510.49,14.8,510.49
100620-1,100620,P5002,1,3499.0,0,3499.0
100620-2,100620,P3005,1,699.0,0,699.0
100620-3,100620,P6001,2,2499.0,0,4998.0
100621-1,100621,P3002,1,2499.0,0,2499.0
100622-1,100622,P1007,2,3626.91,9.3,7253.82
100623-1,100623,P3003,1,599.0,0,599.0
100623-2,100623,P7001,1,2999.0,0,2999.0
100623-3,100623,P7002,1,1499.0,0,1499.0
100624-1,100624,P2005,3,799.0,0,2397.0
100624-2,100624,P1004,1,799.0,0,799.0
100624-3,100624,P5003,1,699.0,0,699.0
100626-1,100626,P3006,1,999.0,0,999.0
100627-1,100627,P6001,2,2214.16,11.4,4428.32
100628-1,100628,P3002,1,2499.0,0,2499.0
100628-2,100628,P8005,2,899.0,0,1798.0
100629-1,100629,P2005,1,691.16,13.5,691.16
100630-1,100630,P8004,3,869.77,12.9,2609.31
100630-2,100630,P5003,1,699.0,0,699.0
100631-1,100631,P7003,1,894.56,10.5,894.56
100631-2,100631,P3003,2,599.0,0,1198.0
100631-3,100631,P3007,1,1109.34,14.6,1109.34
100632-1,100632,P6003,1,1999.0,0,1999.0
100632-2,100632,P1006,1,699.0,0,699.0
100634-1,100634,P1005,2,1299.0,0,2598.0
100634-2,100634,P4002,3,4999.0,0,14997.0
100634-3,100634,P5003,1,699.0,0,699.0
100635-1,100635,P5002,1,3499.0,0,3499.0
100635-2,100635,P1008,2,1499.0,0,2998.0
100636-1,100636,P7002,2,1366.97,8.8,2733.94
100636-2,100636,P3002,1,2499.0,0,2499.0
100637-1,100637,P2002,1,24999.0,0,24999.0
100638-1,100638,P7002,1,1499.0,0,1499.0
100638-2,100638,P1007,1,3558.17,11.0,3558.17
100639-1,100639,P6004,1,1499.0,0,1499.0
100639-2,100639,P3002,1,2499.0,0,2499.0
100640-1,100640,P3002,1,2499.0,0,2499.0
100640-2,100640,P6002,1,899.0,0,899.0
100642-1,100642,P1009,2,12999.0,0,25998.0
100642-2,100642,P8002,1,599.0,0,599.0
100643-1,100643,P4001,1,7999.0,0,7999.0
100643-2,100643,P8005,1,821.18,8.7,821.18
100645-1,100645,P8002,1,509.8,14.9,509.8
100646-1,100646,P2003,1,1499.0,0,1499.0
100646-2,100646,P8004,2,999.0,0,1998.0
100647-1,100647,P5002,1,3499.0,0,3499.0
100647-2,100647,P7004,1,552.89,7.7,552.89
100647-3,100647,P1002,2,299.0,0,598.0
100648-1,100648,P1004,1,753.37,5.7,753.37
100648-2,100648,P3005,1,699.0,0,699.0
100648-3,100648,P1008,1,1499.0,0,1499.0
100648-4,100648,P3007,1,1299.0,0,1299.0
100649-1,100649,P4002,2,4999.0,0,9998.0
100649-2,100649,P4003,2,1999.0,0,3998.0
100649-3,100649,P1010,2,899.0,0,1798.0
100650-1,100650,P4001,2,7999.0,0,15998.0
100651-1,100651,P1006,1,623.19,10.8,623.19
100652-1,100652,P3007,1,1299.0,0,1299.0
100653-1,100653,P1003,1,2499.0,0,2499.0
100653-2,100653,P1004,1,689.22,13.7,689.22
100653-3,100653,P1010,2,899.0,0,1798.0
100653-4,100653,P2001,1,15999.0,0,15999.0
100654-1,100654,P5001,2,5999.0,0,11998.0
100655-1,100655,P1009,1,12999.0,0,12999.0
100655-2,100655,P5003,2,699.0,0,1398.0
100656-1,100656,P1001,1,548.86,8.4,548.86
100657-1,100657,P6001,1,2499.0,0,2499.0
100657-2,100657,P1002,2,299.0,0,598.0
100658-1,100658,P1009,2,11318.28,12.9,22636.56
100659-1,100659,P2003,1,1499.0,0,1499.0
100659-2,100659,P3006,1,999.0,0,999.0
100660-1,100660,P2002,1,24999.0,0,24999.0
100661-1,100661,P5005,1,1999.0,0,1999.0
100661-2,100661,P8001,1,460.9,7.6,460.9
100663-1,100663,P8005,1,899.0,0,899.0
100663-2,100663,P4004,1,5999.0,0,5999.0
100664-1,100664,P4005,1,3499.0,0,3499.0
100664-2,100664,P3001,1,999.0,0,999.0
100664-3,100664,P3005,2,633.92,9.3,1267.84
100665-1,100665,P2002,2,24999.0,0,49998.0
100665-2,100665,P8003,1,799.0,0,799.0
100665-3,100665,P2006,1,4999.0,0,4999.0
100666-1,100666,P5004,2,4499.0,0,8998.0
100667-1,100667,P6003,-1,1999.0,0,1999.0
100667-2,100667,P4003,1,1999.0,0,1999.0
100667-3,100667,P5004,1,4499.0,0,4499.0
100668-1,100668,P2005,1,799.0,0,799.0
100668-2,100668,P7004,1,599.0,0,599.0
100669-1,100669,P1001,2,558.12,6.8,1116.24
100670-1,100670,P3005,1,699.0,0,699.0
100671-1,100671,P8003,1,799.0,0,799.0
100671-2,100671,P6002,1,841.88,6.4,841.88
100672-1,100672,P1010,2,899.0,0,1798.0
100673-1,100673,P3001,2,900.6,9.8,1801.2
100673-2,100673,P2003,1,1289.68,14.0,1289.68
100674-1,100674,P5001,1,5999.0,0,5999.0
100674-2,100674,P7004,2,599.0,0,1198.0
100674-3,100674,P1007,2,3999.0,0,7998.0
100674-4,100674,P2003,1,1499.0,0,1499.0
100674-5,100674,P5005,1,1999.0,0,1999.0
100675-1,100675,P1007,2,3999.0,0,7998.0
100675-2,100675,P7002,1,1499.0,0,1499.0
100675-3,100675,P8003,1,799.0,0,799.0
100676-1,100676,P1004,2,732.67,8.3,1465.34
100676-2,100676,P1001,1,599.0,0,599.0
100676-3,100676,P8005,2,843.68,6.2,1687.36
100677-1,100677,P4005,1,3499.0,0,3499.0
100677-2,100677,P3005,1,699.0,0,699.0
100678-1,100678,P1003,3,2499.0,0,7497.0
100678-2,100678,P1006,1,699.0,0,699.0
100679-1,100679,P7002,1,1354.69,9.6,1354.69
100679-2,100679,P8003,2,799.0,0,1598.0
100680-1,100680,P1008,1,1278.66,14.7,1278.66
100680-2,100680,P8005,1,766.18,14.8,766.18
100680-3,100680,P7004,2,599.0,0,1198.0
100681-1,100681,P1001,2,599.0,0,1198.0
100682-1,100682,P3003,2,599.0,0,1198.0
100683-1,100683,P8004,1,852.1,14.7,852.1
100684-1,100684,P5001,1,5411.82,9.8,5411.82
100684-2,100684,P2003,3,1499.0,0,4497.0
100685-1,100685,P2004,1,999.0,0,999.0
100685-2,100685,P4002,1,4279.06,14.4,4279.06
100685-3,100685,P6002,1,850.19,5.4,850.19
100685-4,100685,P2003,1,1499.0,0,1499.0
100687-1,100687,P5001,1,5999.0,0,5999.0
100688-1,100688,P1006,1,638.61,8.6,638.61
100689-1,100689,P1009,1,12999.0,0,12999.0
100690-1,100690,P8004,1,894.1,10.5,894.1
100691-1,100691,P2004,3,999.0,0,2997.0
100692-1,100692,P5003,1,699.0,0,699.0
100693-1,100693,P4003,3,1999.0,0,5997.0
100694-1,100694,P7001,2,2635.72,12.1,5271.44
100694-2,100694,P1008,1,1499.0,0,1499.0
100694-3,100694,P1002,3,299.0,0,897.0
100695-1,100695,P4003,2,1999.0,0,3998.0
100696-1,100696,P7003,2,999.0,0,1998.0
100696-2,100696,P5003,1,699.0,0,699.0
100696-3,100696,P1004,1,799.0,0,799.0
100697-1,100697,P8005,1,899.0,0,899.0
100697-2,100697,P5003,1,699.0,0,699.0
100697-3,100697,P1010,1,899.0,0,899.0
100698-1,100698,P3003,3,531.13,11.3,1593.39
100699-1,100699,P3002,1,2499.0,0,2499.0
100700-1,100700,P5002,3,3499.0,0,10497.0
100700-2,100700,P1001,1,599.0,0,599.0
100701-1,100701,P3003,1,599.0,0,599.0
100701-2,100701,P1001,1,599.0,0,599.0
100701-3,100701,P7004,3,599.0,0,1797.0
100702-1,100702,P4002,3,4999.0,0,14997.0
100703-1,100703,P4001,1,7999.0,0,7999.0
100703-2,100703,P3001,1,999.0,0,999.0
100703-3,100703,P1003,1,2499.0,0,2499.0
100704-1,100704,P2002,1,24999.0,0,24999.0
100704-2,100704,P1001,1,599.0,0,599.0
100704-3,100704,P2003,1,1499.0,0,1499.0
100705-1,100705,P8005,1,899.0,0,899.0
100706-1,100706,P3007,2,1191.23,8.3,2382.46
100707-1,100707,P1004,1,799.0,0,799.0
100707-2,100707,P6003,1,1709.98,14.5,1709.98
100708-1,100708,P8005,2,832.86,7.4,1665.72
100709-1,100709,P4001,2,7999.0,0,15998.0
100709-2,100709,P2002,2,24999.0,0,49998.0
100709-3,100709,P7003,1,894.82,10.4,894.82
100709-4,100709,P4005,1,3499.0,0,3499.0
100709-5,100709,P1005,1,1299.0,0,1299.0
100712-1,100712,P3003,2,517.88,13.5,1035.76
100713-1,100713,P7004,2,599.0,0,1198.0
100714-1,100714,P1007,1,3999.0,0,3999.0
100715-1,100715,P8004,2,999.0,0,1998.0
100716-1,100716,P5001,1,5999.0,0,5999.0
100717-1,100717,P6001,1,2499.0,0,2499.0
100717-2,100717,P4003,1,1753.99,12.3,1753.99
100718-1,100718,P7004,1,599.0,0,599.0
100718-2,100718,P3002,2,2499.0,0,4998.0
100719-1,100719,P3004,1,199.0,0,199.0
100719-2,100719,P5005,1,1786.76,10.6,1786.76
100720-1,100720,P1005,1,1299.0,0,1299.0
100720-2,100720,P7002,1,1499.0,0,1499.0
100721-1,100721,P8002,1,599.0,0,599.0
100721-2,100721,P1004,1,799.0,0,799.0
100721-3,100721,P7004,1,535.43,10.6,535.43
100722-1,100722,P4001,2,7999.0,0,15998.0
100722-2,100722,P1008,1,1358.37,9.4,1358.37
100723-1,100723,P2001,3,15999.0,0,47997.0
100724-1,100724,P8001,1,499.0,0,499.0
100724-2,100724,P3003,2,599.0,0,1198.0
100725-1,100725,P2003,1,1499.0,0,1499.0
100726-1,100726,P2001,1,15999.0,0,15999.0
100726-2,100726,P8003,2,799.0,0,1598.0
100726-3,100726,P4005,1,3106.37,11.2,3106.37
100727-1,100727,P3003,1,599.0,0,599.0
100728-1,100728,P4001,2,7999.0,0,15998.0
100728-2,100728,P3006,1,999.0,0,999.0
100728-3,100728,P1003,1,2499.0,0,2499.0
100728-4,100728,P1007,1,3999.0,0,3999.0
100728-5,100728,P2006,2,4999.0,0,9998.0
100729-1,100729,P6001,1,2499.0,0,2499.0
100730-1,100730,P2001,1,15999.0,0,15999.0
100731-1,100731,P2004,1,999.0,0,999.0
100731-2,100731,P7004,1,599.0,0,599.0
100731-3,100731,P5004,1,4499.0,0,4499.0
100732-1,100732,P2005,2,688.8,13.8,1377.6
100732-2,100732,P3003,1,599.0,0,599.0
100732-3,100732,P8002,1,517.58,13.6,517.58
100733-1,100733,P4004,1,5999.0,0,5999.0
100733-2,100733,P1003,1,2308.47,7.6,2308.47
100733-3,100733,P8004,2,999.0,0,1998.0
100734-1,100734,P7002,1,1421.86,5.1,1421.86
100734-2,100734,P1001,3,599.0,0,1797.0
100734-3,100734,P5005,2,1999.0,0,3998.0
100735-1,100735,P8004,1,999.0,0,999.0
100735-2,100735,P1005,1,1299.0,0,1299.0
100736-1,100736,P1001,1,599.0,0,599.0
100737-1,100737,P5003,1,699.0,0,699.0
100738-1,100738,P2006,1,4999.0,0,4999.0
100738-2,100738,P7002,1,1499.0,0,1499.0
100739-1,100739,P8001,1,499.0,0,499.0
100739-2,100739,P3004,1,199.0,0,199.0
100740-1,100740,P1007,2,3666.44,8.3,7332.88
100740-2,100740,P4001,1,7999.0,0,7999.0
100741-1,100741,P2001,1,15999.0,0,15999.0
100742-1,100742,P2003,1,1499.0,0,1499.0
100743-1,100743,P5004,1,4499.0,0,4499.0
100744-1,100744,P5001,1,5664.49,5.6,5664.49
100745-1,100745,P2001,1,13752.2,14.0,13752.2
100745-2,100745,P5002,1,3280.91,6.2,3280.91
100746-1,100746,P5005,2,1743.98,12.8,3487.96
100747-1,100747,P2002,1,24999.0,0,24999.0
100747-2,100747,P4004,1,5999.0,0,5999.0
100747-3,100747,P1004,1,682.17,14.6,682.17
100748-1,100748,P7003,1,999.0,0,999.0
100749-1,100749,P3002,1,2499.0,0,2499.0
100749-2,100749,P3005,1,699.0,0,699.0
100749-3,100749,P7004,1,599.0,0,599.0
100751-1,100751,P1003,1,2176.18,12.9,2176.18
100753-1,100753,P3005,1,699.0,0,699.0
100753-2,100753,P3007,2,1115.43,14.1,2230.86
100754-1,100754,P1004,1,799.0,0,799.0
100754-2,100754,P1003,1,2499.0,0,2499.0
100755-1,100755,P5001,1,5999.0,0,5999.0
100755-2,100755,P1001,1,599.0,0,599.0
100756-1,100756,P1003,2,2499.0,0,4998.0
100756-2,100756,P3001,2,999.0,0,1998.0
100756-3,100756,P4003,1,1999.0,0,1999.0
100756-4,100756,P8003,1,799.0,0,799.0
100757-1,100757,P8004,1,999.0,0,999.0
100759-1,100759,P4003,1,1999.0,0,1999.0
100759-2,100759,P5005,1,1999.0,0,1999.0
100760-1,100760,P4005,1,3499.0,0,3499.0
100761-1,100761,P1001,1,599.0,0,599.0
100762-1,100762,P1002,2,299.0,0,598.0
100763-1,100763,P6004,2,1499.0,0,2998.0
100763-2,100763,P1007,3,3999.0,0,11997.0
100764-1,100764,P3001,1,999.0,0,999.0
100764-2,100764,P8005,1,899.0,0,899.0
100764-3,100764,P3004,1,176.47,11.3,176.47
100766-1,100766,P2006,2,4999.0,0,9998.0
100767-1,100767,P5002,1,3248.09,7.2,3248.09
100768-1,100768,P8004,2,999.0,0,1998.0
100769-1,100769,P3001,2,895.28,10.4,1790.56
100770-1,100770,P1008,1,1499.0,0,1499.0
100770-2,100770,P5002,1,3294.49,5.8,3294.49
100771-1,100771,P5005,1,1999.0,0,1999.0
100772-1,100772,P4004,2,5999.0,0,11998.0
100772-2,100772,P5004,1,3934.91,12.5,3934.91
100773-1,100773,P8005,2,899.0,0,1798.0
100774-1,100774,P4003,1,1999.0,0,1999.0
100774-2,100774,P1008,1,1499.0,0,1499.0
100776-1,100776,P5004,1,4499.0,0,4499.0
100777-1,100777,P7001,1,2999.0,0,2999.0
100778-1,100778,P1008,1,1309.08,12.7,1309.08
100778-2,100778,P2005,1,799.0,0,799.0
100778-3,100778,P2002,1,24999.0,0,24999.0
100779-1,100779,P1007,1,3999.0,0,3999.0
100779-2,100779,P7003,1,999.0,0,999.0
100779-3,100779,P1010,2,899.0,0,1798.0
100870-1,100870,P7003,1,999.0,0,999.0
100870-2,100870,P8004,1,999.0,0,999.0
100871-1,100871,P5001,2,5999.0,0,11998.0
100872-1,100872,P3003,2,599.0,0,1198.0
100872-2,100872,P8001,2,499.0,0,998.0
100873-1,100873,P2001,2,15999.0,0,31998.0
100874-1,100874,P4001,1,7999.0,0,7999.0
100874-2,100874,P3003,2,599.0,0,1198.0
100875-1,100875,P1003,1,2499.0,0,2499.0
100876-1,100876,P3006,1,948.48,5.1,948.48
100877-1,100877,P8004,1,999.0,0,999.0
100878-1,100878,P1001,1,522.49,12.8,522.49
100878-2,100878,P6002,1,899.0,0,899.0
100878-3,100878,P4005,1,3499.0,0,3499.0
100878-4,100878,P7004,1,599.0,0,599.0
100878-5,100878,P8003,1,681.05,14.8,681.05
100879-1,100879,P1007,1,3999.0,0,3999.0
100879-2,100879,P3002,2,2499.0,0,4998.0
100879-3,100879,P5001,1,5999.0,0,5999.0
100880-1,100880,P2001,1,15999.0,0,15999.0
100880-2,100880,P3007,1,1299.0,0,1299.0
100881-1,100881,P1003,1,2217.69,11.3,2217.69
100882-1,100882,P1007,2,3999.0,0,7998.0
100882-2,100882,P2002,1,24999.0,0,24999.0
100883-1,100883,P2005,2,799.0,0,1598.0
100885-1,100885,P5002,1,3311.02,5.4,3311.02
100886-1,100886,P5001,1,5349.26,10.8,5349.26
100886-2,100886,P5003,1,656.24,6.1,656.24
100887-1,100887,P8002,1,599.0,0,599.0
100887-2,100887,P2004,2,890.07,10.9,1780.14
100887-3,100887,P3005,1,699.0,0,699.0
100888-1,100888,P6004,2,1306.86,12.8,2613.72
100889-1,100889,P3004,1,199.0,0,199.0
100890-1,100890,P2006,1,4290.72,14.2,4290.72
100891-1,100891,P6002,1,899.0,0,899.0
100892-1,100892,P7004,2,599.0,0,1198.0
100892-2,100892,P1008,2,1499.0,0,2998.0
100893-1,100893,P7002,1,1499.0,0,1499.0
100894-1,100894,P4002,1,4999.0,0,4999.0
100894-2,100894,P1006,2,699.0,0,1398.0
100894-3,100894,P5004,2,4499.0,0,8998.0
100894-4,100894,P1010,1,899.0,0,899.0
100895-1,100895,P5002,1,3499.0,0,3499.0
100896-1,100896,P2002,1,24999.0,0,24999.0
100896-2,100896,P2001,1,15999.0,0,15999.0
100896-3,100896,P6001,1,2317.64,7.3,2317.64
100898-1,100898,P2002,2,24999.0,0,49998.0
100899-1,100899,P6004,1,1499.0,0,1499.0
100900-1,100900,P2004,1,999.0,0,999.0
100901-1,100901,P4003,1,1999.0,0,1999.0
100902-1,100902,P1008,1,1499.0,0,1499.0
100902-2,100902,P3005,1,699.0,0,699.0
100902-3,100902,P5005,2,1999.0,0,3998.0
100903-1,100903,P5001,1,5999.0,0,5999.0
100903-2,100903,P1010,1,899.0,0,899.0
100903-3,100903,P4003,1,1999.0,0,1999.0
100904-1,100904,P8005,1,775.7,13.7,775.7
100904-2,100904,P7002,1,1289.98,13.9,1289.98
100904-3,100904,P6004,2,1499.0,0,2998.0
100904-4,100904,P3004,1,199.0,0,199.0
100905-1,100905,P3006,1,999.0,0,999.0
100906-1,100906,P5003,1,602.71,13.8,602.71
100906-2,100906,P8002,1,599.0,0,599.0
100907-1,100907,P6004,1,1316.24,12.2,1316.24
100907-2,100907,P3004,2,199.0,0,398.0
100908-1,100908,P3007,2,1299.0,0,2598.0
100909-1,100909,P1010,1,899.0,0,899.0
100909-2,100909,P5001,2,5999.0,0,11998.0
100909-3,100909,P4005,1,3499.0,0,3499.0
100910-1,100910,P8004,2,999.0,0,1998.0
100911-1,100911,P5003,1,699.0,0,699.0
100912-1,100912,P6003,1,1999.0,0,1999.0
100913-1,100913,P7003,1,927.31,7.2,927.31
100913-2,100913,P3005,2,699.0,0,1398.0
100913-3,100913,P4005,1,3499.0,0,3499.0
100914-1,100914,P1003,2,2499.0,0,4998.0
100915-1,100915,P5003,2,699.0,0,1398.0
100916-1,100916,P7003,1,919.8,7.9,919.8
100917-1,100917,P3005,2,699.0,0,1398.0
100917-2,100917,P8002,2,561.08,6.3,1122.16
100918-1,100918,P5003,1,699.0,0,699.0
100919-1,100919,P7001,1,2999.0,0,2999.0
100919-2,100919,P1010,1,837.4,6.9,837.4
100920-1,100920,P4005,1,3499.0,0,3499.0
100920-2,100920,P3005,1,699.0,0,699.0
100920-3,100920,P5003,3,655.02,6.3,1965.06
100921-1,100921,P2005,2,799.0,0,1598.0
100922-1,100922,P4002,1,4999.0,0,4999.0
100923-1,100923,P4002,1,4999.0,0,4999.0
100924-1,100924,P3006,1,999.0,0,999.0
100924-2,100924,P7004,2,599.0,0,1198.0
100925-1,100925,P2003,2,1499.0,0,2998.0
100925-2,100925,P8004,1,999.0,0,999.0
100926-1,100926,P1002,2,268.59,10.2,537.18
100928-1,100928,P4001,2,7335.77,8.3,14671.54
100928-2,100928,P1007,1,3999.0,0,3999.0
100929-1,100929,P4001,2,7023.7,12.2,14047.4
100930-1,100930,P5003,2,699.0,0,1398.0
100930-2,100930,P6004,1,1499.0,0,1499.0
100931-1,100931,P8001,2,456.18,8.6,912.36
100932-1,100932,P8004,1,999.0,0,999.0
100932-2,100932,P1004,1,799.0,0,799.0
100932-3,100932,P1005,1,1299.0,0,1299.0
100933-1,100933,P3002,2,2499.0,0,4998.0
100933-2,100933,P1001,1,599.0,0,599.0
100934-1,100934,P1001,2,599.0,0,1198.0
100934-2,100934,P5001,1,5999.0,0,5999.0
100934-3,100934,P7003,1,947.92,5.1,947.92
100935-1,100935,P7001,1,2617.95,12.7,2617.95
100935-2,100935,P4001,1,7999.0,0,7999.0
100935-3,100935,P6004,1,1499.0,0,1499.0
100935-4,100935,P2001,2,15999.0,0,31998.0
100935-5,100935,P8004,1,999.0,0,999.0
100936-1,100936,P1008,2,1499.0,0,2998.0
100937-1,100937,P2003,2,1499.0,0,2998.0
100937-2,100937,P4004,1,5999.0,0,5999.0
100938-1,100938,P3004,1,199.0,0,199.0
100939-1,100939,P3002,1,2203.64,11.8,2203.64
100940-1,100940,P2006,1,4999.0,0,4999.0
100941-1,100941,P7002,1,1499.0,0,1499.0
100941-2,100941,P2004,1,999.0,0,999.0
100941-3,100941,P3004,2,199.0,0,398.0
100942-1,100942,P6003,1,1999.0,0,1999.0
100943-1,100943,P8005,1,899.0,0,899.0
100943-2,100943,P6003,1,1999.0,0,1999.0
100944-1,100944,P5004,2,4499.0,0,8998.0
100944-2,100944,P1006,1,699.0,0,699.0
100944-3,100944,P2005,2,705.62,11.7,1411.24
100944-4,100944,P2006,2,4999.0,0,9998.0
100944-5,100944,P8002,1,599.0,0,599.0
100945-1,100945,P4005,1,3499.0,0,3499.0
100945-2,100945,P6001,2,2499.0,0,4998.0
100946-1,100946,P3001,1,999.0,0,999.0
100946-2,100946,P1005,2,1299.0,0,2598.0
100947-1,100947,P7003,2,999.0,0,1998.0
100948-1,100948,P1007,1,3999.0,0,3999.0
100948-2,100948,P1004,2,720.72,9.8,1441.44
100949-1,100949,P6002,1,899.0,0,899.0
100950-1,100950,P6004,3,1323.66,11.7,3970.98
100950-2,100950,P1010,1,899.0,0,899.0
100951-1,100951,P8001,1,499.0,0,499.0
100951-2,100951,P6002,1,899.0,0,899.0
100952-1,100952,P8004,1,999.0,0,999.0
100952-2,100952,P7003,2,999.0,0,1998.0
100953-1,100953,P4001,2,7999.0,0,15998.0
100953-2,100953,P3002,2,2499.0,0,4998.0
100954-1,100954,P8005,1,899.0,0,899.0
100955-1,100955,P7001,1,2999.0,0,2999.0
100955-2,100955,P1007,1,3999.0,0,3999.0
100955-3,100955,P1001,1,599.0,0,599.0
100956-1,100956,P1008,1,1379.79,8.0,1379.79
100957-1,100957,P6002,3,766.81,14.7,2300.43
100957-2,100957,P5004,1,4499.0,0,4499.0
100958-1,100958,P6002,1,899.0,0,899.0
100958-2,100958,P2002,1,22827.39,8.7,22827.39
100958-3,100958,P1004,1,682.69,14.6,682.69
100959-1,100959,P4003,1,1999.0,0,1999.0
100959-2,100959,P1001,1,599.0,0,599.0
100960-1,100960,P2006,1,4999.0,0,4999.0
100960-2,100960,P4002,1,4999.0,0,4999.0
100960-3,100960,P2005,1,799.0,0,799.0
100960-4,100960,P2001,1,14115.23,11.8,14115.23
100962-1,100962,P1006,1,699.0,0,699.0
100963-1,100963,P8004,1,999.0,0,999.0
100963-2,100963,P3002,1,2499.0,0,2499.0
100964-1,100964,P3002,2,2276.96,8.9,4553.92
100964-2,100964,P7003,1,999.0,0,999.0
100964-3,100964,P4003,1,1999.0,0,1999.0
100965-1,100965,P6001,2,2314.21,7.4,4628.42
100965-2,100965,P3005,1,699.0,0,699.0
100966-1,100966,P8002,1,558.55,6.8,558.55
100966-2,100966,P1003,1,2499.0,0,2499.0
100967-1,100967,P2003,1,1285.83,14.2,1285.83
100969-1,100969,P1006,2,699.0,0,1398.0
100969-2,100969,P2005,2,799.0,0,1598.0
100970-1,100970,P6002,1,899.0,0,899.0
100971-1,100971,P1005,2,1299.0,0,2598.0
100971-2,100971,P6003,2,1999.0,0,3998.0
100972-1,100972,P3007,2,1211.51,6.7,2423.02
100972-2,100972,P2005,2,799.0,0,1598.0
100973-1,100973,P3005,1,628.62,10.1,628.62
100973-2,100973,P4002,2,4406.34,11.9,8812.68
100973-3,100973,P6001,1,2499.0,0,2499.0
100973-4,100973,P3003,1,599.0,0,599.0
100973-5,100973,P2002,2,22243.71,11.0,44487.42
100974-1,100974,P1007,1,3999.0,0,3999.0
100975-1,100975,P2004,2,999.0,0,1998.0
100975-2,100975,P7001,1,2999.0,0,2999.0
100976-1,100976,P7002,1,1499.0,0,1499.0
100977-1,100977,P3001,1,999.0,0,999.0
100977-2,100977,P8001,1,499.0,0,499.0
100978-1,100978,P7002,1,1499.0,0,1499.0
100979-1,100979,P4005,2,3499.0,0,6998.0
100980-1,100980,P4004,2,5999.0,0,11998.0
100981-1,100981,P1006,1,699.0,0,699.0
100982-1,100982,P3004,2,199.0,0,398.0
100982-2,100982,P3005,2,699.0,0,1398.0
100983-1,100983,P2004,1,999.0,0,999.0
100983-2,100983,P6001,1,2499.0,0,2499.0
100983-3,100983,P4005,1,3499.0,0,3499.0
100984-1,100984,P6002,1,899.0,0,899.0
100986-1,100986,P3007,2,1203.7,7.3,2407.4
100986-2,100986,P3004,3,175.97,11.6,527.91
100988-1,100988,P4002,1,4999.0,0,4999.0
100988-2,100988,P1004,1,799.0,0,799.0
100988-3,100988,P6001,1,2499.0,0,2499.0
100989-1,100989,P7004,2,557.22,7.0,1114.44
100990-1,100990,P8005,1,899.0,0,899.0
100990-2,100990,P1001,1,599.0,0,599.0
100991-1,100991,P2002,2,23556.95,5.8,47113.9
100991-2,100991,P3001,2,999.0,0,1998.0
100991-3,100991,P8002,1,525.51,12.3,525.51
100992-1,100992,P4004,1,5999.0,0,5999.0
100993-1,100993,P8001,2,499.0,0,998.0
100994-1,100994,P7004,1,599.0,0,599.0
100995-1,100995,P5004,1,4499.0,0,4499.0
100995-2,100995,P1001,1,599.0,0,599.0
100995-3,100995,P4005,1,3499.0,0,3499.0
100996-1,100996,P4003,1,1999.0,0,1999.0
100996-2,100996,P7003,1,999.0,0,999.0
100997-1,100997,P1008,1,1499.0,0,1499.0
100997-2,100997,P1003,1,2499.0,0,2499.0
100998-1,100998,P6004,2,1499.0,0,2998.0
100999-1,100999,P8004,3,933.55,6.6,2800.65
101000-1,101000,P3001,1,999.0,0,999.0
101001-1,101001,P6001,1,2499.0,0,2499.0
101001-2,101001,P8003,1,701.52,12.2,701.52
101002-1,101002,P3007,1,1299.0,0,1299.0
101003-1,101003,P1005,1,1299.0,0,1299.0
101004-1,101004,P8005,1,899.0,0,899.0
101004-2,101004,P1004,2,755.97,5.4,1511.94
101004-3,101004,P7002,1,1499.0,0,1499.0
101005-1,101005,P1003,1,2499.0,0,2499.0
101005-2,101005,P5004,1,4499.0,0,4499.0
101006-1,101006,P8002,1,599.0,0,599.0
101007-1,101007,P4004,1,5999.0,0,5999.0
101007-2,101007,P1006,1,699.0,0,699.0
101007-3,101007,P5002,1,3499.0,0,3499.0
101008-1,101008,P7004,2,599.0,0,1198.0
101009-1,101009,P1010,1,899.0,0,899.0
101010-1,101010,P1004,2,711.8,10.9,1423.6
101010-2,101010,P8001,1,499.0,0,499.0
101011-1,101011,P7002,1,1499.0,0,1499.0
101011-2,101011,P3002,1,2499.0,0,2499.0
101011-3,101011,P4002,2,4329.3,13.4,8658.6
101011-4,101011,P4003,1,1999.0,0,1999.0
101012-1,101012,P7001,3,2773.88,7.5,8321.64
101012-2,101012,P2004,1,999.0,0,999.0
101013-1,101013,P2002,2,24999.0,0,49998.0
101015-1,101015,P4002,2,4999.0,0,9998.0
101016-1,101016,P2001,2,14264.18,10.8,28528.36
101017-1,101017,P4002,1,4999.0,0,4999.0
101017-2,101017,P6003,1,1999.0,0,1999.0
101017-3,101017,P2003,1,1348.72,10.0,1348.72
101018-1,101018,P3005,1,699.0,0,699.0
101019-1,101019,P5003,1,699.0,0,699.0
101019-2,101019,P6001,1,2499.0,0,2499.0
101019-3,101019,P2005,1,799.0,0,799.0
101020-1,101020,P6001,1,2499.0,0,2499.0
101021-1,101021,P1003,1,2499.0,0,2499.0
101022-1,101022,P3004,1,199.0,0,199.0
101023-1,101023,P6002,1,899.0,0,899.0
101023-2,101023,P6001,1,2499.0,0,2499.0
101025-1,101025,P7003,2,999.0,0,1998.0
101026-1,101026,P5001,1,5999.0,0,5999.0
101027-1,101027,P3002,2,2499.0,0,4998.0
101028-1,101028,P6004,1,1499.0,0,1499.0
101029-1,101029,P1007,2,3999.0,0,7998.0
101030-1,101030,P1008,2,1499.0,0,2998.0
101032-1,101032,P7001,2,2999.0,0,5998.0
101032-2,101032,P8005,1,803.37,10.6,803.37
101032-3,101032,P4001,1,7999.0,0,7999.0
101032-4,101032,P5001,1,5999.0,0,5999.0
101032-5,101032,P8004,1,999.0,0,999.0
101033-1,101033,P6001,2,2320.47,7.1,4640.94
101033-2,101033,P6003,1,1710.55,14.4,1710.55
101034-1,101034,P7001,1,2999.0,0,2999.0
101034-2,101034,P5005,1,1999.0,0,1999.0
101035-1,101035,P8003,1,799.0,0,799.0
101036-1,101036,P1008,1,1499.0,0,1499.0
101036-2,101036,P7001,1,2999.0,0,2999.0
101037-1,101037,P7003,1,999.0,0,999.0
101037-2,101037,P4001,1,7999.0,0,7999.0
101037-3,101037,P8004,1,999.0,0,999.0
101038-1,101038,P2002,2,22439.41,10.2,44878.82
101038-2,101038,P1004,2,799.0,0,1598.0
101040-1,101040,P5003,2,606.86,13.2,1213.72
101040-2,101040,P8002,2,599.0,0,1198.0
101042-1,101042,P1009,1,12999.0,0,12999.0
101042-2,101042,P2004,1,999.0,0,999.0
101044-1,101044,P2005,1,799.0,0,799.0
101044-2,101044,P1008,1,1499.0,0,1499.0
101044-3,101044,P2001,2,15999.0,0,31998.0
101045-1,101045,P1003,2,2143.65,14.2,4287.3
101045-2,101045,P6002,3,899.0,0,2697.0
101045-3,101045,P6004,2,1499.0,0,2998.0
101045-4,101045,P1001,1,599.0,0,599.0
101046-1,101046,P3005,1,623.33,10.8,623.33
101046-2,101046,P1001,1,599.0,0,599.0
101046-3,101046,P3004,1,199.0,0,199.0
101047-1,101047,P3004,1,199.0,0,199.0
101047-2,101047,P3002,1,2257.4,9.7,2257.4
101047-3,101047,P8005,2,825.51,8.2,1651.02
101047-4,101047,P2005,1,799.0,0,799.0
101047-5,101047,P1002,1,299.0,0,299.0
101048-1,101048,P6002,1,899.0,0,899.0
101049-1,101049,P1008,1,1499.0,0,1499.0
101050-1,101050,P4005,1,3197.67,8.6,3197.67
101051-1,101051,P3004,2,199.0,0,398.0
101051-2,101051,P2006,1,4748.88,5.0,4748.88
101052-1,101052,P6002,2,899.0,0,1798.0
101053-1,101053,P1005,1,1299.0,0,1299.0
101053-2,101053,P2004,1,999.0,0,999.0
101053-3,101053,P7002,1,1499.0,0,1499.0
101054-1,101054,P1003,2,2499.0,0,4998.0
101054-2,101054,P2004,1,999.0,0,999.0
101054-3,101054,P3006,1,999.0,0,999.0
101055-1,101055,P8003,1,731.2,8.5,731.2
101055-2,101055,P1008,2,1499.0,0,2998.0
101055-3,101055,P2001,1,15055.2,5.9,15055.2
101055-4,101055,P1003,1,2499.0,0,2499.0
101055-5,101055,P1006,1,699.0,0,699.0
101056-1,101056,P3003,1,599.0,0,599.0
101056-2,101056,P3007,2,1299.0,0,2598.0
101057-1,101057,P7003,2,999.0,0,1998.0
101058-1,101058,P3001,1,999.0,0,999.0
101059-1,101059,P1005,1,1299.0,0,1299.0
101059-2,101059,P3006,2,920.17,7.9,1840.34
101059-3,101059,P7002,1,1499.0,0,1499.0
101059-4,101059,P1006,1,699.0,0,699.0
101060-1,101060,P1007,2,3999.0,0,7998.0
101060-2,101060,P6002,3,899.0,0,2697.0
101060-3,101060,P1004,1,799.0,0,799.0
101061-1,101061,P3001,2,999.0,0,1998.0
101061-2,101061,P2005,1,799.0,0,799.0
101061-3,101061,P1007,1,3999.0,0,3999.0
101061-4,101061,P7003,2,999.0,0,1998.0
101062-1,101062,P4003,1,1999.0,0,1999.0
101062-2,101062,P8002,1,599.0,0,599.0
101062-3,101062,P1010,3,899.0,0,2697.0
101063-1,101063,P7001,3,2756.97,8.1,8270.91
101064-1,101064,P2002,1,24999.0,0,24999.0
101064-2,101064,P1007,1,3463.63,13.4,3463.63
101065-1,101065,P8001,2,499.0,0,998.0
101065-2,101065,P8005,1,899.0,0,899.0
101066-1,101066,P2004,1,867.89,13.1,867.89
101066-2,101066,P3006,1,999.0,0,999.0
101067-1,101067,P2003,1,1499.0,0,1499.0
101068-1,101068,P6002,3,899.0,0,2697.0
101068-2,101068,P8005,1,765.7,14.8,765.7
101068-3,101068,P2001,1,14036.31,12.3,14036.31
101068-4,101068,P8003,2,799.0,0,1598.0
101068-5,101068,P3002,1,2499.0,0,2499.0
101069-1,101069,P1009,1,12999.0,0,12999.0
101070-1,101070,P8005,1,899.0,0,899.0
101071-1,101071,P1004,2,799.0,0,1598.0
101071-2,101071,P8002,1,599.0,0,599.0
101071-3,101071,P4005,1,3499.0,0,3499.0
101072-1,101072,P6001,1,2499.0,0,2499.0
101072-2,101072,P1002,3,283.68,5.1,851.04
101073-1,101073,P6002,1,899.0,0,899.0
101074-1,101074,P6004,1,1499.0,0,1499.0
101075-1,101075,P1004,2,799.0,0,1598.0
101076-1,101076,P1010,2,899.0,0,1798.0
101076-2,101076,P1009,1,12999.0,0,12999.0
101076-3,101076,P8003,1,747.57,6.4,747.57
101076-4,101076,P2001,2,13925.21,13.0,27850.42
101077-1,101077,P3007,2,1126.22,13.3,2252.44
101077-2,101077,P2003,2,1499.0,0,2998.0
101077-3,101077,P3005,1,699.0,0,699.0
101077-4,101077,P1004,1,799.0,0,799.0
101077-5,101077,P5005,2,1999.0,0,3998.0
101078-1,101078,P8003,1,799.0,0,799.0
101078-2,101078,P2006,1,4999.0,0,4999.0
101079-1,101079,P5004,2,4499.0,0,8998.0
101079-2,101079,P6004,1,1499.0,0,1499.0
101079-3,101079,P3001,1,999.0,0,999.0
101080-1,101080,P6002,3,899.0,0,2697.0
101081-1,101081,P7004,2,599.0,0,1198.0
101082-1,101082,P1003,2,2499.0,0,4998.0
101083-1,101083,P8005,2,899.0,0,1798.0
101084-1,101084,P3003,1,599.0,0,599.0
101084-2,101084,P4003,2,1999.0,0,3998.0
101084-3,101084,P1002,2,299.0,0,598.0
101084-4,101084,P3005,1,699.0,0,699.0
101084-5,101084,P1008,2,1329.11,11.3,2658.22
101085-1,101085,P4003,1,1999.0,0,1999.0
101086-1,101086,P1009,2,12999.0,0,25998.0
101087-1,101087,P3002,1,2499.0,0,2499.0
101088-1,101088,P1002,1,299.0,0,299.0
101089-1,101089,P8001,1,446.93,10.4,446.93
101090-1,101090,P7002,1,1413.83,5.7,1413.83
101091-1,101091,P4004,2,5999.0,0,11998.0
101091-2,101091,P8004,2,999.0,0,1998.0
101091-3,101091,P6004,1,1499.0,0,1499.0
101091-4,101091,P3005,1,699.0,0,699.0
101092-1,101092,P1009,2,12053.63,7.3,24107.26
101093-1,101093,P2003,2,1499.0,0,2998.0
101093-2,101093,P6002,1,899.0,0,899.0
101093-3,101093,P3001,1,999.0,0,999.0
101095-1,101095,P4002,2,4353.93,12.9,8707.86
101095-2,101095,P1008,2,1499.0,0,2998.0
101097-1,101097,P2006,1,4999.0,0,4999.0
101097-2,101097,P4005,1,3499.0,0,3499.0
101097-3,101097,P7002,1,1499.0,0,1499.0
101098-1,101098,P6002,1,899.0,0,899.0
101098-2,101098,P4003,2,1999.0,0,3998.0
101100-1,101100,P5004,3,4499.0,0,13497.0
101101-1,101101,P3002,2,2499.0,0,4998.0
101101-2,101101,P3006,1,999.0,0,999.0
101101-3,101101,P1005,1,1132.59,12.8,1132.59
101102-1,101102,P3002,1,2243.46,10.2,2243.46
101102-2,101102,P7001,1,2999.0,0,2999.0
101103-1,101103,P2002,3,24999.0,0,74997.0
101104-1,101104,P1010,-1,899.0,0,1798.0
101104-2,101104,P5004,2,4499.0,0,8998.0
101105-1,101105,P5005,1,1999.0,0,1999.0
101106-1,101106,P1001,2,599.0,0,1198.0
101106-2,101106,P7004,1,599.0,0,599.0
101107-1,101107,P8005,1,819.42,8.9,819.42
101107-2,101107,P2006,1,4999.0,0,4999.0
101108-1,101108,P2002,2,24999.0,0,49998.0
101108-2,101108,P1004,1,799.0,0,799.0
101108-3,101108,P2003,2,1499.0,0,2998.0
101109-1,101109,P8004,1,999.0,0,999.0
101109-2,101109,P3003,2,544.56,9.1,1089.12
101110-1,101110,P5003,1,638.49,8.7,638.49
101111-1,101111,P2002,1,24999.0,0,24999.0
101112-1,101112,P6004,1,1499.0,0,1499.0
101113-1,101113,P2004,1,999.0,0,999.0
101113-2,101113,P8002,1,538.93,10.0,538.93
101114-1,101114,P4005,2,3499.0,0,6998.0
101114-2,101114,P8004,1,999.0,0,999.0
101115-1,101115,P3001,1,999.0,0,999.0
101116-1,101116,P4004,2,5999.0,0,11998.0
101117-1,101117,P2004,1,875.36,12.4,875.36
101118-1,101118,P6001,1,2499.0,0,2499.0
101118-2,101118,P1003,1,2499.0,0,2499.0
101118-3,101118,P2001,1,15999.0,0,15999.0
101118-4,101118,P6004,1,1499.0,0,1499.0
101118-5,101118,P3003,2,599.0,0,1198.0
101119-1,101119,P6004,1,1381.94,7.8,1381.94
101120-1,101120,P3006,1,999.0,0,999.0
101120-2,101120,P1004,2,799.0,0,1598.0
101121-1,101121,P8004,1,896.72,10.2,896.72
101121-2,101121,P2002,2,24999.0,0,49998.0
101121-3,101121,P8002,1,527.07,12.0,527.07
101122-1,101122,P1003,2,2499.0,0,4998.0
101122-2,101122,P1005,1,1299.0,0,1299.0
101122-3,101122,P2004,2,927.34,7.2,1854.68
101123-1,101123,P3005,1,699.0,0,699.0
101123-2,101123,P3006,1,999.0,0,999.0
101124-1,101124,P5003,1,650.32,7.0,650.32
101125-1,101125,P2006,3,4999.0,0,14997.0
101125-2,101125,P5001,2,5999.0,0,11998.0
101125-3,101125,P4001,1,7999.0,0,7999.0
101125-4,101125,P3004,2,199.0,0,398.0
101127-1,101127,P2004,1,999.0,0,999.0
101127-2,101127,P4004,1,5365.6,10.6,5365.6
101127-3,101127,P6001,1,2499.0,0,2499.0
101128-1,101128,P2003,1,1499.0,0,1499.0
101128-2,101128,P3004,1,182.28,8.4,182.28
101128-3,101128,P1001,2,599.0,0,1198.0
101129-1,101129,P1004,1,799.0,0,799.0
101130-1,101130,P3005,1,699.0,0,699.0
101131-1,101131,P4001,1,7999.0,0,7999.0
101131-2,101131,P8002,1,599.0,0,599.0
101132-1,101132,P5001,1,5999.0,0,5999.0
101133-1,101133,P3002,1,2499.0,0,2499.0
101133-2,101133,P4001,1,7999.0,0,7999.0
101134-1,101134,P8001,1,499.0,0,499.0
101135-1,101135,P5002,1,3499.0,0,3499.0
101135-2,101135,P2005,1,799.0,0,799.0
101136-1,101136,P2003,1,1499.0,0,1499.0
101136-2,101136,P1007,1,3999.0,0,3999.0
101136-3,101136,P8005,1,899.0,0,899.0
101137-1,101137,P3004,2,199.0,0,398.0
101138-1,101138,P3007,1,1299.0,0,1299.0
101138-2,101138,P8005,1,899.0,0,899.0
101138-3,101138,P3004,1,199.0,0,199.0
101139-1,101139,P3006,1,999.0,0,999.0
101140-1,101140,P2005,2,799.0,0,1598.0
101140-2,101140,P8002,2,534.83,10.7,1069.66
101141-1,101141,P5001,1,5999.0,0,5999.0
101141-2,101141,P1006,1,699.0,0,699.0
101141-3,101141,P7001,2,2999.0,0,5998.0
101142-1,101142,P2003,1,1350.29,9.9,1350.29
101143-1,101143,P8005,1,899.0,0,899.0
101143-2,101143,P8002,1,556.32,7.1,556.32
101144-1,101144,P3003,1,533.18,11.0,533.18
101145-1,101145,P7002,2,1499.0,0,2998.0
101146-1,101146,P3002,1,2499.0,0,2499.0
101147-1,101147,P2004,1,999.0,0,999.0
101148-1,101148,P7002,2,1499.0,0,2998.0
101148-2,101148,P1002,1,299.0,0,299.0
101149-1,101149,P4002,2,4999.0,0,9998.0
101150-1,101150,P3001,2,999.0,0,1998.0
101151-1,101151,P4005,1,3499.0,0,3499.0
101151-2,101151,P3007,1,1299.0,0,1299.0
101152-1,101152,P3007,1,1299.0,0,1299.0
101153-1,101153,P8004,1,999.0,0,999.0
101153-2,101153,P1007,2,3999.0,0,7998.0
101154-1,101154,P2005,1,799.0,0,799.0
101154-2,101154,P8001,1,456.69,8.5,456.69
101155-1,101155,P5001,1,5999.0,0,5999.0
101156-1,101156,P3004,2,199.0,0,398.0
101156-2,101156,P1005,1,1192.31,8.2,1192.31
101156-3,101156,P1007,1,3999.0,0,3999.0
101157-1,101157,P2006,2,4999.0,0,9998.0
101157-2,101157,P1006,1,699.0,0,699.0
101158-1,101158,P8004,3,999.0,0,2997.0
101159-1,101159,P2002,1,24999.0,0,24999.0
101160-1,101160,P3006,1,919.3,8.0,919.3
101160-2,101160,P6002,1,899.0,0,899.0
101161-1,101161,P5003,1,699.0,0,699.0
101161-2,101161,P3003,2,599.0,0,1198.0
101162-1,101162,P5001,1,5999.0,0,5999.0
101162-2,101162,P4004,1,5999.0,0,5999.0
101164-1,101164,P3003,1,599.0,0,599.0
101164-2,101164,P5004,1,4499.0,0,4499.0
101165-1,101165,P3003,2,599.0,0,1198.0
101167-1,101167,P2003,1,1499.0,0,1499.0
101167-2,101167,P1006,1,699.0,0,699.0
101168-1,101168,P7004,1,599.0,0,599.0
101169-1,101169,P4005,2,3499.0,0,6998.0
101169-2,101169,P3006,1,999.0,0,999.0
101169-3,101169,P4001,1,7999.0,0,7999.0
101169-4,101169,P5003,-1,699.0,0,699.0
101169-5,101169,P7004,1,599.0,0,599.0
101170-1,101170,P3007,1,1299.0,0,1299.0
101170-2,101170,P5001,1,5999.0,0,5999.0
101170-3,101170,P1004,3,799.0,0,2397.0
101172-1,101172,P1001,3,599.0,0,1797.0
101172-2,101172,P3002,1,2499.0,0,2499.0
101172-3,101172,P1004,3,799.0,0,2397.0
101173-1,101173,P6003,2,1999.0,0,3998.0
101173-2,101173,P8003,2,799.0,0,1598.0
101173-3,101173,P2005,1,799.0,0,799.0
101174-1,101174,P8005,1,899.0,0,899.0
101175-1,101175,P1002,1,299.0,0,299.0
101175-2,101175,P4001,1,7999.0,0,7999.0
101175-3,101175,P2003,1,1499.0,0,1499.0
101176-1,101176,P2006,2,4999.0,0,9998.0
101177-1,101177,P3006,1,926.98,7.2,926.98
101178-1,101178,P1010,1,899.0,0,899.0
101178-2,101178,P5005,1,1999.0,0,1999.0
101178-3,101178,P4004,2,5999.0,0,11998.0
101179-1,101179,P3001,2,999.0,0,1998.0
101180-1,101180,P5004,1,4499.0,0,4499.0
101180-2,101180,P8003,1,799.0,0,799.0
101181-1,101181,P1002,1,299.0,0,299.0
101182-1,101182,P4001,2,7999.0,0,15998.0
101183-1,101183,P5001,2,5999.0,0,11998.0
101183-2,101183,P7002,1,1499.0,0,1499.0
101183-3,101183,P3004,1,186.22,6.4,186.22
101184-1,101184,P3003,1,599.0,0,599.0
101185-1,101185,P3006,1,945.29,5.4,945.29
101185-2,101185,P1010,1,899.0,0,899.0
101185-3,101185,P8005,1,899.0,0,899.0
101186-1,101186,P1005,1,1299.0,0,1299.0
101186-2,101186,P3004,1,199.0,0,199.0
101186-3,101186,P4002,2,4710.42,5.8,9420.84
101186-4,101186,P6003,2,1813.49,9.3,3626.98
101187-1,101187,P7004,1,599.0,0,599.0
101187-2,101187,P8003,1,799.0,0,799.0
101187-3,101187,P4002,1,4645.83,7.1,4645.83
101188-1,101188,P7002,1,1341.23,10.5,1341.23
101189-1,101189,P2005,2,799.0,0,1598.0
101189-2,101189,P1006,1,639.97,8.4,639.97
101190-1,101190,P5002,1,3499.0,0,3499.0
101190-2,101190,P6003,1,1835.14,8.2,1835.14
101191-1,101191,P5001,1,5999.0,0,5999.0
101192-1,101192,P4003,2,1999.0,0,3998.0
101193-1,101193,P7004,-1,599.0,0,1198.0
101193-2,101193,P8003,1,799.0,0,799.0
101194-1,101194,P2006,1,4665.39,6.7,4665.39
101194-2,101194,P2002,2,24999.0,0,49998.0
101195-1,101195,P3005,2,699.0,0,1398.0
101195-2,101195,P6004,2,1499.0,0,2998.0
101196-1,101196,P2004,1,999.0,0,999.0
101196-2,101196,P4002,1,4999.0,0,4999.0
101196-3,101196,P1007,2,3999.0,0,7998.0
101197-1,101197,P8004,3,999.0,0,2997.0
101197-2,101197,P4004,2,5999.0,0,11998.0
101198-1,101198,P5002,3,3499.0,0,10497.0
101198-2,101198,P7004,1,599.0,0,599.0
101199-1,101199,P1009,1,12999.0,0,12999.0
101200-1,101200,P3004,1,199.0,0,199.0
101201-1,101201,P4005,1,3499.0,0,3499.0
101201-2,101201,P7004,1,599.0,0,599.0
101201-3,101201,P6004,1,1499.0,0,1499.0
101202-1,101202,P3002,2,2499.0,0,4998.0
101203-1,101203,P7001,2,2593.46,13.5,5186.92
101203-2,101203,P4001,3,7999.0,0,23997.0
101204-1,101204,P4002,1,4999.0,0,4999.0
101204-2,101204,P2002,2,24999.0,0,49998.0
101204-3,101204,P3003,1,599.0,0,599.0
101205-1,101205,P4002,2,4371.33,12.6,8742.66
101205-2,101205,P3001,2,999.0,0,1998.0
101205-3,101205,P6001,1,2499.0,0,2499.0
101206-1,101206,P4005,1,3218.62,8.0,3218.62
101207-1,101207,P3004,1,199.0,0,199.0
101208-1,101208,P1010,1,899.0,0,899.0
101208-2,101208,P2002,2,24999.0,0,49998.0
101208-3,101208,P3001,2,867.86,13.1,1735.72
101209-1,101209,P4001,2,7169.86,10.4,14339.72
101210-1,101210,P1002,1,299.0,0,299.0
101210-2,101210,P1005,2,1299.0,0,2598.0
101211-1,101211,P8005,1,899.0,0,899.0
101211-2,101211,P3001,1,999.0,0,999.0
101211-3,101211,P2003,1,1499.0,0,1499.0
101211-4,101211,P5002,1,3499.0,0,3499.0
101211-5,101211,P5004,1,4206.24,6.5,4206.24
101212-1,101212,P3002,1,2499.0,0,2499.0
101213-1,101213,P3005,1,699.0,0,699.0
101213-2,101213,P7004,1,599.0,0,599.0
101214-1,101214,P8002,1,599.0,0,599.0
101215-1,101215,P6003,1,1999.0,0,1999.0
101216-1,101216,P6002,2,899.0,0,1798.0
101217-1,101217,P2001,2,15999.0,0,31998.0
101218-1,101218,P6002,1,899.0,0,899.0
101218-2,101218,P4003,1,1999.0,0,1999.0
101218-3,101218,P1009,2,12999.0,0,25998.0
101218-4,101218,P8002,1,599.0,0,599.0
101219-1,101219,P1006,2,699.0,0,1398.0
101219-2,101219,P7002,1,1499.0,0,1499.0
101219-3,101219,P7003,1,999.0,0,999.0
101220-1,101220,P3003,1,599.0,0,599.0
101221-1,101221,P4005,1,3292.73,5.9,3292.73
101222-1,101222,P5004,1,4499.0,0,4499.0
101222-2,101222,P7004,1,599.0,0,599.0
101223-1,101223,P1004,1,799.0,0,799.0
101223-2,101223,P2002,1,24999.0,0,24999.0
101224-1,101224,P3002,1,2348.04,6.0,2348.04
101224-2,101224,P5002,2,3499.0,0,6998.0
101224-3,101224,P6001,1,2499.0,0,2499.0
101224-4,101224,P8001,1,499.0,0,499.0
101225-1,101225,P4002,1,4999.0,0,4999.0
101225-2,101225,P7002,1,1499.0,0,1499.0
101225-3,101225,P4005,1,3499.0,0,3499.0
101226-1,101226,P2005,1,799.0,0,799.0
101226-2,101226,P2001,1,15999.0,0,15999.0
101226-3,101226,P8003,2,799.0,0,1598.0
101226-4,101226,P4005,1,3499.0,0,3499.0
101226-5,101226,P3005,2,699.0,0,1398.0
101227-1,101227,P8003,1,688.26,13.9,688.26
101228-1,101228,P1002,2,299.0,0,598.0
101228-2,101228,P3002,1,2499.0,0,2499.0
101228-3,101228,P4004,1,5999.0,0,5999.0
101229-1,101229,P5001,1,5999.0,0,5999.0
101231-1,101231,P1010,1,899.0,0,899.0
101232-1,101232,P8003,1,799.0,0,799.0
101232-2,101232,P6001,1,2280.67,8.7,2280.67
101232-3,101232,P3004,1,199.0,0,199.0
101233-1,101233,P1005,2,1299.0,0,2598.0
101233-2,101233,P3004,1,181.61,8.7,181.61
101234-1,101234,P3001,1,999.0,0,999.0
101234-2,101234,P3002,1,2499.0,0,2499.0
101235-1,101235,P1010,1,899.0,0,899.0
101236-1,101236,P5002,1,3499.0,0,3499.0
101237-1,101237,P1001,1,599.0,0,599.0
101237-2,101237,P3002,1,2499.0,0,2499.0
101237-3,101237,P2003,2,1499.0,0,2998.0
101237-4,101237,P5005,1,1999.0,0,1999.0
101238-1,101238,P1010,1,899.0,0,899.0
101239-1,101239,P4004,1,5999.0,0,5999.0
101240-1,101240,P2006,1,4999.0,0,4999.0
101240-2,101240,P1003,1,2499.0,0,2499.0
101240-3,101240,P6002,2,899.0,0,1798.0
101240-4,101240,P3006,1,999.0,0,999.0
101241-1,101241,P8005,1,899.0,0,899.0
101242-1,101242,P2006,1,4667.26,6.6,4667.26
101242-2,101242,P5003,1,699.0,0,699.0
101243-1,101243,P3001,2,999.0,0,1998.0
101245-1,101245,P2005,2,694.48,13.1,1388.96
101245-2,101245,P2004,1,999.0,0,999.0
101246-1,101246,P1002,2,299.0,0,598.0
101249-1,101249,P1006,1,699.0,0,699.0
101249-2,101249,P4001,1,7999.0,0,7999.0
101250-1,101250,P2001,2,15999.0,0,31998.0
101251-1,101251,P3006,2,999.0,0,1998.0
101251-2,101251,P1001,1,541.54,9.6,541.54
101252-1,101252,P6003,2,1717.97,14.1,3435.94
101252-2,101252,P3005,2,699.0,0,1398.0
101253-1,101253,P4005,1,3499.0,0,3499.0
101253-2,101253,P8002,1,509.35,15.0,509.35
101254-1,101254,P7003,1,999.0,0,999.0
101254-2,101254,P5005,1,1999.0,0,1999.0
101255-1,101255,P3002,2,2347.23,6.1,4694.46
101255-2,101255,P3001,1,999.0,0,999.0
101255-3,101255,P4003,1,1999.0,0,1999.0
101255-4,101255,P8001,1,499.0,0,499.0
101256-1,101256,P3007,1,1299.0,0,1299.0
101257-1,101257,P1004,1,734.15,8.1,734.15
101257-2,101257,P1010,1,899.0,0,899.0
101257-3,101257,P5003,1,652.69,6.6,652.69
101257-4,101257,P2006,2,4999.0,0,9998.0
101258-1,101258,P3003,2,566.12,5.5,1132.24
101259-1,101259,P5005,1,1999.0,0,1999.0
101260-1,101260,P1002,2,299.0,0,598.0
101261-1,101261,P1003,3,2499.0,0,7497.0
101262-1,101262,P5004,1,4499.0,0,4499.0
101262-2,101262,P4002,1,4999.0,0,4999.0
101262-3,101262,P2004,1,999.0,0,999.0
101262-4,101262,P1005,1,1299.0,0,1299.0
101263-1,101263,P8001,1,499.0,0,499.0
101263-2,101263,P1003,1,2499.0,0,2499.0
101264-1,101264,P4003,1,1999.0,0,1999.0
101265-1,101265,P2004,1,999.0,0,999.0
101265-2,101265,P5004,1,3900.89,13.3,3900.89
101266-1,101266,P1001,1,599.0,0,599.0
101266-2,101266,P3003,1,599.0,0,599.0
101267-1,101267,P6001,1,2146.01,14.1,2146.01
101267-2,101267,P4002,1,4743.84,5.1,4743.84
101267-3,101267,P3002,1,2499.0,0,2499.0
101267-4,101267,P1008,1,1499.0,0,1499.0
101267-5,101267,P7003,1,858.42,14.1,858.42
101268-1,101268,P8002,1,599.0,0,599.0
101269-1,101269,P5002,1,3499.0,0,3499.0
101269-2,101269,P3007,1,1208.84,6.9,1208.84
101270-1,101270,P1005,1,1299.0,0,1299.0
101270-2,101270,P8003,1,799.0,0,799.0
101270-3,101270,P2001,2,15999.0,0,31998.0
101270-4,101270,P1004,2,709.46,11.2,1418.92
101271-1,101271,P5002,1,3499.0,0,3499.0
101271-2,101271,P4003,1,1999.0,0,1999.0
101272-1,101272,P8003,1,725.73,9.2,725.73
101272-2,101272,P6002,1,899.0,0,899.0
101273-1,101273,P7004,1,599.0,0,599.0
101273-2,101273,P6003,1,1999.0,0,1999.0
101274-1,101274,P1007,2,3999.0,0,7998.0
101275-1,101275,P7003,1,999.0,0,999.0
101275-2,101275,P7004,1,599.0,0,599.0
101276-1,101276,P2003,1,1499.0,0,1499.0
101277-1,101277,P3006,2,999.0,0,1998.0
101280-1,101280,P1010,1,899.0,0,899.0
101280-2,101280,P1001,-1,599.0,0,1198.0
101280-3,101280,P5002,1,3499.0,0,3499.0
101280-4,101280,P3001,1,999.0,0,999.0
101281-1,101281,P3004,1,199.0,0,199.0
101281-2,101281,P4002,2,4999.0,0,9998.0
101281-3,101281,P2004,1,999.0,0,999.0
101283-1,101283,P4005,3,3499.0,0,10497.0
101284-1,101284,P8003,1,799.0,0,799.0
101285-1,101285,P8001,1,499.0,0,499.0
101286-1,101286,P1010,1,899.0,0,899.0
101287-1,101287,P6003,1,1999.0,0,1999.0
101287-2,101287,P5002,1,3499.0,0,3499.0
101287-3,101287,P6002,1,899.0,0,899.0
101288-1,101288,P8001,3,499.0,0,1497.0
101289-1,101289,P8002,1,599.0,0,599.0
101290-1,101290,P1005,1,1204.09,7.3,1204.09
101290-2,101290,P1003,2,2232.38,10.7,4464.76
101290-3,101290,P5002,1,3499.0,0,3499.0
101291-1,101291,P7002,1,1499.0,0,1499.0
101291-2,101291,P5004,2,4499.0,0,8998.0
101291-3,101291,P1003,1,2499.0,0,2499.0
101292-1,101292,P1010,1,899.0,0,899.0
101293-1,101293,P3001,1,999.0,0,999.0
101294-1,101294,P2006,2,4693.53,6.1,9387.06
101295-1,101295,P3002,1,2499.0,0,2499.0
101295-2,101295,P6001,1,2499.0,0,2499.0
101296-1,101296,P1003,1,2499.0,0,2499.0
101296-2,101296,P2006,2,4999.0,0,9998.0
101296-3,101296,P6002,1,899.0,0,899.0
101297-1,101297,P1007,1,3999.0,0,3999.0
101297-2,101297,P3005,1,658.14,5.8,658.14
101297-3,101297,P1001,2,599.0,0,1198.0
101298-1,101298,P8001,1,499.0,0,499.0
101298-2,101298,P8004,2,999.0,0,1998.0
101299-1,101299,P5003,1,699.0,0,699.0
101299-2,101299,P2002,1,24999.0,0,24999.0
101300-1,101300,P3006,1,872.76,12.6,872.76
101300-2,101300,P5002,1,3499.0,0,3499.0
101301-1,101301,P2006,1,4999.0,0,4999.0
101302-1,101302,P2002,1,24999.0,0,24999.0
101302-2,101302,P1010,1,845.0,6.0,845.0
101302-3,101302,P3001,1,999.0,0,999.0
101303-1,101303,P5002,2,3499.0,0,6998.0
101304-1,101304,P3006,2,999.0,0,1998.0
101304-2,101304,P6003,1,1999.0,0,1999.0
101305-1,101305,P2006,1,4999.0,0,4999.0
101306-1,101306,P6004,1,1499.0,0,1499.0
101307-1,101307,P6001,1,2499.0,0,2499.0
101307-2,101307,P5003,1,699.0,0,699.0
101308-1,101308,P1004,1,799.0,0,799.0
101309-1,101309,P3003,2,599.0,0,1198.0
101310-1,101310,P3007,1,1299.0,0,1299.0
101310-2,101310,P1009,1,11524.36,11.3,11524.36
101311-1,101311,P4002,2,4999.0,0,9998.0
101311-2,101311,P5004,1,4499.0,0,4499.0
101312-1,101312,P4001,1,7999.0,0,7999.0
101313-1,101313,P1005,3,1299.0,0,3897.0
101314-1,101314,P4005,1,3499.0,0,3499.0
101315-1,101315,P2003,2,1499.0,0,2998.0
101315-2,101315,P4004,1,5999.0,0,5999.0
101315-3,101315,P1001,1,599.0,0,599.0
101316-1,101316,P5005,1,1863.44,6.8,1863.44
101317-1,101317,P1010,1,899.0,0,899.0
101318-1,101318,P3002,2,2499.0,0,4998.0
101318-2,101318,P6004,1,1499.0,0,1499.0
101318-3,101318,P1005,1,1109.58,14.6,1109.58
101318-4,101318,P3006,1,999.0,0,999.0
101318-5,101318,P2004,1,999.0,0,999.0
101319-1,101319,P2002,2,24999.0,0,49998.0
101319-2,101319,P1004,1,799.0,0,799.0
101319-3,101319,P1001,1,599.0,0,599.0
101320-1,101320,P8005,2,899.0,0,1798.0
101320-2,101320,P7002,2,1287.34,14.1,2574.68
101321-1,101321,P7001,1,2999.0,0,2999.0
101321-2,101321,P6002,1,899.0,0,899.0
101321-3,101321,P6001,2,2499.0,0,4998.0
101326-1,101326,P3002,1,2499.0,0,2499.0
101326-2,101326,P7002,1,1499.0,0,1499.0
101326-3,101326,P8002,2,599.0,0,1198.0
101327-1,101327,P6001,2,2499.0,0,4998.0
101328-1,101328,P1001,2,599.0,0,1198.0
101328-2,101328,P8001,2,499.0,0,998.0
101329-1,101329,P6002,2,899.0,0,1798.0
101329-2,101329,P4005,2,3499.0,0,6998.0
101330-1,101330,P8004,1,999.0,0,999.0
101330-2,101330,P6002,1,899.0,0,899.0
101330-3,101330,P3005,1,659.01,5.7,659.01
101332-1,101332,P1010,1,771.09,14.2,771.09
101334-1,101334,P5004,1,4499.0,0,4499.0
101335-1,101335,P8001,1,499.0,0,499.0
101335-2,101335,P2004,1,999.0,0,999.0
101335-3,101335,P5002,1,3297.51,5.8,3297.51
101335-4,101335,P2006,3,4999.0,0,14997.0
101335-5,101335,P6002,1,899.0,0,899.0
101336-1,101336,P6002,1,837.56,6.8,837.56
101337-1,101337,P3001,1,999.0,0,999.0
101337-2,101337,P3007,1,1220.55,6.0,1220.55
101338-1,101338,P3001,1,999.0,0,999.0
101338-2,101338,P6002,1,899.0,0,899.0
101338-3,101338,P3005,2,699.0,0,1398.0
101339-1,101339,P4005,1,3155.21,9.8,3155.21
101340-1,101340,P1006,1,699.0,0,699.0
101340-2,101340,P3007,1,1299.0,0,1299.0
101340-3,101340,P5003,1,699.0,0,699.0
101341-1,101341,P8005,1,848.43,5.6,848.43
101341-2,101341,P4003,1,1999.0,0,1999.0
101342-1,101342,P2001,1,15999.0,0,15999.0
101342-2,101342,P3007,2,1299.0,0,2598.0
101342-3,101342,P3005,1,699.0,0,699.0
101343-1,101343,P3006,1,999.0,0,999.0
101343-2,101343,P6002,1,899.0,0,899.0
101344-1,101344,P2005,1,799.0,0,799.0
101344-2,101344,P1007,1,3999.0,0,3999.0
101344-3,101344,P4004,2,5999.0,0,11998.0
101344-4,101344,P5002,2,3499.0,0,6998.0
101345-1,101345,P7001,1,2597.96,13.4,2597.96
101346-1,101346,P7004,1,599.0,0,599.0
101346-2,101346,P7002,1,1368.37,8.7,1368.37
101347-1,101347,P3006,1,999.0,0,999.0
101347-2,101347,P1006,2,699.0,0,1398.0
101348-1,101348,P3001,1,889.67,10.9,889.67
101348-2,101348,P3002,2,2499.0,0,4998.0
101348-3,101348,P2001,1,15999.0,0,15999.0
101349-1,101349,P8001,1,499.0,0,499.0
101349-2,101349,P1002,1,299.0,0,299.0
101349-3,101349,P8004,2,999.0,0,1998.0
101349-4,101349,P6002,1,899.0,0,899.0
101349-5,101349,P1004,1,799.0,0,799.0
101350-1,101350,P3007,1,1299.0,0,1299.0
101351-1,101351,P3007,2,1299.0,0,2598.0
101351-2,101351,P7004,1,599.0,0,599.0
101352-1,101352,P5002,1,3159.28,9.7,3159.28
101352-2,101352,P8004,1,879.37,12.0,879.37
101352-3,101352,P4002,2,4319.76,13.6,8639.52
101353-1,101353,P2004,1,930.85,6.8,930.85
101354-1,101354,P3004,1,199.0,0,199.0
101354-2,101354,P8001,2,499.0,0,998.0
101355-1,101355,P1002,1,299.0,0,299.0
101356-1,101356,P3006,1,999.0,0,999.0
101356-2,101356,P5003,1,699.0,0,699.0
101357-1,101357,P2001,1,15999.0,0,15999.0
101357-2,101357,P3004,1,199.0,0,199.0
101358-1,101358,P3005,2,699.0,0,1398.0
101358-2,101358,P4005,2,3499.0,0,6998.0
101359-1,101359,P4002,1,4305.09,13.9,4305.09
101359-2,101359,P1001,2,599.0,0,1198.0
101359-3,101359,P4005,2,3499.0,0,6998.0
101360-1,101360,P1008,1,1499.0,0,1499.0
101360-2,101360,P8004,1,999.0,0,999.0
101360-3,101360,P2003,1,1499.0,0,1499.0
101361-1,101361,P6004,1,1499.0,0,1499.0
101362-1,101362,P1004,1,799.0,0,799.0
101362-2,101362,P8002,1,599.0,0,599.0
101363-1,101363,P4002,1,4999.0,0,4999.0
101364-1,101364,P6001,1,2499.0,0,2499.0
101364-2,101364,P4001,2,7999.0,0,15998.0
101365-1,101365,P3002,1,2499.0,0,2499.0
101365-2,101365,P6002,2,800.42,11.0,1600.84
101366-1,101366,P8005,1,764.88,14.9,764.88
101367-1,101367,P8004,1,910.38,8.9,910.38
101368-1,101368,P5004,1,4499.0,0,4499.0
101368-2,101368,P1003,1,2499.0,0,2499.0
101368-3,101368,P4004,2,5999.0,0,11998.0
101368-4,101368,P8004,1,999.0,0,999.0
101368-5,101368,P1010,1,899.0,0,899.0
101369-1,101369,P8005,1,899.0,0,899.0
101369-2,101369,P1005,1,1299.0,0,1299.0
101369-3,101369,P3001,1,999.0,0,999.0
101370-1,101370,P3006,1,864.75,13.4,864.75
101371-1,101371,P1001,1,555.5,7.3,555.5
101372-1,101372,P2004,2,899.2,10.0,1798.4
101372-2,101372,P4004,2,5999.0,0,11998.0
101373-1,101373,P1010,1,899.0,0,899.0
101374-1,101374,P5003,1,699.0,0,699.0
101374-2,101374,P5004,3,4499.0,0,13497.0
101374-3,101374,P4002,1,4999.0,0,4999.0
101374-4,101374,P3004,1,199.0,0,199.0
101375-1,101375,P3001,2,999.0,0,1998.0
101376-1,101376,P5001,1,5999.0,0,5999.0
101376-2,101376,P8005,2,899.0,0,1798.0
101376-3,101376,P6001,1,2499.0,0,2499.0
101376-4,101376,P1001,3,599.0,0,1797.0
101376-5,101376,P4004,1,5999.0,0,5999.0
101377-1,101377,P1007,2,3557.77,11.0,7115.54
101378-1,101378,P1008,1,1361.68,9.2,1361.68
101379-1,101379,P2001,2,15999.0,0,31998.0
101379-2,101379,P7001,3,2999.0,0,8997.0
101379-3,101379,P5004,1,4228.22,6.0,4228.22
101380-1,101380,P1010,1,899.0,0,899.0
101380-2,101380,P1009,1,12999.0,0,12999.0
101381-1,101381,P1004,3,799.0,0,2397.0
101382-1,101382,P2004,1,931.84,6.7,931.84
101383-1,101383,P5005,2,1999.0,0,3998.0
101383-2,101383,P8005,1,899.0,0,899.0
101384-1,101384,P1010,1,899.0,0,899.0
101384-2,101384,P6003,1,1999.0,0,1999.0
101384-3,101384,P2005,1,799.0,0,799.0
101385-1,101385,P7001,1,2999.0,0,2999.0
101385-2,101385,P5001,1,5999.0,0,5999.0
101385-3,101385,P1007,3,3999.0,0,11997.0
101385-4,101385,P1006,2,699.0,0,1398.0
101386-1,101386,P4004,1,5174.12,13.8,5174.12
101387-1,101387,P3003,1,599.0,0,599.0
101388-1,101388,P8003,2,799.0,0,1598.0
101390-1,101390,P5003,1,699.0,0,699.0
101390-2,101390,P1004,2,799.0,0,1598.0
101391-1,101391,P1007,1,3999.0,0,3999.0
101391-2,101391,P2002,3,23294.84,6.8,69884.52
101393-1,101393,P4001,3,7999.0,0,23997.0
101394-1,101394,P5004,1,4499.0,0,4499.0
101394-2,101394,P6004,1,1499.0,0,1499.0
101395-1,101395,P2003,2,1499.0,0,2998.0
101395-2,101395,P7003,2,999.0,0,1998.0
101397-1,101397,P6002,2,899.0,0,1798.0
101398-1,101398,P2004,1,999.0,0,999.0
101399-1,101399,P5005,2,1999.0,0,3998.0
101399-2,101399,P2004,1,999.0,0,999.0
101399-3,101399,P7004,1,599.0,0,599.0
101400-1,101400,P7003,1,999.0,0,999.0
101400-2,101400,P1008,1,1499.0,0,1499.0
101401-1,101401,P1003,1,2499.0,0,2499.0
101401-2,101401,P8001,3,430.04,13.8,1290.12
101401-3,101401,P1010,2,899.0,0,1798.0
101402-1,101402,P1004,1,799.0,0,799.0
101403-1,101403,P6004,2,1499.0,0,2998.0
101404-1,101404,P3007,1,1299.0,0,1299.0
101404-2,101404,P1006,2,699.0,0,1398.0
101404-3,101404,P4004,2,5425.49,9.6,10850.98
101404-4,101404,P3001,2,999.0,0,1998.0
101405-1,101405,P2003,1,1499.0,0,1499.0
101405-2,101405,P5004,1,4499.0,0,4499.0
101406-1,101406,P6002,1,899.0,0,899.0
101407-1,101407,P5005,1,1711.59,14.4,1711.59
101407-2,101407,P5003,2,699.0,0,1398.0
101408-1,101408,P3005,1,699.0,0,699.0
101408-2,101408,P7002,1,1499.0,0,1499.0
101409-1,101409,P2005,1,799.0,0,799.0
101410-1,101410,P4003,2,1999.0,0,3998.0
101411-1,101411,P8005,1,899.0,0,899.0
101411-2,101411,P3007,2,1299.0,0,2598.0
101411-3,101411,P2003,2,1499.0,0,2998.0
101412-1,101412,P5001,1,5999.0,0,5999.0
101413-1,101413,P7002,1,1338.8,10.7,1338.8
101413-2,101413,P2006,1,4999.0,0,4999.0
101413-3,101413,P3005,1,634.98,9.2,634.98
101414-1,101414,P6003,1,1999.0,0,1999.0
101415-1,101415,P6001,2,2499.0,0,4998.0
101415-2,101415,P8005,1,899.0,0,899.0
101416-1,101416,P5005,1,1999.0,0,1999.0
101416-2,101416,P4004,1,5606.34,6.5,5606.34
101416-3,101416,P5002,1,3499.0,0,3499.0
101417-1,101417,P2002,1,21915.14,12.3,21915.14
101418-1,101418,P1001,1,525.44,12.3,525.44
101418-2,101418,P4003,1,1999.0,0,1999.0
101419-1,101419,P8001,2,499.0,0,998.0
101422-1,101422,P3006,1,999.0,0,999.0
101423-1,101423,P2006,2,4999.0,0,9998.0
101423-2,101423,P8002,1,599.0,0,599.0
101423-3,101423,P1005,1,1299.0,0,1299.0
101424-1,101424,P2004,1,931.49,6.8,931.49
101424-2,101424,P1006,1,699.0,0,699.0
101425-1,101425,P6001,1,2360.01,5.6,2360.01
101426-1,101426,P5003,1,699.0,0,699.0
101426-2,101426,P1010,3,765.06,14.9,2295.18
101427-1,101427,P5001,2,5999.0,0,11998.0
101428-1,101428,P2006,1,4999.0,0,4999.0
101428-2,101428,P4005,2,3499.0,0,6998.0
101429-1,101429,P6001,2,2176.87,12.9,4353.74
101430-1,101430,P4004,2,5999.0,0,11998.0
101431-1,101431,P5005,1,1999.0,0,1999.0
101431-2,101431,P1003,-1,2499.0,0,2499.0
101431-3,101431,P8003,1,799.0,0,799.0
101432-1,101432,P5003,1,699.0,0,699.0
101432-2,101432,P8003,1,799.0,0,799.0
101432-3,101432,P3001,1,890.07,10.9,890.07
101433-1,101433,P7002,1,1499.0,0,1499.0
101434-1,101434,P7003,1,999.0,0,999.0
101435-1,101435,P8001,1,499.0,0,499.0
101436-1,101436,P7003,2,999.0,0,1998.0
101436-2,101436,P3002,1,2499.0,0,2499.0
101436-3,101436,P8005,2,899.0,0,1798.0
101437-1,101437,P3006,1,999.0,0,999.0
101437-2,101437,P3001,1,999.0,0,999.0
101437-3,101437,P8004,2,999.0,0,1998.0
101438-1,101438,P1003,1,2499.0,0,2499.0
101438-2,101438,P2002,1,23438.98,6.2,23438.98
101439-1,101439,P2004,1,999.0,0,999.0
101439-2,101439,P4002,1,4999.0,0,4999.0
101440-1,101440,P1002,2,299.0,0,598.0
101441-1,101441,P1001,1,599.0,0,599.0
101441-2,101441,P1005,2,1299.0,0,2598.0
101442-1,101442,P7003,1,999.0,0,999.0
101443-1,101443,P1006,1,699.0,0,699.0
101443-2,101443,P3002,1,2158.27,13.6,2158.27
101443-3,101443,P5005,1,1889.42,5.5,1889.42
101444-1,101444,P3001,1,999.0,0,999.0
101444-2,101444,P6002,1,899.0,0,899.0
101445-1,101445,P3001,1,999.0,0,999.0
101446-1,101446,P6001,1,2499.0,0,2499.0
101446-2,101446,P1003,1,2499.0,0,2499.0
101446-3,101446,P3004,2,199.0,0,398.0
101446-4,101446,P8003,1,755.27,5.5,755.27
101447-1,101447,P2005,2,799.0,0,1598.0
101447-2,101447,P3001,2,881.16,11.8,1762.32
101448-1,101448,P2002,3,22446.87,10.2,67340.61
101450-1,101450,P1009,2,12999.0,0,25998.0
101450-2,101450,P4002,1,4999.0,0,4999.0
101451-1,101451,P1007,1,3999.0,0,3999.0
101451-2,101451,P8003,2,799.0,0,1598.0
101452-1,101452,P4005,1,2998.02,14.3,2998.02
101452-2,101452,P5004,2,4499.0,0,8998.0
101453-1,101453,P3002,1,2499.0,0,2499.0
101453-2,101453,P6004,1,1499.0,0,1499.0
101454-1,101454,P3003,1,599.0,0,599.0
101454-2,101454,P3004,1,199.0,0,199.0
101455-1,101455,P2006,1,4999.0,0,4999.0
101456-1,101456,P3001,1,999.0,0,999.0
101456-2,101456,P8001,1,443.11,11.2,443.11
101457-1,101457,P5005,1,1999.0,0,1999.0
101458-1,101458,P6002,1,899.0,0,899.0
101459-1,101459,P3003,1,599.0,0,599.0
101459-2,101459,P6003,2,1999.0,0,3998.0
101460-1,101460,P7001,1,2999.0,0,2999.0
101461-1,101461,P5001,2,5999.0,0,11998.0
101461-2,101461,P3002,1,2499.0,0,2499.0
101462-1,101462,P3001,1,999.0,0,999.0
101462-2,101462,P2001,2,13762.16,14.0,27524.32
101462-3,101462,P8001,1,499.0,0,499.0
101463-1,101463,P8003,2,799.0,0,1598.0
101463-2,101463,P8004,1,999.0,0,999.0
101463-3,101463,P4005,1,3499.0,0,3499.0
101463-4,101463,P2001,2,14246.09,11.0,28492.18
101464-1,101464,P4001,2,7999.0,0,15998.0
101464-2,101464,P2003,2,1499.0,0,2998.0
101465-1,101465,P3001,2,999.0,0,1998.0
101465-2,101465,P1001,2,599.0,0,1198.0
101465-3,101465,P5002,2,3499.0,0,6998.0
101466-1,101466,P2002,1,24999.0,0,24999.0
101466-2,101466,P8005,2,899.0,0,1798.0
101466-3,101466,P3002,1,2499.0,0,2499.0
101466-4,101466,P1001,1,599.0,0,599.0
101467-1,101467,P5005,1,1999.0,0,1999.0
101468-1,101468,P6001,2,2499.0,0,4998.0
101468-2,101468,P3007,1,1299.0,0,1299.0
101469-1,101469,P3003,1,599.0,0,599.0
101470-1,101470,P4001,2,7999.0,0,15998.0
101470-2,101470,P1007,1,3999.0,0,3999.0
101470-3,101470,P2005,1,799.0,0,799.0
101471-1,101471,P7004,2,599.0,0,1198.0
101472-1,101472,P5003,2,599.43,14.2,1198.86
101473-1,101473,P2002,3,22869.67,8.5,68609.01
101473-2,101473,P7003,2,999.0,0,1998.0
101474-1,101474,P3007,1,1299.0,0,1299.0
101475-1,101475,P4002,1,4999.0,0,4999.0
101476-1,101476,P1009,1,12999.0,0,12999.0
101476-2,101476,P4003,1,1999.0,0,1999.0
101476-3,101476,P1001,1,599.0,0,599.0
101476-4,101476,P1003,2,2499.0,0,4998.0
101476-5,101476,P8002,3,599.0,0,1797.0
101477-1,101477,P7004,1,559.56,6.6,559.56
101477-2,101477,P4005,1,3215.88,8.1,3215.88
101478-1,101478,P4004,1,5999.0,0,5999.0
101479-1,101479,P3004,1,185.67,6.7,185.67
101480-1,101480,P5004,1,4499.0,0,4499.0
101481-1,101481,P8004,1,999.0,0,999.0
101482-1,101482,P2003,1,1499.0,0,1499.0
101482-2,101482,P1003,1,2499.0,0,2499.0
101483-1,101483,P2001,2,14801.77,7.5,29603.54
101484-1,101484,P3005,1,699.0,0,699.0
101485-1,101485,P3002,1,2499.0,0,2499.0
101485-2,101485,P6001,1,2499.0,0,2499.0
101485-3,101485,P8001,2,499.0,0,998.0
101485-4,101485,P2002,2,24999.0,0,49998.0
101486-1,101486,P3002,2,2220.86,11.1,4441.72
101487-1,101487,P1006,1,616.24,11.8,616.24
101487-2,101487,P1004,2,799.0,0,1598.0
101488-1,101488,P7002,2,1499.0,0,2998.0
101488-2,101488,P6003,1,1769.0,11.5,1769.0
101488-3,101488,P3006,3,893.65,10.5,2680.95
101488-4,101488,P1007,1,3999.0,0,3999.0
101489-1,101489,P2004,1,905.64,9.3,905.64
101490-1,101490,P6004,2,1499.0,0,2998.0
101490-2,101490,P6001,1,2499.0,0,2499.0
101491-1,101491,P1008,1,1499.0,0,1499.0
101492-1,101492,P5001,1,5999.0,0,5999.0
101493-1,101493,P1001,1,599.0,0,599.0
101494-1,101494,P8003,2,799.0,0,1598.0
101495-1,101495,P2001,1,15999.0,0,15999.0
101496-1,101496,P3005,2,654.18,6.4,1308.36
101497-1,101497,P8002,2,599.0,0,1198.0
101498-1,101498,P5003,1,699.0,0,699.0
101499-1,101499,P2004,2,880.57,11.9,1761.14
101500-1,101500,P3001,1,999.0,0,999.0
101500-2,101500,P1006,1,699.0,0,699.0
101501-1,101501,P3005,2,651.91,6.7,1303.82
101502-1,101502,P7004,2,599.0,0,1198.0
101502-2,101502,P6004,1,1499.0,0,1499.0
101502-3,101502,P5004,-1,4499.0,0,4499.0
101503-1,101503,P4001,1,7508.98,6.1,7508.98
101503-2,101503,P1007,1,3999.0,0,3999.0
101503-3,101503,P1001,1,599.0,0,599.0
101503-4,101503,P8001,1,499.0,0,499.0
101504-1,101504,P2002,1,24999.0,0,24999.0
101504-2,101504,P6004,1,1499.0,0,1499.0
101506-1,101506,P8004,1,999.0,0,999.0
101506-2,101506,P1007,3,3999.0,0,11997.0
101506-3,101506,P2001,1,15999.0,0,15999.0
101507-1,101507,P7004,1,599.0,0,599.0
101509-1,101509,P3005,1,699.0,0,699.0
101511-1,101511,P1001,1,599.0,0,599.0
101511-2,101511,P1005,1,1299.0,0,1299.0
101511-3,101511,P7001,1,2611.19,12.9,2611.19
101512-1,101512,P4002,1,4999.0,0,4999.0
101512-2,101512,P3002,1,2499.0,0,2499.0
101512-3,101512,P3005,1,699.0,0,699.0
101512-4,101512,P8004,2,999.0,0,1998.0
101513-1,101513,P2005,1,799.0,0,799.0
101514-1,101514,P6003,1,1999.0,0,1999.0
101514-2,101514,P6004,1,1499.0,0,1499.0
101515-1,101515,P6002,1,899.0,0,899.0
101515-2,101515,P3006,1,999.0,0,999.0
101516-1,101516,P8004,1,999.0,0,999.0
101516-2,101516,P1009,1,11087.39,14.7,11087.39
101516-3,101516,P5005,1,1706.15,14.6,1706.15
101516-4,101516,P1007,2,3999.0,0,7998.0
101517-1,101517,P6003,1,1999.0,0,1999.0
101517-2,101517,P7003,1,999.0,0,999.0
101518-1,101518,P8004,1,851.21,14.8,851.21
101518-2,101518,P1008,1,1389.68,7.3,1389.68
101518-3,101518,P4004,1,5999.0,0,5999.0
101519-1,101519,P7002,1,1313.31,12.4,1313.31
101519-2,101519,P6003,1,1797.57,10.1,1797.57
101519-3,101519,P4003,2,1848.69,7.5,3697.38
101519-4,101519,P8001,2,499.0,0,998.0
101520-1,101520,P1004,1,799.0,0,799.0
101520-2,101520,P1005,1,1299.0,0,1299.0
101520-3,101520,P2002,1,24999.0,0,24999.0
101521-1,101521,P2006,1,4999.0,0,4999.0
101521-2,101521,P8004,1,999.0,0,999.0
101521-3,101521,P8002,1,515.53,13.9,515.53
101522-1,101522,P1003,1,2499.0,0,2499.0
101523-1,101523,P2002,1,24999.0,0,24999.0
101523-2,101523,P3003,1,599.0,0,599.0
101523-3,101523,P5003,1,699.0,0,699.0
101524-1,101524,P2005,1,799.0,0,799.0
101525-1,101525,P8002,1,599.0,0,599.0
101525-2,101525,P1003,1,2317.49,7.3,2317.49
101526-1,101526,P3003,2,599.0,0,1198.0
101526-2,101526,P8001,1,499.0,0,499.0
101526-3,101526,P2005,1,692.07,13.4,692.07
101526-4,101526,P1008,2,1499.0,0,2998.0
101527-1,101527,P5003,1,699.0,0,699.0
101527-2,101527,P8002,1,599.0,0,599.0
101528-1,101528,P5004,1,4499.0,0,4499.0
101529-1,101529,P2003,1,1499.0,0,1499.0
101530-1,101530,P8004,2,999.0,0,1998.0
101531-1,101531,P2005,1,799.0,0,799.0
101532-1,101532,P2002,2,23318.92,6.7,46637.84
101533-1,101533,P3003,2,541.14,9.7,1082.28
101534-1,101534,P5001,1,5999.0,0,5999.0
101534-2,101534,P1008,3,1325.99,11.5,3977.97
101535-1,101535,P6004,1,1499.0,0,1499.0
101535-2,101535,P1001,1,599.0,0,599.0
101536-1,101536,P2003,2,1499.0,0,2998.0
101536-2,101536,P3005,1,699.0,0,699.0
101537-1,101537,P5002,1,3499.0,0,3499.0
101538-1,101538,P3005,2,699.0,0,1398.0
101539-1,101539,P5003,1,699.0,0,699.0
101539-2,101539,P4004,1,5999.0,0,5999.0
101540-1,101540,P6001,-1,2499.0,0,4998.0
101540-2,101540,P2004,1,999.0,0,999.0
101541-1,101541,P1008,2,1499.0,0,2998.0
101542-1,101542,P4004,1,5662.5,5.6,5662.5
101542-2,101542,P2005,1,799.0,0,799.0
101542-3,101542,P8005,1,852.59,5.2,852.59
101542-4,101542,P8002,1,599.0,0,599.0
101543-1,101543,P1009,1,12999.0,0,12999.0
101543-2,101543,P3005,2,699.0,0,1398.0
101544-1,101544,P1010,2,899.0,0,1798.0
101545-1,101545,P4005,2,3499.0,0,6998.0
101545-2,101545,P2003,3,1499.0,0,4497.0
101546-1,101546,P4004,1,5999.0,0,5999.0
101546-2,101546,P4003,1,1999.0,0,1999.0
101547-1,101547,P1006,1,699.0,0,699.0
101548-1,101548,P1010,1,899.0,0,899.0
101548-2,101548,P1006,1,699.0,0,699.0
101549-1,101549,P6002,3,834.0,7.2,2502.0
101549-2,101549,P1008,1,1499.0,0,1499.0
101550-1,101550,P8001,2,499.0,0,998.0
101551-1,101551,P1010,2,899.0,0,1798.0
101551-2,101551,P8004,1,999.0,0,999.0
101551-3,101551,P8002,1,541.77,9.6,541.77
101552-1,101552,P5005,2,1999.0,0,3998.0
101552-2,101552,P3006,2,999.0,0,1998.0
101553-1,101553,P6003,1,1999.0,0,1999.0
101554-1,101554,P3005,3,699.0,0,2097.0
101555-1,101555,P6004,2,1499.0,0,2998.0
101555-2,101555,P2006,1,4597.93,8.0,4597.93
101556-1,101556,P6002,1,790.3,12.1,790.3
101556-2,101556,P2003,1,1499.0,0,1499.0
101557-1,101557,P8004,1,999.0,0,999.0
101557-2,101557,P7002,1,1319.41,12.0,1319.41
101557-3,101557,P2006,1,4999.0,0,4999.0
101558-1,101558,P7003,1,999.0,0,999.0
101559-1,101559,P1007,2,3681.27,7.9,7362.54
101559-2,101559,P2003,2,1499.0,0,2998.0
101559-3,101559,P6003,1,1789.21,10.5,1789.21
101560-1,101560,P4001,1,7343.8,8.2,7343.8
101560-2,101560,P2005,1,799.0,0,799.0
101561-1,101561,P3003,1,599.0,0,599.0
101561-2,101561,P4001,1,7999.0,0,7999.0
101562-1,101562,P1006,1,620.55,11.2,620.55
101562-2,101562,P2004,2,999.0,0,1998.0
101563-1,101563,P1006,1,699.0,0,699.0
101563-2,101563,P3001,2,999.0,0,1998.0
101564-1,101564,P1004,1,799.0,0,799.0
101564-2,101564,P1001,1,538.42,10.1,538.42
101564-3,101564,P8005,2,899.0,0,1798.0
101565-1,101565,P5002,1,3499.0,0,3499.0
101565-2,101565,P1005,1,1299.0,0,1299.0
101565-3,101565,P2004,2,999.0,0,1998.0
101566-1,101566,P1004,1,748.56,6.3,748.56
101566-2,101566,P8001,2,499.0,0,998.0
101566-3,101566,P2002,1,24999.0,0,24999.0
101567-1,101567,P1003,1,2499.0,0,2499.0
101567-2,101567,P1005,1,1232.12,5.1,1232.12
101567-3,101567,P7003,1,999.0,0,999.0
101568-1,101568,P4005,1,3313.2,5.3,3313.2
101569-1,101569,P8001,1,499.0,0,499.0
101570-1,101570,P1007,1,3999.0,0,3999.0
101571-1,101571,P4003,1,1999.0,0,1999.0
101572-1,101572,P1010,3,899.0,0,2697.0
101573-1,101573,P1007,1,3443.57,13.9,3443.57
101574-1,101574,P7003,1,999.0,0,999.0
101574-2,101574,P2003,1,1499.0,0,1499.0
101574-3,101574,P6002,1,899.0,0,899.0
101574-4,101574,P4001,1,7999.0,0,7999.0
101575-1,101575,P1001,2,599.0,0,1198.0
101575-2,101575,P1002,1,259.62,13.2,259.62
101575-3,101575,P1008,2,1499.0,0,2998.0
101577-1,101577,P1002,1,299.0,0,299.0
101577-2,101577,P3002,1,2499.0,0,2499.0
101578-1,101578,P7002,2,1499.0,0,2998.0
101579-1,101579,P4003,2,1999.0,0,3998.0
101579-2,101579,P6004,3,1499.0,0,4497.0
101580-1,101580,P2005,1,744.49,6.8,744.49
101580-2,101580,P7001,2,2999.0,0,5998.0
101581-1,101581,P6004,1,1499.0,0,1499.0
101582-1,101582,P6002,1,899.0,0,899.0
101583-1,101583,P5003,2,699.0,0,1398.0
101583-2,101583,P1009,1,12999.0,0,12999.0
101583-3,101583,P2004,1,999.0,0,999.0
101584-1,101584,P2006,1,4999.0,0,4999.0
101585-1,101585,P3006,1,924.63,7.4,924.63
101585-2,101585,P5003,1,699.0,0,699.0
101585-3,101585,P4005,1,3315.88,5.2,3315.88
101587-1,101587,P5005,1,1999.0,0,1999.0
101587-2,101587,P8003,1,799.0,0,799.0
101588-1,101588,P3007,1,1299.0,0,1299.0
101588-2,101588,P1004,3,799.0,0,2397.0
101588-3,101588,P1009,1,11598.19,10.8,11598.19
101589-1,101589,P3006,1,999.0,0,999.0
101590-1,101590,P7004,1,519.6,13.3,519.6
101590-2,101590,P7003,1,943.36,5.6,943.36
101591-1,101591,P5005,1,1999.0,0,1999.0
101591-2,101591,P1009,1,12999.0,0,12999.0
101592-1,101592,P1010,1,899.0,0,899.0
101592-2,101592,P3001,1,999.0,0,999.0
101592-3,101592,P2002,1,22711.83,9.1,22711.83
101593-1,101593,P3006,1,999.0,0,999.0
101594-1,101594,P3002,1,2499.0,0,2499.0
101595-1,101595,P3005,2,699.0,0,1398.0
101595-2,101595,P5005,1,1775.15,11.2,1775.15
101596-1,101596,P1004,2,799.0,0,1598.0
101597-1,101597,P1003,1,2499.0,0,2499.0
101597-2,101597,P2002,1,24999.0,0,24999.0
101597-3,101597,P4003,1,1999.0,0,1999.0
101597-4,101597,P8003,1,799.0,0,799.0
101597-5,101597,P7001,1,2999.0,0,2999.0
101598-1,101598,P1009,2,12999.0,0,25998.0
101598-2,101598,P1008,1,1499.0,0,1499.0
101599-1,101599,P7003,3,999.0,0,2997.0
101599-2,101599,P2001,2,15999.0,0,31998.0
101600-1,101600,P6002,1,899.0,0,899.0
101600-2,101600,P4005,1,3087.97,11.7,3087.97
101600-3,101600,P4004,1,5999.0,0,5999.0
101601-1,101601,P2003,3,1328.63,11.4,3985.89
101602-1,101602,P2003,1,1499.0,0,1499.0
101603-1,101603,P6002,1,809.79,9.9,809.79
101604-1,101604,P1010,1,899.0,0,899.0
101605-1,101605,P3003,1,599.0,0,599.0
101605-2,101605,P1002,2,299.0,0,598.0
101607-1,101607,P4003,1,1999.0,0,1999.0
101608-1,101608,P4003,1,1999.0,0,1999.0
101608-2,101608,P5002,2,3499.0,0,6998.0
101608-3,101608,P6002,2,899.0,0,1798.0
101608-4,101608,P6004,1,1499.0,0,1499.0
101609-1,101609,P6001,1,2499.0,0,2499.0
101609-2,101609,P5004,1,3876.63,13.8,3876.63
101610-1,101610,P3002,2,2499.0,0,4998.0
101610-2,101610,P5001,1,5999.0,0,5999.0
101611-1,101611,P3006,2,999.0,0,1998.0
101611-2,101611,P4001,1,7999.0,0,7999.0
101611-3,101611,P6002,1,899.0,0,899.0
101612-1,101612,P6003,1,1999.0,0,1999.0
101612-2,101612,P2006,1,4999.0,0,4999.0
101613-1,101613,P1005,1,1299.0,0,1299.0
101613-2,101613,P8002,2,539.98,9.9,1079.96
101614-1,101614,P4003,1,1813.27,9.3,1813.27
101615-1,101615,P1010,2,899.0,0,1798.0
101615-2,101615,P1001,2,599.0,0,1198.0
101616-1,101616,P3007,3,1172.63,9.7,3517.89
101616-2,101616,P2004,1,999.0,0,999.0
101617-1,101617,P8003,2,799.0,0,1598.0
101618-1,101618,P3005,1,699.0,0,699.0
101618-2,101618,P2004,1,856.3,14.3,856.3
101618-3,101618,P8002,1,599.0,0,599.0
101618-4,101618,P5004,1,4499.0,0,4499.0
101619-1,101619,P1006,1,699.0,0,699.0
101619-2,101619,P3007,1,1299.0,0,1299.0
101620-1,101620,P7004,1,551.79,7.9,551.79
101621-1,101621,P2004,3,999.0,0,2997.0
101622-1,101622,P8001,2,499.0,0,998.0
101622-2,101622,P8003,1,799.0,0,799.0
101623-1,101623,P5002,3,3499.0,0,10497.0
101624-1,101624,P5001,1,5999.0,0,5999.0
101624-2,101624,P3004,1,199.0,0,199.0
101625-1,101625,P7001,1,2999.0,0,2999.0
101626-1,101626,P2006,1,4999.0,0,4999.0
101627-1,101627,P3006,1,894.5,10.5,894.5
101628-1,101628,P2005,2,799.0,0,1598.0
101629-1,101629,P1004,2,799.0,0,1598.0
101629-2,101629,P2002,1,23635.04,5.5,23635.04
101629-3,101629,P1005,1,1150.59,11.4,1150.59
101629-4,101629,P6004,1,1499.0,0,1499.0
101630-1,101630,P4005,1,3499.0,0,3499.0
101631-1,101631,P1010,2,899.0,0,1798.0
101632-1,101632,P3007,1,1299.0,0,1299.0
101634-1,101634,P1009,1,12999.0,0,12999.0
101634-2,101634,P1004,2,799.0,0,1598.0
101634-3,101634,P1003,1,2499.0,0,2499.0
101635-1,101635,P1007,1,3999.0,0,3999.0
101635-2,101635,P3006,1,999.0,0,999.0
101636-1,101636,P1010,1,899.0,0,899.0
101636-2,101636,P2002,2,21600.65,13.6,43201.3
101637-1,101637,P8004,2,999.0,0,1998.0
101637-2,101637,P1009,2,12999.0,0,25998.0
101637-3,101637,P3007,2,1299.0,0,2598.0
101638-1,101638,P7003,2,925.57,7.4,1851.14
101638-2,101638,P3004,1,176.59,11.3,176.59
101638-3,101638,P2003,1,1393.86,7.0,1393.86
101639-1,101639,P3003,1,599.0,0,599.0
101640-1,101640,P2002,1,23295.51,6.8,23295.51
101640-2,101640,P7003,1,999.0,0,999.0
101641-1,101641,P1007,1,3999.0,0,3999.0
101641-2,101641,P7002,1,1499.0,0,1499.0
101641-3,101641,P1006,2,598.22,14.4,1196.44
101642-1,101642,P7003,1,999.0,0,999.0
101642-2,101642,P5004,2,4499.0,0,8998.0
101643-1,101643,P8002,1,599.0,0,599.0
101643-2,101643,P4002,1,4251.58,15.0,4251.58
101643-3,101643,P1002,1,299.0,0,299.0
101644-1,101644,P8001,1,499.0,0,499.0
101644-2,101644,P4001,2,7999.0,0,15998.0
101644-3,101644,P4004,1,5193.68,13.4,5193.68
101645-1,101645,P5001,1,5999.0,0,5999.0
101646-1,101646,P3004,1,199.0,0,199.0
101647-1,101647,P3006,3,999.0,0,2997.0
101648-1,101648,P3007,1,1299.0,0,1299.0
101649-1,101649,P1003,1,2213.53,11.4,2213.53
101649-2,101649,P6004,1,1499.0,0,1499.0
101650-1,101650,P8003,1,799.0,0,799.0
101650-2,101650,P8004,1,999.0,0,999.0
101651-1,101651,P1005,1,1299.0,0,1299.0
101651-2,101651,P2006,1,4999.0,0,4999.0
101652-1,101652,P1001,1,599.0,0,599.0
101653-1,101653,P2006,1,4999.0,0,4999.0
101654-1,101654,P2003,1,1499.0,0,1499.0
101654-2,101654,P8005,1,830.66,7.6,830.66
101654-3,101654,P1010,1,899.0,0,899.0
101654-4,101654,P4005,1,3499.0,0,3499.0
101654-5,101654,P1009,1,12999.0,0,12999.0
101655-1,101655,P4002,1,4999.0,0,4999.0
101655-2,101655,P1006,1,650.02,7.0,650.02
101656-1,101656,P3006,2,999.0,0,1998.0
101657-1,101657,P1002,1,299.0,0,299.0
101658-1,101658,P1001,2,599.0,0,1198.0
101660-1,101660,P2004,2,926.41,7.3,1852.82
101660-2,101660,P4005,1,3145.21,10.1,3145.21
101660-3,101660,P1008,1,1499.0,0,1499.0
101660-4,101660,P4001,1,7999.0,0,7999.0
101661-1,101661,P3003,1,599.0,0,599.0
101661-2,101661,P3005,2,699.0,0,1398.0
101661-3,101661,P6004,1,1499.0,0,1499.0
101662-1,101662,P1006,1,699.0,0,699.0
101662-2,101662,P8002,1,599.0,0,599.0
101662-3,101662,P1003,1,2499.0,0,2499.0
101663-1,101663,P5002,1,3499.0,0,3499.0
101663-2,101663,P5003,1,699.0,0,699.0
101664-1,101664,P3002,1,2499.0,0,2499.0
101664-2,101664,P2002,1,24999.0,0,24999.0
101665-1,101665,P8001,1,499.0,0,499.0
101665-2,101665,P7001,2,2999.0,0,5998.0
101667-1,101667,P7001,2,2800.78,6.6,5601.56
101668-1,101668,P1008,1,1499.0,0,1499.0
101668-2,101668,P1003,1,2499.0,0,2499.0
101668-3,101668,P3003,1,599.0,0,599.0
101669-1,101669,P2002,1,24999.0,0,24999.0
101669-2,101669,P7003,1,937.71,6.1,937.71
101669-3,101669,P4004,1,5999.0,0,5999.0
101670-1,101670,P6001,1,2188.35,12.4,2188.35
101670-2,101670,P3004,1,199.0,0,199.0
101671-1,101671,P3006,2,929.08,7.0,1858.16
101672-1,101672,P4004,2,5410.06,9.8,10820.12
101672-2,101672,P5002,1,3062.57,12.5,3062.57
101672-3,101672,P1008,1,1499.0,0,1499.0
101673-1,101673,P2006,1,4999.0,0,4999.0
101674-1,101674,P3004,1,199.0,0,199.0
101675-1,101675,P6003,1,1999.0,0,1999.0
101675-2,101675,P6004,2,1499.0,0,2998.0
101677-1,101677,P6003,1,1999.0,0,1999.0
101677-2,101677,P3004,1,199.0,0,199.0
101678-1,101678,P1007,2,3999.0,0,7998.0
101679-1,101679,P6003,2,1999.0,0,3998.0
101679-2,101679,P1008,1,1385.71,7.6,1385.71
101679-3,101679,P2006,1,4999.0,0,4999.0
101680-1,101680,P8004,1,999.0,0,999.0
101680-2,101680,P4003,1,1999.0,0,1999.0
101682-1,101682,P2002,2,24999.0,0,49998.0
101682-2,101682,P2001,1,13661.76,14.6,13661.76
101683-1,101683,P1002,1,299.0,0,299.0
101684-1,101684,P3006,2,999.0,0,1998.0
101684-2,101684,P2002,3,24999.0,0,74997.0
101684-3,101684,P8001,1,499.0,0,499.0
101685-1,101685,P8004,1,999.0,0,999.0
101685-2,101685,P6003,1,1999.0,0,1999.0
101685-3,101685,P6001,1,2499.0,0,2499.0
101685-4,101685,P8003,1,799.0,0,799.0
101686-1,101686,P5001,1,5999.0,0,5999.0
101686-2,101686,P1001,1,552.13,7.8,552.13
101687-1,101687,P4002,1,4999.0,0,4999.0
101689-1,101689,P1005,1,1299.0,0,1299.0
101689-2,101689,P8005,2,899.0,0,1798.0
101690-1,101690,P7001,1,2999.0,0,2999.0
101692-1,101692,P1007,1,3510.32,12.2,3510.32
101693-1,101693,P5003,1,699.0,0,699.0
101693-2,101693,P8004,1,999.0,0,999.0
101694-1,101694,P8005,1,899.0,0,899.0
101694-2,101694,P2005,2,799.0,0,1598.0
101695-1,101695,P3002,1,2499.0,0,2499.0
101695-2,101695,P3005,2,699.0,0,1398.0
101695-3,101695,P5001,2,5295.51,11.7,10591.02
101697-1,101697,P8004,1,999.0,0,999.0
101697-2,101697,P6001,1,2499.0,0,2499.0
101697-3,101697,P2004,1,920.63,7.8,920.63
101697-4,101697,P4004,1,5999.0,0,5999.0
101697-5,101697,P3003,2,599.0,0,1198.0
101698-1,101698,P2001,1,15999.0,0,15999.0
101699-1,101699,P1005,1,1128.38,13.1,1128.38
101699-2,101699,P5002,2,3499.0,0,6998.0
101699-3,101699,P8004,1,999.0,0,999.0
101700-1,101700,P2002,1,24999.0,0,24999.0
101700-2,101700,P1008,3,1355.07,9.6,4065.21
101701-1,101701,P3001,2,999.0,0,1998.0
101701-2,101701,P7001,3,2815.02,6.1,8445.06
101702-1,101702,P7003,1,944.39,5.5,944.39
101702-2,101702,P1001,1,599.0,0,599.0
101702-3,101702,P2004,2,861.76,13.7,1723.52
101703-1,101703,P1010,1,851.56,5.3,851.56
101704-1,101704,P1007,1,3999.0,0,3999.0
101704-2,101704,P7003,1,999.0,0,999.0
101705-1,101705,P2002,1,24999.0,0,24999.0
101706-1,101706,P1009,1,12999.0,0,12999.0
101707-1,101707,P3006,1,999.0,0,999.0
101708-1,101708,P1009,2,12999.0,0,25998.0
101709-1,101709,P7003,1,999.0,0,999.0
101709-2,101709,P3007,1,1165.37,10.3,1165.37
101710-1,101710,P3002,2,2499.0,0,4998.0
101710-2,101710,P1001,1,599.0,0,599.0
101711-1,101711,P1010,1,801.49,10.8,801.49
101711-2,101711,P4002,1,4999.0,0,4999.0
101712-1,101712,P7002,2,1353.81,9.7,2707.62
101713-1,101713,P1009,2,12999.0,0,25998.0
101714-1,101714,P3004,1,199.0,0,199.0
101714-2,101714,P2002,2,24999.0,0,49998.0
101715-1,101715,P2006,2,4999.0,0,9998.0
101715-2,101715,P3004,2,199.0,0,398.0
101715-3,101715,P7004,2,516.04,13.8,1032.08
101715-4,101715,P4003,2,1999.0,0,3998.0
101716-1,101716,P7001,2,2796.59,6.7,5593.18
101716-2,101716,P5002,1,3499.0,0,3499.0
101717-1,101717,P2001,1,15999.0,0,15999.0
101717-2,101717,P6003,1,1999.0,0,1999.0
101718-1,101718,P8003,1,799.0,0,799.0
101718-2,101718,P8004,2,999.0,0,1998.0
101719-1,101719,P8004,1,907.45,9.2,907.45
101720-1,101720,P7001,2,2999.0,0,5998.0
101720-2,101720,P6003,1,1999.0,0,1999.0
101720-3,101720,P2003,2,1499.0,0,2998.0
101720-4,101720,P8002,1,516.04,13.8,516.04
101720-5,101720,P3002,1,2499.0,0,2499.0
101721-1,101721,P8004,3,999.0,0,2997.0
101721-2,101721,P6001,1,2152.13,13.9,2152.13
101721-3,101721,P6004,1,1499.0,0,1499.0
101721-4,101721,P7001,1,2999.0,0,2999.0
101722-1,101722,P4005,2,3499.0,0,6998.0
101722-2,101722,P1007,1,3999.0,0,3999.0
101722-3,101722,P4004,1,5999.0,0,5999.0
101722-4,101722,P6004,1,1499.0,0,1499.0
101722-5,101722,P2004,1,865.68,13.3,865.68
101723-1,101723,P5003,1,699.0,0,699.0
101723-2,101723,P8001,1,427.0,14.4,427.0
101723-3,101723,P7004,1,599.0,0,599.0
101724-1,101724,P8005,1,851.69,5.3,851.69
101724-2,101724,P4003,1,1999.0,0,1999.0
101725-1,101725,P8005,1,899.0,0,899.0
101726-1,101726,P7004,1,547.88,8.5,547.88
101726-2,101726,P2006,2,4999.0,0,9998.0
101727-1,101727,P8001,1,499.0,0,499.0
101727-2,101727,P7004,1,599.0,0,599.0
101727-3,101727,P3003,1,521.91,12.9,521.91
101728-1,101728,P6004,1,1499.0,0,1499.0
101729-1,101729,P2002,1,23713.38,5.1,23713.38
101730-1,101730,P7001,1,2999.0,0,2999.0
101731-1,101731,P4004,2,5999.0,0,11998.0
101731-2,101731,P1007,2,3999.0,0,7998.0
101732-1,101732,P1002,3,299.0,0,897.0
101733-1,101733,P5005,1,1999.0,0,1999.0
101733-2,101733,P8001,2,499.0,0,998.0
101734-1,101734,P5005,1,1999.0,0,1999.0
101735-1,101735,P7002,1,1499.0,0,1499.0
101736-1,101736,P1009,1,12999.0,0,12999.0
101736-2,101736,P1007,1,3999.0,0,3999.0
101737-1,101737,P7002,-1,1499.0,0,1499.0
101737-2,101737,P8005,1,899.0,0,899.0
101738-1,101738,P7002,1,1499.0,0,1499.0
101738-2,101738,P5002,1,3499.0,0,3499.0
101739-1,101739,P1002,1,280.46,6.2,280.46
101740-1,101740,P8004,1,939.09,6.0,939.09
101740-2,101740,P6002,1,799.3,11.1,799.3
101741-1,101741,P7001,1,2999.0,0,2999.0
101741-2,101741,P2004,1,999.0,0,999.0
101741-3,101741,P3002,2,2499.0,0,4998.0
101743-1,101743,P5004,2,4499.0,0,8998.0
101743-2,101743,P2006,1,4999.0,0,4999.0
101744-1,101744,P4002,1,4999.0,0,4999.0
101744-2,101744,P7004,1,599.0,0,599.0
101745-1,101745,P8002,1,599.0,0,599.0
101745-2,101745,P5003,1,699.0,0,699.0
101746-1,101746,P3002,1,2499.0,0,2499.0
101746-2,101746,P7004,1,599.0,0,599.0
101746-3,101746,P1003,3,2499.0,0,7497.0
101747-1,101747,P1002,1,299.0,0,299.0
101747-2,101747,P1003,1,2499.0,0,2499.0
101747-3,101747,P8001,2,499.0,0,998.0
101748-1,101748,P1006,1,659.17,5.7,659.17
101749-1,101749,P1007,1,3999.0,0,3999.0
101750-1,101750,P5003,1,699.0,0,699.0
101750-2,101750,P8003,1,799.0,0,799.0
101750-3,101750,P1003,1,2499.0,0,2499.0
101751-1,101751,P2003,1,1499.0,0,1499.0
101751-2,101751,P7002,1,1499.0,0,1499.0
101753-1,101753,P7004,1,599.0,0,599.0
101753-2,101753,P8004,1,999.0,0,999.0
101753-3,101753,P4003,1,1999.0,0,1999.0
101755-1,101755,P7003,1,999.0,0,999.0
101756-1,101756,P1004,1,799.0,0,799.0
101756-2,101756,P7003,1,999.0,0,999.0
101757-1,101757,P4002,1,4999.0,0,4999.0
101757-2,101757,P8001,2,440.57,11.7,881.14
101758-1,101758,P6003,1,1807.49,9.6,1807.49
101759-1,101759,P7002,1,1499.0,0,1499.0
101760-1,101760,P8004,1,999.0,0,999.0
101760-2,101760,P7002,2,1499.0,0,2998.0
101760-3,101760,P6003,2,1999.0,0,3998.0
101761-1,101761,P3006,2,999.0,0,1998.0
101761-2,101761,P4001,1,7999.0,0,7999.0
101762-1,101762,P1010,1,899.0,0,899.0
101762-2,101762,P2001,1,15999.0,0,15999.0
101762-3,101762,P2005,1,737.3,7.7,737.3
101762-4,101762,P7001,1,2999.0,0,2999.0
101763-1,101763,P1007,1,3999.0,0,3999.0
101763-2,101763,P1005,1,1299.0,0,1299.0
101764-1,101764,P1004,1,799.0,0,799.0
101764-2,101764,P1007,1,3653.35,8.6,3653.35
101764-3,101764,P1010,1,899.0,0,899.0
101765-1,101765,P5002,1,3271.6,6.5,3271.6
101765-2,101765,P6004,1,1499.0,0,1499.0
101765-3,101765,P5003,2,632.92,9.5,1265.84
101766-1,101766,P4003,1,1757.49,12.1,1757.49
101767-1,101767,P6004,1,1499.0,0,1499.0
101768-1,101768,P4002,2,4999.0,0,9998.0
101769-1,101769,P4004,2,5999.0,0,11998.0
101769-2,101769,P2003,1,1499.0,0,1499.0
101770-1,101770,P4001,1,7999.0,0,7999.0
101771-1,101771,P7004,3,599.0,0,1797.0
101772-1,101772,P6001,3,2499.0,0,7497.0
101773-1,101773,P4004,1,5534.48,7.7,5534.48
101773-2,101773,P8003,1,724.41,9.3,724.41
101773-3,101773,P5004,1,4499.0,0,4499.0
101774-1,101774,P2001,2,15999.0,0,31998.0
101774-2,101774,P6001,1,2499.0,0,2499.0
101774-3,101774,P1001,1,599.0,0,599.0
101775-1,101775,P2005,2,799.0,0,1598.0
101775-2,101775,P1010,2,899.0,0,1798.0
101775-3,101775,P5005,1,1999.0,0,1999.0
101776-1,101776,P8001,1,499.0,0,499.0
101777-1,101777,P7001,1,2999.0,0,2999.0
101778-1,101778,P3006,1,999.0,0,999.0
101779-1,101779,P7002,1,1499.0,0,1499.0
101779-2,101779,P3006,1,999.0,0,999.0
101780-1,101780,P6004,-1,1499.0,0,2998.0
101780-2,101780,P8003,1,799.0,0,799.0
101781-1,101781,P3003,1,599.0,0,599.0
101781-2,101781,P7004,1,599.0,0,599.0
101781-3,101781,P5002,2,3499.0,0,6998.0
101782-1,101782,P4005,1,3499.0,0,3499.0
101782-2,101782,P8003,1,799.0,0,799.0
101783-1,101783,P6003,1,1999.0,0,1999.0
101784-1,101784,P1004,2,799.0,0,1598.0
101784-2,101784,P6003,2,1999.0,0,3998.0
101784-3,101784,P7004,1,515.51,13.9,515.51
101784-4,101784,P1003,1,2499.0,0,2499.0
101785-1,101785,P2001,1,15999.0,0,15999.0
101785-2,101785,P8005,1,769.09,14.5,769.09
101786-1,101786,P8001,1,440.19,11.8,440.19
101787-1,101787,P4002,1,4999.0,0,4999.0
101787-2,101787,P7003,1,999.0,0,999.0
101787-3,101787,P2002,1,24999.0,0,24999.0
101787-4,101787,P2005,1,799.0,0,799.0
101788-1,101788,P4002,1,4999.0,0,4999.0
101788-2,101788,P1001,1,599.0,0,599.0
101789-1,101789,P1006,3,699.0,0,2097.0
101790-1,101790,P8002,1,599.0,0,599.0
101790-2,101790,P1002,1,299.0,0,299.0
101791-1,101791,P1007,1,3999.0,0,3999.0
101791-2,101791,P3001,1,850.82,14.8,850.82
101792-1,101792,P3005,1,699.0,0,699.0
101793-1,101793,P8002,2,527.11,12.0,1054.22
101793-2,101793,P1009,1,12999.0,0,12999.0
101794-1,101794,P7002,1,1499.0,0,1499.0
101794-2,101794,P1004,2,799.0,0,1598.0
101794-3,101794,P1010,1,899.0,0,899.0
101794-4,101794,P3004,1,199.0,0,199.0
101795-1,101795,P6001,1,2499.0,0,2499.0
101795-2,101795,P1002,1,299.0,0,299.0
101795-3,101795,P3002,1,2499.0,0,2499.0
101796-1,101796,P5001,2,5166.42,13.9,10332.84
101797-1,101797,P1004,2,799.0,0,1598.0
101798-1,101798,P3002,1,2499.0,0,2499.0
101798-2,101798,P5003,2,699.0,0,1398.0
101799-1,101799,P5001,1,5999.0,0,5999.0
101800-1,101800,P2003,1,1499.0,0,1499.0
101801-1,101801,P1008,1,1293.81,13.7,1293.81
101802-1,101802,P3005,2,699.0,0,1398.0
101802-2,101802,P2005,2,799.0,0,1598.0
101803-1,101803,P1005,1,1299.0,0,1299.0
101804-1,101804,P6002,1,899.0,0,899.0
101804-2,101804,P1006,2,699.0,0,1398.0
101805-1,101805,P2001,1,15999.0,0,15999.0
101806-1,101806,P1004,2,799.0,0,1598.0
101806-2,101806,P5005,2,1999.0,0,3998.0
101807-1,101807,P4005,2,3499.0,0,6998.0
101808-1,101808,P1002,2,261.74,12.5,523.48
101808-2,101808,P7001,1,2999.0,0,2999.0
101808-3,101808,P5004,2,4499.0,0,8998.0
101808-4,101808,P1007,1,3999.0,0,3999.0
101809-1,101809,P1007,1,3999.0,0,3999.0
101809-2,101809,P7001,2,2621.12,12.6,5242.24
101810-1,101810,P7002,1,1302.57,13.1,1302.57
101810-2,101810,P1010,1,899.0,0,899.0
101810-3,101810,P2001,1,15999.0,0,15999.0
101811-1,101811,P2001,1,15999.0,0,15999.0
101811-2,101811,P3006,2,999.0,0,1998.0
101811-3,101811,P6003,2,1713.4,14.3,3426.8
101811-4,101811,P1010,1,844.31,6.1,844.31
101812-1,101812,P3006,2,999.0,0,1998.0
101813-1,101813,P1009,1,12127.47,6.7,12127.47
101813-2,101813,P3005,1,699.0,0,699.0
101813-3,101813,P8005,1,899.0,0,899.0
101813-4,101813,P3004,1,199.0,0,199.0
101815-1,101815,P2004,1,999.0,0,999.0
101815-2,101815,P8001,1,499.0,0,499.0
101816-1,101816,P5003,1,699.0,0,699.0
101816-2,101816,P1008,1,1389.85,7.3,1389.85
101817-1,101817,P3002,1,2499.0,0,2499.0
101818-1,101818,P5005,1,1999.0,0,1999.0
101818-2,101818,P4004,1,5999.0,0,5999.0
101819-1,101819,P1005,1,1299.0,0,1299.0
101819-2,101819,P3002,1,2499.0,0,2499.0
101819-3,101819,P1009,2,12999.0,0,25998.0
101819-4,101819,P8003,1,799.0,0,799.0
101820-1,101820,P1004,1,799.0,0,799.0
101821-1,101821,P5004,1,4499.0,0,4499.0
101821-2,101821,P4005,1,3244.46,7.3,3244.46
101822-1,101822,P3003,1,599.0,0,599.0
101822-2,101822,P3001,3,999.0,0,2997.0
101823-1,101823,P5001,1,5999.0,0,5999.0
101825-1,101825,P3002,1,2499.0,0,2499.0
101826-1,101826,P1001,1,599.0,0,599.0
101826-2,101826,P3001,1,999.0,0,999.0
101826-3,101826,P8001,2,499.0,0,998.0
101827-1,101827,P1002,3,299.0,0,897.0
101827-2,101827,P4005,3,3499.0,0,10497.0
101827-3,101827,P5005,1,1999.0,0,1999.0
101828-1,101828,P8003,2,799.0,0,1598.0
101828-2,101828,P3001,1,999.0,0,999.0
101828-3,101828,P4004,1,5999.0,0,5999.0
101829-1,101829,P7002,1,1499.0,0,1499.0
101830-1,101830,P1003,2,2499.0,0,4998.0
101831-1,101831,P4003,1,1999.0,0,1999.0
101832-1,101832,P6002,1,899.0,0,899.0
101832-2,101832,P1006,1,699.0,0,699.0
101833-1,101833,P6002,2,899.0,0,1798.0
101833-2,101833,P3006,1,999.0,0,999.0
101833-3,101833,P3002,1,2499.0,0,2499.0
101834-1,101834,P5003,2,699.0,0,1398.0
101834-2,101834,P6002,1,899.0,0,899.0
101835-1,101835,P7001,2,2999.0,0,5998.0
101836-1,101836,P3003,2,599.0,0,1198.0
101837-1,101837,P5001,1,5999.0,0,5999.0
101838-1,101838,P3005,1,699.0,0,699.0
101838-2,101838,P5004,2,4499.0,0,8998.0
101839-1,101839,P2003,1,1499.0,0,1499.0
101839-2,101839,P2001,2,15999.0,0,31998.0
101840-1,101840,P8003,1,799.0,0,799.0
101840-2,101840,P1007,1,3999.0,0,3999.0
101840-3,101840,P6004,1,1499.0,0,1499.0
101843-1,101843,P2006,2,4336.28,13.3,8672.56
101843-2,101843,P1005,1,1126.06,13.3,1126.06
101844-1,101844,P5001,2,5999.0,0,11998.0
101845-1,101845,P3003,2,599.0,0,1198.0
101845-2,101845,P1006,1,699.0,0,699.0
101846-1,101846,P4005,1,3499.0,0,3499.0
101846-2,101846,P1010,1,832.81,7.4,832.81
101846-3,101846,P5003,1,699.0,0,699.0
101847-1,101847,P2003,1,1499.0,0,1499.0
101847-2,101847,P8001,2,499.0,0,998.0
101847-3,101847,P3004,2,199.0,0,398.0
101848-1,101848,P4003,2,1999.0,0,3998.0
101848-2,101848,P4005,1,3499.0,0,3499.0
101849-1,101849,P5002,1,3499.0,0,3499.0
101849-2,101849,P3004,2,199.0,0,398.0
101850-1,101850,P2001,1,15999.0,0,15999.0
101851-1,101851,P3003,2,599.0,0,1198.0
101851-2,101851,P8005,1,899.0,0,899.0
101852-1,101852,P6004,2,1499.0,0,2998.0
101852-2,101852,P4004,3,5416.19,9.7,16248.57
101852-3,101852,P2005,1,799.0,0,799.0
101853-1,101853,P8002,1,599.0,0,599.0
101853-2,101853,P2001,1,14575.23,8.9,14575.23
101854-1,101854,P6003,2,1999.0,0,3998.0
101855-1,101855,P1001,2,599.0,0,1198.0
101856-1,101856,P8001,1,468.9,6.0,468.9
101857-1,101857,P5005,1,1880.88,5.9,1880.88
101857-2,101857,P6001,1,2499.0,0,2499.0
101857-3,101857,P3006,2,999.0,0,1998.0
101859-1,101859,P2002,1,24999.0,0,24999.0
101860-1,101860,P1010,2,899.0,0,1798.0
101860-2,101860,P4004,2,5999.0,0,11998.0
101861-1,101861,P7001,1,2999.0,0,2999.0
101861-2,101861,P5005,1,1999.0,0,1999.0
101861-3,101861,P2002,1,24999.0,0,24999.0
101862-1,101862,P8003,1,799.0,0,799.0
101863-1,101863,P5003,1,699.0,0,699.0
101864-1,101864,P1003,1,2499.0,0,2499.0
101864-2,101864,P4001,1,7999.0,0,7999.0
101864-3,101864,P1005,2,1299.0,0,2598.0
101864-4,101864,P1004,1,799.0,0,799.0
101865-1,101865,P1009,2,12999.0,0,25998.0
101865-2,101865,P1002,2,280.78,6.1,561.56
101866-1,101866,P5003,2,607.19,13.1,1214.38
101866-2,101866,P8001,1,499.0,0,499.0
101866-3,101866,P3003,1,527.36,12.0,527.36
101866-4,101866,P3005,1,656.45,6.1,656.45
101866-5,101866,P6001,1,2499.0,0,2499.0
101868-1,101868,P4002,1,4999.0,0,4999.0
101869-1,101869,P6003,2,1999.0,0,3998.0
101869-2,101869,P1002,2,255.97,14.4,511.94
101870-1,101870,P1002,2,299.0,0,598.0
101871-1,101871,P4004,1,5999.0,0,5999.0
101871-2,101871,P7003,1,999.0,0,999.0
101871-3,101871,P6004,1,1499.0,0,1499.0
101871-4,101871,P5004,1,3986.18,11.4,3986.18
101871-5,101871,P6003,-1,1999.0,0,1999.0
101872-1,101872,P7003,1,999.0,0,999.0
101873-1,101873,P7004,1,599.0,0,599.0
101874-1,101874,P5003,1,699.0,0,699.0
101874-2,101874,P8003,1,799.0,0,799.0
101874-3,101874,P8002,1,521.31,13.0,521.31
101875-1,101875,P7002,1,1499.0,0,1499.0
101875-2,101875,P4004,3,5999.0,0,17997.0
101876-1,101876,P7002,1,1499.0,0,1499.0
101876-2,101876,P8005,1,899.0,0,899.0
101877-1,101877,P3007,1,1299.0,0,1299.0
101877-2,101877,P4002,1,4999.0,0,4999.0
101878-1,101878,P7003,2,999.0,0,1998.0
101878-2,101878,P2003,3,1499.0,0,4497.0
101879-1,101879,P2005,2,726.79,9.0,1453.58
101879-2,101879,P8005,2,840.32,6.5,1680.64
101880-1,101880,P1004,1,692.54,13.3,692.54
101880-2,101880,P1003,1,2499.0,0,2499.0
101880-3,101880,P5002,2,3499.0,0,6998.0
101883-1,101883,P6001,1,2499.0,0,2499.0
101884-1,101884,P6002,1,899.0,0,899.0
101885-1,101885,P7002,1,1499.0,0,1499.0
101886-1,101886,P2004,1,999.0,0,999.0
101886-2,101886,P6001,1,2499.0,0,2499.0
101886-3,101886,P5004,1,4499.0,0,4499.0
101887-1,101887,P3006,1,999.0,0,999.0
101887-2,101887,P6002,2,899.0,0,1798.0
101887-3,101887,P2004,2,905.66,9.3,1811.32
101888-1,101888,P4003,2,1746.23,12.6,3492.46
101888-2,101888,P4005,1,3499.0,0,3499.0
101888-3,101888,P7001,1,2999.0,0,2999.0
101888-4,101888,P5003,1,632.26,9.5,632.26
101891-1,101891,P1009,2,12243.23,5.8,24486.46
101891-2,101891,P6003,1,1794.06,10.3,1794.06
101891-3,101891,P1008,2,1400.98,6.5,2801.96
101891-4,101891,P8005,1,899.0,0,899.0
101891-5,101891,P3007,1,1299.0,0,1299.0
101892-1,101892,P1009,1,12999.0,0,12999.0
101893-1,101893,P8002,1,599.0,0,599.0
101894-1,101894,P8002,1,599.0,0,599.0
101894-2,101894,P4001,1,7999.0,0,7999.0
101894-3,101894,P5001,2,5999.0,0,11998.0
101895-1,101895,P1001,1,599.0,0,599.0
101896-1,101896,P5004,2,4499.0,0,8998.0
101897-1,101897,P5003,1,660.11,5.6,660.11
101897-2,101897,P1002,1,280.42,6.2,280.42
101898-1,101898,P8004,3,999.0,0,2997.0
101898-2,101898,P5004,2,4499.0,0,8998.0
101898-3,101898,P6002,2,899.0,0,1798.0
101899-1,101899,P3004,1,199.0,0,199.0
101900-1,101900,P1001,1,599.0,0,599.0
101901-1,101901,P5004,1,4499.0,0,4499.0
101901-2,101901,P2001,1,15999.0,0,15999.0
101901-3,101901,P3007,1,1299.0,0,1299.0
101902-1,101902,P8003,1,799.0,0,799.0
101902-2,101902,P1006,1,699.0,0,699.0
101902-3,101902,P8002,1,516.64,13.7,516.64
101903-1,101903,P3005,1,699.0,0,699.0
101904-1,101904,P7001,2,2999.0,0,5998.0
101905-1,101905,P7001,1,2999.0,0,2999.0
101905-2,101905,P2004,3,999.0,0,2997.0
101905-3,101905,P2001,2,14642.65,8.5,29285.3
101906-1,101906,P3005,1,699.0,0,699.0
101907-1,101907,P2001,1,14674.93,8.3,14674.93
101907-2,101907,P1008,1,1499.0,0,1499.0
101907-3,101907,P5005,1,1999.0,0,1999.0
101908-1,101908,P2003,2,1499.0,0,2998.0
101909-1,101909,P8003,2,799.0,0,1598.0
101910-1,101910,P7001,1,2727.76,9.0,2727.76
101910-2,101910,P6003,1,1999.0,0,1999.0
101910-3,101910,P4001,1,7999.0,0,7999.0
101911-1,101911,P1008,-1,1499.0,0,1499.0
101911-2,101911,P2002,2,24999.0,0,49998.0
101911-3,101911,P7003,1,999.0,0,999.0
101912-1,101912,P3001,1,999.0,0,999.0
101912-2,101912,P3004,1,199.0,0,199.0
101913-1,101913,P1003,1,2499.0,0,2499.0
101914-1,101914,P2006,1,4999.0,0,4999.0
101914-2,101914,P7003,1,999.0,0,999.0
101915-1,101915,P1005,-1,1106.71,14.8,1106.71
101916-1,101916,P8003,1,799.0,0,799.0
101916-2,101916,P6001,1,2320.87,7.1,2320.87
101917-1,101917,P5004,1,4499.0,0,4499.0
101917-2,101917,P2004,2,999.0,0,1998.0
101918-1,101918,P3005,1,699.0,0,699.0
101918-2,101918,P2003,1,1499.0,0,1499.0
101918-3,101918,P8004,1,861.07,13.8,861.07
101919-1,101919,P6002,1,899.0,0,899.0
101920-1,101920,P4005,3,3087.59,11.8,9262.77
101921-1,101921,P5005,2,1999.0,0,3998.0
101922-1,101922,P2004,2,999.0,0,1998.0
101922-2,101922,P6003,1,1999.0,0,1999.0
101922-3,101922,P1002,1,299.0,0,299.0
101923-1,101923,P2003,1,1499.0,0,1499.0
101923-2,101923,P7002,2,1499.0,0,2998.0
101924-1,101924,P8003,1,799.0,0,799.0
101924-2,101924,P6003,1,1999.0,0,1999.0
101924-3,101924,P7001,2,2790.39,7.0,5580.78
101925-1,101925,P1010,1,899.0,0,899.0
101926-1,101926,P3005,1,624.5,10.7,624.5
101926-2,101926,P1003,1,2499.0,0,2499.0
101927-1,101927,P8005,1,899.0,0,899.0
101927-2,101927,P7003,3,999.0,0,2997.0
101927-3,101927,P8003,1,799.0,0,799.0
101928-1,101928,P1007,1,3778.08,5.5,3778.08
101929-1,101929,P7001,1,2999.0,0,2999.0
101930-1,101930,P7001,1,2571.92,14.2,2571.92
101930-2,101930,P1008,1,1499.0,0,1499.0
101930-3,101930,P2004,1,999.0,0,999.0
101931-1,101931,P5002,1,3029.46,13.4,3029.46
101932-1,101932,P2002,1,24999.0,0,24999.0
101933-1,101933,P1008,1,1499.0,0,1499.0
101934-1,101934,P3003,2,599.0,0,1198.0
101934-2,101934,P8001,2,499.0,0,998.0
101935-1,101935,P4003,1,1766.57,11.6,1766.57
101935-2,101935,P3003,1,599.0,0,599.0
101936-1,101936,P6001,1,2499.0,0,2499.0
101936-2,101936,P4003,1,1999.0,0,1999.0
101936-3,101936,P5003,3,699.0,0,2097.0
101936-4,101936,P1004,1,799.0,0,799.0
101937-1,101937,P4003,1,1999.0,0,1999.0
101937-2,101937,P5003,1,699.0,0,699.0
101937-3,101937,P7004,1,599.0,0,599.0
101937-4,101937,P2004,1,999.0,0,999.0
101937-5,101937,P4005,1,3499.0,0,3499.0
101938-1,101938,P2006,1,4631.36,7.4,4631.36
101939-1,101939,P6002,1,899.0,0,899.0
101939-2,101939,P1010,1,899.0,0,899.0
101940-1,101940,P1004,1,799.0,0,799.0
101940-2,101940,P1008,1,1499.0,0,1499.0
101941-1,101941,P5004,1,4121.76,8.4,4121.76
101942-1,101942,P1009,2,12999.0,0,25998.0
101943-1,101943,P4005,1,3232.81,7.6,3232.81
101944-1,101944,P5004,1,4499.0,0,4499.0
101945-1,101945,P1008,1,1382.05,7.8,1382.05
101945-2,101945,P3004,2,199.0,0,398.0
101945-3,101945,P6004,1,1499.0,0,1499.0
101946-1,101946,P6004,1,1499.0,0,1499.0
101946-2,101946,P1006,1,699.0,0,699.0
101947-1,101947,P4002,1,4543.11,9.1,4543.11
101948-1,101948,P2004,2,947.62,5.1,1895.24
101949-1,101949,P4004,2,5999.0,0,11998.0
101949-2,101949,P5003,1,649.22,7.1,649.22
101950-1,101950,P5003,2,699.0,0,1398.0
101951-1,101951,P2006,1,4999.0,0,4999.0
101952-1,101952,P5002,1,3499.0,0,3499.0
101952-2,101952,P6001,-1,2499.0,0,2499.0
101952-3,101952,P4005,2,3216.43,8.1,6432.86
101953-1,101953,P3006,2,870.41,12.9,1740.82
101953-2,101953,P2005,2,799.0,0,1598.0
101953-3,101953,P2001,3,15999.0,0,47997.0
101954-1,101954,P1001,1,599.0,0,599.0
101955-1,101955,P1004,1,799.0,0,799.0
101955-2,101955,P2002,2,21508.6,14.0,43017.2
101955-3,101955,P4002,1,4647.0,7.0,4647.0
101956-1,101956,P7004,1,599.0,0,599.0
101956-2,101956,P6004,1,1339.1,10.7,1339.1
101956-3,101956,P2003,1,1499.0,0,1499.0
101957-1,101957,P1001,1,599.0,0,599.0
101957-2,101957,P7004,1,599.0,0,599.0
101958-1,101958,P1008,1,1499.0,0,1499.0
101959-1,101959,P1006,1,699.0,0,699.0
101959-2,101959,P3001,3,999.0,0,2997.0
101960-1,101960,P3001,2,999.0,0,1998.0
101960-2,101960,P6001,2,2352.62,5.9,4705.24
101961-1,101961,P6001,1,2499.0,0,2499.0
101962-1,101962,P3001,1,883.35,11.6,883.35
101963-1,101963,P3005,1,699.0,0,699.0
101963-2,101963,P7002,1,1499.0,0,1499.0
101963-3,101963,P5001,1,5999.0,0,5999.0
101963-4,101963,P8004,1,999.0,0,999.0
101964-1,101964,P5005,1,1999.0,0,1999.0
101964-2,101964,P4001,1,7999.0,0,7999.0
101964-3,101964,P1003,2,2277.65,8.9,4555.3
101966-1,101966,P5004,1,4499.0,0,4499.0
101967-1,101967,P6001,1,2362.1,5.5,2362.1
101968-1,101968,P3002,2,2499.0,0,4998.0
101968-2,101968,P7003,1,999.0,0,999.0
101968-3,101968,P7004,1,599.0,0,599.0
101968-4,101968,P5001,1,5999.0,0,5999.0
101969-1,101969,P7001,1,2999.0,0,2999.0
101970-1,101970,P5003,3,699.0,0,2097.0
101971-1,101971,P1005,1,1299.0,0,1299.0
101971-2,101971,P1003,1,2266.17,9.3,2266.17
101971-3,101971,P6001,1,2499.0,0,2499.0
101972-1,101972,P2001,1,13687.03,14.5,13687.03
101973-1,101973,P3004,1,199.0,0,199.0
101973-2,101973,P4004,2,5999.0,0,11998.0
101973-3,101973,P1010,1,899.0,0,899.0
101974-1,101974,P5003,2,699.0,0,1398.0
101975-1,101975,P4004,1,5999.0,0,5999.0
101976-1,101976,P4003,1,1999.0,0,1999.0
101976-2,101976,P1002,1,299.0,0,299.0
101977-1,101977,P1009,1,12999.0,0,12999.0
101978-1,101978,P3007,1,1150.7,11.4,1150.7
101978-2,101978,P6004,1,1287.38,14.1,1287.38
101979-1,101979,P1010,1,899.0,0,899.0
101980-1,101980,P1009,1,12999.0,0,12999.0
101981-1,101981,P5002,1,3499.0,0,3499.0
101981-2,101981,P1007,1,3999.0,0,3999.0
101981-3,101981,P1001,1,599.0,0,599.0
101982-1,101982,P5003,1,699.0,0,699.0
101982-2,101982,P7001,1,2999.0,0,2999.0
101982-3,101982,P3001,1,999.0,0,999.0
101983-1,101983,P6004,1,1499.0,0,1499.0
101984-1,101984,P2004,1,999.0,0,999.0
101984-2,101984,P2003,1,1499.0,0,1499.0
101985-1,101985,P8002,1,599.0,0,599.0
101985-2,101985,P5002,2,3499.0,0,6998.0
101986-1,101986,P6002,2,899.0,0,1798.0
101986-2,101986,P5001,1,5999.0,0,5999.0
101986-3,101986,P5002,1,3499.0,0,3499.0
101986-4,101986,P5003,1,604.02,13.6,604.02
101986-5,101986,P1003,1,2152.48,13.9,2152.48
101987-1,101987,P7004,1,599.0,0,599.0
101987-2,101987,P3001,1,999.0,0,999.0
101987-3,101987,P2001,1,15999.0,0,15999.0
101987-4,101987,P3005,1,699.0,0,699.0
101988-1,101988,P1007,2,3680.85,8.0,7361.7
101989-1,101989,P3001,1,999.0,0,999.0
101989-2,101989,P4001,1,7999.0,0,7999.0
101989-3,101989,P7003,1,999.0,0,999.0
101990-1,101990,P1003,-1,2499.0,0,2499.0
101991-1,101991,P7001,1,2999.0,0,2999.0
101991-2,101991,P2002,1,24999.0,0,24999.0
101992-1,101992,P7002,1,1499.0,0,1499.0
101993-1,101993,P8004,1,999.0,0,999.0
101994-1,101994,P8001,2,499.0,0,998.0
101995-1,101995,P7003,1,999.0,0,999.0
101996-1,101996,P1002,1,299.0,0,299.0
101997-1,101997,P7003,3,884.79,11.4,2654.37
101998-1,101998,P7001,1,2999.0,0,2999.0
101998-2,101998,P1002,2,299.0,0,598.0
101999-1,101999,P7004,2,599.0,0,1198.0
102000-1,102000,P5005,2,1833.45,8.3,3666.9
102000-2,102000,P1007,1,3999.0,0,3999.0
102001-1,102001,P2003,1,1499.0,0,1499.0
102001-2,102001,P2001,2,15999.0,0,31998.0
102002-1,102002,P4001,1,7999.0,0,7999.0
102004-1,102004,P6002,1,899.0,0,899.0
102004-2,102004,P8001,2,470.53,5.7,941.06
102004-3,102004,P3006,1,850.25,14.9,850.25
102005-1,102005,P2006,1,4999.0,0,4999.0
102005-2,102005,P4003,1,1999.0,0,1999.0
102006-1,102006,P6002,1,899.0,0,899.0
102006-2,102006,P1006,3,661.52,5.4,1984.56
102007-1,102007,P1001,1,555.46,7.3,555.46
102008-1,102008,P5002,1,3499.0,0,3499.0
102009-1,102009,P1001,2,552.14,7.8,1104.28
102009-2,102009,P8005,1,899.0,0,899.0
102009-3,102009,P7002,1,1499.0,0,1499.0
102010-1,102010,P2006,1,4999.0,0,4999.0
102011-1,102011,P7003,1,999.0,0,999.0
102012-1,102012,P6004,3,1499.0,0,4497.0
102013-1,102013,P2006,1,4999.0,0,4999.0
102013-2,102013,P7002,1,1410.95,5.9,1410.95
102013-3,102013,P1008,1,1499.0,0,1499.0
102013-4,102013,P1001,1,568.6,5.1,568.6
102013-5,102013,P2004,1,999.0,0,999.0
102014-1,102014,P2001,2,14829.03,7.3,29658.06
102014-2,102014,P2002,1,24999.0,0,24999.0
102014-3,102014,P6002,2,899.0,0,1798.0
102014-4,102014,P6004,1,1499.0,0,1499.0
102015-1,102015,P2005,1,799.0,0,799.0
102016-1,102016,P2004,1,999.0,0,999.0
102016-2,102016,P6002,1,899.0,0,899.0
102016-3,102016,P1010,1,899.0,0,899.0
102016-4,102016,P5002,1,3499.0,0,3499.0
102017-1,102017,P2002,1,22327.88,10.7,22327.88
102018-1,102018,P8002,2,599.0,0,1198.0
102018-2,102018,P1001,1,531.29,11.3,531.29
102019-1,102019,P1001,1,599.0,0,599.0
102019-2,102019,P5003,2,699.0,0,1398.0
102020-1,102020,P5001,1,5999.0,0,5999.0
102021-1,102021,P1009,1,12999.0,0,12999.0
102022-1,102022,P2003,1,1499.0,0,1499.0
102022-2,102022,P7004,1,599.0,0,599.0
102023-1,102023,P3007,1,1148.21,11.6,1148.21
102023-2,102023,P3003,2,599.0,0,1198.0
102025-1,102025,P8003,1,799.0,0,799.0
102025-2,102025,P5004,1,4499.0,0,4499.0
102026-1,102026,P1006,2,699.0,0,1398.0
102027-1,102027,P8002,1,599.0,0,599.0
102027-2,102027,P3003,1,518.78,13.4,518.78
102027-3,102027,P8001,1,499.0,0,499.0
102028-1,102028,P6003,1,1999.0,0,1999.0
102028-2,102028,P4001,1,7999.0,0,7999.0
102029-1,102029,P1010,1,899.0,0,899.0
102030-1,102030,P2002,1,21447.15,14.2,21447.15
102030-2,102030,P4003,2,1999.0,0,3998.0
102031-1,102031,P4004,1,5156.27,14.0,5156.27
102032-1,102032,P5004,1,4499.0,0,4499.0
102032-2,102032,P7002,1,1499.0,0,1499.0
102033-1,102033,P7003,1,999.0,0,999.0
102034-1,102034,P7004,2,599.0,0,1198.0
102034-2,102034,P2003,1,1499.0,0,1499.0
102034-3,102034,P6004,1,1353.01,9.7,1353.01
102034-4,102034,P4001,1,7999.0,0,7999.0
102035-1,102035,P1003,1,2213.43,11.4,2213.43
102035-2,102035,P1006,1,626.68,10.3,626.68
102036-1,102036,P4004,1,5407.12,9.9,5407.12
102036-2,102036,P6004,2,1499.0,0,2998.0
102037-1,102037,P8001,3,433.09,13.2,1299.27
102037-2,102037,P6003,1,1714.05,14.3,1714.05
102038-1,102038,P3001,1,999.0,0,999.0
102039-1,102039,P2006,2,4311.57,13.8,8623.14
102041-1,102041,P5002,2,3499.0,0,6998.0
102042-1,102042,P5002,1,3499.0,0,3499.0
102042-2,102042,P3003,1,599.0,0,599.0
102042-3,102042,P6002,1,776.54,13.6,776.54
102043-1,102043,P5003,1,699.0,0,699.0
102044-1,102044,P7001,1,2999.0,0,2999.0
102045-1,102045,P7003,1,999.0,0,999.0
102046-1,102046,P5005,1,1756.99,12.1,1756.99
102046-2,102046,P2004,1,999.0,0,999.0
102047-1,102047,P3003,1,556.12,7.2,556.12
102047-2,102047,P7002,2,1499.0,0,2998.0
102047-3,102047,P1003,2,2499.0,0,4998.0
102048-1,102048,P1002,1,299.0,0,299.0
102048-2,102048,P4003,1,1820.06,9.0,1820.06
102048-3,102048,P3001,1,999.0,0,999.0
102048-4,102048,P1009,1,12999.0,0,12999.0
102049-1,102049,P5003,1,650.99,6.9,650.99
102049-2,102049,P2003,2,1499.0,0,2998.0
102050-1,102050,P6001,2,2499.0,0,4998.0
102051-1,102051,P1004,2,799.0,0,1598.0
102051-2,102051,P1007,1,3999.0,0,3999.0
102051-3,102051,P8001,1,499.0,0,499.0
102051-4,102051,P1002,1,267.0,10.7,267.0
102052-1,102052,P1001,2,599.0,0,1198.0
102052-2,102052,P3002,1,2499.0,0,2499.0
102053-1,102053,P1001,1,599.0,0,599.0
102053-2,102053,P8001,1,499.0,0,499.0
102054-1,102054,P2005,2,799.0,0,1598.0
102054-2,102054,P2001,1,13709.45,14.3,13709.45
102055-1,102055,P7003,2,874.38,12.5,1748.76
102055-2,102055,P5002,2,3499.0,0,6998.0
102056-1,102056,P7004,3,599.0,0,1797.0
102058-1,102058,P1005,1,1299.0,0,1299.0
102059-1,102059,P4002,1,4314.01,13.7,4314.01
102060-1,102060,P5004,2,4499.0,0,8998.0
102060-2,102060,P6003,1,1999.0,0,1999.0
102060-3,102060,P2006,1,4675.11,6.5,4675.11
102061-1,102061,P5003,1,649.74,7.0,649.74
102061-2,102061,P1007,2,3999.0,0,7998.0
102062-1,102062,P5001,2,5999.0,0,11998.0
102063-1,102063,P3004,1,199.0,0,199.0
102064-1,102064,P4001,1,7999.0,0,7999.0
102065-1,102065,P7004,1,552.95,7.7,552.95
102065-2,102065,P1001,1,599.0,0,599.0
102065-3,102065,P2004,2,999.0,0,1998.0
102066-1,102066,P3007,2,1113.27,14.3,2226.54
102066-2,102066,P5002,2,3499.0,0,6998.0
102066-3,102066,P6001,2,2499.0,0,4998.0
102067-1,102067,P5005,1,1999.0,0,1999.0
102067-2,102067,P5002,1,3499.0,0,3499.0
102068-1,102068,P5005,2,1999.0,0,3998.0
102069-1,102069,P1009,1,12999.0,0,12999.0
102069-2,102069,P1004,2,799.0,0,1598.0
102070-1,102070,P1009,2,12999.0,0,25998.0
102071-1,102071,P7003,1,999.0,0,999.0
102071-2,102071,P4001,1,7999.0,0,7999.0
102072-1,102072,P1007,1,3999.0,0,3999.0
102073-1,102073,P7002,1,1499.0,0,1499.0
102073-2,102073,P2006,1,4601.14,8.0,4601.14
102074-1,102074,P3002,1,2499.0,0,2499.0
102075-1,102075,P5004,1,4499.0,0,4499.0
102075-2,102075,P5002,1,3499.0,0,3499.0
102075-3,102075,P5001,2,5379.7,10.3,10759.4
102075-4,102075,P1009,2,12999.0,0,25998.0
102076-1,102076,P6002,1,899.0,0,899.0
102076-2,102076,P2002,1,24999.0,0,24999.0
102076-3,102076,P5004,3,4499.0,0,13497.0
102076-4,102076,P8004,1,999.0,0,999.0
102077-1,102077,P4005,1,3499.0,0,3499.0
102077-2,102077,P6004,1,1499.0,0,1499.0
102078-1,102078,P2002,1,24999.0,0,24999.0
102079-1,102079,P5004,2,4499.0,0,8998.0
102079-2,102079,P8002,2,599.0,0,1198.0
102079-3,102079,P8005,1,899.0,0,899.0
102080-1,102080,P5002,1,3499.0,0,3499.0
102080-2,102080,P1004,1,734.76,8.0,734.76
102081-1,102081,P5005,1,1999.0,0,1999.0
102081-2,102081,P2004,1,999.0,0,999.0
102082-1,102082,P8001,1,472.36,5.3,472.36
102083-1,102083,P2004,1,999.0,0,999.0
102083-2,102083,P1009,1,12999.0,0,12999.0
102084-1,102084,P1002,1,299.0,0,299.0
102085-1,102085,P3004,1,199.0,0,199.0
102085-2,102085,P3006,2,934.88,6.4,1869.76
102085-3,102085,P6004,1,1296.1,13.5,1296.1
102086-1,102086,P1010,1,899.0,0,899.0
102086-2,102086,P1008,1,1499.0,0,1499.0
102086-3,102086,P2002,1,24999.0,0,24999.0
102086-4,102086,P7003,1,999.0,0,999.0
102087-1,102087,P3006,2,999.0,0,1998.0
102087-2,102087,P8004,1,899.97,9.9,899.97
102088-1,102088,P6001,2,2499.0,0,4998.0
102088-2,102088,P4003,1,1999.0,0,1999.0
102089-1,102089,P1003,2,2499.0,0,4998.0
102090-1,102090,P3002,3,2499.0,0,7497.0
102091-1,102091,P2002,2,24999.0,0,49998.0
102091-2,102091,P6002,1,899.0,0,899.0
102092-1,102092,P1008,3,1499.0,0,4497.0
102092-2,102092,P1003,1,2499.0,0,2499.0
102093-1,102093,P8002,1,557.23,7.0,557.23
102094-1,102094,P3002,1,2499.0,0,2499.0
102094-2,102094,P2002,1,24999.0,0,24999.0
102095-1,102095,P8001,2,499.0,0,998.0
102095-2,102095,P2004,1,999.0,0,999.0
102096-1,102096,P2004,2,905.57,9.4,1811.14
102096-2,102096,P3007,1,1299.0,0,1299.0
102097-1,102097,P7004,2,599.0,0,1198.0
102098-1,102098,P7002,1,1499.0,0,1499.0
102098-2,102098,P3005,1,699.0,0,699.0
102098-3,102098,P6004,3,1499.0,0,4497.0
102098-4,102098,P4002,1,4589.18,8.2,4589.18
102099-1,102099,P3006,2,999.0,0,1998.0
102099-2,102099,P1010,2,776.07,13.7,1552.14
102101-1,102101,P8002,1,599.0,0,599.0
102101-2,102101,P3007,1,1299.0,0,1299.0
102101-3,102101,P2005,1,685.49,14.2,685.49
102101-4,102101,P1007,1,3999.0,0,3999.0
102103-1,102103,P8005,1,899.0,0,899.0
102104-1,102104,P5004,2,4499.0,0,8998.0
102104-2,102104,P6001,1,2499.0,0,2499.0
102104-3,102104,P1005,1,1131.45,12.9,1131.45
102106-1,102106,P5004,2,4499.0,0,8998.0
102106-2,102106,P3002,1,2499.0,0,2499.0
102106-3,102106,P1006,1,699.0,0,699.0
102106-4,102106,P1004,1,799.0,0,799.0
102107-1,102107,P1008,1,1499.0,0,1499.0
102108-1,102108,P3006,1,999.0,0,999.0
102108-2,102108,P8005,1,899.0,0,899.0
102108-3,102108,P7001,2,2999.0,0,5998.0
102109-1,102109,P5001,1,5999.0,0,5999.0
102109-2,102109,P2006,1,4999.0,0,4999.0
102109-3,102109,P1001,1,599.0,0,599.0
102109-4,102109,P1003,2,2499.0,0,4998.0
102109-5,102109,P4004,1,5999.0,0,5999.0
102110-1,102110,P2006,1,4650.8,7.0,4650.8
102111-1,102111,P7004,1,599.0,0,599.0
102111-2,102111,P3001,1,999.0,0,999.0
102112-1,102112,P1010,2,843.7,6.2,1687.4
102113-1,102113,P5004,1,4499.0,0,4499.0
102113-2,102113,P2003,1,1499.0,0,1499.0
102114-1,102114,P4003,1,1999.0,0,1999.0
102115-1,102115,P2006,2,4999.0,0,9998.0
102116-1,102116,P2001,1,15999.0,0,15999.0
102116-2,102116,P1004,1,799.0,0,799.0
102116-3,102116,P2003,2,1499.0,0,2998.0
102116-4,102116,P4002,3,4999.0,0,14997.0
102117-1,102117,P3005,1,699.0,0,699.0
102118-1,102118,P3004,1,179.88,9.6,179.88
102119-1,102119,P1004,2,743.45,7.0,1486.9
102120-1,102120,P2002,3,23264.81,6.9,69794.43
102120-2,102120,P1003,1,2499.0,0,2499.0
102121-1,102121,P1004,2,799.0,0,1598.0
102121-2,102121,P4002,1,4999.0,0,4999.0
102122-1,102122,P5002,2,3499.0,0,6998.0
102122-2,102122,P1008,1,1499.0,0,1499.0
102123-1,102123,P7003,1,999.0,0,999.0
102124-1,102124,P1001,1,599.0,0,599.0
102124-2,102124,P1005,2,1299.0,0,2598.0
102124-3,102124,P6003,2,1999.0,0,3998.0
102125-1,102125,P1002,1,281.41,5.9,281.41
102126-1,102126,P5002,2,3499.0,0,6998.0
102126-2,102126,P7003,1,999.0,0,999.0
102126-3,102126,P3002,1,2499.0,0,2499.0
102127-1,102127,P2001,1,15999.0,0,15999.0
102128-1,102128,P2006,2,4999.0,0,9998.0
102128-2,102128,P2004,1,884.96,11.4,884.96
102129-1,102129,P5001,1,5419.05,9.7,5419.05
102130-1,102130,P1008,2,1499.0,0,2998.0
102131-1,102131,P1009,1,12999.0,0,12999.0
102131-2,102131,P6002,1,899.0,0,899.0
102132-1,102132,P4001,2,7999.0,0,15998.0
102133-1,102133,P2006,1,4999.0,0,4999.0
102133-2,102133,P2002,1,24999.0,0,24999.0
102133-3,102133,P3004,1,178.98,10.1,178.98
102134-1,102134,P1008,2,1286.35,14.2,2572.7
102134-2,102134,P2006,1,4999.0,0,4999.0
102134-3,102134,P3007,1,1299.0,0,1299.0
102134-4,102134,P5005,2,1822.17,8.8,3644.34
102135-1,102135,P5004,2,4499.0,0,8998.0
102135-2,102135,P5002,1,3499.0,0,3499.0
102135-3,102135,P1004,2,799.0,0,1598.0
102135-4,102135,P5005,2,1999.0,0,3998.0
102136-1,102136,P7004,2,516.51,13.8,1033.02
102136-2,102136,P3004,1,199.0,0,199.0
102137-1,102137,P4004,1,5999.0,0,5999.0
102137-2,102137,P4005,1,3499.0,0,3499.0
102138-1,102138,P1003,1,2499.0,0,2499.0
102139-1,102139,P8002,1,599.0,0,599.0
102140-1,102140,P7001,1,2999.0,0,2999.0
102141-1,102141,P5005,1,1999.0,0,1999.0
102141-2,102141,P8003,1,799.0,0,799.0
102141-3,102141,P3007,2,1299.0,0,2598.0
102141-4,102141,P5004,1,3884.18,13.7,3884.18
102142-1,102142,P1002,1,299.0,0,299.0
102142-2,102142,P1005,1,1299.0,0,1299.0
102142-3,102142,P6001,1,2499.0,0,2499.0
102143-1,102143,P8004,1,999.0,0,999.0
102144-1,102144,P1006,1,699.0,0,699.0
102144-2,102144,P3006,3,999.0,0,2997.0
102144-3,102144,P2001,1,15999.0,0,15999.0
102145-1,102145,P3006,3,948.97,5.0,2846.91
102145-2,102145,P8005,2,851.28,5.3,1702.56
102146-1,102146,P2005,1,799.0,0,799.0
102146-2,102146,P7002,1,1499.0,0,1499.0
102146-3,102146,P6004,2,1499.0,0,2998.0
102147-1,102147,P8001,2,499.0,0,998.0
102148-1,102148,P1003,1,2324.35,7.0,2324.35
102149-1,102149,P8001,2,499.0,0,998.0
102150-1,102150,P3005,1,699.0,0,699.0
102151-1,102151,P2006,1,4999.0,0,4999.0
102151-2,102151,P8004,1,903.64,9.5,903.64
102151-3,102151,P3002,1,2499.0,0,2499.0
102152-1,102152,P4002,2,4551.21,9.0,9102.42
102153-1,102153,P3007,1,1119.74,13.8,1119.74
102154-1,102154,P2006,1,4550.1,9.0,4550.1
102155-1,102155,P1003,1,2288.27,8.4,2288.27
102156-1,102156,P1010,2,899.0,0,1798.0
102157-1,102157,P4005,2,3499.0,0,6998.0
102157-2,102157,P4004,2,5999.0,0,11998.0
102158-1,102158,P5004,1,4499.0,0,4499.0
102158-2,102158,P8004,3,999.0,0,2997.0
102158-3,102158,P7002,1,1499.0,0,1499.0
102158-4,102158,P3006,3,917.28,8.2,2751.84
102159-1,102159,P8005,1,899.0,0,899.0
102159-2,102159,P3002,1,2499.0,0,2499.0
102159-3,102159,P1004,2,745.69,6.7,1491.38
102159-4,102159,P5002,1,3499.0,0,3499.0
102159-5,102159,P3004,1,199.0,0,199.0
102160-1,102160,P8002,1,599.0,0,599.0
102160-2,102160,P1007,1,3999.0,0,3999.0
102160-3,102160,P5005,2,1869.63,6.5,3739.26
102161-1,102161,P4002,2,4999.0,0,9998.0
102162-1,102162,P3005,1,699.0,0,699.0
102162-2,102162,P5002,2,3072.27,12.2,6144.54
102163-1,102163,P1001,2,534.69,10.7,1069.38
102163-2,102163,P5002,1,3499.0,0,3499.0
102164-1,102164,P3001,3,999.0,0,2997.0
102164-2,102164,P3007,1,1299.0,0,1299.0
102165-1,102165,P1006,1,699.0,0,699.0
102165-2,102165,P5005,1,1999.0,0,1999.0
102166-1,102166,P3001,2,999.0,0,1998.0
102166-2,102166,P7003,1,999.0,0,999.0
102167-1,102167,P1005,2,1299.0,0,2598.0
102168-1,102168,P3002,1,2499.0,0,2499.0
102169-1,102169,P5004,1,4499.0,0,4499.0
102169-2,102169,P4002,1,4999.0,0,4999.0
102170-1,102170,P5001,1,5999.0,0,5999.0
102170-2,102170,P3003,1,599.0,0,599.0
102171-1,102171,P3007,1,1299.0,0,1299.0
102172-1,102172,P3007,1,1299.0,0,1299.0
102173-1,102173,P2005,1,799.0,0,799.0
102173-2,102173,P5002,1,3264.4,6.7,3264.4
102174-1,102174,P1002,2,299.0,0,598.0
102174-2,102174,P1007,1,3694.85,7.6,3694.85
102175-1,102175,P5003,2,699.0,0,1398.0
102176-1,102176,P7002,1,1499.0,0,1499.0
102176-2,102176,P4001,1,7283.14,8.9,7283.14
102177-1,102177,P8003,1,799.0,0,799.0
102177-2,102177,P5004,1,4499.0,0,4499.0
102178-1,102178,P4003,1,1999.0,0,1999.0
102178-2,102178,P3006,1,999.0,0,999.0
102178-3,102178,P5004,3,4146.58,7.8,12439.74
102178-4,102178,P6001,2,2499.0,0,4998.0
102179-1,102179,P4001,1,7999.0,0,7999.0
102179-2,102179,P3002,2,2499.0,0,4998.0
102180-1,102180,P8004,2,999.0,0,1998.0
102180-2,102180,P5003,3,699.0,0,2097.0
102181-1,102181,P1007,1,3639.79,9.0,3639.79
102182-1,102182,P1001,1,599.0,0,599.0
102182-2,102182,P7001,1,2999.0,0,2999.0
102182-3,102182,P6004,1,1411.57,5.8,1411.57
102183-1,102183,P5005,2,1999.0,0,3998.0
102184-1,102184,P2002,2,24999.0,0,49998.0
102184-2,102184,P2003,1,1308.78,12.7,1308.78
102186-1,102186,P5005,1,1999.0,0,1999.0
102187-1,102187,P4002,3,4999.0,0,14997.0
102188-1,102188,P5003,1,699.0,0,699.0
102188-2,102188,P4005,1,3499.0,0,3499.0
102189-1,102189,P1009,1,12999.0,0,12999.0
102189-2,102189,P6003,1,1720.46,13.9,1720.46
102189-3,102189,P4004,2,5537.01,7.7,11074.02
102190-1,102190,P3007,1,1299.0,0,1299.0
102190-2,102190,P1006,1,699.0,0,699.0
102190-3,102190,P4005,1,3138.39,10.3,3138.39
102191-1,102191,P2001,1,15999.0,0,15999.0
102191-2,102191,P5001,1,5507.75,8.2,5507.75
102192-1,102192,P1008,1,1499.0,0,1499.0
102192-2,102192,P8001,1,499.0,0,499.0
102193-1,102193,P8002,1,528.12,11.8,528.12
102193-2,102193,P6001,1,2499.0,0,2499.0
102193-3,102193,P3005,1,699.0,0,699.0
102193-4,102193,P4005,1,3499.0,0,3499.0
102194-1,102194,P1006,2,699.0,0,1398.0
102194-2,102194,P4004,1,5999.0,0,5999.0
102195-1,102195,P2006,1,4999.0,0,4999.0
102195-2,102195,P3002,1,2499.0,0,2499.0
102196-1,102196,P4004,1,5666.48,5.5,5666.48
102196-2,102196,P3002,2,2499.0,0,4998.0
102196-3,102196,P7004,1,599.0,0,599.0
102197-1,102197,P6001,1,2499.0,0,2499.0
102197-2,102197,P4003,1,1999.0,0,1999.0
102198-1,102198,P2006,1,4999.0,0,4999.0
102199-1,102199,P1004,1,799.0,0,799.0
102200-1,102200,P7001,1,2999.0,0,2999.0
102200-2,102200,P3006,2,999.0,0,1998.0
102200-3,102200,P1009,1,12999.0,0,12999.0
102200-4,102200,P4002,1,4999.0,0,4999.0
102201-1,102201,P4001,1,7400.11,7.5,7400.11
102201-2,102201,P2006,3,4999.0,0,14997.0
102203-1,102203,P2004,3,889.64,10.9,2668.92
102204-1,102204,P5004,2,3835.48,14.7,7670.96
102205-1,102205,P8005,2,899.0,0,1798.0
102206-1,102206,P7003,2,999.0,0,1998.0
102206-2,102206,P2003,2,1499.0,0,2998.0
102207-1,102207,P8005,2,899.0,0,1798.0
102208-1,102208,P1003,1,2499.0,0,2499.0
102209-1,102209,P1008,1,1411.99,5.8,1411.99
102209-2,102209,P7002,1,1312.61,12.4,1312.61
102209-3,102209,P2003,3,1499.0,0,4497.0
102209-4,102209,P1009,3,12999.0,0,38997.0
102210-1,102210,P8002,1,516.75,13.7,516.75
102210-2,102210,P3007,2,1299.0,0,2598.0
102211-1,102211,P3004,2,199.0,0,398.0
102211-2,102211,P1003,1,2291.37,8.3,2291.37
102212-1,102212,P1008,2,1499.0,0,2998.0
102213-1,102213,P8004,2,999.0,0,1998.0
102214-1,102214,P3007,2,1299.0,0,2598.0
102214-2,102214,P3003,1,599.0,0,599.0
102214-3,102214,P1008,2,1312.41,12.4,2624.82
102215-1,102215,P1005,1,1185.75,8.7,1185.75
102215-2,102215,P1009,3,12999.0,0,38997.0
102216-1,102216,P5005,1,1999.0,0,1999.0
102216-2,102216,P8004,1,999.0,0,999.0
102217-1,102217,P3007,1,1221.36,6.0,1221.36
102217-2,102217,P4005,1,3499.0,0,3499.0
102219-1,102219,P7002,1,1499.0,0,1499.0
102219-2,102219,P1006,2,596.56,14.7,1193.12
102219-3,102219,P2006,1,4999.0,0,4999.0
102219-4,102219,P1003,1,2499.0,0,2499.0
102220-1,102220,P7001,1,2999.0,0,2999.0
102220-2,102220,P5001,1,5999.0,0,5999.0
102221-1,102221,P1009,2,12999.0,0,25998.0
102221-2,102221,P5002,1,3499.0,0,3499.0
102221-3,102221,P2006,1,4425.19,11.5,4425.19
102222-1,102222,P1004,1,799.0,0,799.0
102223-1,102223,P4001,1,7999.0,0,7999.0
102223-2,102223,P7001,1,2999.0,0,2999.0
102224-1,102224,P1006,1,699.0,0,699.0
102224-2,102224,P5002,1,3499.0,0,3499.0
102224-3,102224,P8003,1,799.0,0,799.0
102224-4,102224,P3002,1,2217.96,11.2,2217.96
102225-1,102225,P3002,1,2345.49,6.1,2345.49
102225-2,102225,P6003,2,1999.0,0,3998.0
102226-1,102226,P1005,1,1299.0,0,1299.0
102227-1,102227,P2004,1,910.02,8.9,910.02
102228-1,102228,P7004,1,599.0,0,599.0
102229-1,102229,P1007,2,3999.0,0,7998.0
102229-2,102229,P6004,3,1499.0,0,4497.0
102229-3,102229,P7002,3,1499.0,0,4497.0
102229-4,102229,P5002,2,3499.0,0,6998.0
102230-1,102230,P2005,2,799.0,0,1598.0
102230-2,102230,P5003,1,699.0,0,699.0
102230-3,102230,P2004,1,999.0,0,999.0
102231-1,102231,P2003,3,1499.0,0,4497.0
102231-2,102231,P2002,1,24999.0,0,24999.0
102231-3,102231,P1009,2,12999.0,0,25998.0
102233-1,102233,P5004,1,4499.0,0,4499.0
102233-2,102233,P7004,1,562.44,6.1,562.44
102233-3,102233,P1002,1,299.0,0,299.0
102234-1,102234,P3006,2,999.0,0,1998.0
102235-1,102235,P7001,1,2999.0,0,2999.0
102235-2,102235,P3005,1,699.0,0,699.0
102235-3,102235,P3006,1,999.0,0,999.0
102236-1,102236,P5004,1,4499.0,0,4499.0
102237-1,102237,P7002,2,1499.0,0,2998.0
102239-1,102239,P8003,1,799.0,0,799.0
102239-2,102239,P2002,1,22663.75,9.3,22663.75
102241-1,102241,P1006,1,699.0,0,699.0
102242-1,102242,P2004,1,864.72,13.4,864.72
102242-2,102242,P5003,2,699.0,0,1398.0
102242-3,102242,P5004,1,4499.0,0,4499.0
102242-4,102242,P6003,1,1999.0,0,1999.0
102244-1,102244,P2001,1,15999.0,0,15999.0
102245-1,102245,P3007,2,1299.0,0,2598.0
102246-1,102246,P2005,1,799.0,0,799.0
102246-2,102246,P6002,3,899.0,0,2697.0
102247-1,102247,P6001,3,2197.74,12.1,6593.22
102248-1,102248,P2001,3,14034.97,12.3,42104.91
102249-1,102249,P7001,1,2999.0,0,2999.0
102250-1,102250,P5002,1,3499.0,0,3499.0
102251-1,102251,P3003,2,523.51,12.6,1047.02
102251-2,102251,P3001,3,999.0,0,2997.0
102251-3,102251,P2005,1,689.53,13.7,689.53
102252-1,102252,P3002,1,2499.0,0,2499.0
102252-2,102252,P7002,2,1499.0,0,2998.0
102253-1,102253,P1005,2,1299.0,0,2598.0
102254-1,102254,P4004,1,5999.0,0,5999.0
102255-1,102255,P7003,1,999.0,0,999.0
102255-2,102255,P2003,1,1499.0,0,1499.0
102255-3,102255,P3007,3,1299.0,0,3897.0
102256-1,102256,P5003,1,699.0,0,699.0
102256-2,102256,P6004,1,1499.0,0,1499.0
102257-1,102257,P1009,2,11580.89,10.9,23161.78
102258-1,102258,P6001,3,2356.79,5.7,7070.37
102258-2,102258,P8002,2,599.0,0,1198.0
102258-3,102258,P3002,1,2499.0,0,2499.0
102259-1,102259,P6003,1,1999.0,0,1999.0
102260-1,102260,P5004,2,4499.0,0,8998.0
102261-1,102261,P4003,1,1999.0,0,1999.0
102261-2,102261,P1003,1,2499.0,0,2499.0
102262-1,102262,P2004,3,999.0,0,2997.0
102262-2,102262,P2006,1,4999.0,0,4999.0
102262-3,102262,P2003,1,1499.0,0,1499.0
102263-1,102263,P2004,1,944.7,5.4,944.7
102264-1,102264,P3003,2,599.0,0,1198.0
102265-1,102265,P2006,2,4999.0,0,9998.0
102266-1,102266,P6002,1,899.0,0,899.0
102267-1,102267,P2006,2,4999.0,0,9998.0
102267-2,102267,P5002,1,3076.52,12.1,3076.52
102267-3,102267,P8004,1,919.31,8.0,919.31
102268-1,102268,P2005,1,799.0,0,799.0
102270-1,102270,P1002,2,299.0,0,598.0
102270-2,102270,P4004,1,5999.0,0,5999.0
102271-1,102271,P5002,2,3249.05,7.1,6498.1
102272-1,102272,P3005,1,699.0,0,699.0
102272-2,102272,P3002,2,2499.0,0,4998.0
102272-3,102272,P5004,1,4499.0,0,4499.0
102272-4,102272,P1008,1,1499.0,0,1499.0
102274-1,102274,P6001,1,2247.9,10.0,2247.9
102274-2,102274,P5004,1,4499.0,0,4499.0
102275-1,102275,P3003,1,544.16,9.2,544.16
102275-2,102275,P4003,2,1999.0,0,3998.0
102276-1,102276,P3004,1,185.39,6.8,185.39
102276-2,102276,P3001,1,999.0,0,999.0
102276-3,102276,P6003,1,1999.0,0,1999.0
102277-1,102277,P4002,2,4999.0,0,9998.0
102277-2,102277,P2001,2,15999.0,0,31998.0
102277-3,102277,P7003,1,946.97,5.2,946.97
102277-4,102277,P1005,1,1299.0,0,1299.0
102277-5,102277,P3001,2,999.0,0,1998.0
102278-1,102278,P1010,1,828.97,7.8,828.97
102278-2,102278,P8004,3,878.28,12.1,2634.84
102279-1,102279,P1010,1,899.0,0,899.0
102279-2,102279,P2001,2,15999.0,0,31998.0
102279-3,102279,P1001,2,599.0,0,1198.0
102279-4,102279,P3006,2,999.0,0,1998.0
102280-1,102280,P2001,1,15999.0,0,15999.0
102280-2,102280,P4004,2,5999.0,0,11998.0
102280-3,102280,P1010,1,899.0,0,899.0
102281-1,102281,P4005,1,3499.0,0,3499.0
102282-1,102282,P8003,1,799.0,0,799.0
102283-1,102283,P5002,1,3134.4,10.4,3134.4
102283-2,102283,P8004,1,999.0,0,999.0
102283-3,102283,P1004,1,799.0,0,799.0
102283-4,102283,P5004,2,3871.98,13.9,7743.96
102283-5,102283,P6001,2,2499.0,0,4998.0
102284-1,102284,P8005,1,778.47,13.4,778.47
102284-2,102284,P2001,2,15999.0,0,31998.0
102285-1,102285,P1006,3,699.0,0,2097.0
102285-2,102285,P1004,2,799.0,0,1598.0
102286-1,102286,P5004,1,4499.0,0,4499.0
102287-1,102287,P6001,1,2499.0,0,2499.0
102287-2,102287,P8004,2,999.0,0,1998.0
102288-1,102288,P8001,1,499.0,0,499.0
102289-1,102289,P1010,1,899.0,0,899.0
102290-1,102290,P8005,1,899.0,0,899.0
102290-2,102290,P2003,1,1499.0,0,1499.0
102291-1,102291,P7003,1,999.0,0,999.0
102291-2,102291,P8005,1,899.0,0,899.0
102292-1,102292,P7004,2,599.0,0,1198.0
102292-2,102292,P3001,2,999.0,0,1998.0
102292-3,102292,P1007,1,3999.0,0,3999.0
102293-1,102293,P5005,1,1999.0,0,1999.0
102294-1,102294,P1007,1,3999.0,0,3999.0
102294-2,102294,P3003,1,528.99,11.7,528.99
102295-1,102295,P3004,2,199.0,0,398.0
102295-2,102295,P5001,2,5353.57,10.8,10707.14
102295-3,102295,P7004,2,599.0,0,1198.0
102295-4,102295,P3002,1,2177.01,12.9,2177.01
102296-1,102296,P4005,1,3499.0,0,3499.0
102296-2,102296,P1005,2,1299.0,0,2598.0
102296-3,102296,P8005,1,899.0,0,899.0
102296-4,102296,P7001,2,2999.0,0,5998.0
102297-1,102297,P7003,2,999.0,0,1998.0
102297-2,102297,P4001,1,7999.0,0,7999.0
102297-3,102297,P6002,2,899.0,0,1798.0
102297-4,102297,P5003,1,699.0,0,699.0
102297-5,102297,P3001,1,999.0,0,999.0
102298-1,102298,P3003,2,599.0,0,1198.0
102299-1,102299,P5004,1,4499.0,0,4499.0
102299-2,102299,P2005,1,711.76,10.9,711.76
102300-1,102300,P5003,2,699.0,0,1398.0
102301-1,102301,P4002,1,4999.0,0,4999.0
102302-1,102302,P1005,2,1299.0,0,2598.0
102303-1,102303,P6004,1,1499.0,0,1499.0
102304-1,102304,P4001,1,7999.0,0,7999.0
102304-2,102304,P7002,1,1499.0,0,1499.0
102306-1,102306,P3002,1,2499.0,0,2499.0
102307-1,102307,P5002,1,3499.0,0,3499.0
102307-2,102307,P1009,1,12124.16,6.7,12124.16
102308-1,102308,P6001,2,2499.0,0,4998.0
102309-1,102309,P5001,1,5999.0,0,5999.0
102309-2,102309,P5005,-1,1999.0,0,1999.0
102310-1,102310,P2004,1,999.0,0,999.0
102310-2,102310,P3001,1,922.04,7.7,922.04
102311-1,102311,P3002,2,2499.0,0,4998.0
102312-1,102312,P5005,1,1999.0,0,1999.0
102312-2,102312,P4003,1,1999.0,0,1999.0
102313-1,102313,P1007,1,3999.0,0,3999.0
102313-2,102313,P1009,1,12999.0,0,12999.0
102314-1,102314,P3001,1,999.0,0,999.0
102314-2,102314,P1003,1,2499.0,0,2499.0
102314-3,102314,P2005,1,799.0,0,799.0
102314-4,102314,P4004,1,5313.15,11.4,5313.15
102315-1,102315,P3005,1,604.86,13.5,604.86
102316-1,102316,P5001,1,5999.0,0,5999.0
102317-1,102317,P7001,3,2999.0,0,8997.0
102318-1,102318,P6001,1,2499.0,0,2499.0
102318-2,102318,P5005,1,1701.93,14.9,1701.93
102318-3,102318,P7003,1,999.0,0,999.0
102318-4,102318,P3001,2,898.76,10.0,1797.52
102319-1,102319,P1006,1,699.0,0,699.0
102319-2,102319,P5001,1,5999.0,0,5999.0
102319-3,102319,P2003,2,1499.0,0,2998.0
102320-1,102320,P1004,1,799.0,0,799.0
102322-1,102322,P8002,1,599.0,0,599.0
102323-1,102323,P2003,2,1298.24,13.4,2596.48
102323-2,102323,P4005,1,3499.0,0,3499.0
102324-1,102324,P7004,3,599.0,0,1797.0
102325-1,102325,P4002,1,4271.14,14.6,4271.14
102326-1,102326,P2003,1,1499.0,0,1499.0
102327-1,102327,P8003,1,799.0,0,799.0
102328-1,102328,P7003,2,999.0,0,1998.0
102328-2,102328,P4001,1,7999.0,0,7999.0
102328-3,102328,P6002,1,899.0,0,899.0
102328-4,102328,P7001,2,2999.0,0,5998.0
102328-5,102328,P8003,1,799.0,0,799.0
102329-1,102329,P8001,2,499.0,0,998.0
102329-2,102329,P4003,2,1999.0,0,3998.0
102329-3,102329,P2001,3,15999.0,0,47997.0
102330-1,102330,P5002,1,3135.04,10.4,3135.04
102330-2,102330,P3006,1,999.0,0,999.0
102330-3,102330,P2002,2,24999.0,0,49998.0
102331-1,102331,P5003,1,699.0,0,699.0
102332-1,102332,P8005,1,792.79,11.8,792.79
102333-1,102333,P2006,1,4999.0,0,4999.0
102334-1,102334,P8002,1,521.25,13.0,521.25
102335-1,102335,P4005,1,3499.0,0,3499.0
102335-2,102335,P5001,2,5133.9,14.4,10267.8
102336-1,102336,P3003,1,517.39,13.6,517.39
102336-2,102336,P3004,2,199.0,0,398.0
102337-1,102337,P1009,1,12999.0,0,12999.0
102337-2,102337,P3007,2,1207.14,7.1,2414.28
102338-1,102338,P3001,1,892.27,10.7,892.27
102338-2,102338,P6004,1,1499.0,0,1499.0
102339-1,102339,P6001,2,2499.0,0,4998.0
102339-2,102339,P1003,3,2499.0,0,7497.0
102340-1,102340,P7002,1,1499.0,0,1499.0
102340-2,102340,P4005,2,3499.0,0,6998.0
102340-3,102340,P2002,1,24999.0,0,24999.0
102341-1,102341,P3005,2,643.4,8.0,1286.8
102341-2,102341,P8003,1,799.0,0,799.0
102342-1,102342,P6003,2,1999.0,0,3998.0
102343-1,102343,P4001,1,7999.0,0,7999.0
102343-2,102343,P2001,1,15999.0,0,15999.0
102343-3,102343,P3007,1,1299.0,0,1299.0
102344-1,102344,P3005,1,699.0,0,699.0
102344-2,102344,P7002,1,1499.0,0,1499.0
102344-3,102344,P7001,1,2999.0,0,2999.0
102345-1,102345,P7004,1,599.0,0,599.0
102345-2,102345,P4002,2,4999.0,0,9998.0
102345-3,102345,P5001,2,5999.0,0,11998.0
102346-1,102346,P3002,1,2499.0,0,2499.0
102346-2,102346,P4002,1,4999.0,0,4999.0
102346-3,102346,P6003,1,1999.0,0,1999.0
102347-1,102347,P3007,2,1299.0,0,2598.0
102347-2,102347,P5002,1,3499.0,0,3499.0
102347-3,102347,P8001,1,453.23,9.2,453.23
102347-4,102347,P6001,2,2145.06,14.2,4290.12
102348-1,102348,P2004,1,882.07,11.7,882.07
102349-1,102349,P6003,1,1769.73,11.5,1769.73
102350-1,102350,P3004,2,199.0,0,398.0
102350-2,102350,P2002,3,24999.0,0,74997.0
102351-1,102351,P4005,2,3499.0,0,6998.0
102351-2,102351,P1010,1,899.0,0,899.0
102351-3,102351,P3007,1,1299.0,0,1299.0
102352-1,102352,P3005,1,699.0,0,699.0
102353-1,102353,P8004,2,999.0,0,1998.0
102353-2,102353,P3003,2,599.0,0,1198.0
102353-3,102353,P7001,1,2999.0,0,2999.0
102354-1,102354,P1006,1,699.0,0,699.0
102354-2,102354,P4001,2,7432.77,7.1,14865.54
102354-3,102354,P6001,2,2499.0,0,4998.0
102355-1,102355,P5001,1,5999.0,0,5999.0
102356-1,102356,P3005,1,699.0,0,699.0
102356-2,102356,P1005,1,1299.0,0,1299.0
102357-1,102357,P8004,1,999.0,0,999.0
102357-2,102357,P7001,2,2999.0,0,5998.0
102357-3,102357,P1009,1,12999.0,0,12999.0
102358-1,102358,P7001,1,2999.0,0,2999.0
102358-2,102358,P1003,1,2499.0,0,2499.0
102358-3,102358,P1006,1,699.0,0,699.0
102359-1,102359,P5005,1,1878.76,6.0,1878.76
102359-2,102359,P1001,1,599.0,0,599.0
102360-1,102360,P2005,3,799.0,0,2397.0
102360-2,102360,P6004,2,1499.0,0,2998.0
102361-1,102361,P3002,1,2499.0,0,2499.0
102362-1,102362,P4004,1,5464.53,8.9,5464.53
102363-1,102363,P8003,1,799.0,0,799.0
102363-2,102363,P1003,1,2499.0,0,2499.0
102363-3,102363,P8002,1,599.0,0,599.0
102363-4,102363,P1010,1,899.0,0,899.0
102363-5,102363,P1007,1,3999.0,0,3999.0
102364-1,102364,P4002,2,4999.0,0,9998.0
102365-1,102365,P4003,1,1999.0,0,1999.0
102366-1,102366,P6001,1,2499.0,0,2499.0
102367-1,102367,P8002,2,599.0,0,1198.0
102367-2,102367,P5001,1,5999.0,0,5999.0
102368-1,102368,P3001,2,999.0,0,1998.0
102369-1,102369,P7003,2,999.0,0,1998.0
102370-1,102370,P3004,1,173.19,13.0,173.19
102371-1,102371,P4004,1,5243.43,12.6,5243.43
102372-1,102372,P1008,1,1499.0,0,1499.0
102372-2,102372,P3003,2,599.0,0,1198.0
102373-1,102373,P2003,1,1499.0,0,1499.0
102374-1,102374,P3004,1,199.0,0,199.0
102374-2,102374,P1002,1,299.0,0,299.0
102375-1,102375,P3007,1,1299.0,0,1299.0
102376-1,102376,P7002,1,1289.29,14.0,1289.29
102376-2,102376,P6004,2,1499.0,0,2998.0
102376-3,102376,P8002,2,599.0,0,1198.0
102376-4,102376,P3003,1,599.0,0,599.0
102377-1,102377,P3003,1,599.0,0,599.0
102377-2,102377,P8002,1,599.0,0,599.0
102377-3,102377,P3006,1,999.0,0,999.0
102377-4,102377,P3001,1,999.0,0,999.0
102378-1,102378,P1006,1,607.65,13.1,607.65
102379-1,102379,P6003,2,1874.49,6.2,3748.98
102379-2,102379,P4001,1,7999.0,0,7999.0
102379-3,102379,P5004,2,4499.0,0,8998.0
102379-4,102379,P2004,1,899.19,10.0,899.19
102379-5,102379,P1001,2,599.0,0,1198.0
102380-1,102380,P7003,2,999.0,0,1998.0
102381-1,102381,P2006,1,4999.0,0,4999.0
102382-1,102382,P7002,1,1499.0,0,1499.0
102382-2,102382,P2005,2,713.24,10.7,1426.48
102382-3,102382,P7004,3,599.0,0,1797.0
102383-1,102383,P4001,1,7290.08,8.9,7290.08
102384-1,102384,P4003,3,1734.61,13.2,5203.83
102385-1,102385,P4005,2,3499.0,0,6998.0
102385-2,102385,P2006,1,4509.84,9.8,4509.84
102385-3,102385,P4003,1,1999.0,0,1999.0
102386-1,102386,P4003,2,1999.0,0,3998.0
102387-1,102387,P1010,1,899.0,0,899.0
102389-1,102389,P8005,1,899.0,0,899.0
102390-1,102390,P7001,1,2999.0,0,2999.0
102390-2,102390,P4002,1,4999.0,0,4999.0
102390-3,102390,P1010,1,899.0,0,899.0
102390-4,102390,P4003,2,1999.0,0,3998.0
102390-5,102390,P3003,3,599.0,0,1797.0
102392-1,102392,P6002,1,899.0,0,899.0
102392-2,102392,P1006,1,699.0,0,699.0
102392-3,102392,P1001,1,556.43,7.1,556.43
102392-4,102392,P1005,1,1299.0,0,1299.0
102393-1,102393,P6002,1,899.0,0,899.0
102394-1,102394,P4005,1,3499.0,0,3499.0
102394-2,102394,P6003,2,1999.0,0,3998.0
102396-1,102396,P2005,1,799.0,0,799.0
102397-1,102397,P3003,2,599.0,0,1198.0
102397-2,102397,P2002,1,24999.0,0,24999.0
102398-1,102398,P1008,1,1499.0,0,1499.0
102398-2,102398,P4002,2,4500.74,10.0,9001.48
102399-1,102399,P7003,3,999.0,0,2997.0
102399-2,102399,P1010,1,838.14,6.8,838.14
102399-3,102399,P1007,1,3605.13,9.8,3605.13
102399-4,102399,P1006,1,699.0,0,699.0
102400-1,102400,P7004,1,599.0,0,599.0
102401-1,102401,P3006,1,999.0,0,999.0
102402-1,102402,P4002,2,4999.0,0,9998.0
102403-1,102403,P1002,2,299.0,0,598.0
102403-2,102403,P6002,2,807.0,10.2,1614.0
102403-3,102403,P2002,2,24999.0,0,49998.0
102404-1,102404,P8003,1,799.0,0,799.0
102405-1,102405,P4001,2,7999.0,0,15998.0
102405-2,102405,P5003,2,622.3,11.0,1244.6
102405-3,102405,P1004,1,799.0,0,799.0
102406-1,102406,P5005,1,1999.0,0,1999.0
102406-2,102406,P5003,2,699.0,0,1398.0
102406-3,102406,P4002,1,4999.0,0,4999.0
102407-1,102407,P2003,2,1499.0,0,2998.0
102408-1,102408,P8005,1,899.0,0,899.0
102408-2,102408,P3002,1,2499.0,0,2499.0
102409-1,102409,P4005,1,3499.0,0,3499.0
102409-2,102409,P5001,1,5999.0,0,5999.0
102409-3,102409,P1001,2,599.0,0,1198.0
102410-1,102410,P8004,1,999.0,0,999.0
102411-1,102411,P6002,1,899.0,0,899.0
102411-2,102411,P8002,1,599.0,0,599.0
102411-3,102411,P2004,1,868.52,13.1,868.52
102411-4,102411,P5004,1,4499.0,0,4499.0
102411-5,102411,P5002,1,3499.0,0,3499.0
102412-1,102412,P1007,1,3999.0,0,3999.0
102412-2,102412,P5005,1,1999.0,0,1999.0
102412-3,102412,P2006,1,4999.0,0,4999.0
102412-4,102412,P3007,1,1299.0,0,1299.0
102414-1,102414,P2006,1,4488.2,10.2,4488.2
102415-1,102415,P4003,1,1829.79,8.5,1829.79
102415-2,102415,P6003,1,1999.0,0,1999.0
102415-3,102415,P5005,1,1999.0,0,1999.0
102416-1,102416,P2003,1,1499.0,0,1499.0
102417-1,102417,P1004,1,799.0,0,799.0
102418-1,102418,P7004,2,536.46,10.4,1072.92
102418-2,102418,P8001,1,499.0,0,499.0
102418-3,102418,P3006,1,999.0,0,999.0
102419-1,102419,P5001,1,5999.0,0,5999.0
102420-1,102420,P5002,2,3051.01,12.8,6102.02
102420-2,102420,P3004,2,199.0,0,398.0
102420-3,102420,P4005,3,3499.0,0,10497.0
102421-1,102421,P1004,2,799.0,0,1598.0
102421-2,102421,P5005,1,1999.0,0,1999.0
102421-3,102421,P1009,1,11856.34,8.8,11856.34
102421-4,102421,P4003,2,1999.0,0,3998.0
102421-5,102421,P5002,1,3499.0,0,3499.0
102422-1,102422,P3003,1,556.68,7.1,556.68
102423-1,102423,P8002,2,599.0,0,1198.0
102423-2,102423,P1001,2,599.0,0,1198.0
102423-3,102423,P1010,1,801.32,10.9,801.32
102424-1,102424,P8005,1,899.0,0,899.0
102425-1,102425,P8005,3,899.0,0,2697.0
102425-2,102425,P1008,1,1499.0,0,1499.0
102425-3,102425,P1005,2,1109.75,14.6,2219.5
102425-4,102425,P5002,1,3499.0,0,3499.0
102426-1,102426,P3007,2,1299.0,0,2598.0
102427-1,102427,P5002,1,3499.0,0,3499.0
102427-2,102427,P2003,1,1499.0,0,1499.0
102427-3,102427,P5005,2,1808.36,9.5,3616.72
102427-4,102427,P3003,2,599.0,0,1198.0
102428-1,102428,P7001,2,2673.05,10.9,5346.1
102428-2,102428,P1006,1,699.0,0,699.0
102428-3,102428,P3007,2,1299.0,0,2598.0
102428-4,102428,P5005,1,1999.0,0,1999.0
102429-1,102429,P7004,1,599.0,0,599.0
102430-1,102430,P3003,1,599.0,0,599.0
102431-1,102431,P6001,1,2499.0,0,2499.0
102431-2,102431,P4005,1,3499.0,0,3499.0
102431-3,102431,P7004,1,599.0,0,599.0
102432-1,102432,P4004,2,5229.55,12.8,10459.1
102433-1,102433,P8002,1,599.0,0,599.0
102434-1,102434,P1004,1,799.0,0,799.0
102435-1,102435,P8001,1,499.0,0,499.0
102435-2,102435,P6001,1,2499.0,0,2499.0
102436-1,102436,P5003,2,617.81,11.6,1235.62
102438-1,102438,P8002,2,599.0,0,1198.0
102438-2,102438,P5001,1,5674.44,5.4,5674.44
102439-1,102439,P2001,1,15999.0,0,15999.0
102440-1,102440,P8003,1,799.0,0,799.0
102440-2,102440,P3004,1,199.0,0,199.0
102441-1,102441,P1005,1,1299.0,0,1299.0
102442-1,102442,P7004,2,599.0,0,1198.0
102443-1,102443,P2005,2,799.0,0,1598.0
102444-1,102444,P3003,1,599.0,0,599.0
102444-2,102444,P6003,1,1999.0,0,1999.0
102444-3,102444,P8001,1,499.0,0,499.0
102445-1,102445,P4002,1,4565.67,8.7,4565.67
102445-2,102445,P8003,2,799.0,0,1598.0
102446-1,102446,P7004,2,599.0,0,1198.0
102448-1,102448,P1005,2,1136.02,12.5,2272.04
102448-2,102448,P2002,1,24999.0,0,24999.0
102449-1,102449,P3005,2,699.0,0,1398.0
102449-2,102449,P4005,1,3499.0,0,3499.0
102449-3,102449,P4002,1,4999.0,0,4999.0
102450-1,102450,P6003,2,1999.0,0,3998.0
102451-1,102451,P1004,1,799.0,0,799.0
102451-2,102451,P8003,2,799.0,0,1598.0
102451-3,102451,P2003,1,1499.0,0,1499.0
102451-4,102451,P4005,1,3499.0,0,3499.0
102451-5,102451,P1003,1,2499.0,0,2499.0
102452-1,102452,P2002,1,22013.44,11.9,22013.44
102452-2,102452,P7001,1,2999.0,0,2999.0
102452-3,102452,P2001,1,15999.0,0,15999.0
102453-1,102453,P3007,1,1299.0,0,1299.0
102453-2,102453,P1003,1,2499.0,0,2499.0
102454-1,102454,P4004,2,5999.0,0,11998.0
102454-2,102454,P6001,1,2499.0,0,2499.0
102455-1,102455,P7002,1,1296.31,13.5,1296.31
102456-1,102456,P7004,2,599.0,0,1198.0
102457-1,102457,P5001,1,5999.0,0,5999.0
102457-2,102457,P4004,2,5999.0,0,11998.0
102458-1,102458,P6004,2,1499.0,0,2998.0
102460-1,102460,P3005,2,699.0,0,1398.0
102460-2,102460,P2004,1,999.0,0,999.0
102460-3,102460,P7001,1,2999.0,0,2999.0
102460-4,102460,P2005,1,737.54,7.7,737.54
102461-1,102461,P4001,1,7999.0,0,7999.0
102461-2,102461,P4002,1,4999.0,0,4999.0
102461-3,102461,P1004,3,799.0,0,2397.0
102461-4,102461,P3007,1,1233.47,5.0,1233.47
102462-1,102462,P3006,1,999.0,0,999.0
102462-2,102462,P1001,1,599.0,0,599.0
102463-1,102463,P6002,2,899.0,0,1798.0
102463-2,102463,P1002,1,299.0,0,299.0
102464-1,102464,P3005,1,699.0,0,699.0
102464-2,102464,P5001,1,5999.0,0,5999.0
102464-3,102464,P3006,-1,865.34,13.4,865.34
102464-4,102464,P2005,1,799.0,0,799.0
102465-1,102465,P4002,2,4999.0,0,9998.0
102465-2,102465,P5001,2,5405.02,9.9,10810.04
102465-3,102465,P3005,1,699.0,0,699.0
102466-1,102466,P8002,1,599.0,0,599.0
102466-2,102466,P7004,1,599.0,0,599.0
102467-1,102467,P1005,2,1299.0,0,2598.0
102467-2,102467,P7002,1,1499.0,0,1499.0
102468-1,102468,P2002,1,24999.0,0,24999.0
102468-2,102468,P1010,1,899.0,0,899.0
102469-1,102469,P3004,2,199.0,0,398.0
102470-1,102470,P5005,1,1999.0,0,1999.0
102470-2,102470,P3007,1,1299.0,0,1299.0
102470-3,102470,P3002,1,2499.0,0,2499.0
102470-4,102470,P8002,1,599.0,0,599.0
102471-1,102471,P7002,2,1499.0,0,2998.0
102472-1,102472,P1007,1,3999.0,0,3999.0
102472-2,102472,P5004,2,4499.0,0,8998.0
102472-3,102472,P4004,1,5189.53,13.5,5189.53
102473-1,102473,P1002,1,299.0,0,299.0
102473-2,102473,P5003,1,699.0,0,699.0
102474-1,102474,P2006,1,4999.0,0,4999.0
102474-2,102474,P5003,3,699.0,0,2097.0
102475-1,102475,P6004,2,1499.0,0,2998.0
102476-1,102476,P5001,1,5404.25,9.9,5404.25
102476-2,102476,P1010,2,899.0,0,1798.0
102477-1,102477,P7002,1,1499.0,0,1499.0
102477-2,102477,P1009,1,12999.0,0,12999.0
102479-1,102479,P3005,2,699.0,0,1398.0
102480-1,102480,P1002,1,299.0,0,299.0
102481-1,102481,P4005,2,3499.0,0,6998.0
102481-2,102481,P4001,1,7999.0,0,7999.0
102481-3,102481,P3004,1,199.0,0,199.0
102481-4,102481,P8003,2,799.0,0,1598.0
102482-1,102482,P2002,1,24999.0,0,24999.0
102483-1,102483,P1009,2,12999.0,0,25998.0
102483-2,102483,P4003,1,1999.0,0,1999.0
102484-1,102484,P7001,1,2999.0,0,2999.0
102484-2,102484,P8004,2,999.0,0,1998.0
102485-1,102485,P8004,1,999.0,0,999.0
102486-1,102486,P5005,2,1731.1,13.4,3462.2
102486-2,102486,P4002,1,4496.17,10.1,4496.17
102487-1,102487,P1010,1,899.0,0,899.0
102488-1,102488,P7002,1,1499.0,0,1499.0
102489-1,102489,P1002,1,260.82,12.8,260.82
102490-1,102490,P5002,2,3024.83,13.6,6049.66
102490-2,102490,P3007,1,1299.0,0,1299.0
102491-1,102491,P5002,2,3499.0,0,6998.0
102492-1,102492,P2001,1,15999.0,0,15999.0
102492-2,102492,P8005,1,899.0,0,899.0
102492-3,102492,P4003,-1,1999.0,0,1999.0
102493-1,102493,P1005,1,1230.63,5.3,1230.63
102493-2,102493,P8001,1,499.0,0,499.0
102493-3,102493,P3002,1,2499.0,0,2499.0
102494-1,102494,P1010,2,899.0,0,1798.0
102494-2,102494,P2005,1,799.0,0,799.0
102494-3,102494,P8003,1,799.0,0,799.0
102495-1,102495,P4005,1,3212.5,8.2,3212.5
102495-2,102495,P7001,1,2999.0,0,2999.0
102495-3,102495,P2003,1,1290.79,13.9,1290.79
102496-1,102496,P4005,2,3499.0,0,6998.0
102496-2,102496,P7003,2,999.0,0,1998.0
102497-1,102497,P7002,3,1499.0,0,4497.0
102498-1,102498,P1008,1,1309.79,12.6,1309.79
102499-1,102499,P1008,2,1343.4,10.4,2686.8
102500-1,102500,P8001,1,449.72,9.9,449.72
102500-2,102500,P4005,2,3499.0,0,6998.0
102500-3,102500,P1006,2,652.51,6.7,1305.02
102501-1,102501,P2006,-1,4999.0,0,4999.0
102502-1,102502,P6001,2,2499.0,0,4998.0
102502-2,102502,P2001,2,15999.0,0,31998.0
102503-1,102503,P8004,1,863.89,13.5,863.89
102504-1,102504,P5001,1,5999.0,0,5999.0
102504-2,102504,P7002,2,1499.0,0,2998.0
102504-3,102504,P1008,1,1499.0,0,1499.0
102505-1,102505,P2002,2,24999.0,0,49998.0
102505-2,102505,P6003,1,1999.0,0,1999.0
102505-3,102505,P5001,1,5999.0,0,5999.0
102505-4,102505,P1002,2,299.0,0,598.0
102505-5,102505,P1001,1,599.0,0,599.0
102506-1,102506,P8003,2,706.01,11.6,1412.02
102507-1,102507,P2006,2,4999.0,0,9998.0
102507-2,102507,P3003,1,599.0,0,599.0
102508-1,102508,P1006,1,699.0,0,699.0
102508-2,102508,P1009,1,12999.0,0,12999.0
102509-1,102509,P5003,1,699.0,0,699.0
102510-1,102510,P6003,1,1999.0,0,1999.0
102511-1,102511,P5003,1,699.0,0,699.0
102511-2,102511,P3007,1,1299.0,0,1299.0
102512-1,102512,P1003,1,2499.0,0,2499.0
102513-1,102513,P1003,1,2499.0,0,2499.0
102513-2,102513,P1009,2,12999.0,0,25998.0
102513-3,102513,P7003,1,999.0,0,999.0
102513-4,102513,P7002,1,1499.0,0,1499.0
102514-1,102514,P3003,1,599.0,0,599.0
102515-1,102515,P7001,1,2999.0,0,2999.0
102516-1,102516,P1004,1,799.0,0,799.0
102516-2,102516,P1002,1,299.0,0,299.0
102517-1,102517,P4001,3,7999.0,0,23997.0
102518-1,102518,P1003,1,2357.5,5.7,2357.5
102518-2,102518,P3007,1,1299.0,0,1299.0
102519-1,102519,P6003,1,1999.0,0,1999.0
102520-1,102520,P3003,1,564.6,5.7,564.6
102520-2,102520,P7003,2,999.0,0,1998.0
102520-3,102520,P8004,1,999.0,0,999.0
102520-4,102520,P6003,1,1701.31,14.9,1701.31
102520-5,102520,P4004,1,5316.71,11.4,5316.71
102521-1,102521,P3007,1,1299.0,0,1299.0
102521-2,102521,P7004,1,599.0,0,599.0
102522-1,102522,P4005,1,3499.0,0,3499.0
102524-1,102524,P2006,2,4251.64,15.0,8503.28
102525-1,102525,P2001,2,15999.0,0,31998.0
102526-1,102526,P8001,1,499.0,0,499.0
102527-1,102527,P3001,1,882.69,11.6,882.69
102527-2,102527,P8004,1,882.74,11.6,882.74
102527-3,102527,P2003,2,1499.0,0,2998.0
102528-1,102528,P1001,2,599.0,0,1198.0
102528-2,102528,P2005,1,799.0,0,799.0
102528-3,102528,P6002,3,848.69,5.6,2546.07
102529-1,102529,P5003,1,594.73,14.9,594.73
102530-1,102530,P7004,1,599.0,0,599.0
102530-2,102530,P4004,1,5999.0,0,5999.0
102531-1,102531,P2005,1,799.0,0,799.0
102531-2,102531,P1006,1,699.0,0,699.0
102532-1,102532,P8001,1,499.0,0,499.0
102533-1,102533,P1007,1,3999.0,0,3999.0
102533-2,102533,P4002,1,4999.0,0,4999.0
102533-3,102533,P6001,1,2499.0,0,2499.0
102534-1,102534,P6001,1,2499.0,0,2499.0
102536-1,102536,P8004,3,999.0,0,2997.0
102536-2,102536,P8001,3,499.0,0,1497.0
102537-1,102537,P1009,2,12999.0,0,25998.0
102538-1,102538,P8001,2,467.64,6.3,935.28
102538-2,102538,P2005,1,728.36,8.8,728.36
102538-3,102538,P3001,2,889.63,10.9,1779.26
102539-1,102539,P2006,2,4999.0,0,9998.0
102540-1,102540,P1004,1,681.37,14.7,681.37
102541-1,102541,P6001,1,2499.0,0,2499.0
102542-1,102542,P2005,1,799.0,0,799.0
102543-1,102543,P1005,1,1195.45,8.0,1195.45
102544-1,102544,P4001,1,7999.0,0,7999.0
102544-2,102544,P5002,2,3499.0,0,6998.0
102545-1,102545,P1001,1,599.0,0,599.0
102545-2,102545,P5003,1,699.0,0,699.0
102546-1,102546,P1010,1,899.0,0,899.0
102547-1,102547,P1003,1,2499.0,0,2499.0
102548-1,102548,P1002,2,299.0,0,598.0
102550-1,102550,P3004,1,199.0,0,199.0
102550-2,102550,P1003,1,2499.0,0,2499.0
102550-3,102550,P2002,1,24999.0,0,24999.0
102552-1,102552,P3004,2,173.29,12.9,346.58
102552-2,102552,P1009,1,12999.0,0,12999.0
102552-3,102552,P3006,1,999.0,0,999.0
102552-4,102552,P1002,-1,299.0,0,299.0
102552-5,102552,P6002,2,796.0,11.5,1592.0
102553-1,102553,P3002,1,2499.0,0,2499.0
102554-1,102554,P2003,1,1499.0,0,1499.0
102554-2,102554,P2001,1,14750.13,7.8,14750.13
102554-3,102554,P8005,2,899.0,0,1798.0
102555-1,102555,P7004,2,599.0,0,1198.0
102556-1,102556,P1010,1,899.0,0,899.0
102556-2,102556,P6002,1,846.98,5.8,846.98
102557-1,102557,P1005,1,1299.0,0,1299.0
102558-1,102558,P1002,1,266.67,10.8,266.67
102559-1,102559,P4002,1,4999.0,0,4999.0
102560-1,102560,P5004,2,3994.26,11.2,7988.52
102561-1,102561,P4005,1,3214.78,8.1,3214.78
102563-1,102563,P1008,2,1499.0,0,2998.0
102564-1,102564,P8001,3,453.75,9.1,1361.25
102564-2,102564,P4002,1,4999.0,0,4999.0
102565-1,102565,P5004,1,3879.23,13.8,3879.23
102566-1,102566,P5004,1,4499.0,0,4499.0
102567-1,102567,P2004,1,925.71,7.3,925.71
102567-2,102567,P2002,2,22881.21,8.5,45762.42
102568-1,102568,P2001,1,15999.0,0,15999.0
102568-2,102568,P4004,1,5999.0,0,5999.0
102569-1,102569,P2006,1,4389.42,12.2,4389.42
102569-2,102569,P3003,1,599.0,0,599.0
102571-1,102571,P2001,1,15999.0,0,15999.0
102571-2,102571,P4003,-1,1999.0,0,1999.0
102571-3,102571,P2002,1,22181.7,11.3,22181.7
102571-4,102571,P4005,1,3499.0,0,3499.0
102571-5,102571,P3006,1,999.0,0,999.0
102572-1,102572,P5002,2,3187.01,8.9,6374.02
102572-2,102572,P8004,1,999.0,0,999.0
102573-1,102573,P6003,2,1738.91,13.0,3477.82
102573-2,102573,P1005,1,1299.0,0,1299.0
102574-1,102574,P4001,1,7999.0,0,7999.0
102574-2,102574,P2006,2,4475.72,10.5,8951.44
102574-3,102574,P6002,2,797.31,11.3,1594.62
102574-4,102574,P4005,1,3499.0,0,3499.0
102575-1,102575,P1009,1,12999.0,0,12999.0
102576-1,102576,P6004,1,1499.0,0,1499.0
102577-1,102577,P1006,1,596.49,14.7,596.49
102577-2,102577,P5001,2,5999.0,0,11998.0
102578-1,102578,P5004,2,4499.0,0,8998.0
102578-2,102578,P2004,1,999.0,0,999.0
102578-3,102578,P5005,1,1751.96,12.4,1751.96
102578-4,102578,P4002,1,4999.0,0,4999.0
102579-1,102579,P3006,3,999.0,0,2997.0
102579-2,102579,P1004,1,799.0,0,799.0
102579-3,102579,P4003,1,1999.0,0,1999.0
102579-4,102579,P2003,2,1499.0,0,2998.0
102580-1,102580,P6002,2,802.39,10.7,1604.78
102581-1,102581,P1008,2,1499.0,0,2998.0
102581-2,102581,P3002,1,2351.84,5.9,2351.84
102581-3,102581,P4002,2,4999.0,0,9998.0
102582-1,102582,P4001,1,7999.0,0,7999.0
102582-2,102582,P1004,1,799.0,0,799.0
102583-1,102583,P1004,2,799.0,0,1598.0
102583-2,102583,P5003,2,699.0,0,1398.0
102583-3,102583,P1006,1,699.0,0,699.0
102583-4,102583,P1007,3,3999.0,0,11997.0
102584-1,102584,P7002,2,1499.0,0,2998.0
102584-2,102584,P8005,1,899.0,0,899.0
102584-3,102584,P6003,1,1712.33,14.3,1712.33
102584-4,102584,P6004,2,1295.26,13.6,2590.52
102584-5,102584,P1008,1,1499.0,0,1499.0
102585-1,102585,P2006,1,4999.0,0,4999.0
102585-2,102585,P1010,1,899.0,0,899.0
102586-1,102586,P7002,1,1499.0,0,1499.0
102586-2,102586,P5001,3,5999.0,0,17997.0
102586-3,102586,P3001,2,884.37,11.5,1768.74
102588-1,102588,P3003,1,599.0,0,599.0
102589-1,102589,P8004,2,999.0,0,1998.0
102590-1,102590,P8004,1,999.0,0,999.0
102591-1,102591,P7002,1,1401.23,6.5,1401.23
102592-1,102592,P3001,1,999.0,0,999.0
102592-2,102592,P4005,1,3499.0,0,3499.0
102592-3,102592,P6002,1,899.0,0,899.0
102592-4,102592,P5003,1,699.0,0,699.0
102593-1,102593,P5005,1,1999.0,0,1999.0
102594-1,102594,P1004,2,799.0,0,1598.0
102594-2,102594,P3003,1,599.0,0,599.0
102595-1,102595,P5001,1,5999.0,0,5999.0
102596-1,102596,P5003,2,699.0,0,1398.0
102597-1,102597,P3004,1,199.0,0,199.0
102598-1,102598,P8004,1,862.49,13.7,862.49
102598-2,102598,P1004,1,799.0,0,799.0
102599-1,102599,P8004,2,999.0,0,1998.0
102599-2,102599,P2006,1,4490.92,10.2,4490.92
102601-1,102601,P5003,1,699.0,0,699.0
102601-2,102601,P5002,2,3499.0,0,6998.0
102601-3,102601,P1001,1,599.0,0,599.0
102601-4,102601,P1009,1,12999.0,0,12999.0
102601-5,102601,P6002,1,899.0,0,899.0
102602-1,102602,P7003,2,999.0,0,1998.0
102603-1,102603,P1005,1,1299.0,0,1299.0
102604-1,102604,P2003,2,1324.16,11.7,2648.32
102604-2,102604,P8005,1,899.0,0,899.0
102605-1,102605,P4002,1,4999.0,0,4999.0
102605-2,102605,P8005,2,899.0,0,1798.0
102606-1,102606,P3002,2,2190.5,12.3,4381.0
102606-2,102606,P1004,1,799.0,0,799.0
102606-3,102606,P5004,2,4499.0,0,8998.0
102607-1,102607,P6004,1,1499.0,0,1499.0
102607-2,102607,P3001,1,999.0,0,999.0
102608-1,102608,P2005,1,799.0,0,799.0
102608-2,102608,P7001,1,2999.0,0,2999.0
102608-3,102608,P1009,1,12999.0,0,12999.0
102609-1,102609,P4003,1,1733.84,13.3,1733.84
102611-1,102611,P4001,1,7999.0,0,7999.0
102611-2,102611,P2001,2,15999.0,0,31998.0
102612-1,102612,P6003,1,1999.0,0,1999.0
102612-2,102612,P5002,2,3499.0,0,6998.0
102612-3,102612,P3002,1,2499.0,0,2499.0
102613-1,102613,P8002,1,599.0,0,599.0
102613-2,102613,P8005,1,899.0,0,899.0
102614-1,102614,P8003,1,686.08,14.1,686.08
102615-1,102615,P4004,2,5999.0,0,11998.0
102616-1,102616,P3005,1,699.0,0,699.0
102617-1,102617,P3002,3,2499.0,0,7497.0
102617-2,102617,P6003,1,1999.0,0,1999.0
102617-3,102617,P2004,2,999.0,0,1998.0
102618-1,102618,P3003,1,599.0,0,599.0
102619-1,102619,P4002,2,4999.0,0,9998.0
102620-1,102620,P1001,1,599.0,0,599.0
102621-1,102621,P8004,1,999.0,0,999.0
102622-1,102622,P8003,1,799.0,0,799.0
102622-2,102622,P1003,1,2499.0,0,2499.0
102622-3,102622,P7001,1,2999.0,0,2999.0
102622-4,102622,P6001,1,2499.0,0,2499.0
102622-5,102622,P7004,1,599.0,0,599.0
102623-1,102623,P1005,1,1299.0,0,1299.0
102623-2,102623,P5001,2,5999.0,0,11998.0
102624-1,102624,P2002,1,24999.0,0,24999.0
102624-2,102624,P5004,2,4499.0,0,8998.0
102625-1,102625,P1005,1,1299.0,0,1299.0
102625-2,102625,P6003,1,1999.0,0,1999.0
102626-1,102626,P1004,2,799.0,0,1598.0
102626-2,102626,P7002,1,1499.0,0,1499.0
102626-3,102626,P3006,3,999.0,0,2997.0
102626-4,102626,P3007,1,1299.0,0,1299.0
102627-1,102627,P7003,1,999.0,0,999.0
102627-2,102627,P3002,1,2172.11,13.1,2172.11
102627-3,102627,P1010,2,820.72,8.7,1641.44
102627-4,102627,P8004,2,999.0,0,1998.0
102628-1,102628,P1010,1,811.76,9.7,811.76
102628-2,102628,P6002,1,800.75,10.9,800.75
102629-1,102629,P7004,1,599.0,0,599.0
102629-2,102629,P8003,2,709.93,11.1,1419.86
102630-1,102630,P7003,1,881.55,11.8,881.55
102630-2,102630,P3006,1,999.0,0,999.0
102631-1,102631,P1007,1,3999.0,0,3999.0
102632-1,102632,P7001,1,2640.22,12.0,2640.22
102632-2,102632,P2006,2,4999.0,0,9998.0
102634-1,102634,P1001,2,599.0,0,1198.0
102634-2,102634,P2004,1,999.0,0,999.0
102635-1,102635,P2006,1,4633.76,7.3,4633.76
102636-1,102636,P8001,2,499.0,0,998.0
102636-2,102636,P1009,2,12999.0,0,25998.0
102637-1,102637,P6001,1,2295.45,8.1,2295.45
102637-2,102637,P1007,1,3664.4,8.4,3664.4
102638-1,102638,P5004,2,4499.0,0,8998.0
102638-2,102638,P4002,3,4999.0,0,14997.0
102638-3,102638,P8004,1,999.0,0,999.0
102639-1,102639,P7004,1,599.0,0,599.0
102640-1,102640,P2002,1,24999.0,0,24999.0
102640-2,102640,P8005,1,899.0,0,899.0
102640-3,102640,P6002,1,899.0,0,899.0
102641-1,102641,P3006,1,999.0,0,999.0
102642-1,102642,P2005,2,799.0,0,1598.0
102642-2,102642,P6003,3,1999.0,0,5997.0
102642-3,102642,P4004,1,5999.0,0,5999.0
102643-1,102643,P1010,2,899.0,0,1798.0
102643-2,102643,P2002,1,24999.0,0,24999.0
102644-1,102644,P6003,2,1999.0,0,3998.0
102645-1,102645,P8003,2,799.0,0,1598.0
102645-2,102645,P6001,2,2499.0,0,4998.0
102646-1,102646,P6004,1,1499.0,0,1499.0
102648-1,102648,P1004,1,799.0,0,799.0
102648-2,102648,P5002,1,3499.0,0,3499.0
102648-3,102648,P3005,1,699.0,0,699.0
102648-4,102648,P4003,1,1999.0,0,1999.0
102648-5,102648,P2003,1,1499.0,0,1499.0
102650-1,102650,P4002,2,4999.0,0,9998.0
102653-1,102653,P8002,1,565.77,5.5,565.77
102653-2,102653,P8005,1,899.0,0,899.0
102654-1,102654,P2005,1,799.0,0,799.0
102655-1,102655,P3005,1,699.0,0,699.0
102656-1,102656,P4002,2,4999.0,0,9998.0
102657-1,102657,P5002,1,3499.0,0,3499.0
102658-1,102658,P8005,1,899.0,0,899.0
102659-1,102659,P3001,1,999.0,0,999.0
102659-2,102659,P2005,3,799.0,0,2397.0
102659-3,102659,P6003,1,1999.0,0,1999.0
102660-1,102660,P5005,2,1999.0,0,3998.0
102661-1,102661,P5005,2,1999.0,0,3998.0
102661-2,102661,P2002,3,24999.0,0,74997.0
102662-1,102662,P5001,1,5999.0,0,5999.0
102663-1,102663,P4004,1,5999.0,0,5999.0
102663-2,102663,P3005,1,699.0,0,699.0
102663-3,102663,P3006,2,999.0,0,1998.0
102664-1,102664,P6001,3,2499.0,0,7497.0
102664-2,102664,P1004,1,799.0,0,799.0
102664-3,102664,P4004,1,5999.0,0,5999.0
102665-1,102665,P4003,2,1999.0,0,3998.0
102666-1,102666,P6002,1,899.0,0,899.0
102666-2,102666,P2003,2,1499.0,0,2998.0
102667-1,102667,P1002,2,299.0,0,598.0
102669-1,102669,P1005,1,1199.71,7.6,1199.71
102669-2,102669,P5002,1,3055.53,12.7,3055.53
102669-3,102669,P1010,1,899.0,0,899.0
102671-1,102671,P2006,2,4999.0,0,9998.0
102672-1,102672,P5003,1,699.0,0,699.0
102673-1,102673,P7002,1,1499.0,0,1499.0
102674-1,102674,P4001,1,7999.0,0,7999.0
102674-2,102674,P2006,1,4999.0,0,4999.0
102675-1,102675,P2002,2,24999.0,0,49998.0
102675-2,102675,P8001,1,499.0,0,499.0
102675-3,102675,P6003,1,1999.0,0,1999.0
102675-4,102675,P6002,2,899.0,0,1798.0
102676-1,102676,P5003,1,699.0,0,699.0
102677-1,102677,P7003,1,999.0,0,999.0
102678-1,102678,P3006,3,999.0,0,2997.0
102679-1,102679,P7002,1,1301.84,13.2,1301.84
102679-2,102679,P3006,1,999.0,0,999.0
102680-1,102680,P3002,1,2499.0,0,2499.0
102681-1,102681,P8001,1,437.76,12.3,437.76
102682-1,102682,P4005,1,3499.0,0,3499.0
102682-2,102682,P6001,1,2499.0,0,2499.0
102682-3,102682,P2005,1,751.81,5.9,751.81
102683-1,102683,P6003,2,1999.0,0,3998.0
102684-1,102684,P6001,3,2499.0,0,7497.0
102684-2,102684,P3002,1,2499.0,0,2499.0
102684-3,102684,P3006,1,940.99,5.8,940.99
102684-4,102684,P8001,2,499.0,0,998.0
102685-1,102685,P8003,1,799.0,0,799.0
102685-2,102685,P6003,1,1999.0,0,1999.0
102686-1,102686,P3006,1,999.0,0,999.0
102686-2,102686,P3007,1,1299.0,0,1299.0
102686-3,102686,P1006,1,699.0,0,699.0
102686-4,102686,P3001,2,999.0,0,1998.0
102687-1,102687,P8004,1,917.04,8.2,917.04
102688-1,102688,P6002,1,803.76,10.6,803.76
102689-1,102689,P1001,1,599.0,0,599.0
102689-2,102689,P7003,1,999.0,0,999.0
102689-3,102689,P1007,2,3999.0,0,7998.0
102690-1,102690,P1009,1,12999.0,0,12999.0
102690-2,102690,P3005,2,699.0,0,1398.0
102691-1,102691,P3005,2,699.0,0,1398.0
102693-1,102693,P3004,1,199.0,0,199.0
102693-2,102693,P3001,1,999.0,0,999.0
102693-3,102693,P2003,1,1383.25,7.7,1383.25
102694-1,102694,P6002,1,899.0,0,899.0
102694-2,102694,P2005,1,735.29,8.0,735.29
102694-3,102694,P1004,1,799.0,0,799.0
102695-1,102695,P3007,2,1217.72,6.3,2435.44
102697-1,102697,P3006,1,999.0,0,999.0
102698-1,102698,P8002,1,599.0,0,599.0
102699-1,102699,P5002,2,3499.0,0,6998.0
102699-2,102699,P6001,1,2499.0,0,2499.0
102700-1,102700,P6003,1,1999.0,0,1999.0
102700-2,102700,P3001,1,999.0,0,999.0
102701-1,102701,P2004,1,999.0,0,999.0
102701-2,102701,P5004,2,4499.0,0,8998.0
102702-1,102702,P5005,1,1999.0,0,1999.0
102702-2,102702,P2006,2,4999.0,0,9998.0
102703-1,102703,P2001,1,15999.0,0,15999.0
102703-2,102703,P7002,1,1499.0,0,1499.0
102704-1,102704,P7001,3,2999.0,0,8997.0
102704-2,102704,P3007,2,1299.0,0,2598.0
102704-3,102704,P1005,2,1299.0,0,2598.0
102704-4,102704,P2003,2,1341.3,10.5,2682.6
102705-1,102705,P7001,1,2999.0,0,2999.0
102705-2,102705,P1004,1,799.0,0,799.0
102706-1,102706,P4004,1,5999.0,0,5999.0
102707-1,102707,P3005,1,699.0,0,699.0
102708-1,102708,P1007,1,3999.0,0,3999.0
102708-2,102708,P6004,1,1499.0,0,1499.0
102709-1,102709,P1007,1,3999.0,0,3999.0
102710-1,102710,P2002,1,24999.0,0,24999.0
102710-2,102710,P3005,2,699.0,0,1398.0
102711-1,102711,P3005,1,699.0,0,699.0
102711-2,102711,P8003,1,799.0,0,799.0
102712-1,102712,P8003,2,799.0,0,1598.0
102712-2,102712,P8001,1,499.0,0,499.0
102712-3,102712,P2003,2,1499.0,0,2998.0
102712-4,102712,P2006,1,4999.0,0,4999.0
102712-5,102712,P2004,2,999.0,0,1998.0
102713-1,102713,P6003,2,1999.0,0,3998.0
102714-1,102714,P3005,1,627.02,10.3,627.02
102715-1,102715,P8004,2,925.48,7.4,1850.96
102715-2,102715,P1001,1,599.0,0,599.0
102716-1,102716,P5003,1,699.0,0,699.0
102717-1,102717,P5002,2,3013.14,13.9,6026.28
102717-2,102717,P5005,3,1843.74,7.8,5531.22
102717-3,102717,P3007,1,1299.0,0,1299.0
102717-4,102717,P2001,2,15999.0,0,31998.0
102719-1,102719,P1001,1,599.0,0,599.0
102719-2,102719,P5005,1,1999.0,0,1999.0
102719-3,102719,P4003,1,1999.0,0,1999.0
102720-1,102720,P1010,3,899.0,0,2697.0
102720-2,102720,P7001,1,2999.0,0,2999.0
102721-1,102721,P6003,2,1999.0,0,3998.0
102721-2,102721,P1003,1,2499.0,0,2499.0
102721-3,102721,P7003,1,999.0,0,999.0
102721-4,102721,P7004,1,599.0,0,599.0
102722-1,102722,P2005,3,799.0,0,2397.0
102723-1,102723,P8004,1,999.0,0,999.0
102723-2,102723,P1003,2,2499.0,0,4998.0
102724-1,102724,P7004,2,599.0,0,1198.0
102724-2,102724,P2001,1,15999.0,0,15999.0
102724-3,102724,P8002,1,539.06,10.0,539.06
102726-1,102726,P4002,3,4999.0,0,14997.0
102727-1,102727,P4004,1,5999.0,0,5999.0
102727-2,102727,P1004,1,799.0,0,799.0
102728-1,102728,P1006,1,699.0,0,699.0
102728-2,102728,P1002,2,299.0,0,598.0
102730-1,102730,P8003,2,799.0,0,1598.0
102731-1,102731,P8005,1,899.0,0,899.0
102731-2,102731,P5001,2,5999.0,0,11998.0
102734-1,102734,P3006,1,894.39,10.5,894.39
102734-2,102734,P3007,2,1299.0,0,2598.0
102734-3,102734,P3005,1,699.0,0,699.0
102734-4,102734,P8002,1,599.0,0,599.0
102737-1,102737,P3004,1,199.0,0,199.0
102737-2,102737,P7002,1,1278.34,14.7,1278.34
102738-1,102738,P1006,1,608.62,12.9,608.62
102738-2,102738,P6001,2,2499.0,0,4998.0
102739-1,102739,P3001,1,999.0,0,999.0
102739-2,102739,P5002,1,3499.0,0,3499.0
102739-3,102739,P2001,1,15999.0,0,15999.0
102739-4,102739,P4005,1,3499.0,0,3499.0
102739-5,102739,P5003,1,699.0,0,699.0
102740-1,102740,P1005,1,1299.0,0,1299.0
102741-1,102741,P4005,1,3076.29,12.1,3076.29
102742-1,102742,P7003,2,999.0,0,1998.0
102742-2,102742,P5002,1,3499.0,0,3499.0
102743-1,102743,P8003,1,799.0,0,799.0
102744-1,102744,P3006,2,999.0,0,1998.0
102744-2,102744,P8003,1,799.0,0,799.0
102744-3,102744,P2004,1,999.0,0,999.0
102746-1,102746,P1007,2,3999.0,0,7998.0
102746-2,102746,P1006,1,699.0,0,699.0
102747-1,102747,P6002,1,803.82,10.6,803.82
102748-1,102748,P4005,2,3499.0,0,6998.0
102748-2,102748,P3002,2,2499.0,0,4998.0
102749-1,102749,P1003,1,2344.28,6.2,2344.28
102750-1,102750,P2004,1,999.0,0,999.0
102751-1,102751,P3001,1,999.0,0,999.0
102751-2,102751,P5001,1,5416.09,9.7,5416.09
102752-1,102752,P8001,3,499.0,0,1497.0
102753-1,102753,P2001,2,15999.0,0,31998.0
102753-2,102753,P8001,2,449.91,9.8,899.82
102754-1,102754,P7004,1,599.0,0,599.0
102754-2,102754,P3005,1,699.0,0,699.0
102754-3,102754,P4001,2,7405.33,7.4,14810.66
102755-1,102755,P4004,2,5999.0,0,11998.0
102757-1,102757,P1005,1,1299.0,0,1299.0
102758-1,102758,P3004,2,199.0,0,398.0
102759-1,102759,P8001,2,499.0,0,998.0
102760-1,102760,P4001,1,7999.0,0,7999.0
102761-1,102761,P8005,1,899.0,0,899.0
102762-1,102762,P2003,1,1419.58,5.3,1419.58
102762-2,102762,P5001,1,5297.68,11.7,5297.68
102763-1,102763,P7001,3,2999.0,0,8997.0
102764-1,102764,P4001,2,7999.0,0,15998.0
102765-1,102765,P6002,2,899.0,0,1798.0
102766-1,102766,P4005,1,3499.0,0,3499.0
102766-2,102766,P3007,1,1299.0,0,1299.0
102766-3,102766,P1001,2,599.0,0,1198.0
102767-1,102767,P7001,3,2999.0,0,8997.0
102768-1,102768,P4005,1,3320.25,5.1,3320.25
102768-2,102768,P1007,1,3999.0,0,3999.0
102769-1,102769,P4001,2,7999.0,0,15998.0
102769-2,102769,P1009,2,12999.0,0,25998.0
102769-3,102769,P8002,2,599.0,0,1198.0
102770-1,102770,P1006,2,699.0,0,1398.0
102771-1,102771,P1006,3,699.0,0,2097.0
102771-2,102771,P6004,1,1499.0,0,1499.0
102771-3,102771,P4004,1,5999.0,0,5999.0
102772-1,102772,P2004,2,909.36,9.0,1818.72
102773-1,102773,P4004,1,5502.93,8.3,5502.93
102773-2,102773,P5003,1,699.0,0,699.0
102773-3,102773,P4001,1,7458.24,6.8,7458.24
102773-4,102773,P2002,1,24999.0,0,24999.0
102774-1,102774,P5003,1,627.18,10.3,627.18
102774-2,102774,P2004,1,999.0,0,999.0
102774-3,102774,P1007,1,3999.0,0,3999.0
102774-4,102774,P4004,1,5999.0,0,5999.0
102774-5,102774,P1004,1,799.0,0,799.0
102776-1,102776,P7001,1,2649.86,11.6,2649.86
102777-1,102777,P1002,1,277.93,7.0,277.93
102778-1,102778,P4002,2,4356.2,12.9,8712.4
102779-1,102779,P2003,1,1499.0,0,1499.0
102780-1,102780,P5005,1,1999.0,0,1999.0
102780-2,102780,P4003,1,1774.45,11.2,1774.45
102780-3,102780,P6003,1,1999.0,0,1999.0
102780-4,102780,P8004,2,874.0,12.5,1748.0
102781-1,102781,P1009,2,12175.15,6.3,24350.3
102782-1,102782,P7003,1,999.0,0,999.0
102783-1,102783,P6004,1,1499.0,0,1499.0
102784-1,102784,P4002,1,4999.0,0,4999.0
102785-1,102785,P3003,3,599.0,0,1797.0
102786-1,102786,P1009,1,11794.46,9.3,11794.46
102786-2,102786,P3006,1,999.0,0,999.0
102786-3,102786,P1008,2,1499.0,0,2998.0
102786-4,102786,P3003,1,599.0,0,599.0
102787-1,102787,P2005,1,799.0,0,799.0
102787-2,102787,P7003,1,999.0,0,999.0
102787-3,102787,P4004,2,5999.0,0,11998.0
102787-4,102787,P5005,3,1999.0,0,5997.0
102788-1,102788,P6002,1,899.0,0,899.0
102788-2,102788,P1008,1,1384.33,7.6,1384.33
102788-3,102788,P4004,1,5999.0,0,5999.0
102790-1,102790,P3006,1,999.0,0,999.0
102791-1,102791,P8002,1,543.22,9.3,543.22
102792-1,102792,P1001,2,599.0,0,1198.0
102792-2,102792,P7002,2,1499.0,0,2998.0
102793-1,102793,P7004,1,599.0,0,599.0
102793-2,102793,P5001,2,5999.0,0,11998.0
102794-1,102794,P6004,2,1499.0,0,2998.0
102794-2,102794,P2003,1,1499.0,0,1499.0
102794-3,102794,P1005,1,1299.0,0,1299.0
102795-1,102795,P3007,3,1144.86,11.9,3434.58
102795-2,102795,P2006,1,4999.0,0,4999.0
102796-1,102796,P3002,1,2239.74,10.4,2239.74
102797-1,102797,P7002,2,1499.0,0,2998.0
102797-2,102797,P1004,1,799.0,0,799.0
102798-1,102798,P7004,1,599.0,0,599.0
102798-2,102798,P6004,1,1499.0,0,1499.0
102799-1,102799,P2003,1,1499.0,0,1499.0
102799-2,102799,P6004,1,1499.0,0,1499.0
102799-3,102799,P2001,1,14100.75,11.9,14100.75
102802-1,102802,P1001,3,599.0,0,1797.0
102802-2,102802,P2003,1,1499.0,0,1499.0
102803-1,102803,P6004,1,1499.0,0,1499.0
102804-1,102804,P5003,2,699.0,0,1398.0
102804-2,102804,P6004,2,1499.0,0,2998.0
102804-3,102804,P8003,1,799.0,0,799.0
102804-4,102804,P2005,1,799.0,0,799.0
102805-1,102805,P5002,1,3024.16,13.6,3024.16
102806-1,102806,P7001,1,2999.0,0,2999.0
102807-1,102807,P1007,1,3999.0,0,3999.0
102809-1,102809,P2001,2,15999.0,0,31998.0
102809-2,102809,P3003,2,599.0,0,1198.0
102809-3,102809,P5005,1,1999.0,0,1999.0
102809-4,102809,P1003,1,2223.41,11.0,2223.41
102810-1,102810,P1008,1,1499.0,0,1499.0
102811-1,102811,P6001,1,2499.0,0,2499.0
102812-1,102812,P3002,1,2139.05,14.4,2139.05
102813-1,102813,P2006,1,4999.0,0,4999.0
102813-2,102813,P6001,1,2499.0,0,2499.0
102813-3,102813,P2001,1,15999.0,0,15999.0
102813-4,102813,P1001,1,599.0,0,599.0
102814-1,102814,P1006,2,699.0,0,1398.0
102814-2,102814,P2004,1,999.0,0,999.0
102815-1,102815,P5005,2,1760.99,11.9,3521.98
102815-2,102815,P6001,1,2499.0,0,2499.0
102816-1,102816,P3007,1,1160.79,10.6,1160.79
102816-2,102816,P1009,1,12999.0,0,12999.0
102816-3,102816,P8005,1,899.0,0,899.0
102816-4,102816,P1002,2,278.05,7.0,556.1
102817-1,102817,P2002,1,24999.0,0,24999.0
102817-2,102817,P3002,1,2499.0,0,2499.0
102817-3,102817,P7001,2,2999.0,0,5998.0
102818-1,102818,P6003,1,1999.0,0,1999.0
102818-2,102818,P1004,1,752.74,5.8,752.74
102819-1,102819,P8001,1,437.63,12.3,437.63
102819-2,102819,P3007,1,1205.52,7.2,1205.52
102820-1,102820,P4001,1,6812.6,14.8,6812.6
102820-2,102820,P2005,1,690.09,13.6,690.09
102821-1,102821,P1010,1,824.25,8.3,824.25
102821-2,102821,P7003,1,888.02,11.1,888.02
102822-1,102822,P3003,1,599.0,0,599.0
102822-2,102822,P4002,1,4999.0,0,4999.0
102823-1,102823,P2003,1,1341.44,10.5,1341.44
102824-1,102824,P7003,2,999.0,0,1998.0
102825-1,102825,P2006,1,4999.0,0,4999.0
102825-2,102825,P7003,1,999.0,0,999.0
102826-1,102826,P8002,1,599.0,0,599.0
102826-2,102826,P8004,3,999.0,0,2997.0
102827-1,102827,P2004,2,999.0,0,1998.0
102827-2,102827,P5003,2,699.0,0,1398.0
102827-3,102827,P4005,1,3499.0,0,3499.0
102828-1,102828,P1001,1,599.0,0,599.0
102828-2,102828,P2003,1,1499.0,0,1499.0
102829-1,102829,P2004,1,999.0,0,999.0
102830-1,102830,P5001,2,5999.0,0,11998.0
102830-2,102830,P4004,2,5999.0,0,11998.0
102831-1,102831,P2005,1,799.0,0,799.0
102832-1,102832,P1008,3,1499.0,0,4497.0
102832-2,102832,P2001,1,15999.0,0,15999.0
102833-1,102833,P1010,2,899.0,0,1798.0
102834-1,102834,P8004,2,999.0,0,1998.0
102835-1,102835,P1001,2,599.0,0,1198.0
102836-1,102836,P6003,1,1999.0,0,1999.0
102836-2,102836,P8002,1,599.0,0,599.0
102837-1,102837,P4004,1,5999.0,0,5999.0
102838-1,102838,P2001,1,15999.0,0,15999.0
102838-2,102838,P5003,1,661.48,5.4,661.48
102838-3,102838,P5002,1,3027.82,13.5,3027.82
102840-1,102840,P6001,1,2499.0,0,2499.0
102840-2,102840,P3007,1,1299.0,0,1299.0
102840-3,102840,P3005,3,699.0,0,2097.0
102841-1,102841,P4005,1,3499.0,0,3499.0
102842-1,102842,P1002,1,299.0,0,299.0
102842-2,102842,P2006,1,4999.0,0,4999.0
102842-3,102842,P4001,2,7999.0,0,15998.0
102843-1,102843,P2004,1,999.0,0,999.0
102843-2,102843,P1003,1,2499.0,0,2499.0
102843-3,102843,P4001,1,7387.06,7.7,7387.06
102843-4,102843,P5003,1,607.26,13.1,607.26
102843-5,102843,P2003,1,1499.0,0,1499.0
102844-1,102844,P8004,2,999.0,0,1998.0
102845-1,102845,P4001,1,7999.0,0,7999.0
102846-1,102846,P2006,1,4999.0,0,4999.0
102846-2,102846,P8003,1,799.0,0,799.0
102847-1,102847,P3003,1,599.0,0,599.0
102847-2,102847,P6004,2,1499.0,0,2998.0
102847-3,102847,P2002,1,21609.22,13.6,21609.22
102848-1,102848,P8002,1,599.0,0,599.0
102848-2,102848,P3003,2,599.0,0,1198.0
102849-1,102849,P7002,2,1499.0,0,2998.0
102850-1,102850,P1004,1,799.0,0,799.0
102851-1,102851,P3007,1,1194.16,8.1,1194.16
102851-2,102851,P3003,1,599.0,0,599.0
102852-1,102852,P1004,1,799.0,0,799.0
102853-1,102853,P3002,1,2314.38,7.4,2314.38
102853-2,102853,P2001,1,15999.0,0,15999.0
102853-3,102853,P7004,2,567.01,5.3,1134.02
102854-1,102854,P5002,1,3499.0,0,3499.0
102854-2,102854,P8004,1,999.0,0,999.0
102854-3,102854,P7001,2,2999.0,0,5998.0
102854-4,102854,P2001,1,15999.0,0,15999.0
102855-1,102855,P1004,1,799.0,0,799.0
102855-2,102855,P8001,1,499.0,0,499.0
102856-1,102856,P7004,1,599.0,0,599.0
102857-1,102857,P1007,1,3999.0,0,3999.0
102858-1,102858,P1006,1,699.0,0,699.0
102858-2,102858,P1002,1,299.0,0,299.0
102859-1,102859,P7004,1,545.39,9.0,545.39
102860-1,102860,P1009,1,12999.0,0,12999.0
102861-1,102861,P4003,1,1999.0,0,1999.0
102861-2,102861,P2001,1,15999.0,0,15999.0
102861-3,102861,P7001,2,2999.0,0,5998.0
102862-1,102862,P1003,1,2499.0,0,2499.0
102862-2,102862,P1001,1,599.0,0,599.0
102863-1,102863,P1010,2,899.0,0,1798.0
102864-1,102864,P8001,1,462.7,7.3,462.7
102864-2,102864,P7003,1,999.0,0,999.0
102865-1,102865,P2006,2,4999.0,0,9998.0
102865-2,102865,P7002,2,1499.0,0,2998.0
102866-1,102866,P3006,1,999.0,0,999.0
102866-2,102866,P3005,2,699.0,0,1398.0
102866-3,102866,P4002,1,4999.0,0,4999.0
102867-1,102867,P1008,1,1499.0,0,1499.0
102868-1,102868,P8005,1,899.0,0,899.0
102869-1,102869,P6001,1,2499.0,0,2499.0
102870-1,102870,P3003,1,599.0,0,599.0
102871-1,102871,P6001,1,2499.0,0,2499.0
102872-1,102872,P3001,2,926.06,7.3,1852.12
102873-1,102873,P5001,1,5999.0,0,5999.0
102873-2,102873,P3001,2,859.63,14.0,1719.26
102873-3,102873,P3003,1,599.0,0,599.0
102874-1,102874,P3002,1,2499.0,0,2499.0
102874-2,102874,P6001,1,2499.0,0,2499.0
102875-1,102875,P5003,2,699.0,0,1398.0
102875-2,102875,P6004,3,1499.0,0,4497.0
102876-1,102876,P6004,1,1499.0,0,1499.0
102876-2,102876,P2002,1,24999.0,0,24999.0
102876-3,102876,P2006,1,4999.0,0,4999.0
102877-1,102877,P6004,1,1499.0,0,1499.0
102877-2,102877,P5001,1,5999.0,0,5999.0
102877-3,102877,P3007,2,1299.0,0,2598.0
102877-4,102877,P2006,2,4999.0,0,9998.0
102878-1,102878,P3004,1,179.96,9.6,179.96
102878-2,102878,P4001,2,7999.0,0,15998.0
102879-1,102879,P2003,1,1499.0,0,1499.0
102880-1,102880,P1002,1,263.83,11.8,263.83
102880-2,102880,P5002,2,2983.99,14.7,5967.98
102881-1,102881,P2006,1,4564.98,8.7,4564.98
102882-1,102882,P8005,1,899.0,0,899.0
102883-1,102883,P1001,1,599.0,0,599.0
102884-1,102884,P1003,2,2499.0,0,4998.0
102884-2,102884,P5004,1,4191.39,6.8,4191.39
102884-3,102884,P2001,1,15999.0,0,15999.0
102885-1,102885,P5005,2,1999.0,0,3998.0
102885-2,102885,P5001,2,5999.0,0,11998.0
102885-3,102885,P1005,1,1299.0,0,1299.0
102886-1,102886,P3005,1,699.0,0,699.0
102886-2,102886,P1005,1,1299.0,0,1299.0
102887-1,102887,P3004,1,199.0,0,199.0
102887-2,102887,P8001,2,465.34,6.7,930.68
102887-3,102887,P1006,1,699.0,0,699.0
102888-1,102888,P3003,1,599.0,0,599.0
102888-2,102888,P3004,1,199.0,0,199.0
102889-1,102889,P2002,1,22067.58,11.7,22067.58
102889-2,102889,P1007,1,3999.0,0,3999.0
102890-1,102890,P3002,1,2499.0,0,2499.0
102891-1,102891,P7002,1,1499.0,0,1499.0
102892-1,102892,P1009,3,12999.0,0,38997.0
102892-2,102892,P4004,2,5999.0,0,11998.0
102892-3,102892,P4002,2,4999.0,0,9998.0
102893-1,102893,P8005,1,899.0,0,899.0
102893-2,102893,P7003,1,999.0,0,999.0
102894-1,102894,P1003,1,2215.6,11.3,2215.6
102894-2,102894,P7004,1,599.0,0,599.0
102894-3,102894,P2003,1,1499.0,0,1499.0
102894-4,102894,P7003,2,999.0,0,1998.0
102895-1,102895,P1003,2,2499.0,0,4998.0
102895-2,102895,P2001,1,15999.0,0,15999.0
102895-3,102895,P4005,3,3499.0,0,10497.0
102895-4,102895,P3004,1,182.47,8.3,182.47
102896-1,102896,P4002,1,4999.0,0,4999.0
102896-2,102896,P8001,1,499.0,0,499.0
102896-3,102896,P3007,2,1299.0,0,2598.0
102897-1,102897,P6003,1,1999.0,0,1999.0
102898-1,102898,P4002,1,4999.0,0,4999.0
102898-2,102898,P2004,2,999.0,0,1998.0
102899-1,102899,P1006,1,699.0,0,699.0
102899-2,102899,P6003,1,1850.88,7.4,1850.88
102900-1,102900,P6003,3,1999.0,0,5997.0
102900-2,102900,P1003,1,2499.0,0,2499.0
102900-3,102900,P2006,2,4999.0,0,9998.0
102900-4,102900,P4005,1,3499.0,0,3499.0
102901-1,102901,P1005,1,1299.0,0,1299.0
102901-2,102901,P4002,2,4999.0,0,9998.0
102901-3,102901,P1001,1,599.0,0,599.0
102902-1,102902,P7002,2,1499.0,0,2998.0
102902-2,102902,P4002,1,4999.0,0,4999.0
102902-3,102902,P5003,3,699.0,0,2097.0
102903-1,102903,P3001,1,999.0,0,999.0
102903-2,102903,P2005,1,799.0,0,799.0
102903-3,102903,P3004,1,199.0,0,199.0
102903-4,102903,P5001,1,5999.0,0,5999.0
102903-5,102903,P7002,1,1312.99,12.4,1312.99
102905-1,102905,P7004,2,599.0,0,1198.0
102905-2,102905,P6001,2,2499.0,0,4998.0
102905-3,102905,P3006,1,999.0,0,999.0
102905-4,102905,P2005,1,799.0,0,799.0
102906-1,102906,P1004,2,799.0,0,1598.0
102907-1,102907,P3007,2,1179.84,9.2,2359.68
102907-2,102907,P3006,1,999.0,0,999.0
102908-1,102908,P4005,2,3198.16,8.6,6396.32
102908-2,102908,P6003,2,1999.0,0,3998.0
102908-3,102908,P1006,3,699.0,0,2097.0
102909-1,102909,P3005,2,699.0,0,1398.0
102909-2,102909,P8004,1,943.11,5.6,943.11
102910-1,102910,P3004,1,199.0,0,199.0
102910-2,102910,P2006,2,4999.0,0,9998.0
102911-1,102911,P7001,2,2596.5,13.4,5193.0
102912-1,102912,P4005,2,3499.0,0,6998.0
102912-2,102912,P4001,1,6813.93,14.8,6813.93
102913-1,102913,P7001,1,2999.0,0,2999.0
102913-2,102913,P7003,2,999.0,0,1998.0
102913-3,102913,P5004,1,4499.0,0,4499.0
102914-1,102914,P2002,1,24999.0,0,24999.0
102914-2,102914,P3003,2,599.0,0,1198.0
102915-1,102915,P4004,2,5391.62,10.1,10783.24
102916-1,102916,P1010,2,899.0,0,1798.0
102916-2,102916,P1008,1,1499.0,0,1499.0
102917-1,102917,P7002,1,1409.85,5.9,1409.85
102918-1,102918,P4002,2,4999.0,0,9998.0
102918-2,102918,P3004,1,179.49,9.8,179.49
102918-3,102918,P1001,1,599.0,0,599.0
102919-1,102919,P8004,1,999.0,0,999.0
102920-1,102920,P4003,1,1999.0,0,1999.0
102921-1,102921,P8001,1,499.0,0,499.0
102921-2,102921,P1005,1,1299.0,0,1299.0
102921-3,102921,P6002,2,899.0,0,1798.0
102922-1,102922,P2001,1,15999.0,0,15999.0
102923-1,102923,P8005,1,899.0,0,899.0
102924-1,102924,P5003,1,699.0,0,699.0
102925-1,102925,P3005,1,699.0,0,699.0
102925-2,102925,P3001,1,999.0,0,999.0
102927-1,102927,P8004,1,999.0,0,999.0
102928-1,102928,P1005,1,1106.27,14.8,1106.27
102928-2,102928,P1009,1,12999.0,0,12999.0
102929-1,102929,P2001,1,15999.0,0,15999.0
102929-2,102929,P3001,1,999.0,0,999.0
102929-3,102929,P3007,1,1299.0,0,1299.0
102930-1,102930,P6003,1,1999.0,0,1999.0
102931-1,102931,P4002,1,4560.98,8.8,4560.98
102932-1,102932,P6001,1,2499.0,0,2499.0
102933-1,102933,P1008,1,1328.83,11.4,1328.83
102933-2,102933,P1004,1,799.0,0,799.0
102933-3,102933,P3007,1,1299.0,0,1299.0
102933-4,102933,P3002,2,2499.0,0,4998.0
102933-5,102933,P1002,1,299.0,0,299.0
102934-1,102934,P8002,2,550.09,8.2,1100.18
102934-2,102934,P8001,2,499.0,0,998.0
102934-3,102934,P1009,1,12232.45,5.9,12232.45
102935-1,102935,P1010,1,899.0,0,899.0
102936-1,102936,P2003,1,1499.0,0,1499.0
102937-1,102937,P1007,1,3999.0,0,3999.0
102938-1,102938,P5001,2,5999.0,0,11998.0
102938-2,102938,P4003,3,1999.0,0,5997.0
102938-3,102938,P1006,1,699.0,0,699.0
102940-1,102940,P4004,2,5999.0,0,11998.0
102941-1,102941,P3005,1,610.19,12.7,610.19
102941-2,102941,P3002,1,2499.0,0,2499.0
102942-1,102942,P7003,1,999.0,0,999.0
102942-2,102942,P6002,1,899.0,0,899.0
102944-1,102944,P5002,1,3208.71,8.3,3208.71
102944-2,102944,P4004,3,5999.0,0,17997.0
102945-1,102945,P8001,1,499.0,0,499.0
102945-2,102945,P4002,1,4999.0,0,4999.0
102946-1,102946,P1007,1,3999.0,0,3999.0
102946-2,102946,P4003,2,1999.0,0,3998.0
102947-1,102947,P2003,2,1499.0,0,2998.0
102947-2,102947,P1004,2,799.0,0,1598.0
102947-3,102947,P7002,2,1499.0,0,2998.0
102948-1,102948,P1004,1,799.0,0,799.0
102949-1,102949,P3006,2,999.0,0,1998.0
102949-2,102949,P8005,2,841.97,6.3,1683.94
102951-1,102951,P5004,1,4499.0,0,4499.0
102951-2,102951,P1004,2,799.0,0,1598.0
102951-3,102951,P4004,1,5999.0,0,5999.0
102952-1,102952,P1010,1,899.0,0,899.0
102953-1,102953,P4001,2,7112.36,11.1,14224.72
102954-1,102954,P3007,2,1119.84,13.8,2239.68
102956-1,102956,P3003,3,599.0,0,1797.0
102956-2,102956,P4002,1,4999.0,0,4999.0
102956-3,102956,P1010,1,794.39,11.6,794.39
102957-1,102957,P2003,1,1499.0,0,1499.0
102957-2,102957,P6004,1,1499.0,0,1499.0
102958-1,102958,P1007,1,3999.0,0,3999.0
102958-2,102958,P2002,2,24999.0,0,49998.0
102959-1,102959,P4003,1,1814.83,9.2,1814.83
102959-2,102959,P3001,2,999.0,0,1998.0
102960-1,102960,P1002,1,299.0,0,299.0
102962-1,102962,P7001,1,2702.03,9.9,2702.03
102963-1,102963,P3002,1,2499.0,0,2499.0
102963-2,102963,P5005,1,1999.0,0,1999.0
102964-1,102964,P2003,1,1499.0,0,1499.0
102964-2,102964,P4004,1,5999.0,0,5999.0
102965-1,102965,P5004,1,4499.0,0,4499.0
102966-1,102966,P7003,2,882.36,11.7,1764.72
102966-2,102966,P6001,2,2129.86,14.8,4259.72
102968-1,102968,P2006,1,4999.0,0,4999.0
102969-1,102969,P4004,1,5999.0,0,5999.0
102971-1,102971,P2003,2,1331.63,11.2,2663.26
102971-2,102971,P3004,2,199.0,0,398.0
102972-1,102972,P1002,1,259.62,13.2,259.62
102973-1,102973,P5003,1,621.39,11.1,621.39
102974-1,102974,P1010,1,899.0,0,899.0
102974-2,102974,P2001,1,15999.0,0,15999.0
102975-1,102975,P3001,1,999.0,0,999.0
102977-1,102977,P1001,1,599.0,0,599.0
102977-2,102977,P4003,1,1999.0,0,1999.0
102977-3,102977,P3003,1,599.0,0,599.0
102978-1,102978,P1008,1,1309.82,12.6,1309.82
102979-1,102979,P8004,2,999.0,0,1998.0
102981-1,102981,P3004,1,199.0,0,199.0
102981-2,102981,P8001,1,499.0,0,499.0
102982-1,102982,P7004,1,599.0,0,599.0
102982-2,102982,P6001,1,2499.0,0,2499.0
102982-3,102982,P3004,1,199.0,0,199.0
102982-4,102982,P3002,2,2499.0,0,4998.0
102983-1,102983,P3001,1,999.0,0,999.0
102983-2,102983,P1001,1,599.0,0,599.0
102984-1,102984,P5001,1,5999.0,0,5999.0
102984-2,102984,P1003,1,2499.0,0,2499.0
102985-1,102985,P1009,1,12206.71,6.1,12206.71
102985-2,102985,P1003,1,2499.0,0,2499.0
102986-1,102986,P7004,1,538.77,10.1,538.77
102987-1,102987,P7003,1,999.0,0,999.0
102987-2,102987,P4005,1,3499.0,0,3499.0
102987-3,102987,P4003,1,1702.46,14.8,1702.46
102988-1,102988,P8005,1,899.0,0,899.0
102988-2,102988,P6001,1,2499.0,0,2499.0
102988-3,102988,P7001,2,2999.0,0,5998.0
102988-4,102988,P7003,1,999.0,0,999.0
102989-1,102989,P4001,2,7999.0,0,15998.0
102991-1,102991,P1004,1,739.31,7.5,739.31
102991-2,102991,P4002,1,4999.0,0,4999.0
102992-1,102992,P7002,2,1499.0,0,2998.0
102993-1,102993,P8004,1,999.0,0,999.0
102993-2,102993,P4001,3,7999.0,0,23997.0
102994-1,102994,P6001,2,2499.0,0,4998.0
102994-2,102994,P7004,1,515.82,13.9,515.82
102995-1,102995,P5002,1,3036.82,13.2,3036.82
102996-1,102996,P2002,2,24999.0,0,49998.0
102997-1,102997,P3004,2,188.44,5.3,376.88
102998-1,102998,P1004,1,799.0,0,799.0
102998-2,102998,P8004,1,999.0,0,999.0
102999-1,102999,P4003,1,1999.0,0,1999.0
102999-2,102999,P2002,1,24999.0,0,24999.0
102999-3,102999,P5005,1,1999.0,0,1999.0
103000-1,103000,P8005,2,899.0,0,1798.0
103000-2,103000,P8003,1,799.0,0,799.0
103000-3,103000,P5004,1,4499.0,0,4499.0
103001-1,103001,P2002,1,24999.0,0,24999.0
103002-1,103002,P5004,2,4499.0,0,8998.0
103002-2,103002,P5003,1,699.0,0,699.0
103002-3,103002,P5001,1,5999.0,0,5999.0
103002-4,103002,P2003,1,1499.0,0,1499.0
103003-1,103003,P8003,1,731.33,8.5,731.33
103004-1,103004,P8005,1,899.0,0,899.0
103004-2,103004,P4001,1,7999.0,0,7999.0
103005-1,103005,P2001,1,15999.0,0,15999.0
103005-2,103005,P3002,1,2499.0,0,2499.0
103006-1,103006,P7001,1,2718.15,9.4,2718.15
103006-2,103006,P8003,1,799.0,0,799.0
103006-3,103006,P1008,1,1296.84,13.5,1296.84
103006-4,103006,P8002,1,599.0,0,599.0
103007-1,103007,P1004,1,799.0,0,799.0
103007-2,103007,P6003,3,1999.0,0,5997.0
103008-1,103008,P5005,1,1732.15,13.3,1732.15
103009-1,103009,P8005,2,899.0,0,1798.0
103009-2,103009,P1009,1,12999.0,0,12999.0
103009-3,103009,P2003,2,1499.0,0,2998.0
103010-1,103010,P1009,1,12999.0,0,12999.0
103010-2,103010,P3004,2,199.0,0,398.0
103010-3,103010,P2006,1,4999.0,0,4999.0
103010-4,103010,P2003,1,1499.0,0,1499.0
103011-1,103011,P8002,1,599.0,0,599.0
103012-1,103012,P7004,2,599.0,0,1198.0
103013-1,103013,P1001,1,599.0,0,599.0
103014-1,103014,P4001,1,7999.0,0,7999.0
103014-2,103014,P2005,1,799.0,0,799.0
103014-3,103014,P2006,1,4999.0,0,4999.0
103015-1,103015,P1003,2,2217.33,11.3,4434.66
103015-2,103015,P7001,1,2999.0,0,2999.0
103016-1,103016,P5003,2,699.0,0,1398.0
103016-2,103016,P4005,1,3499.0,0,3499.0
103017-1,103017,P1007,2,3999.0,0,7998.0
103017-2,103017,P7003,1,999.0,0,999.0
103017-3,103017,P1010,1,899.0,0,899.0
103018-1,103018,P1010,2,899.0,0,1798.0
103018-2,103018,P5002,1,3499.0,0,3499.0
103018-3,103018,P3007,1,1180.13,9.2,1180.13
103019-1,103019,P2004,1,999.0,0,999.0
103019-2,103019,P3003,1,599.0,0,599.0
103020-1,103020,P5002,1,3195.23,8.7,3195.23
103021-1,103021,P6004,2,1499.0,0,2998.0
103022-1,103022,P4001,1,7999.0,0,7999.0
103023-1,103023,P4005,1,3499.0,0,3499.0
103024-1,103024,P5001,1,5999.0,0,5999.0
103025-1,103025,P3006,1,867.57,13.2,867.57
103025-2,103025,P8005,1,829.01,7.8,829.01
103027-1,103027,P3005,1,699.0,0,699.0
103027-2,103027,P1007,2,3999.0,0,7998.0
103028-1,103028,P6002,1,899.0,0,899.0
103029-1,103029,P5004,1,4499.0,0,4499.0
103030-1,103030,P8005,1,899.0,0,899.0
103030-2,103030,P6004,1,1499.0,0,1499.0
103032-1,103032,P3006,2,935.95,6.3,1871.9
103033-1,103033,P3001,1,999.0,0,999.0
103034-1,103034,P2001,1,15999.0,0,15999.0
103034-2,103034,P6003,2,1999.0,0,3998.0
103034-3,103034,P4002,1,4999.0,0,4999.0
103034-4,103034,P3003,1,599.0,0,599.0
103035-1,103035,P8004,1,999.0,0,999.0
103035-2,103035,P5002,1,3499.0,0,3499.0
103036-1,103036,P6004,2,1499.0,0,2998.0
103037-1,103037,P6002,1,899.0,0,899.0
103037-2,103037,P2004,1,999.0,0,999.0
103039-1,103039,P4001,2,7999.0,0,15998.0
103039-2,103039,P8003,2,799.0,0,1598.0
103040-1,103040,P3001,1,999.0,0,999.0
103040-2,103040,P1009,1,12057.57,7.2,12057.57
103040-3,103040,P3007,1,1299.0,0,1299.0
103040-4,103040,P6002,1,840.9,6.5,840.9
103041-1,103041,P5004,1,3918.77,12.9,3918.77
103042-1,103042,P3004,1,171.9,13.6,171.9
103042-2,103042,P1009,1,12999.0,0,12999.0
103043-1,103043,P3002,1,2198.67,12.0,2198.67
103045-1,103045,P1009,1,12999.0,0,12999.0
103046-1,103046,P4002,1,4999.0,0,4999.0
103046-2,103046,P2003,1,1499.0,0,1499.0
103046-3,103046,P1002,1,299.0,0,299.0
103046-4,103046,P6004,1,1351.16,9.9,1351.16
103046-5,103046,P3001,2,999.0,0,1998.0
103047-1,103047,P3004,1,184.88,7.1,184.88
103047-2,103047,P4004,1,5459.91,9.0,5459.91
103048-1,103048,P2002,1,24999.0,0,24999.0
103048-2,103048,P8005,2,899.0,0,1798.0
103048-3,103048,P7002,1,1499.0,0,1499.0
103048-4,103048,P4004,1,5999.0,0,5999.0
103049-1,103049,P8005,1,899.0,0,899.0
103050-1,103050,P3001,2,999.0,0,1998.0
103050-2,103050,P4001,1,7999.0,0,7999.0
103050-3,103050,P5004,2,4499.0,0,8998.0
103050-4,103050,P4004,2,5999.0,0,11998.0
103051-1,103051,P8005,2,899.0,0,1798.0
103051-2,103051,P3006,1,999.0,0,999.0
103052-1,103052,P6004,1,1499.0,0,1499.0
103052-2,103052,P4002,1,4999.0,0,4999.0
103053-1,103053,P7002,3,1276.75,14.8,3830.25
103054-1,103054,P5004,1,4499.0,0,4499.0
103054-2,103054,P4001,2,7999.0,0,15998.0
103055-1,103055,P6003,2,1999.0,0,3998.0
103055-2,103055,P5002,1,3499.0,0,3499.0
103056-1,103056,P1007,1,3433.12,14.2,3433.12
103056-2,103056,P6003,2,1999.0,0,3998.0
103057-1,103057,P5005,1,1999.0,0,1999.0
103057-2,103057,P3003,1,538.96,10.0,538.96
103058-1,103058,P2001,2,13847.42,13.4,27694.84
103060-1,103060,P1004,1,799.0,0,799.0
103061-1,103061,P8003,1,799.0,0,799.0
103062-1,103062,P1008,1,1499.0,0,1499.0
103062-2,103062,P1007,1,3999.0,0,3999.0
103063-1,103063,P4001,1,7999.0,0,7999.0
103063-2,103063,P6002,-1,808.64,10.1,808.64
103063-3,103063,P4003,2,1808.53,9.5,3617.06
103064-1,103064,P3001,1,999.0,0,999.0
103064-2,103064,P1008,1,1499.0,0,1499.0
103064-3,103064,P6003,1,1825.98,8.7,1825.98
103064-4,103064,P7002,1,1499.0,0,1499.0
103065-1,103065,P1002,1,299.0,0,299.0
103065-2,103065,P4005,1,3499.0,0,3499.0
103065-3,103065,P1006,2,699.0,0,1398.0
103065-4,103065,P1007,1,3576.53,10.6,3576.53
103066-1,103066,P2004,1,999.0,0,999.0
103066-2,103066,P5005,1,1999.0,0,1999.0
103067-1,103067,P3007,1,1299.0,0,1299.0
103067-2,103067,P1009,1,12999.0,0,12999.0
103068-1,103068,P1002,1,258.46,13.6,258.46
103068-2,103068,P4003,1,1999.0,0,1999.0
103069-1,103069,P6004,1,1499.0,0,1499.0
103070-1,103070,P8001,1,499.0,0,499.0
103070-2,103070,P1001,1,599.0,0,599.0
103070-3,103070,P8004,2,999.0,0,1998.0
103071-1,103071,P4002,1,4999.0,0,4999.0
103071-2,103071,P8004,2,999.0,0,1998.0
103071-3,103071,P8003,1,732.17,8.4,732.17
103072-1,103072,P2003,1,1499.0,0,1499.0
103072-2,103072,P6001,1,2499.0,0,2499.0
103073-1,103073,P4005,1,3499.0,0,3499.0
103073-2,103073,P6002,1,899.0,0,899.0
103074-1,103074,P8003,2,799.0,0,1598.0
103074-2,103074,P6001,2,2499.0,0,4998.0
103075-1,103075,P4004,1,5577.38,7.0,5577.38
103075-2,103075,P2004,3,999.0,0,2997.0
103076-1,103076,P7002,1,1499.0,0,1499.0
103076-2,103076,P2002,1,21883.31,12.5,21883.31
103076-3,103076,P4001,1,6887.95,13.9,6887.95
103078-1,103078,P5005,1,1731.91,13.4,1731.91
103079-1,103079,P2005,1,691.06,13.5,691.06
103080-1,103080,P3007,1,1299.0,0,1299.0
103080-2,103080,P4005,2,3499.0,0,6998.0
103082-1,103082,P2006,1,4999.0,0,4999.0
103083-1,103083,P6001,2,2499.0,0,4998.0
103083-2,103083,P1005,1,1299.0,0,1299.0
103083-3,103083,P6002,1,899.0,0,899.0
103083-4,103083,P5001,3,5999.0,0,17997.0
103083-5,103083,P1006,1,699.0,0,699.0
103084-1,103084,P2002,2,24999.0,0,49998.0
103084-2,103084,P6004,1,1499.0,0,1499.0
103085-1,103085,P2004,2,857.89,14.1,1715.78
103086-1,103086,P1007,1,3420.31,14.5,3420.31
103087-1,103087,P1002,1,299.0,0,299.0
103088-1,103088,P1003,1,2335.33,6.5,2335.33
103088-2,103088,P1004,1,799.0,0,799.0
103089-1,103089,P1008,1,1499.0,0,1499.0
103089-2,103089,P5002,2,3499.0,0,6998.0
103090-1,103090,P6004,2,1499.0,0,2998.0
103091-1,103091,P8004,-1,999.0,0,999.0
103091-2,103091,P5005,1,1999.0,0,1999.0
103091-3,103091,P8002,1,599.0,0,599.0
103091-4,103091,P7003,2,999.0,0,1998.0
103092-1,103092,P3004,1,199.0,0,199.0
103093-1,103093,P2003,1,1338.81,10.7,1338.81
103094-1,103094,P6002,1,832.8,7.4,832.8
103095-1,103095,P1001,2,599.0,0,1198.0
103096-1,103096,P1008,2,1393.76,7.0,2787.52
103097-1,103097,P2006,3,4999.0,0,14997.0
103097-2,103097,P3002,2,2499.0,0,4998.0
103098-1,103098,P8005,3,899.0,0,2697.0
103098-2,103098,P2004,1,999.0,0,999.0
103098-3,103098,P7003,3,999.0,0,2997.0
103099-1,103099,P3002,1,2295.65,8.1,2295.65
103099-2,103099,P8005,2,899.0,0,1798.0
103101-1,103101,P6001,2,2243.8,10.2,4487.6
103101-2,103101,P1007,1,3999.0,0,3999.0
103101-3,103101,P3001,1,999.0,0,999.0
103102-1,103102,P2004,1,999.0,0,999.0
103103-1,103103,P1006,1,699.0,0,699.0
103103-2,103103,P4001,1,7144.66,10.7,7144.66
103105-1,103105,P6001,1,2499.0,0,2499.0
103105-2,103105,P4003,1,1999.0,0,1999.0
103105-3,103105,P1002,1,299.0,0,299.0
103106-1,103106,P2006,1,4999.0,0,4999.0
103107-1,103107,P8001,2,499.0,0,998.0
103108-1,103108,P3002,1,2336.86,6.5,2336.86
103109-1,103109,P3007,2,1299.0,0,2598.0
103110-1,103110,P8001,3,443.71,11.1,1331.13
103110-2,103110,P1002,1,280.76,6.1,280.76
103110-3,103110,P7003,1,999.0,0,999.0
103111-1,103111,P4002,1,4999.0,0,4999.0
103112-1,103112,P1004,1,799.0,0,799.0
103113-1,103113,P1010,2,827.29,8.0,1654.58
103114-1,103114,P2006,2,4291.52,14.2,8583.04
103115-1,103115,P5004,1,4216.42,6.3,4216.42
103116-1,103116,P1004,1,799.0,0,799.0
103116-2,103116,P4004,1,5999.0,0,5999.0
103116-3,103116,P1002,1,299.0,0,299.0
103117-1,103117,P1005,2,1129.35,13.1,2258.7
103117-2,103117,P1004,1,799.0,0,799.0
103117-3,103117,P2003,3,1499.0,0,4497.0
103118-1,103118,P3001,3,999.0,0,2997.0
103119-1,103119,P8005,1,899.0,0,899.0
103119-2,103119,P7004,2,599.0,0,1198.0
103120-1,103120,P1010,1,899.0,0,899.0
103123-1,103123,P3001,1,854.36,14.5,854.36
103124-1,103124,P2002,1,24999.0,0,24999.0
103125-1,103125,P2001,1,14725.3,8.0,14725.3
103125-2,103125,P3007,1,1299.0,0,1299.0
103126-1,103126,P1007,1,3999.0,0,3999.0
103127-1,103127,P7002,1,1499.0,0,1499.0
103128-1,103128,P1004,1,799.0,0,799.0
103128-2,103128,P3002,1,2499.0,0,2499.0
103128-3,103128,P2003,1,1499.0,0,1499.0
103128-4,103128,P1001,1,554.51,7.4,554.51
103128-5,103128,P2005,1,799.0,0,799.0
103129-1,103129,P4002,1,4282.53,14.3,4282.53
103129-2,103129,P6003,1,1999.0,0,1999.0
103129-3,103129,P5004,1,4085.08,9.2,4085.08
103130-1,103130,P8001,1,499.0,0,499.0
103130-2,103130,P1008,1,1499.0,0,1499.0
103130-3,103130,P3001,2,922.81,7.6,1845.62
103130-4,103130,P2004,1,889.0,11.0,889.0
103131-1,103131,P3007,3,1299.0,0,3897.0
103131-2,103131,P1002,2,273.44,8.5,546.88
103132-1,103132,P2005,1,799.0,0,799.0
103133-1,103133,P1005,1,1299.0,0,1299.0
103133-2,103133,P2006,1,4999.0,0,4999.0
103133-3,103133,P8002,1,599.0,0,599.0
103133-4,103133,P4004,2,5999.0,0,11998.0
103134-1,103134,P2002,1,24999.0,0,24999.0
103134-2,103134,P2004,1,946.52,5.3,946.52
103134-3,103134,P4004,1,5999.0,0,5999.0
103135-1,103135,P6003,1,1999.0,0,1999.0
103138-1,103138,P1008,1,1499.0,0,1499.0
103138-2,103138,P5005,1,1999.0,0,1999.0
103139-1,103139,P8004,2,999.0,0,1998.0
103140-1,103140,P7003,1,999.0,0,999.0
103140-2,103140,P4003,2,1999.0,0,3998.0
103141-1,103141,P3003,1,599.0,0,599.0
103142-1,103142,P8005,1,786.37,12.5,786.37
103142-2,103142,P1010,2,899.0,0,1798.0
103143-1,103143,P3002,3,2350.51,5.9,7051.53
103144-1,103144,P2006,1,4999.0,0,4999.0
103145-1,103145,P4001,2,7027.88,12.1,14055.76
103146-1,103146,P3001,1,999.0,0,999.0
103146-2,103146,P4003,1,1847.72,7.6,1847.72
103147-1,103147,P1010,2,899.0,0,1798.0
103147-2,103147,P4002,1,4999.0,0,4999.0
103148-1,103148,P2002,1,24999.0,0,24999.0
103149-1,103149,P1001,1,599.0,0,599.0
103149-2,103149,P8004,1,999.0,0,999.0
103150-1,103150,P3007,1,1186.31,8.7,1186.31
103151-1,103151,P3004,1,199.0,0,199.0
103151-2,103151,P7002,1,1316.33,12.2,1316.33
103151-3,103151,P5001,1,5999.0,0,5999.0
103152-1,103152,P4002,1,4999.0,0,4999.0
103152-2,103152,P3002,1,2252.54,9.9,2252.54
103153-1,103153,P1003,1,2499.0,0,2499.0
103154-1,103154,P4003,2,1999.0,0,3998.0
103154-2,103154,P7001,1,2999.0,0,2999.0
103155-1,103155,P1001,2,599.0,0,1198.0
103155-2,103155,P1010,2,899.0,0,1798.0
103156-1,103156,P8001,1,499.0,0,499.0
103156-2,103156,P1002,2,299.0,0,598.0
103156-3,103156,P2005,1,799.0,0,799.0
103157-1,103157,P2004,2,999.0,0,1998.0
103157-2,103157,P7001,1,2791.97,6.9,2791.97
103158-1,103158,P1010,1,899.0,0,899.0
103159-1,103159,P2005,2,799.0,0,1598.0
103161-1,103161,P2002,1,24999.0,0,24999.0
103161-2,103161,P5005,1,1999.0,0,1999.0
103161-3,103161,P6001,3,2499.0,0,7497.0
103163-1,103163,P3002,3,2499.0,0,7497.0
103165-1,103165,P7001,1,2742.11,8.6,2742.11
103166-1,103166,P1004,1,799.0,0,799.0
103166-2,103166,P3002,1,2499.0,0,2499.0
103167-1,103167,P8001,1,445.12,10.8,445.12
103167-2,103167,P6002,1,899.0,0,899.0
103167-3,103167,P1002,2,299.0,0,598.0
103168-1,103168,P3002,1,2499.0,0,2499.0
103169-1,103169,P7002,1,1499.0,0,1499.0
103169-2,103169,P8005,2,899.0,0,1798.0
103170-1,103170,P8001,1,499.0,0,499.0
103170-2,103170,P3007,1,1299.0,0,1299.0
103171-1,103171,P6004,1,1499.0,0,1499.0
103171-2,103171,P8003,1,799.0,0,799.0
103172-1,103172,P5003,1,699.0,0,699.0
103172-2,103172,P1008,1,1499.0,0,1499.0
103173-1,103173,P6001,1,2499.0,0,2499.0
103174-1,103174,P2004,1,999.0,0,999.0
103174-2,103174,P1007,1,3999.0,0,3999.0
103174-3,103174,P5005,1,1999.0,0,1999.0
103176-1,103176,P6002,1,899.0,0,899.0
103177-1,103177,P8002,1,545.0,9.0,545.0
103177-2,103177,P8005,1,899.0,0,899.0
103178-1,103178,P2001,1,15999.0,0,15999.0
103178-2,103178,P3002,1,2499.0,0,2499.0
103179-1,103179,P1009,1,12999.0,0,12999.0
103180-1,103180,P3002,1,2499.0,0,2499.0
103180-2,103180,P6003,1,1999.0,0,1999.0
103181-1,103181,P1006,1,699.0,0,699.0
103182-1,103182,P2006,1,4999.0,0,4999.0
103182-2,103182,P2005,1,799.0,0,799.0
103182-3,103182,P4003,1,1746.08,12.7,1746.08
103183-1,103183,P8005,1,899.0,0,899.0
103184-1,103184,P2002,1,24999.0,0,24999.0
103184-2,103184,P6004,1,1334.74,11.0,1334.74
103184-3,103184,P2005,2,799.0,0,1598.0
103185-1,103185,P2006,1,4999.0,0,4999.0
103185-2,103185,P6002,1,899.0,0,899.0
103185-3,103185,P7004,2,599.0,0,1198.0
103187-1,103187,P3004,1,199.0,0,199.0
103188-1,103188,P4005,2,3056.31,12.7,6112.62
103188-2,103188,P7004,1,528.93,11.7,528.93
103189-1,103189,P6001,1,2499.0,0,2499.0
103189-2,103189,P2002,2,24999.0,0,49998.0
103190-1,103190,P1002,1,255.27,14.6,255.27
103191-1,103191,P5004,1,4499.0,0,4499.0
103192-1,103192,P5004,1,4499.0,0,4499.0
103193-1,103193,P5001,3,5999.0,0,17997.0
103194-1,103194,P3003,2,519.91,13.2,1039.82
103195-1,103195,P3001,1,999.0,0,999.0
103197-1,103197,P3002,1,2211.73,11.5,2211.73
103198-1,103198,P2001,1,15999.0,0,15999.0
103198-2,103198,P5005,1,1777.77,11.1,1777.77
103198-3,103198,P8004,1,999.0,0,999.0
103198-4,103198,P6004,1,1499.0,0,1499.0
103199-1,103199,P2001,2,15999.0,0,31998.0
103199-2,103199,P7003,1,999.0,0,999.0
103199-3,103199,P1005,2,1299.0,0,2598.0
103200-1,103200,P3005,1,654.2,6.4,654.2
103201-1,103201,P1005,1,1162.53,10.5,1162.53
103201-2,103201,P3004,1,170.0,14.6,170.0
103201-3,103201,P1007,1,3999.0,0,3999.0
103202-1,103202,P3005,1,638.91,8.6,638.91
103203-1,103203,P1010,1,899.0,0,899.0
103204-1,103204,P8005,1,899.0,0,899.0
103205-1,103205,P2002,1,24999.0,0,24999.0
103205-2,103205,P2001,1,15999.0,0,15999.0
103206-1,103206,P3005,2,699.0,0,1398.0
103206-2,103206,P5003,1,699.0,0,699.0
103207-1,103207,P2001,2,15002.47,6.2,30004.94
103207-2,103207,P4005,1,3499.0,0,3499.0
103208-1,103208,P6003,1,1999.0,0,1999.0
103208-2,103208,P4005,1,3499.0,0,3499.0
103208-3,103208,P2002,2,24999.0,0,49998.0
103208-4,103208,P4001,1,7999.0,0,7999.0
103209-1,103209,P1006,1,699.0,0,699.0
103209-2,103209,P1002,2,299.0,0,598.0
103210-1,103210,P5005,2,1999.0,0,3998.0
103210-2,103210,P4003,1,1781.3,10.9,1781.3
103211-1,103211,P1007,2,3999.0,0,7998.0
103211-2,103211,P1002,3,299.0,0,897.0
103211-3,103211,P3006,1,999.0,0,999.0
103211-4,103211,P2002,1,24999.0,0,24999.0
103212-1,103212,P7004,2,529.1,11.7,1058.2
103212-2,103212,P3005,2,699.0,0,1398.0
103213-1,103213,P1001,1,599.0,0,599.0
103214-1,103214,P6004,3,1499.0,0,4497.0
103215-1,103215,P1001,3,543.63,9.2,1630.89
103216-1,103216,P4002,1,4999.0,0,4999.0
103217-1,103217,P1005,1,1104.41,15.0,1104.41
103217-2,103217,P3003,1,599.0,0,599.0
103218-1,103218,P5004,2,4499.0,0,8998.0
103219-1,103219,P5003,1,640.77,8.3,640.77
103219-2,103219,P6004,1,1499.0,0,1499.0
103220-1,103220,P2003,2,1499.0,0,2998.0
103221-1,103221,P4005,1,3499.0,0,3499.0
103222-1,103222,P3003,1,599.0,0,599.0
103223-1,103223,P1008,1,1499.0,0,1499.0
103223-2,103223,P8003,1,799.0,0,799.0
103224-1,103224,P2005,1,799.0,0,799.0
103224-2,103224,P4003,2,1999.0,0,3998.0
103224-3,103224,P4002,1,4513.29,9.7,4513.29
103224-4,103224,P1007,1,3999.0,0,3999.0
103224-5,103224,P3001,3,999.0,0,2997.0
103226-1,103226,P1001,1,599.0,0,599.0
103227-1,103227,P3002,2,2499.0,0,4998.0
103228-1,103228,P7001,2,2999.0,0,5998.0
103229-1,103229,P7002,2,1499.0,0,2998.0
103229-2,103229,P1003,2,2234.81,10.6,4469.62
103230-1,103230,P5004,1,4499.0,0,4499.0
103230-2,103230,P4002,1,4999.0,0,4999.0
103230-3,103230,P1010,3,899.0,0,2697.0
103231-1,103231,P6004,2,1499.0,0,2998.0
103232-1,103232,P7003,1,999.0,0,999.0
103232-2,103232,P6004,1,1499.0,0,1499.0
103233-1,103233,P3003,1,599.0,0,599.0
103234-1,103234,P4001,1,7999.0,0,7999.0
103235-1,103235,P1003,1,2499.0,0,2499.0
103236-1,103236,P4003,1,1771.02,11.4,1771.02
103236-2,103236,P1010,1,899.0,0,899.0
103237-1,103237,P1004,1,717.99,10.1,717.99
103237-2,103237,P2003,1,1385.88,7.5,1385.88
103238-1,103238,P2003,1,1499.0,0,1499.0
103238-2,103238,P6004,1,1499.0,0,1499.0
103238-3,103238,P2001,3,15999.0,0,47997.0
103239-1,103239,P5003,1,699.0,0,699.0
103240-1,103240,P2004,1,852.86,14.6,852.86
103241-1,103241,P1007,1,3999.0,0,3999.0
103242-1,103242,P7001,2,2999.0,0,5998.0
103242-2,103242,P2003,1,1499.0,0,1499.0
103243-1,103243,P8001,1,499.0,0,499.0
103243-2,103243,P3002,1,2499.0,0,2499.0
103243-3,103243,P4004,1,5999.0,0,5999.0
103245-1,103245,P2003,2,1499.0,0,2998.0
103245-2,103245,P1010,1,899.0,0,899.0
103245-3,103245,P8005,1,899.0,0,899.0
103246-1,103246,P5002,2,3499.0,0,6998.0
103247-1,103247,P3001,1,999.0,0,999.0
103247-2,103247,P8001,1,499.0,0,499.0
103247-3,103247,P2001,1,14601.89,8.7,14601.89
103248-1,103248,P8001,2,499.0,0,998.0
103249-1,103249,P8004,1,914.35,8.5,914.35
103250-1,103250,P5002,1,3499.0,0,3499.0
103251-1,103251,P4003,1,1869.06,6.5,1869.06
103251-2,103251,P1002,1,299.0,0,299.0
103253-1,103253,P7001,1,2731.16,8.9,2731.16
103254-1,103254,P4004,2,5999.0,0,11998.0
103254-2,103254,P1008,2,1499.0,0,2998.0
103256-1,103256,P5005,1,1999.0,0,1999.0
103257-1,103257,P2002,1,21858.3,12.6,21858.3
103258-1,103258,P5002,1,3499.0,0,3499.0
103258-2,103258,P1009,-1,12999.0,0,12999.0
103259-1,103259,P4004,1,5999.0,0,5999.0
103259-2,103259,P1002,1,274.09,8.3,274.09
103259-3,103259,P2002,1,24999.0,0,24999.0
103260-1,103260,P1003,1,2499.0,0,2499.0
103261-1,103261,P1001,2,599.0,0,1198.0
103262-1,103262,P2006,2,4999.0,0,9998.0
103263-1,103263,P3006,1,999.0,0,999.0
103263-2,103263,P2004,1,999.0,0,999.0
103264-1,103264,P3006,1,999.0,0,999.0
103265-1,103265,P3005,1,699.0,0,699.0
103265-2,103265,P8004,1,999.0,0,999.0
103265-3,103265,P7004,1,530.37,11.5,530.37
103265-4,103265,P6004,3,1499.0,0,4497.0
103265-5,103265,P1008,1,1499.0,0,1499.0
103266-1,103266,P4003,1,1999.0,0,1999.0
103266-2,103266,P1009,2,11205.06,13.8,22410.12
103266-3,103266,P2001,1,15999.0,0,15999.0
103267-1,103267,P3004,1,199.0,0,199.0
103268-1,103268,P6001,1,2499.0,0,2499.0
103268-2,103268,P7001,1,2999.0,0,2999.0
103269-1,103269,P6003,1,1999.0,0,1999.0
103270-1,103270,P4003,1,1999.0,0,1999.0
103272-1,103272,P1004,1,799.0,0,799.0
103273-1,103273,P3002,1,2340.92,6.3,2340.92
103273-2,103273,P2003,3,1294.36,13.7,3883.08
103274-1,103274,P6004,1,1297.92,13.4,1297.92
103274-2,103274,P1010,1,899.0,0,899.0
103274-3,103274,P1001,2,599.0,0,1198.0
103275-1,103275,P1002,1,278.38,6.9,278.38
103275-2,103275,P1001,2,599.0,0,1198.0
103275-3,103275,P7002,2,1369.59,8.6,2739.18
103276-1,103276,P2003,1,1499.0,0,1499.0
103277-1,103277,P6002,1,899.0,0,899.0
103277-2,103277,P6004,1,1499.0,0,1499.0
103277-3,103277,P5003,1,699.0,0,699.0
103277-4,103277,P2006,1,4999.0,0,4999.0
103278-1,103278,P5002,1,3499.0,0,3499.0
103279-1,103279,P8005,1,899.0,0,899.0
103280-1,103280,P1006,2,699.0,0,1398.0
103280-2,103280,P8001,1,499.0,0,499.0
103281-1,103281,P7002,2,1499.0,0,2998.0
103281-2,103281,P4003,1,1999.0,0,1999.0
103281-3,103281,P6004,1,1499.0,0,1499.0
103282-1,103282,P8004,2,999.0,0,1998.0
103283-1,103283,P3001,1,999.0,0,999.0
103283-2,103283,P7001,1,2999.0,0,2999.0
103284-1,103284,P8001,1,499.0,0,499.0
103285-1,103285,P7001,2,2670.45,11.0,5340.9
103285-2,103285,P1004,-1,799.0,0,799.0
103286-1,103286,P5002,1,3499.0,0,3499.0
103286-2,103286,P4005,1,3499.0,0,3499.0
103287-1,103287,P6003,2,1999.0,0,3998.0
103287-2,103287,P5004,1,4499.0,0,4499.0
103287-3,103287,P4002,1,4999.0,0,4999.0
103288-1,103288,P6004,1,1499.0,0,1499.0
103288-2,103288,P1010,1,899.0,0,899.0
103288-3,103288,P1009,1,12999.0,0,12999.0
103289-1,103289,P7004,1,599.0,0,599.0
103290-1,103290,P8002,1,599.0,0,599.0
103290-2,103290,P5005,1,1999.0,0,1999.0
103290-3,103290,P4002,1,4999.0,0,4999.0
103291-1,103291,P1003,1,2499.0,0,2499.0
103293-1,103293,P2003,2,1499.0,0,2998.0
103293-2,103293,P3006,1,999.0,0,999.0
103294-1,103294,P7001,2,2651.14,11.6,5302.28
103294-2,103294,P5001,2,5500.8,8.3,11001.6
103294-3,103294,P1009,2,12999.0,0,25998.0
103295-1,103295,P5003,2,699.0,0,1398.0
103295-2,103295,P2003,2,1499.0,0,2998.0
103295-3,103295,P5002,1,3191.85,8.8,3191.85
103296-1,103296,P5004,1,4499.0,0,4499.0
103297-1,103297,P7002,2,1499.0,0,2998.0
103297-2,103297,P2002,2,24999.0,0,49998.0
103298-1,103298,P1002,2,299.0,0,598.0
103299-1,103299,P1006,2,699.0,0,1398.0
103300-1,103300,P7001,1,2999.0,0,2999.0
103301-1,103301,P6004,1,1385.08,7.6,1385.08
103302-1,103302,P6004,2,1499.0,0,2998.0
103303-1,103303,P1004,1,799.0,0,799.0
103304-1,103304,P2002,3,24999.0,0,74997.0
103304-2,103304,P5004,1,4499.0,0,4499.0
103305-1,103305,P1009,1,12999.0,0,12999.0
103305-2,103305,P5002,2,3219.21,8.0,6438.42
103305-3,103305,P2004,2,999.0,0,1998.0
103305-4,103305,P6001,1,2499.0,0,2499.0
103305-5,103305,P3002,1,2499.0,0,2499.0
103306-1,103306,P4001,1,7999.0,0,7999.0
103307-1,103307,P2003,2,1499.0,0,2998.0
103308-1,103308,P3002,1,2499.0,0,2499.0
103309-1,103309,P3001,1,914.45,8.5,914.45
103309-2,103309,P1010,1,838.78,6.7,838.78
103309-3,103309,P7004,1,599.0,0,599.0
103309-4,103309,P1002,1,264.66,11.5,264.66
103309-5,103309,P8003,1,799.0,0,799.0
103311-1,103311,P3006,1,999.0,0,999.0
103311-2,103311,P4003,1,1999.0,0,1999.0
103312-1,103312,P3005,1,699.0,0,699.0
103313-1,103313,P3003,1,599.0,0,599.0
103313-2,103313,P2003,1,1395.01,6.9,1395.01
103313-3,103313,P2002,2,23052.35,7.8,46104.7
103313-4,103313,P3002,1,2499.0,0,2499.0
103314-1,103314,P5005,1,1999.0,0,1999.0
103314-2,103314,P7002,1,1285.14,14.3,1285.14
103314-3,103314,P8001,1,499.0,0,499.0
103315-1,103315,P7004,1,599.0,0,599.0
103315-2,103315,P4004,1,5644.55,5.9,5644.55
103318-1,103318,P2003,2,1499.0,0,2998.0
103318-2,103318,P1006,2,699.0,0,1398.0
103319-1,103319,P2003,1,1499.0,0,1499.0
103319-2,103319,P7004,1,599.0,0,599.0
103320-1,103320,P7002,1,1305.49,12.9,1305.49
103320-2,103320,P2001,1,15999.0,0,15999.0
103322-1,103322,P1003,3,2499.0,0,7497.0
103323-1,103323,P2006,1,4999.0,0,4999.0
103324-1,103324,P3006,2,999.0,0,1998.0
103324-2,103324,P8005,2,899.0,0,1798.0
103324-3,103324,P5005,1,1999.0,0,1999.0
103324-4,103324,P1009,1,12999.0,0,12999.0
103324-5,103324,P2004,1,912.01,8.7,912.01
103325-1,103325,P1001,1,599.0,0,599.0
103325-2,103325,P5002,1,3499.0,0,3499.0
103326-1,103326,P3007,1,1123.47,13.5,1123.47
103327-1,103327,P2003,3,1499.0,0,4497.0
103327-2,103327,P3003,1,599.0,0,599.0
103327-3,103327,P6002,1,790.93,12.0,790.93
103327-4,103327,P3005,1,699.0,0,699.0
103328-1,103328,P7004,1,599.0,0,599.0
103328-2,103328,P5004,2,3908.02,13.1,7816.04
103328-3,103328,P1009,1,12174.62,6.3,12174.62
103329-1,103329,P6004,3,1499.0,0,4497.0
103330-1,103330,P1001,1,556.78,7.0,556.78
103331-1,103331,P8005,1,899.0,0,899.0
103331-2,103331,P1003,2,2499.0,0,4998.0
103332-1,103332,P1007,1,3410.52,14.7,3410.52
103332-2,103332,P5005,1,1882.01,5.9,1882.01
103332-3,103332,P6001,1,2499.0,0,2499.0
103333-1,103333,P1001,1,599.0,0,599.0
103334-1,103334,P3007,1,1299.0,0,1299.0
103335-1,103335,P6004,1,1290.25,13.9,1290.25
103335-2,103335,P4001,2,7999.0,0,15998.0
103336-1,103336,P1008,1,1499.0,0,1499.0
103337-1,103337,P2005,2,799.0,0,1598.0
103337-2,103337,P3003,1,553.46,7.6,553.46
103337-3,103337,P1007,1,3999.0,0,3999.0
103337-4,103337,P1001,1,599.0,0,599.0
103338-1,103338,P3003,2,599.0,0,1198.0
103338-2,103338,P8002,1,599.0,0,599.0
103338-3,103338,P6004,1,1347.54,10.1,1347.54
103339-1,103339,P2004,3,999.0,0,2997.0
103339-2,103339,P6001,1,2499.0,0,2499.0
103339-3,103339,P1010,1,834.83,7.1,834.83
103340-1,103340,P6004,1,1415.73,5.6,1415.73
103340-2,103340,P7002,2,1499.0,0,2998.0
103341-1,103341,P3003,1,599.0,0,599.0
103342-1,103342,P1005,2,1299.0,0,2598.0
103343-1,103343,P1009,1,12999.0,0,12999.0
103344-1,103344,P2004,1,999.0,0,999.0
103345-1,103345,P3005,1,699.0,0,699.0
103346-1,103346,P1005,1,1299.0,0,1299.0
103346-2,103346,P3004,2,199.0,0,398.0
103346-3,103346,P2004,1,999.0,0,999.0
103346-4,103346,P4005,2,3499.0,0,6998.0
103347-1,103347,P3006,1,869.92,12.9,869.92
103347-2,103347,P1005,1,1299.0,0,1299.0
103349-1,103349,P5002,1,3499.0,0,3499.0
103349-2,103349,P8001,1,499.0,0,499.0
103350-1,103350,P1006,3,699.0,0,2097.0
103350-2,103350,P1010,1,899.0,0,899.0
103351-1,103351,P3003,3,539.74,9.9,1619.22
103351-2,103351,P4003,1,1864.27,6.7,1864.27
103351-3,103351,P5001,1,5515.94,8.1,5515.94
103351-4,103351,P1006,2,699.0,0,1398.0
103352-1,103352,P1010,1,899.0,0,899.0
103353-1,103353,P7001,1,2999.0,0,2999.0
103353-2,103353,P2001,1,15999.0,0,15999.0
103354-1,103354,P4005,1,3499.0,0,3499.0
103354-2,103354,P6002,1,899.0,0,899.0
103354-3,103354,P3004,1,199.0,0,199.0
103355-1,103355,P4001,2,7265.19,9.2,14530.38
103356-1,103356,P3006,1,931.1,6.8,931.1
103357-1,103357,P2005,1,799.0,0,799.0
103357-2,103357,P1002,2,299.0,0,598.0
103358-1,103358,P4002,1,4999.0,0,4999.0
103359-1,103359,P1001,1,513.91,14.2,513.91
103359-2,103359,P3006,2,999.0,0,1998.0
103359-3,103359,P1006,1,699.0,0,699.0
103359-4,103359,P8002,1,599.0,0,599.0
103360-1,103360,P3007,1,1299.0,0,1299.0
103360-2,103360,P5002,1,3499.0,0,3499.0
103361-1,103361,P3005,1,660.1,5.6,660.1
103361-2,103361,P3003,1,599.0,0,599.0
103362-1,103362,P4005,1,3499.0,0,3499.0
103362-2,103362,P8004,1,999.0,0,999.0
103363-1,103363,P3004,1,199.0,0,199.0
103364-1,103364,P5005,1,1895.1,5.2,1895.1
103364-2,103364,P8004,2,999.0,0,1998.0
103365-1,103365,P4003,2,1999.0,0,3998.0
103365-2,103365,P2002,1,24999.0,0,24999.0
103366-1,103366,P2004,2,999.0,0,1998.0
103367-1,103367,P4001,1,7999.0,0,7999.0
103368-1,103368,P4004,1,5999.0,0,5999.0
103369-1,103369,P2006,1,4999.0,0,4999.0
103369-2,103369,P3006,1,999.0,0,999.0
103369-3,103369,P1009,1,12288.88,5.5,12288.88
103370-1,103370,P5001,1,5999.0,0,5999.0
103370-2,103370,P1006,1,600.26,14.1,600.26
103371-1,103371,P8002,1,599.0,0,599.0
103371-2,103371,P2006,1,4999.0,0,4999.0
103372-1,103372,P5004,1,4499.0,0,4499.0
103373-1,103373,P8005,1,899.0,0,899.0
103374-1,103374,P1001,1,599.0,0,599.0
103374-2,103374,P2001,1,15999.0,0,15999.0
103374-3,103374,P7003,1,999.0,0,999.0
103375-1,103375,P5003,3,630.7,9.8,1892.1
103375-2,103375,P8001,2,499.0,0,998.0
103375-3,103375,P4001,1,7184.94,10.2,7184.94
103376-1,103376,P1008,1,1499.0,0,1499.0
103378-1,103378,P6003,1,1999.0,0,1999.0
103378-2,103378,P1007,2,3999.0,0,7998.0
103380-1,103380,P7002,2,1405.75,6.2,2811.5
103381-1,103381,P3007,1,1299.0,0,1299.0
103381-2,103381,P3005,1,699.0,0,699.0
103381-3,103381,P4003,2,1999.0,0,3998.0
103382-1,103382,P4003,2,1999.0,0,3998.0
103382-2,103382,P2001,1,15999.0,0,15999.0
103383-1,103383,P7002,3,1499.0,0,4497.0
103384-1,103384,P2006,2,4564.54,8.7,9129.08
103385-1,103385,P6004,2,1499.0,0,2998.0
103386-1,103386,P5005,1,1999.0,0,1999.0
103386-2,103386,P4002,1,4999.0,0,4999.0
103387-1,103387,P2006,2,4999.0,0,9998.0
103387-2,103387,P6003,1,1999.0,0,1999.0
103387-3,103387,P6004,1,1297.99,13.4,1297.99
103388-1,103388,P8003,2,799.0,0,1598.0
103388-2,103388,P2002,1,24999.0,0,24999.0
103388-3,103388,P3007,2,1299.0,0,2598.0
103388-4,103388,P2005,3,710.33,11.1,2130.99
103389-1,103389,P8004,1,999.0,0,999.0
103389-2,103389,P7004,1,599.0,0,599.0
103390-1,103390,P4004,1,5491.72,8.5,5491.72
103390-2,103390,P1005,2,1299.0,0,2598.0
103390-3,103390,P6001,2,2182.57,12.7,4365.14
103391-1,103391,P6002,1,798.1,11.2,798.1
103391-2,103391,P2005,1,723.58,9.4,723.58
103391-3,103391,P2004,1,999.0,0,999.0
103391-4,103391,P3007,1,1167.5,10.1,1167.5
103392-1,103392,P6001,1,2499.0,0,2499.0
103393-1,103393,P2005,2,697.86,12.7,1395.72
103393-2,103393,P6003,1,1880.78,5.9,1880.78
103393-3,103393,P4001,1,7156.87,10.5,7156.87
103393-4,103393,P8002,1,511.23,14.7,511.23
103394-1,103394,P1004,1,799.0,0,799.0
103394-2,103394,P3004,1,188.03,5.5,188.03
103394-3,103394,P8002,1,599.0,0,599.0
103394-4,103394,P2003,1,1499.0,0,1499.0
103395-1,103395,P1003,1,2333.88,6.6,2333.88
103396-1,103396,P4005,1,3499.0,0,3499.0
103396-2,103396,P1007,3,3999.0,0,11997.0
103397-1,103397,P3006,1,999.0,0,999.0
103397-2,103397,P1002,2,299.0,0,598.0
103398-1,103398,P3005,2,699.0,0,1398.0
103398-2,103398,P5001,1,5402.11,9.9,5402.11
103399-1,103399,P3001,1,999.0,0,999.0
103399-2,103399,P2006,1,4999.0,0,4999.0
103399-3,103399,P2003,1,1499.0,0,1499.0
103400-1,103400,P5004,1,4499.0,0,4499.0
103400-2,103400,P1008,2,1499.0,0,2998.0
103401-1,103401,P8004,1,865.88,13.3,865.88
103401-2,103401,P5001,1,5429.85,9.5,5429.85
103402-1,103402,P2005,1,694.72,13.1,694.72
103403-1,103403,P5003,1,699.0,0,699.0
103403-2,103403,P2005,1,799.0,0,799.0
103404-1,103404,P1006,1,656.76,6.0,656.76
103405-1,103405,P5004,1,4499.0,0,4499.0
103405-2,103405,P2006,1,4999.0,0,4999.0
103405-3,103405,P2003,2,1499.0,0,2998.0
103406-1,103406,P1009,1,12999.0,0,12999.0
103407-1,103407,P3006,1,999.0,0,999.0
103408-1,103408,P5003,1,699.0,0,699.0
103408-2,103408,P6003,3,1999.0,0,5997.0
103409-1,103409,P7004,1,566.3,5.5,566.3
103409-2,103409,P3001,2,919.32,8.0,1838.64
103409-3,103409,P2001,1,14283.17,10.7,14283.17
103410-1,103410,P3001,2,911.08,8.8,1822.16
103410-2,103410,P2002,1,24999.0,0,24999.0
103411-1,103411,P1006,1,699.0,0,699.0
103411-2,103411,P8001,-1,499.0,0,499.0
103411-3,103411,P1010,1,899.0,0,899.0
103411-4,103411,P2004,2,862.94,13.6,1725.88
103411-5,103411,P6002,1,899.0,0,899.0
103412-1,103412,P8002,1,599.0,0,599.0
103412-2,103412,P1001,1,565.57,5.6,565.57
103413-1,103413,P4004,1,5999.0,0,5999.0
103414-1,103414,P1003,1,2499.0,0,2499.0
103415-1,103415,P1002,2,299.0,0,598.0
103417-1,103417,P7002,1,1499.0,0,1499.0
103417-2,103417,P5003,1,699.0,0,699.0
103419-1,103419,P4005,1,3499.0,0,3499.0
103419-2,103419,P4004,1,5999.0,0,5999.0
103419-3,103419,P2004,1,999.0,0,999.0
103419-4,103419,P1006,1,699.0,0,699.0
103419-5,103419,P1001,1,545.09,9.0,545.09
103421-1,103421,P1001,1,599.0,0,599.0
103422-1,103422,P3004,1,199.0,0,199.0
103422-2,103422,P8005,1,899.0,0,899.0
103423-1,103423,P1005,1,1299.0,0,1299.0
103424-1,103424,P2001,1,15074.86,5.8,15074.86
103424-2,103424,P6003,1,1999.0,0,1999.0
103424-3,103424,P5001,1,5999.0,0,5999.0
103424-4,103424,P4004,1,5999.0,0,5999.0
103425-1,103425,P1002,1,299.0,0,299.0
103426-1,103426,P2005,2,799.0,0,1598.0
103427-1,103427,P3003,1,599.0,0,599.0
103427-2,103427,P2003,2,1393.47,7.0,2786.94
103428-1,103428,P2004,1,999.0,0,999.0
103428-2,103428,P4003,1,1708.24,14.5,1708.24
103428-3,103428,P2005,1,799.0,0,799.0
103429-1,103429,P3005,1,699.0,0,699.0
103429-2,103429,P1008,2,1499.0,0,2998.0
103429-3,103429,P8003,1,799.0,0,799.0
103430-1,103430,P3002,3,2499.0,0,7497.0
103431-1,103431,P1009,2,11684.78,10.1,23369.56
103432-1,103432,P2001,1,15999.0,0,15999.0
103432-2,103432,P3004,2,199.0,0,398.0
103432-3,103432,P1005,1,1299.0,0,1299.0
103432-4,103432,P6004,1,1499.0,0,1499.0
103433-1,103433,P4002,2,4999.0,0,9998.0
103433-2,103433,P2005,1,799.0,0,799.0
103433-3,103433,P4005,3,3499.0,0,10497.0
103434-1,103434,P4001,1,7999.0,0,7999.0
103434-2,103434,P1006,1,699.0,0,699.0
103435-1,103435,P1002,1,299.0,0,299.0
103435-2,103435,P5001,1,5999.0,0,5999.0
103437-1,103437,P1004,1,799.0,0,799.0
103438-1,103438,P8005,1,899.0,0,899.0
103438-2,103438,P5005,2,1999.0,0,3998.0
103439-1,103439,P6002,1,899.0,0,899.0
103439-2,103439,P6004,1,1499.0,0,1499.0
103440-1,103440,P2003,1,1499.0,0,1499.0
103440-2,103440,P3003,1,599.0,0,599.0
103440-3,103440,P4003,1,1999.0,0,1999.0
103442-1,103442,P1010,1,776.59,13.6,776.59
103442-2,103442,P5001,1,5999.0,0,5999.0
103443-1,103443,P1006,1,699.0,0,699.0
103444-1,103444,P2001,1,15999.0,0,15999.0
103444-2,103444,P4001,1,6921.57,13.5,6921.57
103445-1,103445,P2004,1,907.83,9.1,907.83
103445-2,103445,P7004,1,599.0,0,599.0
103445-3,103445,P4002,1,4573.99,8.5,4573.99
103445-4,103445,P5003,1,699.0,0,699.0
103446-1,103446,P1008,1,1347.15,10.1,1347.15
103446-2,103446,P4003,2,1999.0,0,3998.0
103447-1,103447,P2006,1,4999.0,0,4999.0
103448-1,103448,P1006,2,699.0,0,1398.0
103449-1,103449,P6001,2,2499.0,0,4998.0
103449-2,103449,P2001,2,15999.0,0,31998.0
103449-3,103449,P4002,1,4999.0,0,4999.0
103449-4,103449,P3006,2,999.0,0,1998.0
103450-1,103450,P3005,1,627.94,10.2,627.94
103450-2,103450,P1008,2,1421.64,5.2,2843.28
103451-1,103451,P5004,1,4499.0,0,4499.0
103451-2,103451,P3001,1,999.0,0,999.0
103451-3,103451,P8002,1,599.0,0,599.0
103452-1,103452,P1002,1,299.0,0,299.0
103452-2,103452,P1005,2,1299.0,0,2598.0
103452-3,103452,P3002,1,2499.0,0,2499.0
103452-4,103452,P3007,1,1299.0,0,1299.0
103453-1,103453,P2003,1,1499.0,0,1499.0
103453-2,103453,P1010,2,899.0,0,1798.0
103454-1,103454,P8005,1,899.0,0,899.0
103454-2,103454,P6004,1,1366.54,8.8,1366.54
103455-1,103455,P4001,2,7999.0,0,15998.0
103455-2,103455,P1007,1,3999.0,0,3999.0
103456-1,103456,P5001,1,5999.0,0,5999.0
103457-1,103457,P7004,3,599.0,0,1797.0
103458-1,103458,P1004,1,799.0,0,799.0
103459-1,103459,P3006,1,999.0,0,999.0
103460-1,103460,P3003,1,599.0,0,599.0
103460-2,103460,P1006,1,601.05,14.0,601.05
103461-1,103461,P2006,1,4999.0,0,4999.0
103461-2,103461,P1008,1,1499.0,0,1499.0
103462-1,103462,P5005,3,1999.0,0,5997.0
103463-1,103463,P1007,1,3999.0,0,3999.0
103464-1,103464,P1008,2,1499.0,0,2998.0
103465-1,103465,P5002,1,3171.36,9.4,3171.36
103465-2,103465,P8003,1,799.0,0,799.0
103466-1,103466,P4004,2,5999.0,0,11998.0
103467-1,103467,P7002,2,1405.4,6.2,2810.8
103468-1,103468,P7002,2,1499.0,0,2998.0
103468-2,103468,P1005,1,1299.0,0,1299.0
103469-1,103469,P3005,3,699.0,0,2097.0
103470-1,103470,P1007,1,3999.0,0,3999.0
103470-2,103470,P4003,1,1869.31,6.5,1869.31
103470-3,103470,P1009,1,12999.0,0,12999.0
103471-1,103471,P1009,1,12999.0,0,12999.0
103472-1,103472,P7003,1,999.0,0,999.0
103473-1,103473,P8001,2,499.0,0,998.0
103473-2,103473,P7002,1,1499.0,0,1499.0
103474-1,103474,P1003,1,2499.0,0,2499.0
103475-1,103475,P4004,2,5999.0,0,11998.0
103475-2,103475,P8002,2,599.0,0,1198.0
103475-3,103475,P4003,1,1896.95,5.1,1896.95
103476-1,103476,P3006,1,999.0,0,999.0
103476-2,103476,P5003,1,598.02,14.4,598.02
103476-3,103476,P2002,1,24999.0,0,24999.0
103476-4,103476,P1002,1,299.0,0,299.0
103476-5,103476,P8001,1,499.0,0,499.0
103477-1,103477,P3004,1,199.0,0,199.0
103477-2,103477,P1004,2,685.26,14.2,1370.52
103477-3,103477,P4002,1,4676.05,6.5,4676.05
103477-4,103477,P5004,1,4499.0,0,4499.0
103478-1,103478,P1007,1,3999.0,0,3999.0
103479-1,103479,P6002,1,899.0,0,899.0
103480-1,103480,P4002,2,4999.0,0,9998.0
103481-1,103481,P8003,2,682.96,14.5,1365.92
103481-2,103481,P6001,1,2499.0,0,2499.0
103481-3,103481,P1002,1,279.57,6.5,279.57
103481-4,103481,P2004,1,864.69,13.4,864.69
103482-1,103482,P1003,2,2363.66,5.4,4727.32
103483-1,103483,P4005,2,3499.0,0,6998.0
103483-2,103483,P4004,1,5999.0,0,5999.0
103483-3,103483,P2005,1,716.02,10.4,716.02
103484-1,103484,P1002,2,299.0,0,598.0
103484-2,103484,P1009,1,12999.0,0,12999.0
103485-1,103485,P1004,1,799.0,0,799.0
103485-2,103485,P3002,1,2499.0,0,2499.0
103485-3,103485,P5002,1,3499.0,0,3499.0
103485-4,103485,P5004,1,4499.0,0,4499.0
103485-5,103485,P3007,1,1299.0,0,1299.0
103486-1,103486,P8003,1,799.0,0,799.0
103487-1,103487,P4001,1,7999.0,0,7999.0
103487-2,103487,P5003,1,656.04,6.1,656.04
103487-3,103487,P1005,1,1299.0,0,1299.0
103488-1,103488,P6002,1,899.0,0,899.0
103488-2,103488,P7003,1,999.0,0,999.0
103488-3,103488,P5003,1,699.0,0,699.0
103490-1,103490,P1007,1,3999.0,0,3999.0
103491-1,103491,P4004,1,5251.76,12.5,5251.76
103493-1,103493,P4004,2,5999.0,0,11998.0
103493-2,103493,P3003,2,599.0,0,1198.0
103493-3,103493,P2003,2,1291.46,13.8,2582.92
103494-1,103494,P4002,2,4999.0,0,9998.0
103494-2,103494,P2001,1,15999.0,0,15999.0
103494-3,103494,P7002,1,1499.0,0,1499.0
103494-4,103494,P8001,2,499.0,0,998.0
103494-5,103494,P6004,1,1323.69,11.7,1323.69
103495-1,103495,P2005,1,799.0,0,799.0
103496-1,103496,P4005,2,3499.0,0,6998.0
103497-1,103497,P5005,1,1999.0,0,1999.0
103497-2,103497,P7001,1,2999.0,0,2999.0
103497-3,103497,P1004,1,799.0,0,799.0
103497-4,103497,P1007,1,3999.0,0,3999.0
103498-1,103498,P2001,2,13999.28,12.5,27998.56
103500-1,103500,P1006,1,619.7,11.3,619.7
103500-2,103500,P4004,2,5999.0,0,11998.0
103500-3,103500,P1001,2,599.0,0,1198.0
103503-1,103503,P2002,1,21412.79,14.3,21412.79
103505-1,103505,P1006,2,699.0,0,1398.0
103505-2,103505,P4005,1,3499.0,0,3499.0
103506-1,103506,P1009,2,12999.0,0,25998.0
103506-2,103506,P4003,1,1999.0,0,1999.0
103506-3,103506,P6001,1,2177.44,12.9,2177.44
103506-4,103506,P3004,1,176.16,11.5,176.16
103508-1,103508,P2002,1,24999.0,0,24999.0
103508-2,103508,P1009,1,11608.16,10.7,11608.16
103508-3,103508,P1010,2,899.0,0,1798.0
103509-1,103509,P5001,1,5519.78,8.0,5519.78
103510-1,103510,P4002,1,4999.0,0,4999.0
103511-1,103511,P1007,1,3999.0,0,3999.0
103512-1,103512,P2005,1,704.09,11.9,704.09
103512-2,103512,P1005,1,1157.32,10.9,1157.32
103513-1,103513,P1001,1,599.0,0,599.0
103514-1,103514,P1001,1,599.0,0,599.0
103514-2,103514,P1002,1,299.0,0,299.0
103514-3,103514,P1005,1,1299.0,0,1299.0
103515-1,103515,P1003,1,2499.0,0,2499.0
103515-2,103515,P4002,2,4999.0,0,9998.0
103515-3,103515,P7001,1,2999.0,0,2999.0
103516-1,103516,P7003,2,999.0,0,1998.0
103516-2,103516,P4005,1,3499.0,0,3499.0
103516-3,103516,P3005,2,699.0,0,1398.0
103517-1,103517,P8002,1,540.47,9.8,540.47
103518-1,103518,P7001,2,2999.0,0,5998.0
103519-1,103519,P4003,2,1715.51,14.2,3431.02
103519-2,103519,P3005,2,699.0,0,1398.0
103519-3,103519,P1010,1,899.0,0,899.0
103519-4,103519,P5001,1,5999.0,0,5999.0
103520-1,103520,P6002,1,815.41,9.3,815.41
103521-1,103521,P6001,1,2499.0,0,2499.0
103521-2,103521,P4001,2,7212.07,9.8,14424.14
103522-1,103522,P8002,1,599.0,0,599.0
103523-1,103523,P1001,2,599.0,0,1198.0
103524-1,103524,P8001,3,499.0,0,1497.0
103525-1,103525,P3004,1,199.0,0,199.0
103525-2,103525,P8001,1,499.0,0,499.0
103526-1,103526,P3002,2,2499.0,0,4998.0
103526-2,103526,P6003,1,1999.0,0,1999.0
103527-1,103527,P1008,1,1499.0,0,1499.0
103527-2,103527,P2003,1,1499.0,0,1499.0
103528-1,103528,P3003,1,599.0,0,599.0
103528-2,103528,P2004,1,999.0,0,999.0
103528-3,103528,P1001,1,599.0,0,599.0
103529-1,103529,P1009,1,12999.0,0,12999.0
103530-1,103530,P2002,1,24999.0,0,24999.0
103531-1,103531,P1009,1,12999.0,0,12999.0
103531-2,103531,P3006,3,906.49,9.3,2719.47
103531-3,103531,P3002,1,2499.0,0,2499.0
103532-1,103532,P4002,1,4999.0,0,4999.0
103532-2,103532,P1002,1,299.0,0,299.0
103533-1,103533,P8005,1,899.0,0,899.0
103533-2,103533,P3007,1,1299.0,0,1299.0
103533-3,103533,P3005,1,699.0,0,699.0
103534-1,103534,P1001,3,599.0,0,1797.0
103534-2,103534,P8004,2,931.69,6.7,1863.38
103535-1,103535,P3005,1,699.0,0,699.0
103535-2,103535,P1008,2,1499.0,0,2998.0
103535-3,103535,P2001,1,15999.0,0,15999.0
103536-1,103536,P8001,1,499.0,0,499.0
103537-1,103537,P3003,2,599.0,0,1198.0
103538-1,103538,P8004,1,999.0,0,999.0
103538-2,103538,P8001,1,471.21,5.6,471.21
103538-3,103538,P7004,2,599.0,0,1198.0
103539-1,103539,P2003,1,1403.39,6.4,1403.39
103539-2,103539,P2002,3,24999.0,0,74997.0
103539-3,103539,P1007,1,3999.0,0,3999.0
103540-1,103540,P8002,1,529.6,11.6,529.6
103540-2,103540,P4005,1,3499.0,0,3499.0
103541-1,103541,P4001,1,7999.0,0,7999.0
103541-2,103541,P6004,1,1499.0,0,1499.0
103542-1,103542,P1002,1,299.0,0,299.0
103543-1,103543,P1002,1,299.0,0,299.0
103543-2,103543,P3003,2,519.07,13.3,1038.14
103543-3,103543,P4004,1,5999.0,0,5999.0
103544-1,103544,P1010,1,847.29,5.8,847.29
103545-1,103545,P6001,1,2499.0,0,2499.0
103546-1,103546,P5002,1,3499.0,0,3499.0
103547-1,103547,P3003,1,599.0,0,599.0
103547-2,103547,P1004,1,694.74,13.0,694.74
103547-3,103547,P1006,1,699.0,0,699.0
103548-1,103548,P6004,2,1367.77,8.8,2735.54
103548-2,103548,P5001,1,5999.0,0,5999.0
103549-1,103549,P1009,1,12153.63,6.5,12153.63
103549-2,103549,P8003,1,799.0,0,799.0
103550-1,103550,P1005,1,1299.0,0,1299.0
103551-1,103551,P3006,1,999.0,0,999.0
103551-2,103551,P7004,1,599.0,0,599.0
103552-1,103552,P3007,1,1299.0,0,1299.0
103552-2,103552,P1003,2,2499.0,0,4998.0
103553-1,103553,P3006,1,999.0,0,999.0
103553-2,103553,P2005,2,799.0,0,1598.0
103554-1,103554,P4002,2,4999.0,0,9998.0
103555-1,103555,P4002,1,4691.27,6.2,4691.27
103556-1,103556,P3007,2,1299.0,0,2598.0
103556-2,103556,P7001,3,2999.0,0,8997.0
103556-3,103556,P2006,1,4999.0,0,4999.0
103557-1,103557,P1009,1,12999.0,0,12999.0
103557-2,103557,P1002,3,299.0,0,897.0
103558-1,103558,P8003,1,743.91,6.9,743.91
103559-1,103559,P1008,1,1291.04,13.9,1291.04
103559-2,103559,P3005,2,699.0,0,1398.0
103560-1,103560,P5002,1,3499.0,0,3499.0
103561-1,103561,P8001,1,438.0,12.2,438.0
103561-2,103561,P7002,1,1499.0,0,1499.0
103562-1,103562,P4001,2,7999.0,0,15998.0
103562-2,103562,P1001,2,599.0,0,1198.0
103562-3,103562,P3007,1,1299.0,0,1299.0
103562-4,103562,P6001,1,2499.0,0,2499.0
103563-1,103563,P2003,1,1499.0,0,1499.0
103564-1,103564,P1004,1,799.0,0,799.0
103564-2,103564,P1010,1,899.0,0,899.0
103565-1,103565,P2002,1,22633.63,9.5,22633.63
103566-1,103566,P7003,1,908.54,9.1,908.54
103567-1,103567,P1007,2,3509.99,12.2,7019.98
103568-1,103568,P5005,1,1999.0,0,1999.0
103569-1,103569,P5001,2,5272.14,12.1,10544.28
103569-2,103569,P3001,1,891.93,10.7,891.93
103570-1,103570,P3003,1,599.0,0,599.0
103570-2,103570,P7003,1,896.34,10.3,896.34
103570-3,103570,P6004,1,1499.0,0,1499.0
103571-1,103571,P7002,2,1499.0,0,2998.0
103571-2,103571,P3003,2,599.0,0,1198.0
103571-3,103571,P8003,1,695.06,13.0,695.06
103572-1,103572,P4005,1,3499.0,0,3499.0
103572-2,103572,P1001,1,599.0,0,599.0
103572-3,103572,P7001,2,2999.0,0,5998.0
103573-1,103573,P1001,3,599.0,0,1797.0
103575-1,103575,P3006,2,999.0,0,1998.0
103576-1,103576,P5005,1,1999.0,0,1999.0
103576-2,103576,P3007,1,1135.29,12.6,1135.29
103578-1,103578,P3002,1,2499.0,0,2499.0
103579-1,103579,P2003,1,1326.83,11.5,1326.83
103580-1,103580,P8002,3,599.0,0,1797.0
103581-1,103581,P7003,1,999.0,0,999.0
103581-2,103581,P5005,1,1812.19,9.3,1812.19
103581-3,103581,P1006,2,699.0,0,1398.0
103581-4,103581,P1007,1,3447.6,13.8,3447.6
103581-5,103581,P3005,1,699.0,0,699.0
103582-1,103582,P3007,1,1205.55,7.2,1205.55
103582-2,103582,P6003,1,1999.0,0,1999.0
103582-3,103582,P7003,1,999.0,0,999.0
103582-4,103582,P1007,1,3999.0,0,3999.0
103583-1,103583,P1003,1,2499.0,0,2499.0
103583-2,103583,P6004,3,1499.0,0,4497.0
103583-3,103583,P5003,1,699.0,0,699.0
103584-1,103584,P4001,1,7999.0,0,7999.0
103585-1,103585,P3006,1,999.0,0,999.0
103585-2,103585,P2001,2,15999.0,0,31998.0
103585-3,103585,P5002,1,3499.0,0,3499.0
103586-1,103586,P2003,1,1499.0,0,1499.0
103587-1,103587,P1004,1,799.0,0,799.0
103588-1,103588,P7002,1,1499.0,0,1499.0
103588-2,103588,P1006,1,699.0,0,699.0
103589-1,103589,P2003,2,1499.0,0,2998.0
103590-1,103590,P3001,1,928.61,7.0,928.61
103591-1,103591,P3002,1,2499.0,0,2499.0
103592-1,103592,P1005,1,1299.0,0,1299.0
103592-2,103592,P5002,1,3499.0,0,3499.0
103592-3,103592,P3006,2,999.0,0,1998.0
103592-4,103592,P7001,1,2999.0,0,2999.0
103592-5,103592,P4004,1,5999.0,0,5999.0
103593-1,103593,P8001,2,431.66,13.5,863.32
103593-2,103593,P6002,1,899.0,0,899.0
103593-3,103593,P4003,1,1999.0,0,1999.0
103594-1,103594,P8003,2,799.0,0,1598.0
103595-1,103595,P3003,1,599.0,0,599.0
103596-1,103596,P3005,1,699.0,0,699.0
103597-1,103597,P1001,3,599.0,0,1797.0
103597-2,103597,P6001,1,2193.1,12.2,2193.1
103598-1,103598,P2001,2,15999.0,0,31998.0
103599-1,103599,P1005,1,1299.0,0,1299.0
103600-1,103600,P5002,1,2993.77,14.4,2993.77
103601-1,103601,P1010,1,899.0,0,899.0
103604-1,103604,P3005,2,617.24,11.7,1234.48
103604-2,103604,P1001,1,564.23,5.8,564.23
103605-1,103605,P7001,1,2591.64,13.6,2591.64
103606-1,103606,P7002,1,1390.08,7.3,1390.08
103606-2,103606,P5005,3,1999.0,0,5997.0
103607-1,103607,P2001,1,15999.0,0,15999.0
103608-1,103608,P2006,3,4255.88,14.9,12767.64
103608-2,103608,P7004,1,535.13,10.7,535.13
103608-3,103608,P4004,1,5999.0,0,5999.0
103608-4,103608,P1009,1,12999.0,0,12999.0
103609-1,103609,P3005,3,699.0,0,2097.0
103610-1,103610,P8004,1,999.0,0,999.0
103610-2,103610,P7004,1,599.0,0,599.0
103610-3,103610,P1001,1,599.0,0,599.0
103611-1,103611,P6002,1,899.0,0,899.0
103611-2,103611,P7002,1,1499.0,0,1499.0
103611-3,103611,P8005,1,899.0,0,899.0
103612-1,103612,P1001,1,515.61,13.9,515.61
103612-2,103612,P5002,2,3499.0,0,6998.0
103612-3,103612,P6003,1,1999.0,0,1999.0
103612-4,103612,P2001,1,13806.76,13.7,13806.76
103612-5,103612,P7002,1,1499.0,0,1499.0
103614-1,103614,P7003,2,999.0,0,1998.0
103615-1,103615,P2005,1,799.0,0,799.0
103615-2,103615,P5001,2,5337.1,11.0,10674.2
103616-1,103616,P4001,1,7999.0,0,7999.0
103616-2,103616,P1007,1,3999.0,0,3999.0
103617-1,103617,P3004,1,199.0,0,199.0
103618-1,103618,P1003,1,2183.32,12.6,2183.32
103618-2,103618,P3007,1,1299.0,0,1299.0
103618-3,103618,P1007,2,3999.0,0,7998.0
103618-4,103618,P7004,2,599.0,0,1198.0
103619-1,103619,P6003,2,1999.0,0,3998.0
103619-2,103619,P6004,2,1499.0,0,2998.0
103620-1,103620,P3001,1,999.0,0,999.0
103620-2,103620,P3004,1,199.0,0,199.0
103620-3,103620,P1006,1,699.0,0,699.0
103621-1,103621,P5001,1,5507.52,8.2,5507.52
103621-2,103621,P4002,2,4999.0,0,9998.0
103622-1,103622,P5001,2,5999.0,0,11998.0
103624-1,103624,P1008,2,1499.0,0,2998.0
103625-1,103625,P2003,1,1499.0,0,1499.0
103625-2,103625,P1005,1,1146.37,11.7,1146.37
103626-1,103626,P4004,-1,5999.0,0,5999.0
103627-1,103627,P7003,2,999.0,0,1998.0
103627-2,103627,P8002,1,599.0,0,599.0
103627-3,103627,P1002,1,299.0,0,299.0
103628-1,103628,P3007,1,1149.83,11.5,1149.83
103628-2,103628,P1009,1,12999.0,0,12999.0
103629-1,103629,P3002,3,2499.0,0,7497.0
103632-1,103632,P6004,2,1499.0,0,2998.0
103632-2,103632,P8004,1,999.0,0,999.0
103632-3,103632,P4003,1,1999.0,0,1999.0
103632-4,103632,P8005,3,899.0,0,2697.0
103633-1,103633,P1005,2,1299.0,0,2598.0
103634-1,103634,P2005,2,799.0,0,1598.0
103634-2,103634,P1008,2,1499.0,0,2998.0
103635-1,103635,P1006,1,647.0,7.4,647.0
103636-1,103636,P6002,1,899.0,0,899.0
103636-2,103636,P7003,1,933.33,6.6,933.33
103637-1,103637,P5005,1,1822.14,8.8,1822.14
103637-2,103637,P5001,1,5999.0,0,5999.0
103637-3,103637,P1006,1,699.0,0,699.0
103638-1,103638,P4003,1,1999.0,0,1999.0
103638-2,103638,P6003,2,1999.0,0,3998.0
103639-1,103639,P5005,1,1999.0,0,1999.0
103639-2,103639,P3007,1,1299.0,0,1299.0
103639-3,103639,P7004,1,599.0,0,599.0
103639-4,103639,P7002,1,1499.0,0,1499.0
103640-1,103640,P2006,1,4999.0,0,4999.0
103640-2,103640,P8001,1,499.0,0,499.0
103640-3,103640,P1009,1,12151.28,6.5,12151.28
103640-4,103640,P6002,2,899.0,0,1798.0
103641-1,103641,P5005,1,1999.0,0,1999.0
103643-1,103643,P6002,1,899.0,0,899.0
103644-1,103644,P1008,1,1499.0,0,1499.0
103644-2,103644,P5005,1,1999.0,0,1999.0
103644-3,103644,P8001,1,499.0,0,499.0
103644-4,103644,P6001,1,2499.0,0,2499.0
103644-5,103644,P5002,1,3499.0,0,3499.0
103645-1,103645,P1003,1,2198.08,12.0,2198.08
103646-1,103646,P8003,1,799.0,0,799.0
103646-2,103646,P3005,1,699.0,0,699.0
103646-3,103646,P5004,1,4499.0,0,4499.0
103646-4,103646,P1002,1,264.26,11.6,264.26
103646-5,103646,P4004,1,5999.0,0,5999.0
103647-1,103647,P1004,2,740.04,7.4,1480.08
103648-1,103648,P2002,2,24999.0,0,49998.0
103648-2,103648,P6001,1,2499.0,0,2499.0
103649-1,103649,P3002,1,2499.0,0,2499.0
103650-1,103650,P1005,1,1299.0,0,1299.0
103650-2,103650,P5002,1,3499.0,0,3499.0
103650-3,103650,P2006,3,4999.0,0,14997.0
103651-1,103651,P2005,2,799.0,0,1598.0
103651-2,103651,P6004,1,1372.93,8.4,1372.93
103651-3,103651,P7004,1,599.0,0,599.0
103652-1,103652,P2002,1,22094.51,11.6,22094.51
103652-2,103652,P7004,2,518.12,13.5,1036.24
103653-1,103653,P1009,1,11953.95,8.0,11953.95
103654-1,103654,P7002,1,1499.0,0,1499.0
103654-2,103654,P1009,2,12999.0,0,25998.0
103654-3,103654,P2005,1,799.0,0,799.0
103655-1,103655,P6003,2,1999.0,0,3998.0
103655-2,103655,P1008,1,1499.0,0,1499.0
103655-3,103655,P2004,1,999.0,0,999.0
103655-4,103655,P3001,2,999.0,0,1998.0
103656-1,103656,P5004,1,4499.0,0,4499.0
103656-2,103656,P1009,1,12999.0,0,12999.0
103657-1,103657,P6003,1,1999.0,0,1999.0
103658-1,103658,P8005,-1,899.0,0,899.0
103658-2,103658,P8002,1,599.0,0,599.0
103658-3,103658,P4003,1,1999.0,0,1999.0
103658-4,103658,P3007,1,1218.16,6.2,1218.16
103659-1,103659,P3006,2,999.0,0,1998.0
103660-1,103660,P2004,2,999.0,0,1998.0
103660-2,103660,P3007,2,1299.0,0,2598.0
103660-3,103660,P3004,3,199.0,0,597.0
103660-4,103660,P2005,2,799.0,0,1598.0
103661-1,103661,P4001,1,7999.0,0,7999.0
103661-2,103661,P6001,1,2499.0,0,2499.0
103661-3,103661,P8001,1,499.0,0,499.0
103662-1,103662,P1007,2,3999.0,0,7998.0
103662-2,103662,P1010,2,899.0,0,1798.0
103663-1,103663,P4004,1,5999.0,0,5999.0
103663-2,103663,P3005,1,652.72,6.6,652.72
103664-1,103664,P1001,1,599.0,0,599.0
103665-1,103665,P6003,1,1999.0,0,1999.0
103665-2,103665,P2004,1,999.0,0,999.0
103665-3,103665,P2003,1,1499.0,0,1499.0
103666-1,103666,P3001,1,999.0,0,999.0
103666-2,103666,P2004,1,999.0,0,999.0
103667-1,103667,P2005,2,799.0,0,1598.0
103667-2,103667,P1008,1,1499.0,0,1499.0
103668-1,103668,P5001,1,5999.0,0,5999.0
103670-1,103670,P1002,1,279.16,6.6,279.16
103670-2,103670,P4001,1,7598.65,5.0,7598.65
103670-3,103670,P3006,1,999.0,0,999.0
103671-1,103671,P7003,1,999.0,0,999.0
103671-2,103671,P2006,1,4999.0,0,4999.0
103671-3,103671,P1004,3,799.0,0,2397.0
103671-4,103671,P1010,1,899.0,0,899.0
103671-5,103671,P2005,1,799.0,0,799.0
103672-1,103672,P3007,1,1299.0,0,1299.0
103673-1,103673,P1003,2,2499.0,0,4998.0
103674-1,103674,P4002,1,4999.0,0,4999.0
103674-2,103674,P1010,1,899.0,0,899.0
103675-1,103675,P2002,1,24999.0,0,24999.0
103675-2,103675,P3004,1,199.0,0,199.0
103676-1,103676,P5005,2,1999.0,0,3998.0
103676-2,103676,P6004,2,1499.0,0,2998.0
103678-1,103678,P1009,1,12999.0,0,12999.0
103679-1,103679,P1009,2,12999.0,0,25998.0
103680-1,103680,P3001,2,999.0,0,1998.0
103681-1,103681,P5005,1,1999.0,0,1999.0
103681-2,103681,P5002,1,3499.0,0,3499.0
103683-1,103683,P8005,1,899.0,0,899.0
103684-1,103684,P3007,1,1120.17,13.8,1120.17
103684-2,103684,P3001,1,999.0,0,999.0
103684-3,103684,P4002,1,4657.59,6.8,4657.59
103686-1,103686,P4002,2,4999.0,0,9998.0
103686-2,103686,P1009,1,12999.0,0,12999.0
103687-1,103687,P7001,3,2999.0,0,8997.0
103687-2,103687,P2006,1,4999.0,0,4999.0
103688-1,103688,P8005,1,899.0,0,899.0
103688-2,103688,P3006,3,999.0,0,2997.0
103688-3,103688,P1003,1,2232.9,10.6,2232.9
103688-4,103688,P1001,1,520.08,13.2,520.08
103689-1,103689,P6001,2,2499.0,0,4998.0
103692-1,103692,P4005,1,3499.0,0,3499.0
103693-1,103693,P2004,1,999.0,0,999.0
103694-1,103694,P6003,2,1999.0,0,3998.0
103694-2,103694,P2004,2,999.0,0,1998.0
103696-1,103696,P4002,1,4592.14,8.1,4592.14
103696-2,103696,P1002,2,299.0,0,598.0
103696-3,103696,P1007,1,3999.0,0,3999.0
103697-1,103697,P1009,1,12999.0,0,12999.0
103697-2,103697,P2003,1,1499.0,0,1499.0
103698-1,103698,P3005,1,657.36,6.0,657.36
103700-1,103700,P3002,1,2222.29,11.1,2222.29
103700-2,103700,P5004,2,4499.0,0,8998.0
103701-1,103701,P3007,3,1177.41,9.4,3532.23
103701-2,103701,P4003,2,1999.0,0,3998.0
103702-1,103702,P4001,1,7999.0,0,7999.0
103703-1,103703,P7001,1,2999.0,0,2999.0
103703-2,103703,P1007,1,3684.18,7.9,3684.18
103705-1,103705,P3001,2,999.0,0,1998.0
103705-2,103705,P1007,2,3483.4,12.9,6966.8
103705-3,103705,P1010,1,899.0,0,899.0
103706-1,103706,P1002,3,278.18,7.0,834.54
103706-2,103706,P4003,1,1999.0,0,1999.0
103707-1,103707,P1004,2,709.97,11.1,1419.94
103708-1,103708,P1010,1,899.0,0,899.0
103708-2,103708,P1004,1,799.0,0,799.0
103709-1,103709,P1002,2,299.0,0,598.0
103710-1,103710,P7003,1,902.24,9.7,902.24
103711-1,103711,P6002,1,899.0,0,899.0
103711-2,103711,P4004,1,5999.0,0,5999.0
103712-1,103712,P4001,3,7999.0,0,23997.0
103713-1,103713,P8002,1,541.15,9.7,541.15
103713-2,103713,P4001,1,7999.0,0,7999.0
103714-1,103714,P2005,1,799.0,0,799.0
103714-2,103714,P4003,1,1999.0,0,1999.0
103715-1,103715,P4004,1,5999.0,0,5999.0
103716-1,103716,P1003,3,2499.0,0,7497.0
103716-2,103716,P6004,1,1499.0,0,1499.0
103717-1,103717,P1005,1,1299.0,0,1299.0
103718-1,103718,P3004,1,199.0,0,199.0
103719-1,103719,P8005,2,899.0,0,1798.0
103721-1,103721,P1004,1,799.0,0,799.0
103721-2,103721,P1001,1,530.56,11.4,530.56
103722-1,103722,P3003,1,599.0,0,599.0
103722-2,103722,P5003,1,618.19,11.6,618.19
103722-3,103722,P1009,1,12999.0,0,12999.0
103722-4,103722,P3004,3,199.0,0,597.0
103723-1,103723,P2003,1,1309.38,12.6,1309.38
103724-1,103724,P7003,1,999.0,0,999.0
103725-1,103725,P4004,1,5999.0,0,5999.0
103725-2,103725,P7003,1,999.0,0,999.0
103726-1,103726,P5004,2,4499.0,0,8998.0
103726-2,103726,P2003,1,1499.0,0,1499.0
103726-3,103726,P7001,3,2793.27,6.9,8379.81
103726-4,103726,P1007,2,3999.0,0,7998.0
103727-1,103727,P2006,1,4999.0,0,4999.0
103728-1,103728,P7003,1,999.0,0,999.0
103728-2,103728,P1001,2,540.23,9.8,1080.46
103729-1,103729,P6003,3,1999.0,0,5997.0
103729-2,103729,P2006,3,4635.77,7.3,13907.31
103729-3,103729,P7003,1,999.0,0,999.0
103730-1,103730,P1006,1,699.0,0,699.0
103730-2,103730,P5003,1,699.0,0,699.0
103730-3,103730,P4001,1,7999.0,0,7999.0
103730-4,103730,P4003,1,1999.0,0,1999.0
103731-1,103731,P3002,1,2499.0,0,2499.0
103731-2,103731,P7002,1,1499.0,0,1499.0
103731-3,103731,P8003,1,799.0,0,799.0
103731-4,103731,P1001,2,535.38,10.6,1070.76
103731-5,103731,P4003,2,1883.5,5.8,3767.0
103732-1,103732,P6004,3,1499.0,0,4497.0
103734-1,103734,P8005,1,899.0,0,899.0
103735-1,103735,P1001,1,599.0,0,599.0
103735-2,103735,P3005,2,699.0,0,1398.0
103735-3,103735,P3007,1,1299.0,0,1299.0
103736-1,103736,P4003,2,1999.0,0,3998.0
103736-2,103736,P1004,2,799.0,0,1598.0
103736-3,103736,P3001,1,999.0,0,999.0
103736-4,103736,P1007,1,3768.12,5.8,3768.12
103737-1,103737,P5003,3,652.54,6.6,1957.62
103738-1,103738,P4003,1,1999.0,0,1999.0
103739-1,103739,P1004,1,799.0,0,799.0
103740-1,103740,P3007,1,1299.0,0,1299.0
103741-1,103741,P7002,1,1499.0,0,1499.0
103742-1,103742,P7004,2,599.0,0,1198.0
103742-2,103742,P4005,1,3499.0,0,3499.0
103742-3,103742,P3001,1,999.0,0,999.0
103743-1,103743,P1007,1,3549.01,11.3,3549.01
103744-1,103744,P4003,1,1999.0,0,1999.0
103744-2,103744,P2001,2,15999.0,0,31998.0
103744-3,103744,P4001,1,7999.0,0,7999.0
103745-1,103745,P2002,1,24999.0,0,24999.0
103745-2,103745,P2005,2,799.0,0,1598.0
103745-3,103745,P3002,1,2499.0,0,2499.0
103746-1,103746,P5005,2,1999.0,0,3998.0
103747-1,103747,P6004,1,1499.0,0,1499.0
103748-1,103748,P3004,2,199.0,0,398.0
103749-1,103749,P2005,1,726.3,9.1,726.3
103749-2,103749,P5003,1,699.0,0,699.0
103750-1,103750,P7004,2,599.0,0,1198.0
103750-2,103750,P4005,1,3499.0,0,3499.0
103750-3,103750,P8001,1,464.08,7.0,464.08
103750-4,103750,P2006,1,4453.18,10.9,4453.18
103751-1,103751,P5004,1,4499.0,0,4499.0
103751-2,103751,P1003,1,2499.0,0,2499.0
103752-1,103752,P4003,1,1999.0,0,1999.0
103752-2,103752,P2004,1,999.0,0,999.0
103752-3,103752,P2002,1,24999.0,0,24999.0
103752-4,103752,P2006,2,4999.0,0,9998.0
103753-1,103753,P3001,1,999.0,0,999.0
103754-1,103754,P4001,1,7999.0,0,7999.0
103754-2,103754,P1002,2,259.45,13.2,518.9
103755-1,103755,P5005,1,1999.0,0,1999.0
103755-2,103755,P2006,2,4713.36,5.7,9426.72
103756-1,103756,P8005,2,899.0,0,1798.0
103756-2,103756,P2006,1,4999.0,0,4999.0
103757-1,103757,P1006,2,699.0,0,1398.0
103757-2,103757,P8002,2,599.0,0,1198.0
103758-1,103758,P1009,1,12999.0,0,12999.0
103758-2,103758,P8001,1,436.1,12.6,436.1
103758-3,103758,P2006,1,4999.0,0,4999.0
103759-1,103759,P5001,1,5999.0,0,5999.0
103759-2,103759,P7002,2,1278.14,14.7,2556.28
103760-1,103760,P2005,2,799.0,0,1598.0
103761-1,103761,P8001,1,437.84,12.3,437.84
103761-2,103761,P3004,1,199.0,0,199.0
103762-1,103762,P3005,2,699.0,0,1398.0
103763-1,103763,P5003,1,699.0,0,699.0
103763-2,103763,P5002,1,3499.0,0,3499.0
103764-1,103764,P7002,1,1499.0,0,1499.0
103764-2,103764,P2006,1,4999.0,0,4999.0
103764-3,103764,P6003,2,1999.0,0,3998.0
103764-4,103764,P5003,1,637.31,8.8,637.31
103764-5,103764,P7003,1,999.0,0,999.0
103765-1,103765,P1007,1,3999.0,0,3999.0
103765-2,103765,P6004,1,1499.0,0,1499.0
103766-1,103766,P3007,1,1299.0,0,1299.0
103766-2,103766,P8002,2,544.48,9.1,1088.96
103767-1,103767,P4003,1,1999.0,0,1999.0
103767-2,103767,P3003,1,599.0,0,599.0
103768-1,103768,P1004,2,799.0,0,1598.0
103768-2,103768,P7003,1,999.0,0,999.0
103769-1,103769,P8004,2,999.0,0,1998.0
103771-1,103771,P8001,2,499.0,0,998.0
103771-2,103771,P8004,1,999.0,0,999.0
103772-1,103772,P1003,1,2214.84,11.4,2214.84
103772-2,103772,P1002,1,299.0,0,299.0
103773-1,103773,P6002,1,783.08,12.9,783.08
103773-2,103773,P2001,2,15999.0,0,31998.0
103773-3,103773,P1003,1,2169.12,13.2,2169.12
103773-4,103773,P4001,1,7302.48,8.7,7302.48
103775-1,103775,P1008,2,1499.0,0,2998.0
103776-1,103776,P1006,2,699.0,0,1398.0
103777-1,103777,P8004,1,877.14,12.2,877.14
103777-2,103777,P8002,1,509.23,15.0,509.23
103778-1,103778,P7004,2,514.1,14.2,1028.2
103778-2,103778,P2003,3,1499.0,0,4497.0
103779-1,103779,P2005,2,799.0,0,1598.0
103779-2,103779,P8004,1,873.86,12.5,873.86
103780-1,103780,P6001,1,2499.0,0,2499.0
103780-2,103780,P8001,1,499.0,0,499.0
103781-1,103781,P4002,1,4999.0,0,4999.0
103781-2,103781,P7004,1,544.24,9.1,544.24
103781-3,103781,P5001,2,5999.0,0,11998.0
103782-1,103782,P3003,3,599.0,0,1797.0
103782-2,103782,P1001,1,538.39,10.1,538.39
103783-1,103783,P2001,1,15999.0,0,15999.0
103783-2,103783,P6004,1,1499.0,0,1499.0
103783-3,103783,P2003,1,1339.19,10.7,1339.19
103784-1,103784,P7002,2,1499.0,0,2998.0
103784-2,103784,P8001,1,499.0,0,499.0
103785-1,103785,P4003,2,1999.0,0,3998.0
103785-2,103785,P2003,3,1499.0,0,4497.0
103786-1,103786,P1007,1,3999.0,0,3999.0
103786-2,103786,P2003,2,1499.0,0,2998.0
103786-3,103786,P1010,1,899.0,0,899.0
103787-1,103787,P8002,1,599.0,0,599.0
103788-1,103788,P3002,1,2304.86,7.8,2304.86
103788-2,103788,P3004,2,199.0,0,398.0
103788-3,103788,P1010,1,899.0,0,899.0
103789-1,103789,P1001,1,599.0,0,599.0
103789-2,103789,P8002,2,599.0,0,1198.0
103790-1,103790,P3003,1,562.21,6.1,562.21
103790-2,103790,P4005,1,3499.0,0,3499.0
103790-3,103790,P2001,1,15999.0,0,15999.0
103791-1,103791,P5005,1,1792.97,10.3,1792.97
103791-2,103791,P8001,1,499.0,0,499.0
103792-1,103792,P8001,2,499.0,0,998.0
103792-2,103792,P4004,2,5999.0,0,11998.0
103793-1,103793,P5005,1,1999.0,0,1999.0
103794-1,103794,P5002,1,3499.0,0,3499.0
103795-1,103795,P2004,1,999.0,0,999.0
103796-1,103796,P7004,1,599.0,0,599.0
103797-1,103797,P8004,1,999.0,0,999.0
103797-2,103797,P5003,2,699.0,0,1398.0
103797-3,103797,P1006,2,617.83,11.6,1235.66
103797-4,103797,P5005,1,1999.0,0,1999.0
103798-1,103798,P5004,1,4499.0,0,4499.0
103798-2,103798,P2003,1,1499.0,0,1499.0
103798-3,103798,P6001,1,2345.71,6.1,2345.71
103799-1,103799,P5002,1,3499.0,0,3499.0
103799-2,103799,P8003,1,799.0,0,799.0
103799-3,103799,P4003,1,1999.0,0,1999.0
103799-4,103799,P2002,2,24999.0,0,49998.0
103800-1,103800,P8003,1,701.51,12.2,701.51
103800-2,103800,P1001,1,599.0,0,599.0
103800-3,103800,P7003,2,999.0,0,1998.0
103800-4,103800,P7001,1,2999.0,0,2999.0
103800-5,103800,P5004,1,4499.0,0,4499.0
103801-1,103801,P1004,2,799.0,0,1598.0
103801-2,103801,P1005,2,1299.0,0,2598.0
103802-1,103802,P2003,1,1499.0,0,1499.0
103803-1,103803,P3003,2,599.0,0,1198.0
103803-2,103803,P8003,1,799.0,0,799.0
103804-1,103804,P8004,1,999.0,0,999.0
103804-2,103804,P2006,1,4999.0,0,4999.0
103805-1,103805,P4005,1,3499.0,0,3499.0
103805-2,103805,P8003,1,799.0,0,799.0
103805-3,103805,P1003,2,2499.0,0,4998.0
103806-1,103806,P4002,1,4999.0,0,4999.0
103807-1,103807,P8005,1,899.0,0,899.0
103807-2,103807,P8003,1,799.0,0,799.0
103807-3,103807,P8004,1,999.0,0,999.0
103807-4,103807,P1005,1,1299.0,0,1299.0
103807-5,103807,P6001,2,2499.0,0,4998.0
103808-1,103808,P1005,1,1299.0,0,1299.0
103808-2,103808,P7004,1,599.0,0,599.0
103808-3,103808,P8005,1,806.17,10.3,806.17
103809-1,103809,P8004,1,902.36,9.7,902.36
103810-1,103810,P7001,1,2734.19,8.8,2734.19
103811-1,103811,P1008,1,1499.0,0,1499.0
103811-2,103811,P8002,1,599.0,0,599.0
103811-3,103811,P6001,1,2309.05,7.6,2309.05
103811-4,103811,P4001,1,7999.0,0,7999.0
103812-1,103812,P3002,1,2499.0,0,2499.0
103813-1,103813,P5002,2,3499.0,0,6998.0
103815-1,103815,P2006,1,4999.0,0,4999.0
103815-2,103815,P2003,-1,1499.0,0,1499.0
103815-3,103815,P5004,2,4499.0,0,8998.0
103815-4,103815,P2004,1,999.0,0,999.0
103816-1,103816,P5003,2,699.0,0,1398.0
103816-2,103816,P1003,1,2499.0,0,2499.0
103817-1,103817,P5004,1,4499.0,0,4499.0
103817-2,103817,P6001,2,2499.0,0,4998.0
103818-1,103818,P4001,2,7398.73,7.5,14797.46
103819-1,103819,P3007,1,1299.0,0,1299.0
103820-1,103820,P1006,1,699.0,0,699.0
103820-2,103820,P1004,1,799.0,0,799.0
103820-3,103820,P3007,1,1106.6,14.8,1106.6
103821-1,103821,P1004,1,799.0,0,799.0
103821-2,103821,P5004,1,4499.0,0,4499.0
103821-3,103821,P8002,1,599.0,0,599.0
103822-1,103822,P7004,1,599.0,0,599.0
103822-2,103822,P6001,1,2499.0,0,2499.0
103822-3,103822,P2004,1,999.0,0,999.0
103823-1,103823,P1005,1,1299.0,0,1299.0
103823-2,103823,P1001,2,599.0,0,1198.0
103823-3,103823,P3007,2,1299.0,0,2598.0
103825-1,103825,P1003,1,2499.0,0,2499.0
103826-1,103826,P6004,2,1499.0,0,2998.0
103826-2,103826,P1004,1,799.0,0,799.0
103826-3,103826,P7002,1,1499.0,0,1499.0
103827-1,103827,P3004,1,188.34,5.4,188.34
103828-1,103828,P2004,1,999.0,0,999.0
103828-2,103828,P8004,1,999.0,0,999.0
103828-3,103828,P1005,1,1299.0,0,1299.0
103829-1,103829,P5004,1,4499.0,0,4499.0
103829-2,103829,P4004,1,5999.0,0,5999.0
103830-1,103830,P4002,1,4999.0,0,4999.0
103831-1,103831,P8002,2,599.0,0,1198.0
103831-2,103831,P5003,1,699.0,0,699.0
103832-1,103832,P5002,1,3499.0,0,3499.0
103833-1,103833,P7001,2,2588.82,13.7,5177.64
103834-1,103834,P2003,1,1499.0,0,1499.0
103835-1,103835,P7004,1,599.0,0,599.0
103835-2,103835,P4001,1,7999.0,0,7999.0
103835-3,103835,P4004,1,5999.0,0,5999.0
103835-4,103835,P3003,1,599.0,0,599.0
103836-1,103836,P8004,2,925.3,7.4,1850.6
103837-1,103837,P1007,2,3999.0,0,7998.0
103838-1,103838,P1002,2,271.02,9.4,542.04
103838-2,103838,P1006,1,699.0,0,699.0
103839-1,103839,P1009,3,12999.0,0,38997.0
103840-1,103840,P1006,1,699.0,0,699.0
103841-1,103841,P8005,1,899.0,0,899.0
103841-2,103841,P1010,-1,899.0,0,899.0
103841-3,103841,P8001,1,424.64,14.9,424.64
103842-1,103842,P7004,3,599.0,0,1797.0
103842-2,103842,P1002,1,299.0,0,299.0
103843-1,103843,P4004,1,5311.07,11.5,5311.07
103844-1,103844,P8002,1,599.0,0,599.0
103844-2,103844,P8004,2,999.0,0,1998.0
103845-1,103845,P8003,2,799.0,0,1598.0
103846-1,103846,P1010,2,899.0,0,1798.0
103847-1,103847,P2003,1,1499.0,0,1499.0
103848-1,103848,P3006,1,999.0,0,999.0
103848-2,103848,P2004,2,999.0,0,1998.0
103849-1,103849,P2001,1,15999.0,0,15999.0
103850-1,103850,P1005,2,1123.17,13.5,2246.34
103850-2,103850,P1002,1,277.7,7.1,277.7
103851-1,103851,P1004,1,799.0,0,799.0
103851-2,103851,P3002,3,2163.66,13.4,6490.98
103852-1,103852,P4001,1,7999.0,0,7999.0
103853-1,103853,P1007,1,3497.03,12.6,3497.03
103854-1,103854,P8001,1,499.0,0,499.0
103855-1,103855,P1005,1,1299.0,0,1299.0
103856-1,103856,P1007,-1,3999.0,0,7998.0
103856-2,103856,P3004,1,170.71,14.2,170.71
103856-3,103856,P4003,2,1999.0,0,3998.0
103856-4,103856,P2005,1,799.0,0,799.0
103856-5,103856,P2001,1,15999.0,0,15999.0
103857-1,103857,P5001,1,5646.96,5.9,5646.96
103858-1,103858,P1003,1,2499.0,0,2499.0
103859-1,103859,P1004,1,799.0,0,799.0
103860-1,103860,P3001,1,999.0,0,999.0
103861-1,103861,P3003,2,599.0,0,1198.0
103861-2,103861,P8004,2,852.86,14.6,1705.72
103861-3,103861,P2003,1,1499.0,0,1499.0
103861-4,103861,P1002,1,299.0,0,299.0
103862-1,103862,P8001,2,499.0,0,998.0
103863-1,103863,P1006,1,699.0,0,699.0
103863-2,103863,P1005,1,1299.0,0,1299.0
103863-3,103863,P6002,3,899.0,0,2697.0
103864-1,103864,P5003,1,699.0,0,699.0
103864-2,103864,P8004,1,999.0,0,999.0
103864-3,103864,P1009,1,12999.0,0,12999.0
103864-4,103864,P8002,-1,599.0,0,1797.0
103864-5,103864,P4002,1,4309.36,13.8,4309.36
103865-1,103865,P1003,2,2346.99,6.1,4693.98
103865-2,103865,P8001,1,450.88,9.6,450.88
103866-1,103866,P7003,2,999.0,0,1998.0
103866-2,103866,P4005,1,3499.0,0,3499.0
103867-1,103867,P5001,1,5999.0,0,5999.0
103868-1,103868,P3006,1,999.0,0,999.0
103869-1,103869,P1009,2,12999.0,0,25998.0
103869-2,103869,P3001,2,999.0,0,1998.0
103870-1,103870,P8001,1,499.0,0,499.0
103871-1,103871,P8002,1,599.0,0,599.0
103871-2,103871,P2002,2,24999.0,0,49998.0
103872-1,103872,P2002,1,22758.71,9.0,22758.71
103874-1,103874,P1010,1,822.45,8.5,822.45
103875-1,103875,P8001,2,444.03,11.0,888.06
103875-2,103875,P5001,1,5472.96,8.8,5472.96
103875-3,103875,P3004,1,199.0,0,199.0
103876-1,103876,P4005,2,3499.0,0,6998.0
103877-1,103877,P1006,2,699.0,0,1398.0
103878-1,103878,P8001,2,499.0,0,998.0
103879-1,103879,P6004,1,1499.0,0,1499.0
103879-2,103879,P2002,2,24999.0,0,49998.0
103880-1,103880,P3007,1,1193.24,8.1,1193.24
103882-1,103882,P2003,1,1499.0,0,1499.0
103883-1,103883,P5005,1,1999.0,0,1999.0
103883-2,103883,P4005,2,3191.03,8.8,6382.06
103884-1,103884,P5002,1,3499.0,0,3499.0
103884-2,103884,P3001,1,999.0,0,999.0
103885-1,103885,P3004,3,199.0,0,597.0
103886-1,103886,P4004,1,5999.0,0,5999.0
103887-1,103887,P7002,1,1499.0,0,1499.0
103888-1,103888,P8001,1,499.0,0,499.0
103889-1,103889,P4002,1,4999.0,0,4999.0
103889-2,103889,P3002,1,2499.0,0,2499.0
103891-1,103891,P5002,1,3499.0,0,3499.0
103891-2,103891,P1005,1,1299.0,0,1299.0
103892-1,103892,P7004,1,599.0,0,599.0
103892-2,103892,P1003,1,2499.0,0,2499.0
103892-3,103892,P2004,1,999.0,0,999.0
103892-4,103892,P4004,1,5999.0,0,5999.0
103892-5,103892,P3005,1,699.0,0,699.0
103893-1,103893,P7004,1,599.0,0,599.0
103894-1,103894,P8003,1,743.11,7.0,743.11
103895-1,103895,P3001,1,999.0,0,999.0
103896-1,103896,P4004,1,5999.0,0,5999.0
103897-1,103897,P1009,1,12999.0,0,12999.0
103897-2,103897,P1010,1,899.0,0,899.0
103897-3,103897,P5002,1,3499.0,0,3499.0
103898-1,103898,P4003,1,1999.0,0,1999.0
103898-2,103898,P4002,1,4999.0,0,4999.0
103901-1,103901,P8001,1,499.0,0,499.0
103901-2,103901,P3004,1,199.0,0,199.0
103901-3,103901,P8004,1,999.0,0,999.0
103901-4,103901,P2006,2,4999.0,0,9998.0
103902-1,103902,P7004,1,599.0,0,599.0
103902-2,103902,P8004,3,999.0,0,2997.0
103903-1,103903,P6004,1,1499.0,0,1499.0
103904-1,103904,P8001,1,499.0,0,499.0
103904-2,103904,P3006,1,999.0,0,999.0
103904-3,103904,P1009,1,12999.0,0,12999.0
103904-4,103904,P1003,1,2239.19,10.4,2239.19
103904-5,103904,P4002,1,4999.0,0,4999.0
103905-1,103905,P1001,1,599.0,0,599.0
103905-2,103905,P3003,1,599.0,0,599.0
103906-1,103906,P6004,1,1366.19,8.9,1366.19
103907-1,103907,P6004,2,1499.0,0,2998.0
103907-2,103907,P8005,2,899.0,0,1798.0
103907-3,103907,P2004,1,999.0,0,999.0
103907-4,103907,P4001,1,7109.84,11.1,7109.84
103907-5,103907,P6001,1,2499.0,0,2499.0
103908-1,103908,P7003,2,872.53,12.7,1745.06
103909-1,103909,P6002,1,899.0,0,899.0
103910-1,103910,P5003,1,699.0,0,699.0
103910-2,103910,P4004,1,5388.88,10.2,5388.88
103910-3,103910,P2004,1,999.0,0,999.0
103911-1,103911,P4003,1,1999.0,0,1999.0
103911-2,103911,P2005,1,799.0,0,799.0
103911-3,103911,P8005,1,798.81,11.1,798.81
103912-1,103912,P2002,1,24999.0,0,24999.0
103912-2,103912,P8005,1,899.0,0,899.0
103912-3,103912,P7001,1,2999.0,0,2999.0
103912-4,103912,P1001,2,599.0,0,1198.0
103913-1,103913,P1003,1,2499.0,0,2499.0
103915-1,103915,P1004,1,799.0,0,799.0
103916-1,103916,P7001,1,2999.0,0,2999.0
103916-2,103916,P8005,1,770.05,14.3,770.05
103916-3,103916,P2003,1,1499.0,0,1499.0
103916-4,103916,P8003,1,799.0,0,799.0
103916-5,103916,P3006,2,999.0,0,1998.0
103917-1,103917,P2006,1,4999.0,0,4999.0
103918-1,103918,P6001,2,2234.88,10.6,4469.76
103918-2,103918,P3001,1,999.0,0,999.0
103919-1,103919,P8001,1,499.0,0,499.0
103919-2,103919,P7001,1,2999.0,0,2999.0
103919-3,103919,P4004,1,5999.0,0,5999.0
103919-4,103919,P3003,1,599.0,0,599.0
103920-1,103920,P6001,2,2161.72,13.5,4323.44
103921-1,103921,P6001,2,2499.0,0,4998.0
103921-2,103921,P1003,1,2499.0,0,2499.0
103921-3,103921,P3005,1,699.0,0,699.0
103921-4,103921,P5001,1,5999.0,0,5999.0
103922-1,103922,P1007,2,3999.0,0,7998.0
103924-1,103924,P1005,1,1299.0,0,1299.0
103924-2,103924,P1009,1,12999.0,0,12999.0
103925-1,103925,P4001,2,7999.0,0,15998.0
103925-2,103925,P4005,1,3499.0,0,3499.0
103926-1,103926,P7001,2,2999.0,0,5998.0
103926-2,103926,P1005,2,1299.0,0,2598.0
103927-1,103927,P2004,1,999.0,0,999.0
103928-1,103928,P6003,1,1999.0,0,1999.0
103928-2,103928,P4004,1,5999.0,0,5999.0
103929-1,103929,P2005,1,799.0,0,799.0
103929-2,103929,P3001,1,999.0,0,999.0
103929-3,103929,P4004,2,5155.78,14.1,10311.56
103930-1,103930,P2002,2,24999.0,0,49998.0
103930-2,103930,P2004,1,999.0,0,999.0
103931-1,103931,P1005,1,1299.0,0,1299.0
103931-2,103931,P1003,1,2499.0,0,2499.0
103931-3,103931,P3005,2,625.82,10.5,1251.64
103932-1,103932,P4005,1,3499.0,0,3499.0
103932-2,103932,P6002,1,899.0,0,899.0
103933-1,103933,P1006,1,699.0,0,699.0
103934-1,103934,P2002,1,22981.55,8.1,22981.55
103934-2,103934,P8003,1,799.0,0,799.0
103934-3,103934,P8001,1,425.8,14.7,425.8
103935-1,103935,P2001,1,13769.89,13.9,13769.89
103935-2,103935,P8003,1,799.0,0,799.0
103936-1,103936,P3005,1,699.0,0,699.0
103937-1,103937,P4003,2,1999.0,0,3998.0
103937-2,103937,P3005,1,699.0,0,699.0
103938-1,103938,P1001,1,599.0,0,599.0
103939-1,103939,P8002,1,599.0,0,599.0
103939-2,103939,P6004,1,1284.78,14.3,1284.78
103939-3,103939,P8001,1,499.0,0,499.0
103939-4,103939,P6001,1,2148.39,14.0,2148.39
103939-5,103939,P2005,1,799.0,0,799.0
103940-1,103940,P8004,1,999.0,0,999.0
103940-2,103940,P4005,1,3266.47,6.6,3266.47
103941-1,103941,P4005,1,3499.0,0,3499.0
103942-1,103942,P3003,1,599.0,0,599.0
103943-1,103943,P4001,2,6920.75,13.5,13841.5
103943-2,103943,P5004,1,4499.0,0,4499.0
103945-1,103945,P1003,1,2499.0,0,2499.0
103945-2,103945,P3002,3,2499.0,0,7497.0
103945-3,103945,P8001,2,499.0,0,998.0
103945-4,103945,P2006,1,4999.0,0,4999.0
103946-1,103946,P1007,1,3754.7,6.1,3754.7
103946-2,103946,P2001,1,15999.0,0,15999.0
103947-1,103947,P5001,2,5999.0,0,11998.0
103947-2,103947,P1005,1,1299.0,0,1299.0
103948-1,103948,P4005,1,3499.0,0,3499.0
103949-1,103949,P7002,1,1499.0,0,1499.0
103950-1,103950,P1008,1,1499.0,0,1499.0
103950-2,103950,P5003,1,699.0,0,699.0
103950-3,103950,P8001,1,499.0,0,499.0
103950-4,103950,P6002,2,899.0,0,1798.0
103951-1,103951,P3004,2,199.0,0,398.0
103952-1,103952,P6003,2,1999.0,0,3998.0
103952-2,103952,P1002,1,262.85,12.1,262.85
103953-1,103953,P1003,1,2499.0,0,2499.0
103953-2,103953,P3005,2,607.84,13.0,1215.68
103953-3,103953,P1006,1,659.29,5.7,659.29
103953-4,103953,P2004,2,999.0,0,1998.0
103955-1,103955,P3003,1,599.0,0,599.0
103956-1,103956,P5003,1,699.0,0,699.0
103956-2,103956,P3006,2,999.0,0,1998.0
103957-1,103957,P5004,1,4499.0,0,4499.0
103957-2,103957,P8005,2,899.0,0,1798.0
103957-3,103957,P5001,1,5999.0,0,5999.0
103958-1,103958,P8004,1,999.0,0,999.0
103959-1,103959,P8004,1,999.0,0,999.0
103959-2,103959,P1001,1,599.0,0,599.0
103960-1,103960,P5003,1,699.0,0,699.0
103961-1,103961,P6004,1,1499.0,0,1499.0
103961-2,103961,P1005,1,1140.69,12.2,1140.69
103961-3,103961,P3005,1,634.89,9.2,634.89
103962-1,103962,P1006,2,699.0,0,1398.0
103963-1,103963,P1005,1,1113.67,14.3,1113.67
103963-2,103963,P5004,2,4499.0,0,8998.0
103964-1,103964,P7003,3,999.0,0,2997.0
103964-2,103964,P8003,1,799.0,0,799.0
103965-1,103965,P6004,1,1499.0,0,1499.0
103966-1,103966,P5005,1,1999.0,0,1999.0
103967-1,103967,P1006,2,699.0,0,1398.0
103968-1,103968,P3006,1,999.0,0,999.0
103969-1,103969,P1004,1,799.0,0,799.0
103970-1,103970,P1009,1,12999.0,0,12999.0
103970-2,103970,P1003,3,2499.0,0,7497.0
103972-1,103972,P8001,1,458.71,8.1,458.71
103972-2,103972,P8003,2,799.0,0,1598.0
103973-1,103973,P2005,2,799.0,0,1598.0
103973-2,103973,P8005,1,899.0,0,899.0
103974-1,103974,P4005,3,3499.0,0,10497.0
103975-1,103975,P4003,3,1718.63,14.0,5155.89
103975-2,103975,P1008,1,1499.0,0,1499.0
103977-1,103977,P5003,1,699.0,0,699.0
103978-1,103978,P4005,1,3264.2,6.7,3264.2
103978-2,103978,P2003,2,1499.0,0,2998.0
103978-3,103978,P6001,2,2499.0,0,4998.0
103979-1,103979,P3001,1,999.0,0,999.0
103980-1,103980,P3007,2,1299.0,0,2598.0
103980-2,103980,P7002,1,1499.0,0,1499.0
103980-3,103980,P4003,2,1999.0,0,3998.0
103980-4,103980,P3001,2,892.9,10.6,1785.8
103981-1,103981,P1007,2,3734.94,6.6,7469.88
103982-1,103982,P5002,1,3260.44,6.8,3260.44
103982-2,103982,P1010,1,766.2,14.8,766.2
103982-3,103982,P3003,1,599.0,0,599.0
103982-4,103982,P2004,1,999.0,0,999.0
103982-5,103982,P6004,1,1499.0,0,1499.0
103984-1,103984,P1008,1,1329.86,11.3,1329.86
103985-1,103985,P1001,1,599.0,0,599.0
103986-1,103986,P7002,1,1499.0,0,1499.0
103987-1,103987,P1001,1,599.0,0,599.0
103987-2,103987,P5005,2,1999.0,0,3998.0
103987-3,103987,P6003,1,1999.0,0,1999.0
103988-1,103988,P3003,1,558.78,6.7,558.78
103988-2,103988,P6002,2,788.47,12.3,1576.94
103989-1,103989,P3003,1,599.0,0,599.0
103989-2,103989,P5003,1,699.0,0,699.0
103991-1,103991,P1008,3,1499.0,0,4497.0
103992-1,103992,P7001,2,2999.0,0,5998.0
103993-1,103993,P1006,1,699.0,0,699.0
103994-1,103994,P1001,2,599.0,0,1198.0
103995-1,103995,P7003,2,999.0,0,1998.0
103995-2,103995,P2001,1,15999.0,0,15999.0
103995-3,103995,P1002,1,299.0,0,299.0
103996-1,103996,P1002,2,299.0,0,598.0
103996-2,103996,P8001,1,499.0,0,499.0
103998-1,103998,P3003,1,599.0,0,599.0
104000-1,104000,P8004,2,999.0,0,1998.0
104000-2,104000,P3001,1,999.0,0,999.0
104003-1,104003,P6003,2,1849.41,7.5,3698.82
104005-1,104005,P7001,-1,2999.0,0,2999.0
104005-2,104005,P1009,1,12999.0,0,12999.0
104005-3,104005,P3001,1,999.0,0,999.0
104006-1,104006,P1005,1,1299.0,0,1299.0
104008-1,104008,P3002,1,2299.4,8.0,2299.4
104008-2,104008,P6002,1,899.0,0,899.0
104009-1,104009,P6002,1,899.0,0,899.0
104009-2,104009,P5005,1,1999.0,0,1999.0
104009-3,104009,P7001,1,2999.0,0,2999.0
104009-4,104009,P2004,1,999.0,0,999.0
104010-1,104010,P4004,1,5999.0,0,5999.0
104011-1,104011,P8001,1,499.0,0,499.0
104012-1,104012,P6004,1,1499.0,0,1499.0
104012-2,104012,P2001,1,15999.0,0,15999.0
104012-3,104012,P3003,2,599.0,0,1198.0
104012-4,104012,P8002,3,560.77,6.4,1682.31
104013-1,104013,P1009,1,12999.0,0,12999.0
104013-2,104013,P5004,1,4499.0,0,4499.0
104014-1,104014,P3007,1,1299.0,0,1299.0
104015-1,104015,P6004,2,1499.0,0,2998.0
104015-2,104015,P5004,1,4499.0,0,4499.0
104015-3,104015,P1010,1,899.0,0,899.0
104015-4,104015,P1004,2,799.0,0,1598.0
104015-5,104015,P3004,1,183.35,7.9,183.35
104016-1,104016,P5004,1,4154.04,7.7,4154.04
104016-2,104016,P1008,1,1499.0,0,1499.0
104017-1,104017,P3005,1,699.0,0,699.0
104018-1,104018,P5004,1,4499.0,0,4499.0
104018-2,104018,P1004,2,799.0,0,1598.0
104019-1,104019,P7002,1,1499.0,0,1499.0
104020-1,104020,P4004,1,5999.0,0,5999.0
104020-2,104020,P1007,2,3424.84,14.4,6849.68
104021-1,104021,P1008,1,1499.0,0,1499.0
104021-2,104021,P1006,1,699.0,0,699.0
104021-3,104021,P6001,1,2499.0,0,2499.0
104022-1,104022,P1007,1,3999.0,0,3999.0
104022-2,104022,P3007,1,1299.0,0,1299.0
104022-3,104022,P3003,1,599.0,0,599.0
104023-1,104023,P1010,2,899.0,0,1798.0
104024-1,104024,P1006,1,699.0,0,699.0
104025-1,104025,P4002,1,4999.0,0,4999.0
104025-2,104025,P3004,1,185.48,6.8,185.48
104025-3,104025,P1009,1,12999.0,0,12999.0
104026-1,104026,P3002,1,2499.0,0,2499.0
104026-2,104026,P1002,2,272.82,8.8,545.64
104026-3,104026,P6003,2,1999.0,0,3998.0
104027-1,104027,P6003,1,1999.0,0,1999.0
104028-1,104028,P3002,1,2499.0,0,2499.0
104029-1,104029,P4002,2,4999.0,0,9998.0
104029-2,104029,P7001,1,2999.0,0,2999.0
104031-1,104031,P8004,1,999.0,0,999.0
104031-2,104031,P3006,1,999.0,0,999.0
104031-3,104031,P2002,1,24999.0,0,24999.0
104032-1,104032,P3007,1,1299.0,0,1299.0
104032-2,104032,P7003,2,999.0,0,1998.0
104033-1,104033,P5004,1,3855.06,14.3,3855.06
104033-2,104033,P5001,2,5661.59,5.6,11323.18
104034-1,104034,P3007,1,1125.84,13.3,1125.84
104035-1,104035,P1001,1,599.0,0,599.0
104036-1,104036,P2001,1,13957.55,12.8,13957.55
104036-2,104036,P2004,1,999.0,0,999.0
104036-3,104036,P3002,1,2319.95,7.2,2319.95
104036-4,104036,P4002,2,4325.33,13.5,8650.66
104036-5,104036,P1010,1,829.97,7.7,829.97
104037-1,104037,P3004,2,171.88,13.6,343.76
104038-1,104038,P1001,1,599.0,0,599.0
104038-2,104038,P7003,1,999.0,0,999.0
104039-1,104039,P3005,1,699.0,0,699.0
104040-1,104040,P8003,2,799.0,0,1598.0
104040-2,104040,P1009,1,12999.0,0,12999.0
104041-1,104041,P2001,1,15999.0,0,15999.0
104041-2,104041,P5002,3,3499.0,0,10497.0
104041-3,104041,P4005,1,3060.72,12.5,3060.72
104042-1,104042,P7003,1,891.53,10.8,891.53
104043-1,104043,P5002,1,3499.0,0,3499.0
104044-1,104044,P6001,2,2499.0,0,4998.0
104045-1,104045,P3001,2,999.0,0,1998.0
104045-2,104045,P3007,1,1172.63,9.7,1172.63
104046-1,104046,P1010,1,899.0,0,899.0
104047-1,104047,P3007,2,1299.0,0,2598.0
104048-1,104048,P1008,2,1499.0,0,2998.0
104049-1,104049,P2005,2,799.0,0,1598.0
104049-2,104049,P1007,1,3999.0,0,3999.0
104049-3,104049,P5005,1,1999.0,0,1999.0
104050-1,104050,P8002,1,599.0,0,599.0
104051-1,104051,P2006,1,4392.56,12.1,4392.56
104052-1,104052,P1003,2,2499.0,0,4998.0
104053-1,104053,P5002,2,3114.56,11.0,6229.12
104054-1,104054,P2004,1,999.0,0,999.0
104054-2,104054,P2001,1,15999.0,0,15999.0
104055-1,104055,P7004,1,599.0,0,599.0
104056-1,104056,P6001,2,2499.0,0,4998.0
104056-2,104056,P1003,1,2499.0,0,2499.0
104056-3,104056,P3001,1,999.0,0,999.0
104056-4,104056,P3006,1,999.0,0,999.0
104057-1,104057,P1007,1,3999.0,0,3999.0
104057-2,104057,P2002,1,24999.0,0,24999.0
104057-3,104057,P4005,1,3070.41,12.2,3070.41
104058-1,104058,P1007,1,3999.0,0,3999.0
104058-2,104058,P5002,1,3026.88,13.5,3026.88
104059-1,104059,P2001,1,14748.41,7.8,14748.41
104060-1,104060,P6004,2,1499.0,0,2998.0
104060-2,104060,P8004,1,944.34,5.5,944.34
104061-1,104061,P1009,2,12999.0,0,25998.0
104062-1,104062,P3005,2,699.0,0,1398.0
104063-1,104063,P7003,1,999.0,0,999.0
104064-1,104064,P1004,1,799.0,0,799.0
104065-1,104065,P2006,1,4999.0,0,4999.0
104065-2,104065,P2004,1,999.0,0,999.0
104065-3,104065,P5004,1,4499.0,0,4499.0
104066-1,104066,P5001,1,5566.73,7.2,5566.73
104066-2,104066,P3001,3,999.0,0,2997.0
104067-1,104067,P1007,1,3999.0,0,3999.0
104068-1,104068,P3001,1,855.86,14.3,855.86
104068-2,104068,P1005,2,1299.0,0,2598.0
104068-3,104068,P1004,1,799.0,0,799.0
104069-1,104069,P3001,2,999.0,0,1998.0
104070-1,104070,P3004,3,199.0,0,597.0
104071-1,104071,P6003,2,1731.08,13.4,3462.16
104071-2,104071,P1010,2,776.33,13.6,1552.66
104072-1,104072,P7001,1,2560.31,14.6,2560.31
104073-1,104073,P3004,3,182.02,8.5,546.06
104074-1,104074,P2005,1,712.37,10.8,712.37
104075-1,104075,P6001,1,2499.0,0,2499.0
104076-1,104076,P2006,1,4999.0,0,4999.0
104076-2,104076,P5002,1,3499.0,0,3499.0
104076-3,104076,P1003,2,2499.0,0,4998.0
104076-4,104076,P8002,2,599.0,0,1198.0
104077-1,104077,P3005,1,633.14,9.4,633.14
104077-2,104077,P1002,3,256.96,14.1,770.88
104078-1,104078,P7002,1,1499.0,0,1499.0
104078-2,104078,P5003,2,622.07,11.0,1244.14
104079-1,104079,P2002,1,24999.0,0,24999.0
104080-1,104080,P4001,3,7999.0,0,23997.0
104081-1,104081,P1006,1,699.0,0,699.0
104082-1,104082,P1005,2,1299.0,0,2598.0
104083-1,104083,P5001,1,5999.0,0,5999.0
104083-2,104083,P1010,2,777.19,13.5,1554.38
104084-1,104084,P5004,1,4499.0,0,4499.0
104084-2,104084,P8002,2,599.0,0,1198.0
104085-1,104085,P8004,1,999.0,0,999.0
104085-2,104085,P8002,1,599.0,0,599.0
104086-1,104086,P1009,1,12999.0,0,12999.0
104086-2,104086,P4003,1,1999.0,0,1999.0
104086-3,104086,P1006,1,699.0,0,699.0
104088-1,104088,P1001,2,599.0,0,1198.0
104088-2,104088,P5005,1,1999.0,0,1999.0
104088-3,104088,P7004,1,599.0,0,599.0
104088-4,104088,P2006,1,4999.0,0,4999.0
104089-1,104089,P5001,2,5999.0,0,11998.0
104090-1,104090,P1001,1,599.0,0,599.0
104091-1,104091,P3006,1,999.0,0,999.0
104092-1,104092,P5005,1,1999.0,0,1999.0
104092-2,104092,P1005,2,1299.0,0,2598.0
104093-1,104093,P1006,2,699.0,0,1398.0
104095-1,104095,P1010,1,779.95,13.2,779.95
104095-2,104095,P2006,1,4999.0,0,4999.0
104095-3,104095,P1008,1,1499.0,0,1499.0
104095-4,104095,P4004,1,5999.0,0,5999.0
104096-1,104096,P1007,1,3624.69,9.4,3624.69
104097-1,104097,P4002,2,4605.95,7.9,9211.9
104098-1,104098,P5001,1,5999.0,0,5999.0
104099-1,104099,P1010,1,899.0,0,899.0
104100-1,104100,P2005,1,799.0,0,799.0
104101-1,104101,P1002,1,254.52,14.9,254.52
104102-1,104102,P3006,2,999.0,0,1998.0
104103-1,104103,P4002,1,4413.17,11.7,4413.17
104104-1,104104,P2004,1,919.63,7.9,919.63
104105-1,104105,P1002,2,299.0,0,598.0
104106-1,104106,P8001,1,499.0,0,499.0
104106-2,104106,P5002,1,3499.0,0,3499.0
104106-3,104106,P8005,1,899.0,0,899.0
104107-1,104107,P5005,1,1999.0,0,1999.0
104107-2,104107,P4003,1,1999.0,0,1999.0
104107-3,104107,P2001,1,14809.84,7.4,14809.84
104108-1,104108,P3003,2,599.0,0,1198.0
104108-2,104108,P1009,1,12999.0,0,12999.0
104108-3,104108,P3005,1,699.0,0,699.0
104108-4,104108,P5002,1,3499.0,0,3499.0
104109-1,104109,P4001,1,7243.7,9.4,7243.7
104109-2,104109,P6004,1,1499.0,0,1499.0
104109-3,104109,P8002,1,599.0,0,599.0
104110-1,104110,P6002,1,899.0,0,899.0
104111-1,104111,P5004,2,4499.0,0,8998.0
104111-2,104111,P7003,1,999.0,0,999.0
104112-1,104112,P8005,1,899.0,0,899.0
104112-2,104112,P7001,2,2999.0,0,5998.0
104112-3,104112,P4005,1,3096.84,11.5,3096.84
104113-1,104113,P4003,1,1999.0,0,1999.0
104113-2,104113,P8004,1,999.0,0,999.0
104113-3,104113,P3007,1,1299.0,0,1299.0
104114-1,104114,P1001,2,599.0,0,1198.0
104114-2,104114,P8005,1,899.0,0,899.0
104115-1,104115,P1009,1,12999.0,0,12999.0
104115-2,104115,P2005,1,799.0,0,799.0
104115-3,104115,P3007,2,1299.0,0,2598.0
104116-1,104116,P1010,1,899.0,0,899.0
104116-2,104116,P2006,1,4999.0,0,4999.0
104116-3,104116,P6004,1,1394.61,7.0,1394.61
104117-1,104117,P8005,1,899.0,0,899.0
104118-1,104118,P5002,1,3499.0,0,3499.0
104118-2,104118,P6002,1,899.0,0,899.0
104118-3,104118,P1002,1,299.0,0,299.0
104119-1,104119,P4002,1,4999.0,0,4999.0
104119-2,104119,P1008,1,1499.0,0,1499.0
104119-3,104119,P3003,1,555.96,7.2,555.96
104120-1,104120,P3007,1,1299.0,0,1299.0
104121-1,104121,P8003,2,799.0,0,1598.0
104121-2,104121,P6004,2,1499.0,0,2998.0
104121-3,104121,P4001,1,7999.0,0,7999.0
104122-1,104122,P1006,1,699.0,0,699.0
104123-1,104123,P3002,1,2340.94,6.3,2340.94
104125-1,104125,P5004,2,4499.0,0,8998.0
104125-2,104125,P3004,1,199.0,0,199.0
104126-1,104126,P4003,2,1769.82,11.5,3539.64
104126-2,104126,P3006,2,999.0,0,1998.0
104127-1,104127,P4003,2,1832.14,8.3,3664.28
104128-1,104128,P6004,2,1499.0,0,2998.0
104128-2,104128,P5005,1,1999.0,0,1999.0
104129-1,104129,P6003,1,1999.0,0,1999.0
104130-1,104130,P8005,1,808.54,10.1,808.54
104131-1,104131,P8003,2,799.0,0,1598.0
104132-1,104132,P8001,1,499.0,0,499.0
104133-1,104133,P2001,3,15999.0,0,47997.0
104133-2,104133,P4003,1,1999.0,0,1999.0
104134-1,104134,P5004,1,3849.73,14.4,3849.73
104135-1,104135,P1003,2,2499.0,0,4998.0
104136-1,104136,P1006,1,699.0,0,699.0
104137-1,104137,P3003,1,599.0,0,599.0
104137-2,104137,P7001,2,2999.0,0,5998.0
104137-3,104137,P2003,2,1499.0,0,2998.0
104138-1,104138,P1003,1,2499.0,0,2499.0
104138-2,104138,P7003,3,874.98,12.4,2624.94
104139-1,104139,P6002,1,899.0,0,899.0
104140-1,104140,P6004,2,1397.51,6.8,2795.02
104140-2,104140,P5004,2,4499.0,0,8998.0
104141-1,104141,P1002,2,281.1,6.0,562.2
104142-1,104142,P2001,1,15999.0,0,15999.0
104142-2,104142,P4001,1,7047.01,11.9,7047.01
104143-1,104143,P8005,2,899.0,0,1798.0
104144-1,104144,P7004,1,599.0,0,599.0
104144-2,104144,P5001,2,5999.0,0,11998.0
104144-3,104144,P7003,1,999.0,0,999.0
104146-1,104146,P3001,3,999.0,0,2997.0
104146-2,104146,P2004,2,999.0,0,1998.0
104146-3,104146,P5003,3,699.0,0,2097.0
104146-4,104146,P1004,1,799.0,0,799.0
104147-1,104147,P5005,1,1999.0,0,1999.0
104147-2,104147,P2001,2,13777.23,13.9,27554.46
104148-1,104148,P1008,1,1499.0,0,1499.0
104148-2,104148,P2002,2,24999.0,0,49998.0
104149-1,104149,P3002,1,2499.0,0,2499.0
104150-1,104150,P1001,1,599.0,0,599.0
104150-2,104150,P3001,1,882.3,11.7,882.3
104151-1,104151,P7002,2,1499.0,0,2998.0
104152-1,104152,P7002,1,1499.0,0,1499.0
104153-1,104153,P4003,1,1999.0,0,1999.0
104154-1,104154,P8002,1,599.0,0,599.0
104154-2,104154,P5003,2,621.17,11.1,1242.34
104155-1,104155,P8002,2,599.0,0,1198.0
104155-2,104155,P4005,1,3499.0,0,3499.0
104155-3,104155,P3001,1,999.0,0,999.0
104155-4,104155,P1003,1,2499.0,0,2499.0
104155-5,104155,P3007,1,1209.06,6.9,1209.06
104156-1,104156,P8005,1,899.0,0,899.0
104157-1,104157,P6001,1,2499.0,0,2499.0
104157-2,104157,P1010,2,899.0,0,1798.0
104158-1,104158,P7004,2,599.0,0,1198.0
104159-1,104159,P7002,1,1499.0,0,1499.0
104160-1,104160,P8001,1,499.0,0,499.0
104160-2,104160,P7001,1,2626.76,12.4,2626.76
104160-3,104160,P2003,2,1499.0,0,2998.0
104160-4,104160,P2006,1,4999.0,0,4999.0
104160-5,104160,P3005,1,699.0,0,699.0
104161-1,104161,P4002,2,4999.0,0,9998.0
104161-2,104161,P4001,1,7134.43,10.8,7134.43
104162-1,104162,P2005,1,799.0,0,799.0
104162-2,104162,P6004,1,1499.0,0,1499.0
104163-1,104163,P8003,1,799.0,0,799.0
104164-1,104164,P7003,1,999.0,0,999.0
104165-1,104165,P4002,1,4999.0,0,4999.0
104166-1,104166,P6003,1,1890.31,5.4,1890.31
104166-2,104166,P8003,2,722.11,9.6,1444.22
104168-1,104168,P1007,1,3999.0,0,3999.0
104168-2,104168,P8003,2,799.0,0,1598.0
104169-1,104169,P1002,1,299.0,0,299.0
104170-1,104170,P4002,1,4999.0,0,4999.0
104170-2,104170,P2005,1,799.0,0,799.0
104171-1,104171,P3004,2,199.0,0,398.0
104171-2,104171,P5005,2,1999.0,0,3998.0
104171-3,104171,P4003,1,1847.71,7.6,1847.71
104172-1,104172,P5001,1,5999.0,0,5999.0
104173-1,104173,P3004,1,199.0,0,199.0
104173-2,104173,P3007,2,1299.0,0,2598.0
104174-1,104174,P2006,1,4703.06,5.9,4703.06
104174-2,104174,P2004,1,999.0,0,999.0
104174-3,104174,P8005,1,899.0,0,899.0
104174-4,104174,P6004,2,1499.0,0,2998.0
104175-1,104175,P3003,1,599.0,0,599.0
104176-1,104176,P1007,2,3999.0,0,7998.0
104176-2,104176,P3002,2,2499.0,0,4998.0
104176-3,104176,P8004,2,999.0,0,1998.0
104177-1,104177,P4005,2,2986.01,14.7,5972.02
104177-2,104177,P2006,1,4677.3,6.4,4677.3
104177-3,104177,P4001,1,6898.14,13.8,6898.14
104178-1,104178,P6004,1,1499.0,0,1499.0
104179-1,104179,P2003,2,1499.0,0,2998.0
104179-2,104179,P6002,2,899.0,0,1798.0
104180-1,104180,P2005,1,799.0,0,799.0
104181-1,104181,P8004,2,999.0,0,1998.0
104182-1,104182,P4001,2,7142.29,10.7,14284.58
104182-2,104182,P8002,1,599.0,0,599.0
104182-3,104182,P5001,1,5999.0,0,5999.0
104183-1,104183,P7002,2,1499.0,0,2998.0
104185-1,104185,P4004,1,5999.0,0,5999.0
104186-1,104186,P1001,1,550.8,8.0,550.8
104186-2,104186,P8003,2,799.0,0,1598.0
104187-1,104187,P1005,1,1299.0,0,1299.0
104187-2,104187,P3005,1,699.0,0,699.0
104187-3,104187,P5003,2,619.94,11.3,1239.88
104188-1,104188,P6001,1,2499.0,0,2499.0
104188-2,104188,P5003,1,699.0,0,699.0
104189-1,104189,P6004,1,1499.0,0,1499.0
104190-1,104190,P5005,1,1999.0,0,1999.0
104190-2,104190,P5004,2,4499.0,0,8998.0
104190-3,104190,P4002,2,4999.0,0,9998.0
104190-4,104190,P4004,2,5260.92,12.3,10521.84
104191-1,104191,P2004,1,999.0,0,999.0
104191-2,104191,P1001,1,512.8,14.4,512.8
104191-3,104191,P6002,1,899.0,0,899.0
104192-1,104192,P4002,1,4999.0,0,4999.0
104193-1,104193,P7002,2,1321.81,11.8,2643.62
104194-1,104194,P8005,2,842.28,6.3,1684.56
104194-2,104194,P8002,1,553.6,7.6,553.6
104195-1,104195,P1003,1,2499.0,0,2499.0
104195-2,104195,P7001,1,2798.01,6.7,2798.01
104196-1,104196,P2002,1,24999.0,0,24999.0
104197-1,104197,P3004,1,175.38,11.9,175.38
104197-2,104197,P3007,1,1299.0,0,1299.0
104197-3,104197,P3006,1,999.0,0,999.0
104197-4,104197,P5005,2,1822.12,8.8,3644.24
104198-1,104198,P3006,2,904.8,9.4,1809.6
104198-2,104198,P1004,1,799.0,0,799.0
104198-3,104198,P5003,1,603.54,13.7,603.54
104198-4,104198,P8003,2,799.0,0,1598.0
104198-5,104198,P1003,2,2499.0,0,4998.0
104199-1,104199,P1009,2,12999.0,0,25998.0
104199-2,104199,P3007,1,1299.0,0,1299.0
104200-1,104200,P2003,1,1499.0,0,1499.0
104201-1,104201,P4002,2,4999.0,0,9998.0
104202-1,104202,P1002,1,299.0,0,299.0
104202-2,104202,P3007,1,1299.0,0,1299.0
104203-1,104203,P2001,1,15999.0,0,15999.0
104204-1,104204,P4002,1,4999.0,0,4999.0
104205-1,104205,P3005,2,699.0,0,1398.0
104206-1,104206,P8002,1,599.0,0,599.0
104207-1,104207,P1007,1,3999.0,0,3999.0
104207-2,104207,P8004,1,999.0,0,999.0
104207-3,104207,P5005,1,1788.82,10.5,1788.82
104208-1,104208,P8005,2,899.0,0,1798.0
104208-2,104208,P4005,1,3499.0,0,3499.0
104209-1,104209,P2001,3,14625.85,8.6,43877.55
104209-2,104209,P4004,1,5418.32,9.7,5418.32
104210-1,104210,P3005,1,699.0,0,699.0
104210-2,104210,P2002,1,24999.0,0,24999.0
104210-3,104210,P2005,2,697.29,12.7,1394.58
104211-1,104211,P6001,1,2499.0,0,2499.0
104212-1,104212,P5002,1,3499.0,0,3499.0
104212-2,104212,P7002,2,1499.0,0,2998.0
104212-3,104212,P6002,1,825.28,8.2,825.28
104213-1,104213,P1004,1,799.0,0,799.0
104213-2,104213,P5001,1,5999.0,0,5999.0
104214-1,104214,P2006,1,4999.0,0,4999.0
104214-2,104214,P8003,1,799.0,0,799.0
104215-1,104215,P8002,1,599.0,0,599.0
104216-1,104216,P2003,2,1499.0,0,2998.0
104216-2,104216,P3006,1,941.07,5.8,941.07
104216-3,104216,P5001,1,5594.16,6.7,5594.16
104216-4,104216,P8004,2,999.0,0,1998.0
104217-1,104217,P6004,1,1499.0,0,1499.0
104217-2,104217,P6002,1,899.0,0,899.0
104218-1,104218,P6003,2,1738.29,13.0,3476.58
104218-2,104218,P5004,1,4499.0,0,4499.0
104218-3,104218,P5001,1,5999.0,0,5999.0
104218-4,104218,P5005,1,1999.0,0,1999.0
104219-1,104219,P6004,1,1499.0,0,1499.0
104219-2,104219,P6003,1,1780.06,11.0,1780.06
104220-1,104220,P8002,1,599.0,0,599.0
104220-2,104220,P7002,1,1499.0,0,1499.0
104221-1,104221,P4004,1,5999.0,0,5999.0
104221-2,104221,P4005,1,3499.0,0,3499.0
104221-3,104221,P2001,1,15999.0,0,15999.0
104221-4,104221,P5001,1,5999.0,0,5999.0
104221-5,104221,P1007,2,3999.0,0,7998.0
104222-1,104222,P3001,2,999.0,0,1998.0
104223-1,104223,P1004,1,799.0,0,799.0
104223-2,104223,P5005,1,1999.0,0,1999.0
104223-3,104223,P8005,1,899.0,0,899.0
104224-1,104224,P3005,2,699.0,0,1398.0
104224-2,104224,P3006,1,867.62,13.2,867.62
104224-3,104224,P3007,1,1172.22,9.8,1172.22
104225-1,104225,P3003,1,599.0,0,599.0
104226-1,104226,P5002,1,3499.0,0,3499.0
104226-2,104226,P3005,2,601.05,14.0,1202.1
104227-1,104227,P1004,1,799.0,0,799.0
104228-1,104228,P1001,2,599.0,0,1198.0
104228-2,104228,P1009,1,12999.0,0,12999.0
104228-3,104228,P8001,1,499.0,0,499.0
104228-4,104228,P3001,1,999.0,0,999.0
104229-1,104229,P8001,1,499.0,0,499.0
104229-2,104229,P4005,1,3499.0,0,3499.0
104229-3,104229,P3003,1,599.0,0,599.0
104230-1,104230,P8001,1,499.0,0,499.0
104230-2,104230,P7001,1,2999.0,0,2999.0
104230-3,104230,P3005,1,699.0,0,699.0
104230-4,104230,P4005,2,3499.0,0,6998.0
104231-1,104231,P5003,2,639.25,8.5,1278.5
104232-1,104232,P1010,1,899.0,0,899.0
104233-1,104233,P7003,1,999.0,0,999.0
104234-1,104234,P3004,1,199.0,0,199.0
104234-2,104234,P6004,1,1499.0,0,1499.0
104234-3,104234,P6003,1,1999.0,0,1999.0
104235-1,104235,P1003,1,2353.64,5.8,2353.64
104235-2,104235,P3007,2,1299.0,0,2598.0
104235-3,104235,P2004,3,999.0,0,2997.0
104235-4,104235,P3002,2,2499.0,0,4998.0
104236-1,104236,P2002,1,24999.0,0,24999.0
104236-2,104236,P6003,3,1999.0,0,5997.0
104236-3,104236,P1002,3,299.0,0,897.0
104237-1,104237,P1007,2,3999.0,0,7998.0
104238-1,104238,P4004,1,5999.0,0,5999.0
104238-2,104238,P3002,1,2349.02,6.0,2349.02
104239-1,104239,P3001,2,999.0,0,1998.0
104239-2,104239,P4001,1,7380.56,7.7,7380.56
104240-1,104240,P5004,2,4499.0,0,8998.0
104240-2,104240,P6004,1,1499.0,0,1499.0
104240-3,104240,P1001,1,599.0,0,599.0
104241-1,104241,P1006,1,664.0,5.0,664.0
104241-2,104241,P2002,1,24999.0,0,24999.0
104241-3,104241,P3005,1,699.0,0,699.0
104241-4,104241,P1001,1,549.1,8.3,549.1
104242-1,104242,P3006,3,902.14,9.7,2706.42
104242-2,104242,P4002,1,4999.0,0,4999.0
104242-3,104242,P6002,1,899.0,0,899.0
104243-1,104243,P8005,2,899.0,0,1798.0
104243-2,104243,P3001,1,999.0,0,999.0
104243-3,104243,P5005,1,1999.0,0,1999.0
104243-4,104243,P1006,1,619.7,11.3,619.7
104243-5,104243,P6004,1,1499.0,0,1499.0
104244-1,104244,P2002,1,24999.0,0,24999.0
104245-1,104245,P3006,1,999.0,0,999.0
104245-2,104245,P1005,1,1299.0,0,1299.0
104246-1,104246,P1003,1,2499.0,0,2499.0
104247-1,104247,P5001,1,5999.0,0,5999.0
104247-2,104247,P6003,2,1761.99,11.9,3523.98
104248-1,104248,P6001,1,2499.0,0,2499.0
104248-2,104248,P4001,1,7999.0,0,7999.0
104248-3,104248,P1003,1,2499.0,0,2499.0
104249-1,104249,P5003,2,699.0,0,1398.0
104250-1,104250,P5001,2,5458.92,9.0,10917.84
104250-2,104250,P3007,1,1299.0,0,1299.0
104251-1,104251,P1008,1,1499.0,0,1499.0
104252-1,104252,P1007,2,3999.0,0,7998.0
104252-2,104252,P2003,1,1499.0,0,1499.0
104253-1,104253,P1003,1,2155.17,13.8,2155.17
104255-1,104255,P8002,1,599.0,0,599.0
104255-2,104255,P1009,1,11733.97,9.7,11733.97
104255-3,104255,P5002,2,3499.0,0,6998.0
104255-4,104255,P3001,1,999.0,0,999.0
104256-1,104256,P1001,1,599.0,0,599.0
104257-1,104257,P1004,2,799.0,0,1598.0
104257-2,104257,P3007,1,1299.0,0,1299.0
104257-3,104257,P8005,3,899.0,0,2697.0
104258-1,104258,P8002,1,551.55,7.9,551.55
104258-2,104258,P3005,1,699.0,0,699.0
104260-1,104260,P6001,2,2499.0,0,4998.0
104260-2,104260,P1003,1,2225.42,10.9,2225.42
104260-3,104260,P3004,1,170.48,14.3,170.48
104263-1,104263,P3001,1,999.0,0,999.0
104263-2,104263,P5002,1,3499.0,0,3499.0
104264-1,104264,P6002,1,841.56,6.4,841.56
104264-2,104264,P3003,1,599.0,0,599.0
104265-1,104265,P1008,2,1499.0,0,2998.0
104265-2,104265,P1009,1,12999.0,0,12999.0
104266-1,104266,P1009,1,12999.0,0,12999.0
104266-2,104266,P1005,1,1299.0,0,1299.0
104266-3,104266,P4002,2,4268.56,14.6,8537.12
104267-1,104267,P1007,1,3999.0,0,3999.0
104267-2,104267,P8001,1,499.0,0,499.0
104268-1,104268,P1002,2,299.0,0,598.0
104268-2,104268,P5004,2,4499.0,0,8998.0
104268-3,104268,P5003,1,699.0,0,699.0
104269-1,104269,P1009,1,12999.0,0,12999.0
104269-2,104269,P2006,2,4288.32,14.2,8576.64
104270-1,104270,P2001,1,15999.0,0,15999.0
104270-2,104270,P2006,1,4498.88,10.0,4498.88
104270-3,104270,P6003,1,1818.38,9.0,1818.38
104271-1,104271,P8003,1,799.0,0,799.0
104271-2,104271,P6003,2,1819.22,9.0,3638.44
104271-3,104271,P3007,1,1153.62,11.2,1153.62
104272-1,104272,P4003,1,1999.0,0,1999.0
104272-2,104272,P8003,2,799.0,0,1598.0
104273-1,104273,P6002,1,899.0,0,899.0
104274-1,104274,P8003,1,799.0,0,799.0
104275-1,104275,P1009,1,12999.0,0,12999.0
104275-2,104275,P3001,3,944.5,5.5,2833.5
104276-1,104276,P6003,1,1999.0,0,1999.0
104276-2,104276,P3005,1,699.0,0,699.0
104278-1,104278,P5005,2,1734.51,13.2,3469.02
104278-2,104278,P6001,1,2294.06,8.2,2294.06
104279-1,104279,P1008,1,1499.0,0,1499.0
104280-1,104280,P1008,1,1499.0,0,1499.0
104281-1,104281,P3007,2,1299.0,0,2598.0
104282-1,104282,P4003,1,1865.8,6.7,1865.8
104282-2,104282,P1006,1,699.0,0,699.0
104282-3,104282,P1008,2,1344.07,10.3,2688.14
104282-4,104282,P5005,2,1999.0,0,3998.0
104283-1,104283,P2002,1,24999.0,0,24999.0
104283-2,104283,P2003,2,1499.0,0,2998.0
104284-1,104284,P1005,1,1299.0,0,1299.0
104285-1,104285,P2002,1,21996.32,12.0,21996.32
104285-2,104285,P4004,2,5267.32,12.2,10534.64
104286-1,104286,P8003,1,799.0,0,799.0
104287-1,104287,P1004,1,799.0,0,799.0
104287-2,104287,P1002,1,299.0,0,299.0
104288-1,104288,P3006,1,917.24,8.2,917.24
104289-1,104289,P1005,1,1202.68,7.4,1202.68
104289-2,104289,P4004,1,5999.0,0,5999.0
104290-1,104290,P3004,1,199.0,0,199.0
104291-1,104291,P8001,1,499.0,0,499.0
104291-2,104291,P3004,3,199.0,0,597.0
104291-3,104291,P1005,2,1299.0,0,2598.0
104292-1,104292,P5003,1,644.41,7.8,644.41
104292-2,104292,P7003,2,882.62,11.6,1765.24
104292-3,104292,P2006,1,4999.0,0,4999.0
104293-1,104293,P3006,2,999.0,0,1998.0
104294-1,104294,P1004,2,710.38,11.1,1420.76
104295-1,104295,P1009,1,12999.0,0,12999.0
104296-1,104296,P3007,2,1299.0,0,2598.0
104297-1,104297,P1008,1,1345.74,10.2,1345.74
104297-2,104297,P1009,1,12999.0,0,12999.0
104298-1,104298,P1004,1,799.0,0,799.0
104299-1,104299,P8002,1,599.0,0,599.0
104299-2,104299,P1001,1,562.94,6.0,562.94
104300-1,104300,P1004,2,799.0,0,1598.0
104301-1,104301,P2004,1,999.0,0,999.0
104301-2,104301,P3007,1,1299.0,0,1299.0
104301-3,104301,P1007,1,3999.0,0,3999.0
104301-4,104301,P8001,1,499.0,0,499.0
104302-1,104302,P4001,3,7999.0,0,23997.0
104302-2,104302,P4004,1,5999.0,0,5999.0
104302-3,104302,P7001,1,2999.0,0,2999.0
104302-4,104302,P1007,3,3999.0,0,11997.0
104303-1,104303,P7003,1,999.0,0,999.0
104304-1,104304,P8002,2,599.0,0,1198.0
104305-1,104305,P8001,1,499.0,0,499.0
104306-1,104306,P4003,1,1999.0,0,1999.0
104307-1,104307,P6001,1,2499.0,0,2499.0
104308-1,104308,P7003,2,999.0,0,1998.0
104309-1,104309,P1005,1,1299.0,0,1299.0
104310-1,104310,P7003,1,999.0,0,999.0
104311-1,104311,P3007,1,1187.43,8.6,1187.43
104312-1,104312,P2004,1,999.0,0,999.0
104312-2,104312,P3004,2,199.0,0,398.0
104312-3,104312,P3001,1,999.0,0,999.0
104312-4,104312,P1001,1,599.0,0,599.0
104313-1,104313,P2006,2,4602.45,7.9,9204.9
104314-1,104314,P8002,2,599.0,0,1198.0
104315-1,104315,P1007,2,3743.51,6.4,7487.02
104319-1,104319,P5002,1,3499.0,0,3499.0
104319-2,104319,P7004,1,599.0,0,599.0
104320-1,104320,P6001,1,2499.0,0,2499.0
104320-2,104320,P2004,1,852.66,14.6,852.66
104321-1,104321,P2002,1,24999.0,0,24999.0
104321-2,104321,P2003,1,1499.0,0,1499.0
104322-1,104322,P3007,1,1299.0,0,1299.0
104322-2,104322,P4005,1,3499.0,0,3499.0
104322-3,104322,P2002,1,24999.0,0,24999.0
104323-1,104323,P5001,1,5373.01,10.4,5373.01
104323-2,104323,P3003,1,517.35,13.6,517.35
104324-1,104324,P2006,1,4999.0,0,4999.0
104324-2,104324,P8005,1,899.0,0,899.0
104324-3,104324,P7003,2,999.0,0,1998.0
104324-4,104324,P7001,1,2999.0,0,2999.0
104325-1,104325,P1008,1,1499.0,0,1499.0
104327-1,104327,P7004,1,599.0,0,599.0
104327-2,104327,P8003,2,799.0,0,1598.0
104327-3,104327,P3005,2,699.0,0,1398.0
104327-4,104327,P6002,1,899.0,0,899.0
104327-5,104327,P7003,1,999.0,0,999.0
104328-1,104328,P2001,1,15999.0,0,15999.0
104329-1,104329,P7003,2,999.0,0,1998.0
104329-2,104329,P2006,1,4999.0,0,4999.0
104330-1,104330,P6002,1,899.0,0,899.0
104330-2,104330,P4004,2,5999.0,0,11998.0
104330-3,104330,P1003,2,2239.91,10.4,4479.82
104330-4,104330,P3005,1,626.9,10.3,626.9
104331-1,104331,P8004,1,999.0,0,999.0
104331-2,104331,P7004,1,599.0,0,599.0
104332-1,104332,P1003,1,2499.0,0,2499.0
104332-2,104332,P8004,1,999.0,0,999.0
104332-3,104332,P4001,1,7999.0,0,7999.0
104332-4,104332,P8001,1,499.0,0,499.0
104333-1,104333,P1008,1,1499.0,0,1499.0
104334-1,104334,P1002,2,299.0,0,598.0
104334-2,104334,P2002,1,24999.0,0,24999.0
104334-3,104334,P8004,2,999.0,0,1998.0
104335-1,104335,P1005,1,1299.0,0,1299.0
104335-2,104335,P7003,2,999.0,0,1998.0
104335-3,104335,P5005,1,1829.66,8.5,1829.66
104336-1,104336,P6002,1,899.0,0,899.0
104337-1,104337,P1005,1,1299.0,0,1299.0
104337-2,104337,P7001,1,2999.0,0,2999.0
104338-1,104338,P2005,1,710.9,11.0,710.9
104339-1,104339,P1007,1,3630.84,9.2,3630.84
104340-1,104340,P5004,1,4499.0,0,4499.0
104341-1,104341,P5004,1,4499.0,0,4499.0
104341-2,104341,P1002,2,299.0,0,598.0
104341-3,104341,P3005,2,699.0,0,1398.0
104342-1,104342,P3004,1,182.44,8.3,182.44
104343-1,104343,P4001,1,7999.0,0,7999.0
104343-2,104343,P7002,1,1310.84,12.6,1310.84
104343-3,104343,P8002,3,599.0,0,1797.0
104343-4,104343,P1003,1,2499.0,0,2499.0
104344-1,104344,P3007,1,1299.0,0,1299.0
104345-1,104345,P1001,1,599.0,0,599.0
104345-2,104345,P8002,1,599.0,0,599.0
104345-3,104345,P5002,1,3120.98,10.8,3120.98
104346-1,104346,P3006,1,999.0,0,999.0
104346-2,104346,P3005,1,699.0,0,699.0
104347-1,104347,P2001,1,14397.34,10.0,14397.34
104348-1,104348,P2004,2,999.0,0,1998.0
104348-2,104348,P6003,1,1999.0,0,1999.0
104348-3,104348,P3001,1,999.0,0,999.0
104350-1,104350,P7003,3,999.0,0,2997.0
104351-1,104351,P1006,1,595.01,14.9,595.01
104351-2,104351,P1002,1,261.56,12.5,261.56
104353-1,104353,P8002,1,563.74,5.9,563.74
104353-2,104353,P3007,1,1299.0,0,1299.0
104354-1,104354,P6003,2,1999.0,0,3998.0
104355-1,104355,P8002,1,599.0,0,599.0
104355-2,104355,P8003,1,799.0,0,799.0
104355-3,104355,P3007,1,1299.0,0,1299.0
104356-1,104356,P3003,1,599.0,0,599.0
104356-2,104356,P7003,2,999.0,0,1998.0
104357-1,104357,P6004,1,1499.0,0,1499.0
104357-2,104357,P7002,1,1499.0,0,1499.0
104358-1,104358,P7002,1,1499.0,0,1499.0
104358-2,104358,P3006,1,999.0,0,999.0
104359-1,104359,P1008,3,1499.0,0,4497.0
104360-1,104360,P3004,1,199.0,0,199.0
104360-2,104360,P2001,1,15999.0,0,15999.0
104361-1,104361,P1007,1,3999.0,0,3999.0
104361-2,104361,P1008,1,1499.0,0,1499.0
104362-1,104362,P6003,2,1999.0,0,3998.0
104362-2,104362,P3004,2,199.0,0,398.0
104362-3,104362,P2004,1,852.39,14.7,852.39
104363-1,104363,P1003,1,2152.72,13.9,2152.72
104363-2,104363,P5003,1,699.0,0,699.0
104364-1,104364,P4005,1,3115.43,11.0,3115.43
104365-1,104365,P1002,1,299.0,0,299.0
104366-1,104366,P5002,1,3499.0,0,3499.0
104366-2,104366,P1002,2,299.0,0,598.0
104367-1,104367,P4002,1,4464.14,10.7,4464.14
104368-1,104368,P4003,1,1999.0,0,1999.0
104368-2,104368,P1005,1,1299.0,0,1299.0
104368-3,104368,P6004,1,1499.0,0,1499.0
104368-4,104368,P3002,1,2499.0,0,2499.0
104368-5,104368,P5002,1,3249.05,7.1,3249.05
104369-1,104369,P7003,1,881.49,11.8,881.49
104370-1,104370,P3006,1,999.0,0,999.0
104370-2,104370,P5003,1,699.0,0,699.0
104372-1,104372,P4005,1,3499.0,0,3499.0
104373-1,104373,P4005,2,3499.0,0,6998.0
104373-2,104373,P8001,1,499.0,0,499.0
104373-3,104373,P3003,1,599.0,0,599.0
104373-4,104373,P5005,1,1999.0,0,1999.0
104374-1,104374,P3006,1,999.0,0,999.0
104375-1,104375,P1002,1,299.0,0,299.0
104376-1,104376,P2006,1,4999.0,0,4999.0
104377-1,104377,P3004,1,199.0,0,199.0
104377-2,104377,P7002,1,1499.0,0,1499.0
104377-3,104377,P7003,1,999.0,0,999.0
104378-1,104378,P1003,1,2499.0,0,2499.0
104378-2,104378,P2001,1,15057.44,5.9,15057.44
104378-3,104378,P7003,1,999.0,0,999.0
104379-1,104379,P5003,1,642.55,8.1,642.55
104379-2,104379,P8005,2,899.0,0,1798.0
104379-3,104379,P8002,1,599.0,0,599.0
104379-4,104379,P3005,2,699.0,0,1398.0
104380-1,104380,P2001,1,15999.0,0,15999.0
104381-1,104381,P8005,1,899.0,0,899.0
104381-2,104381,P1003,1,2134.19,14.6,2134.19
104382-1,104382,P5002,1,3499.0,0,3499.0
104382-2,104382,P3007,1,1299.0,0,1299.0
104382-3,104382,P2001,1,15999.0,0,15999.0
104382-4,104382,P7002,1,1499.0,0,1499.0
104384-1,104384,P3001,1,999.0,0,999.0
104384-2,104384,P2002,1,24999.0,0,24999.0
104385-1,104385,P3003,1,541.76,9.6,541.76
104386-1,104386,P3002,1,2499.0,0,2499.0
104387-1,104387,P6001,2,2499.0,0,4998.0
104387-2,104387,P3004,2,199.0,0,398.0
104388-1,104388,P1008,1,1499.0,0,1499.0
104389-1,104389,P4003,1,1999.0,0,1999.0
104390-1,104390,P5002,2,3499.0,0,6998.0
104390-2,104390,P6002,3,899.0,0,2697.0
104391-1,104391,P2003,1,1499.0,0,1499.0
104391-2,104391,P8005,1,899.0,0,899.0
104393-1,104393,P7002,2,1499.0,0,2998.0
104393-2,104393,P8004,1,947.52,5.2,947.52
104394-1,104394,P2006,1,4999.0,0,4999.0
104394-2,104394,P2004,2,999.0,0,1998.0
104395-1,104395,P6001,1,2499.0,0,2499.0
104395-2,104395,P3004,3,199.0,0,597.0
104396-1,104396,P4002,3,4999.0,0,14997.0
104397-1,104397,P6004,1,1420.55,5.2,1420.55
104397-2,104397,P5001,1,5694.41,5.1,5694.41
104397-3,104397,P1008,2,1499.0,0,2998.0
104397-4,104397,P7003,3,999.0,0,2997.0
104398-1,104398,P1005,2,1299.0,0,2598.0
104398-2,104398,P5002,2,3499.0,0,6998.0
104399-1,104399,P6003,1,1999.0,0,1999.0
104400-1,104400,P8002,2,599.0,0,1198.0
104400-2,104400,P1010,1,899.0,0,899.0
104400-3,104400,P4003,2,1765.9,11.7,3531.8
104400-4,104400,P2005,1,799.0,0,799.0
104400-5,104400,P1008,1,1388.55,7.4,1388.55
104401-1,104401,P4003,1,1999.0,0,1999.0
104402-1,104402,P8003,2,693.46,13.2,1386.92
104403-1,104403,P6003,1,1999.0,0,1999.0
104404-1,104404,P2005,1,799.0,0,799.0
104404-2,104404,P4005,1,3499.0,0,3499.0
104404-3,104404,P6001,1,2499.0,0,2499.0
104404-4,104404,P5004,2,4499.0,0,8998.0
104405-1,104405,P1008,1,1499.0,0,1499.0
104405-2,104405,P5005,1,1999.0,0,1999.0
104406-1,104406,P1009,1,12999.0,0,12999.0
104406-2,104406,P4005,1,2978.79,14.9,2978.79
104406-3,104406,P7004,1,599.0,0,599.0
104406-4,104406,P8005,1,851.65,5.3,851.65
104406-5,104406,P5003,1,699.0,0,699.0
104407-1,104407,P3002,1,2499.0,0,2499.0
104407-2,104407,P8004,1,999.0,0,999.0
104408-1,104408,P4004,3,5999.0,0,17997.0
104408-2,104408,P5005,2,1858.97,7.0,3717.94
104410-1,104410,P6004,3,1499.0,0,4497.0
104410-2,104410,P2003,1,1499.0,0,1499.0
104410-3,104410,P5005,2,1847.85,7.6,3695.7
104410-4,104410,P3004,3,199.0,0,597.0
104411-1,104411,P8005,1,822.48,8.5,822.48
104412-1,104412,P1004,1,799.0,0,799.0
104413-1,104413,P6003,3,1999.0,0,5997.0
104413-2,104413,P3006,1,999.0,0,999.0
104413-3,104413,P1009,1,12999.0,0,12999.0
104414-1,104414,P5002,1,3083.35,11.9,3083.35
104414-2,104414,P5001,2,5999.0,0,11998.0
104415-1,104415,P2002,3,24999.0,0,74997.0
104415-2,104415,P2006,1,4999.0,0,4999.0
104416-1,104416,P8002,2,599.0,0,1198.0
104416-2,104416,P1009,1,12999.0,0,12999.0
104417-1,104417,P4002,1,4999.0,0,4999.0
104417-2,104417,P2002,1,24999.0,0,24999.0
104418-1,104418,P1009,1,12999.0,0,12999.0
104418-2,104418,P8003,2,799.0,0,1598.0
104418-3,104418,P3005,1,699.0,0,699.0
104418-4,104418,P1002,2,299.0,0,598.0
104418-5,104418,P2005,1,799.0,0,799.0
104419-1,104419,P8004,1,999.0,0,999.0
104419-2,104419,P7004,1,528.68,11.7,528.68
104419-3,104419,P1003,1,2499.0,0,2499.0
104420-1,104420,P4002,3,4999.0,0,14997.0
104420-2,104420,P8001,2,499.0,0,998.0
104420-3,104420,P1001,2,599.0,0,1198.0
104420-4,104420,P7004,2,599.0,0,1198.0
104420-5,104420,P3003,1,552.82,7.7,552.82
104421-1,104421,P6003,1,1808.55,9.5,1808.55
104421-2,104421,P3004,1,199.0,0,199.0
104422-1,104422,P8001,1,499.0,0,499.0
104423-1,104423,P4005,1,3499.0,0,3499.0
104423-2,104423,P2005,1,799.0,0,799.0
104424-1,104424,P5001,2,5999.0,0,11998.0
104425-1,104425,P1005,1,1299.0,0,1299.0
104425-2,104425,P5005,2,1999.0,0,3998.0
104426-1,104426,P6003,1,1845.45,7.7,1845.45
104426-2,104426,P8005,1,899.0,0,899.0
104426-3,104426,P6002,1,815.03,9.3,815.03
104427-1,104427,P2002,2,24999.0,0,49998.0
104429-1,104429,P3001,1,999.0,0,999.0
104429-2,104429,P5001,1,5999.0,0,5999.0
104429-3,104429,P1008,1,1274.58,15.0,1274.58
104430-1,104430,P1010,2,840.11,6.6,1680.22
104430-2,104430,P2006,2,4999.0,0,9998.0
104430-3,104430,P7004,1,521.29,13.0,521.29
104430-4,104430,P5001,2,5999.0,0,11998.0
104430-5,104430,P7002,2,1399.87,6.6,2799.74
104431-1,104431,P8004,2,999.0,0,1998.0
104432-1,104432,P4005,1,3147.48,10.0,3147.48
104433-1,104433,P1005,3,1157.97,10.9,3473.91
104433-2,104433,P5003,1,699.0,0,699.0
104434-1,104434,P1004,1,687.53,14.0,687.53
104434-2,104434,P8004,2,999.0,0,1998.0
104435-1,104435,P5003,2,699.0,0,1398.0
104435-2,104435,P4001,1,7999.0,0,7999.0
104435-3,104435,P5002,2,3499.0,0,6998.0
104435-4,104435,P1006,3,699.0,0,2097.0
104436-1,104436,P2001,1,15999.0,0,15999.0
104436-2,104436,P3003,2,599.0,0,1198.0
104437-1,104437,P3004,2,199.0,0,398.0
104437-2,104437,P4005,3,3499.0,0,10497.0
104438-1,104438,P1005,1,1299.0,0,1299.0
104439-1,104439,P1010,1,899.0,0,899.0
104439-2,104439,P8003,1,758.07,5.1,758.07
104440-1,104440,P7001,1,2724.56,9.2,2724.56
104440-2,104440,P1002,1,299.0,0,299.0
104441-1,104441,P5002,1,3499.0,0,3499.0
104442-1,104442,P7001,1,2999.0,0,2999.0
104442-2,104442,P6001,1,2499.0,0,2499.0
104443-1,104443,P4004,1,5999.0,0,5999.0
104443-2,104443,P5004,1,4499.0,0,4499.0
104443-3,104443,P7002,1,1499.0,0,1499.0
104444-1,104444,P4003,2,1999.0,0,3998.0
104445-1,104445,P1004,1,799.0,0,799.0
104445-2,104445,P2005,2,799.0,0,1598.0
104446-1,104446,P7003,1,925.99,7.3,925.99
104448-1,104448,P1009,1,12999.0,0,12999.0
104448-2,104448,P8002,1,599.0,0,599.0
104449-1,104449,P2006,1,4571.7,8.5,4571.7
104450-1,104450,P5002,1,3499.0,0,3499.0
104450-2,104450,P7002,1,1308.84,12.7,1308.84
104450-3,104450,P6001,2,2499.0,0,4998.0
104451-1,104451,P1008,1,1303.71,13.0,1303.71
104451-2,104451,P3003,1,599.0,0,599.0
104451-3,104451,P1002,1,282.21,5.6,282.21
104451-4,104451,P1003,1,2499.0,0,2499.0
104451-5,104451,P1009,1,12999.0,0,12999.0
104452-1,104452,P6001,1,2499.0,0,2499.0
104454-1,104454,P1008,1,1499.0,0,1499.0
104454-2,104454,P7004,1,544.89,9.0,544.89
104455-1,104455,P2005,1,799.0,0,799.0
104455-2,104455,P5002,1,3499.0,0,3499.0
104455-3,104455,P6004,2,1499.0,0,2998.0
104455-4,104455,P3006,1,999.0,0,999.0
104455-5,104455,P3002,1,2499.0,0,2499.0
104457-1,104457,P1006,2,699.0,0,1398.0
104458-1,104458,P1006,1,699.0,0,699.0
104458-2,104458,P6001,1,2499.0,0,2499.0
104458-3,104458,P4001,3,7999.0,0,23997.0
104459-1,104459,P8003,2,754.86,5.5,1509.72
104460-1,104460,P4001,1,7999.0,0,7999.0
104460-2,104460,P1009,1,12999.0,0,12999.0
104461-1,104461,P3003,1,599.0,0,599.0
104461-2,104461,P5004,3,4499.0,0,13497.0
104462-1,104462,P8002,1,599.0,0,599.0
104462-2,104462,P3001,1,999.0,0,999.0
104463-1,104463,P1006,1,652.11,6.7,652.11
104464-1,104464,P3007,1,1156.72,11.0,1156.72
104465-1,104465,P1006,1,640.43,8.4,640.43
104465-2,104465,P8001,1,499.0,0,499.0
104465-3,104465,P3004,1,199.0,0,199.0
104466-1,104466,P7003,1,999.0,0,999.0
104466-2,104466,P1006,1,629.03,10.0,629.03
104466-3,104466,P2001,1,15999.0,0,15999.0
104466-4,104466,P1003,1,2499.0,0,2499.0
104466-5,104466,P3005,2,699.0,0,1398.0
104467-1,104467,P2005,1,799.0,0,799.0
104468-1,104468,P1001,1,568.26,5.1,568.26
104468-2,104468,P7002,1,1499.0,0,1499.0
104469-1,104469,P3005,1,699.0,0,699.0
104469-2,104469,P3007,1,1133.03,12.8,1133.03
104470-1,104470,P1005,1,1299.0,0,1299.0
104470-2,104470,P8003,2,799.0,0,1598.0
104471-1,104471,P2001,1,15999.0,0,15999.0
104471-2,104471,P3003,1,599.0,0,599.0
104472-1,104472,P3001,1,999.0,0,999.0
104473-1,104473,P2001,1,15999.0,0,15999.0
104474-1,104474,P6004,1,1499.0,0,1499.0
104474-2,104474,P5004,1,4499.0,0,4499.0
104474-3,104474,P2003,1,1499.0,0,1499.0
104474-4,104474,P8001,1,499.0,0,499.0
104475-1,104475,P8001,1,499.0,0,499.0
104475-2,104475,P1005,1,1299.0,0,1299.0
104475-3,104475,P5004,1,4499.0,0,4499.0
104475-4,104475,P4005,1,3499.0,0,3499.0
104476-1,104476,P4005,1,3499.0,0,3499.0
104476-2,104476,P2006,1,4999.0,0,4999.0
104477-1,104477,P8004,1,999.0,0,999.0
104477-2,104477,P2005,2,728.03,8.9,1456.06
104477-3,104477,P1010,1,769.09,14.5,769.09
104477-4,104477,P2001,1,15999.0,0,15999.0
104478-1,104478,P5001,2,5999.0,0,11998.0
104478-2,104478,P3002,1,2499.0,0,2499.0
104478-3,104478,P3007,1,1218.61,6.2,1218.61
104479-1,104479,P2002,2,24999.0,0,49998.0
104479-2,104479,P4003,1,1999.0,0,1999.0
104479-3,104479,P6002,2,899.0,0,1798.0
104479-4,104479,P1001,1,564.52,5.8,564.52
104480-1,104480,P1006,1,699.0,0,699.0
104481-1,104481,P6001,1,2499.0,0,2499.0
104482-1,104482,P8004,2,999.0,0,1998.0
104482-2,104482,P3006,1,935.52,6.4,935.52
104482-3,104482,P8003,2,696.42,12.8,1392.84
104483-1,104483,P1005,1,1299.0,0,1299.0
104483-2,104483,P3001,1,999.0,0,999.0
104483-3,104483,P4003,1,1999.0,0,1999.0
104485-1,104485,P2002,1,24999.0,0,24999.0
104485-2,104485,P7002,2,1499.0,0,2998.0
104486-1,104486,P8004,1,999.0,0,999.0
104487-1,104487,P6002,2,899.0,0,1798.0
104487-2,104487,P4003,1,1812.06,9.4,1812.06
104488-1,104488,P5004,1,4499.0,0,4499.0
104489-1,104489,P6003,1,1999.0,0,1999.0
104489-2,104489,P8001,1,499.0,0,499.0
104489-3,104489,P3002,2,2499.0,0,4998.0
104490-1,104490,P1002,1,299.0,0,299.0
104490-2,104490,P1010,1,899.0,0,899.0
104492-1,104492,P5004,1,4499.0,0,4499.0
104492-2,104492,P2001,2,14194.73,11.3,28389.46
104493-1,104493,P2001,1,15999.0,0,15999.0
104493-2,104493,P8005,1,773.11,14.0,773.11
104493-3,104493,P3001,1,999.0,0,999.0
104494-1,104494,P5004,2,4499.0,0,8998.0
104494-2,104494,P8001,2,499.0,0,998.0
104494-3,104494,P5001,2,5999.0,0,11998.0
104495-1,104495,P1009,1,12999.0,0,12999.0
104496-1,104496,P2001,1,15999.0,0,15999.0
104496-2,104496,P1007,1,3999.0,0,3999.0
104497-1,104497,P8005,2,899.0,0,1798.0
104498-1,104498,P2002,2,24999.0,0,49998.0
104499-1,104499,P3002,1,2499.0,0,2499.0
104500-1,104500,P4005,1,3499.0,0,3499.0
104501-1,104501,P4005,1,3499.0,0,3499.0
104501-2,104501,P2002,1,22834.16,8.7,22834.16
104501-3,104501,P8002,2,563.3,6.0,1126.6
104502-1,104502,P1007,1,3999.0,0,3999.0
104503-1,104503,P7002,1,1499.0,0,1499.0
104503-2,104503,P4003,1,1999.0,0,1999.0
104504-1,104504,P6002,1,899.0,0,899.0
104504-2,104504,P1002,1,299.0,0,299.0
104505-1,104505,P3004,1,199.0,0,199.0
104506-1,104506,P8002,2,599.0,0,1198.0
104507-1,104507,P3005,1,699.0,0,699.0
104507-2,104507,P2003,1,1499.0,0,1499.0
104508-1,104508,P7003,1,885.91,11.3,885.91
104508-2,104508,P4001,1,7999.0,0,7999.0
104508-3,104508,P4004,3,5999.0,0,17997.0
104509-1,104509,P3004,1,199.0,0,199.0
104509-2,104509,P3003,2,599.0,0,1198.0
104509-3,104509,P3007,1,1198.28,7.8,1198.28
104509-4,104509,P1002,2,299.0,0,598.0
104509-5,104509,P1004,1,799.0,0,799.0
104510-1,104510,P3007,2,1299.0,0,2598.0
104512-1,104512,P1010,1,899.0,0,899.0
104512-2,104512,P2004,1,999.0,0,999.0
104513-1,104513,P7002,1,1413.99,5.7,1413.99
104514-1,104514,P1003,1,2499.0,0,2499.0
104515-1,104515,P8005,3,899.0,0,2697.0
104516-1,104516,P3001,1,999.0,0,999.0
104517-1,104517,P4005,1,3499.0,0,3499.0
104518-1,104518,P8001,1,499.0,0,499.0
104519-1,104519,P7004,2,599.0,0,1198.0
104519-2,104519,P6004,1,1499.0,0,1499.0
104520-1,104520,P1008,1,1499.0,0,1499.0
104521-1,104521,P2004,1,999.0,0,999.0
104522-1,104522,P5001,2,5999.0,0,11998.0
104523-1,104523,P1010,1,899.0,0,899.0
104523-2,104523,P1001,2,599.0,0,1198.0
104523-3,104523,P8003,1,799.0,0,799.0
104523-4,104523,P8002,2,546.63,8.7,1093.26
104524-1,104524,P3003,1,548.21,8.5,548.21
104524-2,104524,P1003,1,2499.0,0,2499.0
104525-1,104525,P3007,1,1299.0,0,1299.0
104525-2,104525,P2006,1,4999.0,0,4999.0
104526-1,104526,P2003,1,1499.0,0,1499.0
104526-2,104526,P1009,1,12999.0,0,12999.0
104526-3,104526,P1002,2,299.0,0,598.0
104527-1,104527,P4005,2,3035.15,13.3,6070.3
104527-2,104527,P7002,1,1499.0,0,1499.0
104528-1,104528,P3001,2,891.97,10.7,1783.94
104529-1,104529,P1009,1,12999.0,0,12999.0
104530-1,104530,P8003,1,799.0,0,799.0
104531-1,104531,P1007,1,3404.41,14.9,3404.41
104531-2,104531,P7001,3,2999.0,0,8997.0
104532-1,104532,P2003,1,1499.0,0,1499.0
104533-1,104533,P1010,2,832.09,7.4,1664.18
104533-2,104533,P8003,1,679.6,14.9,679.6
104534-1,104534,P6002,1,802.84,10.7,802.84
104535-1,104535,P2002,2,24999.0,0,49998.0
104536-1,104536,P8004,1,893.64,10.5,893.64
104536-2,104536,P4003,1,1999.0,0,1999.0
104536-3,104536,P1002,1,299.0,0,299.0
104537-1,104537,P8004,3,999.0,0,2997.0
104537-2,104537,P2002,2,24999.0,0,49998.0
104537-3,104537,P8001,1,499.0,0,499.0
104537-4,104537,P5004,1,4499.0,0,4499.0
104538-1,104538,P1010,1,851.33,5.3,851.33
104539-1,104539,P7003,1,999.0,0,999.0
104539-2,104539,P5003,1,699.0,0,699.0
104540-1,104540,P6004,3,1499.0,0,4497.0
104540-2,104540,P3004,1,199.0,0,199.0
104541-1,104541,P1010,1,899.0,0,899.0
104542-1,104542,P7004,1,599.0,0,599.0
104542-2,104542,P1009,1,12999.0,0,12999.0
104543-1,104543,P1002,2,258.13,13.7,516.26
104543-2,104543,P8001,1,472.3,5.4,472.3
104544-1,104544,P6001,1,2499.0,0,2499.0
104545-1,104545,P8001,2,499.0,0,998.0
104545-2,104545,P3002,1,2499.0,0,2499.0
104546-1,104546,P4002,3,4999.0,0,14997.0
104547-1,104547,P5005,2,1821.51,8.9,3643.02
104548-1,104548,P8005,2,842.2,6.3,1684.4
104549-1,104549,P3004,1,199.0,0,199.0
104549-2,104549,P3002,2,2499.0,0,4998.0
104549-3,104549,P6001,1,2499.0,0,2499.0
104550-1,104550,P2004,1,999.0,0,999.0
104550-2,104550,P3002,2,2499.0,0,4998.0
104551-1,104551,P8001,3,499.0,0,1497.0
104551-2,104551,P6001,2,2499.0,0,4998.0
104552-1,104552,P1005,1,1299.0,0,1299.0
104553-1,104553,P7001,1,2999.0,0,2999.0
104553-2,104553,P3002,1,2499.0,0,2499.0
104554-1,104554,P8004,1,999.0,0,999.0
104555-1,104555,P2005,2,799.0,0,1598.0
104556-1,104556,P3004,1,199.0,0,199.0
104557-1,104557,P1003,1,2499.0,0,2499.0
104557-2,104557,P7002,1,1499.0,0,1499.0
104558-1,104558,P5004,1,4499.0,0,4499.0
104559-1,104559,P3006,1,999.0,0,999.0
104560-1,104560,P1008,1,1377.87,8.1,1377.87
104561-1,104561,P3006,2,999.0,0,1998.0
104561-2,104561,P1007,2,3999.0,0,7998.0
104561-3,104561,P5003,1,699.0,0,699.0
104562-1,104562,P4005,1,3499.0,0,3499.0
104563-1,104563,P1006,1,699.0,0,699.0
104564-1,104564,P3001,2,999.0,0,1998.0
104565-1,104565,P1006,1,699.0,0,699.0
104565-2,104565,P3005,3,595.0,14.9,1785.0
104566-1,104566,P8005,2,839.83,6.6,1679.66
104566-2,104566,P5002,2,3499.0,0,6998.0
104567-1,104567,P1006,1,699.0,0,699.0
104568-1,104568,P4002,1,4999.0,0,4999.0
104568-2,104568,P4004,1,5999.0,0,5999.0
104568-3,104568,P4003,1,1999.0,0,1999.0
104569-1,104569,P8001,2,499.0,0,998.0
104569-2,104569,P5004,1,4499.0,0,4499.0
104570-1,104570,P2006,2,4999.0,0,9998.0
104570-2,104570,P8005,2,842.11,6.3,1684.22
104571-1,104571,P7004,1,518.5,13.4,518.5
104571-2,104571,P2005,1,799.0,0,799.0
104571-3,104571,P5003,2,699.0,0,1398.0
104572-1,104572,P3004,2,199.0,0,398.0
104574-1,104574,P2001,1,15999.0,0,15999.0
104574-2,104574,P1001,2,599.0,0,1198.0
104575-1,104575,P3004,1,199.0,0,199.0
104575-2,104575,P1008,1,1411.89,5.8,1411.89
104575-3,104575,P8004,2,939.45,6.0,1878.9
104575-4,104575,P3005,2,652.13,6.7,1304.26
104576-1,104576,P5003,1,699.0,0,699.0
104576-2,104576,P1004,1,799.0,0,799.0
104576-3,104576,P3004,1,199.0,0,199.0
104577-1,104577,P7002,2,1499.0,0,2998.0
104578-1,104578,P7003,1,927.5,7.2,927.5
104578-2,104578,P1005,1,1299.0,0,1299.0
104579-1,104579,P8001,1,452.68,9.3,452.68
104579-2,104579,P8004,1,861.51,13.8,861.51
104579-3,104579,P3002,1,2499.0,0,2499.0
104579-4,104579,P1003,1,2499.0,0,2499.0
104580-1,104580,P8001,3,499.0,0,1497.0
104580-2,104580,P5004,2,4499.0,0,8998.0
104580-3,104580,P5003,1,631.56,9.6,631.56
104580-4,104580,P4004,2,5999.0,0,11998.0
104581-1,104581,P5001,1,5504.34,8.2,5504.34
104581-2,104581,P3001,-1,999.0,0,999.0
104581-3,104581,P3007,1,1231.49,5.2,1231.49
104583-1,104583,P2005,1,799.0,0,799.0
104584-1,104584,P4005,1,3499.0,0,3499.0
104585-1,104585,P1001,2,599.0,0,1198.0
104586-1,104586,P3003,1,599.0,0,599.0
104586-2,104586,P8005,2,899.0,0,1798.0
104587-1,104587,P1009,1,12999.0,0,12999.0
104588-1,104588,P8004,1,999.0,0,999.0
104589-1,104589,P8002,1,599.0,0,599.0
104589-2,104589,P3007,2,1299.0,0,2598.0
104590-1,104590,P1005,1,1299.0,0,1299.0
104590-2,104590,P2006,2,4999.0,0,9998.0
104590-3,104590,P4005,1,3499.0,0,3499.0
104591-1,104591,P3006,1,999.0,0,999.0
104592-1,104592,P5005,1,1888.02,5.6,1888.02
104592-2,104592,P8001,2,499.0,0,998.0
104592-3,104592,P6002,1,899.0,0,899.0
104593-1,104593,P1010,1,899.0,0,899.0
104593-2,104593,P1004,1,799.0,0,799.0
104593-3,104593,P2005,2,799.0,0,1598.0
104594-1,104594,P3006,1,881.33,11.8,881.33
104595-1,104595,P3001,2,999.0,0,1998.0
104595-2,104595,P1002,1,299.0,0,299.0
104595-3,104595,P5003,2,699.0,0,1398.0
104595-4,104595,P7004,2,599.0,0,1198.0
104596-1,104596,P4005,2,3499.0,0,6998.0
104596-2,104596,P1004,1,799.0,0,799.0
104596-3,104596,P8004,3,999.0,0,2997.0
104597-1,104597,P7004,1,599.0,0,599.0
104598-1,104598,P2006,1,4999.0,0,4999.0
104598-2,104598,P2005,1,680.58,14.8,680.58
104599-1,104599,P4003,1,1999.0,0,1999.0
104600-1,104600,P7004,1,599.0,0,599.0
104601-1,104601,P2003,2,1499.0,0,2998.0
104602-1,104602,P4002,1,4999.0,0,4999.0
104602-2,104602,P1005,2,1154.28,11.1,2308.56
104602-3,104602,P4005,2,3499.0,0,6998.0
104602-4,104602,P1010,1,899.0,0,899.0
104603-1,104603,P5003,2,699.0,0,1398.0
104604-1,104604,P3003,1,599.0,0,599.0
104604-2,104604,P8004,1,999.0,0,999.0
104605-1,104605,P2004,1,999.0,0,999.0
104606-1,104606,P5004,1,4499.0,0,4499.0
104606-2,104606,P2003,1,1422.83,5.1,1422.83
104608-1,104608,P6003,1,1999.0,0,1999.0
104608-2,104608,P7002,1,1499.0,0,1499.0
104608-3,104608,P5002,1,3499.0,0,3499.0
104609-1,104609,P8005,1,899.0,0,899.0
104610-1,104610,P5002,1,3499.0,0,3499.0
104611-1,104611,P1005,1,1299.0,0,1299.0
104612-1,104612,P5005,1,1999.0,0,1999.0
104612-2,104612,P3007,1,1299.0,0,1299.0
104612-3,104612,P3002,3,2499.0,0,7497.0
104612-4,104612,P1005,2,1112.17,14.4,2224.34
104613-1,104613,P2004,1,999.0,0,999.0
104613-2,104613,P7002,1,1499.0,0,1499.0
104614-1,104614,P7004,1,556.89,7.0,556.89
104615-1,104615,P8001,1,472.61,5.3,472.61
104615-2,104615,P6001,1,2199.37,12.0,2199.37
104616-1,104616,P7003,2,922.2,7.7,1844.4
104617-1,104617,P4002,1,4294.7,14.1,4294.7
104617-2,104617,P8001,1,499.0,0,499.0
104617-3,104617,P2006,1,4999.0,0,4999.0
104618-1,104618,P1008,1,1284.37,14.3,1284.37
104619-1,104619,P7003,2,999.0,0,1998.0
104619-2,104619,P8004,1,999.0,0,999.0
104619-3,104619,P5002,1,3499.0,0,3499.0
104620-1,104620,P1003,1,2499.0,0,2499.0
104620-2,104620,P8005,2,899.0,0,1798.0
104620-3,104620,P3005,2,699.0,0,1398.0
104621-1,104621,P1009,2,11055.82,14.9,22111.64
104622-1,104622,P5002,2,3132.74,10.5,6265.48
104623-1,104623,P1009,1,12999.0,0,12999.0
104623-2,104623,P8002,1,599.0,0,599.0
104624-1,104624,P8003,2,799.0,0,1598.0
104626-1,104626,P8004,1,999.0,0,999.0
104627-1,104627,P8004,2,999.0,0,1998.0
104628-1,104628,P3001,1,862.84,13.6,862.84
104629-1,104629,P4003,1,1999.0,0,1999.0
104629-2,104629,P4002,2,4999.0,0,9998.0
104630-1,104630,P5004,1,4499.0,0,4499.0
104630-2,104630,P2005,1,799.0,0,799.0
104631-1,104631,P2005,2,799.0,0,1598.0
104631-2,104631,P1006,3,699.0,0,2097.0
104632-1,104632,P1001,1,599.0,0,599.0
104633-1,104633,P3001,1,926.32,7.3,926.32
104633-2,104633,P1008,1,1499.0,0,1499.0
104634-1,104634,P5001,1,5999.0,0,5999.0
104635-1,104635,P1004,3,698.6,12.6,2095.8
104635-2,104635,P1005,1,1119.82,13.8,1119.82
104636-1,104636,P6004,2,1499.0,0,2998.0
104637-1,104637,P5004,2,4499.0,0,8998.0
104637-2,104637,P7004,1,599.0,0,599.0
104638-1,104638,P2001,1,15999.0,0,15999.0
104639-1,104639,P1005,1,1299.0,0,1299.0
104639-2,104639,P1001,2,599.0,0,1198.0
104639-3,104639,P1006,1,699.0,0,699.0
104640-1,104640,P3001,1,999.0,0,999.0
104640-2,104640,P1004,1,799.0,0,799.0
104640-3,104640,P1003,1,2499.0,0,2499.0
104640-4,104640,P3005,1,699.0,0,699.0
104641-1,104641,P3002,2,2372.45,5.1,4744.9
104642-1,104642,P1002,1,299.0,0,299.0
104644-1,104644,P1004,1,799.0,0,799.0
104644-2,104644,P4005,1,3499.0,0,3499.0
104644-3,104644,P1005,2,1299.0,0,2598.0
104646-1,104646,P2001,1,15999.0,0,15999.0
104646-2,104646,P5003,1,699.0,0,699.0
104646-3,104646,P5001,2,5999.0,0,11998.0
104646-4,104646,P1009,1,12999.0,0,12999.0
104646-5,104646,P3006,2,999.0,0,1998.0
104647-1,104647,P1006,1,699.0,0,699.0
104648-1,104648,P5001,1,5999.0,0,5999.0
104648-2,104648,P1007,2,3672.56,8.2,7345.12
104648-3,104648,P1008,1,1377.93,8.1,1377.93
104649-1,104649,P1001,2,516.27,13.8,1032.54
104649-2,104649,P2002,1,24999.0,0,24999.0
104649-3,104649,P1008,1,1499.0,0,1499.0
104650-1,104650,P1005,1,1211.44,6.7,1211.44
104650-2,104650,P1004,3,696.63,12.8,2089.89
104651-1,104651,P3004,1,199.0,0,199.0
104652-1,104652,P1004,2,799.0,0,1598.0
104652-2,104652,P3003,1,599.0,0,599.0
104654-1,104654,P6004,1,1499.0,0,1499.0
104654-2,104654,P5004,2,4499.0,0,8998.0
104654-3,104654,P1005,1,1299.0,0,1299.0
104655-1,104655,P1008,1,1499.0,0,1499.0
104656-1,104656,P4001,1,7999.0,0,7999.0
104656-2,104656,P8004,1,891.72,10.7,891.72
104657-1,104657,P8004,1,999.0,0,999.0
104658-1,104658,P4005,3,3499.0,0,10497.0
104659-1,104659,P6003,2,1738.14,13.0,3476.28
104660-1,104660,P1008,1,1396.13,6.9,1396.13
104660-2,104660,P3006,1,999.0,0,999.0
104661-1,104661,P3001,1,999.0,0,999.0
104662-1,104662,P1007,1,3999.0,0,3999.0
104662-2,104662,P5003,1,699.0,0,699.0
104663-1,104663,P3003,1,599.0,0,599.0
104664-1,104664,P2001,2,15999.0,0,31998.0
104664-2,104664,P8001,2,499.0,0,998.0
104664-3,104664,P3006,1,999.0,0,999.0
104665-1,104665,P6004,1,1415.02,5.6,1415.02
104665-2,104665,P2002,1,24999.0,0,24999.0
104665-3,104665,P7004,1,599.0,0,599.0
104666-1,104666,P8004,1,999.0,0,999.0
104667-1,104667,P5002,1,3499.0,0,3499.0
104667-2,104667,P7001,1,2999.0,0,2999.0
104668-1,104668,P1004,1,717.78,10.2,717.78
104669-1,104669,P1005,2,1299.0,0,2598.0
104670-1,104670,P1002,2,299.0,0,598.0
104670-2,104670,P2004,1,892.15,10.7,892.15
104670-3,104670,P1007,1,3999.0,0,3999.0
104671-1,104671,P2001,3,14367.29,10.2,43101.87
104671-2,104671,P1004,1,799.0,0,799.0
104672-1,104672,P1003,1,2292.47,8.3,2292.47
104672-2,104672,P2006,1,4999.0,0,4999.0
104673-1,104673,P1002,1,299.0,0,299.0
104673-2,104673,P2003,1,1499.0,0,1499.0
104674-1,104674,P3007,1,1299.0,0,1299.0
104674-2,104674,P8003,1,799.0,0,799.0
104674-3,104674,P8001,1,499.0,0,499.0
104674-4,104674,P2004,1,999.0,0,999.0
104675-1,104675,P3003,1,599.0,0,599.0
104678-1,104678,P1010,1,899.0,0,899.0
104679-1,104679,P3007,2,1299.0,0,2598.0
104679-2,104679,P3006,1,999.0,0,999.0
104679-3,104679,P3001,2,999.0,0,1998.0
104680-1,104680,P2005,1,747.52,6.4,747.52
104680-2,104680,P6003,1,1999.0,0,1999.0
104681-1,104681,P8003,1,799.0,0,799.0
104681-2,104681,P2003,1,1499.0,0,1499.0
104683-1,104683,P7002,1,1499.0,0,1499.0
104684-1,104684,P7003,1,999.0,0,999.0
104684-2,104684,P6001,2,2499.0,0,4998.0
104685-1,104685,P6001,1,2499.0,0,2499.0
104686-1,104686,P7002,1,1499.0,0,1499.0
104686-2,104686,P6004,1,1499.0,0,1499.0
104686-3,104686,P8001,2,499.0,0,998.0
104687-1,104687,P6002,1,899.0,0,899.0
104687-2,104687,P5005,1,1999.0,0,1999.0
104687-3,104687,P3002,1,2499.0,0,2499.0
104688-1,104688,P5001,1,5518.33,8.0,5518.33
104688-2,104688,P4005,1,3499.0,0,3499.0
104689-1,104689,P4004,2,5999.0,0,11998.0
104690-1,104690,P2005,1,799.0,0,799.0
104691-1,104691,P5004,1,4255.4,5.4,4255.4
104692-1,104692,P3002,1,2499.0,0,2499.0
104693-1,104693,P1007,1,3606.19,9.8,3606.19
104694-1,104694,P1001,1,599.0,0,599.0
104694-2,104694,P8002,2,599.0,0,1198.0
104695-1,104695,P4001,3,7999.0,0,23997.0
104695-2,104695,P2004,1,938.01,6.1,938.01
104696-1,104696,P1010,1,899.0,0,899.0
104697-1,104697,P8002,3,599.0,0,1797.0
104697-2,104697,P3002,1,2499.0,0,2499.0
104698-1,104698,P2003,1,1499.0,0,1499.0
104699-1,104699,P7004,1,599.0,0,599.0
104699-2,104699,P1006,2,699.0,0,1398.0
104700-1,104700,P1010,1,794.48,11.6,794.48
104701-1,104701,P6004,2,1499.0,0,2998.0
104702-1,104702,P3005,1,622.56,10.9,622.56
104703-1,104703,P1003,1,2208.65,11.6,2208.65
104703-2,104703,P2002,1,24999.0,0,24999.0
104703-3,104703,P4001,1,7999.0,0,7999.0
104704-1,104704,P1007,1,3999.0,0,3999.0
104704-2,104704,P1001,1,547.11,8.7,547.11
104704-3,104704,P6003,1,1999.0,0,1999.0
104705-1,104705,P2001,2,15999.0,0,31998.0
104706-1,104706,P7004,1,599.0,0,599.0
104707-1,104707,P4003,2,1999.0,0,3998.0
104707-2,104707,P7002,1,1499.0,0,1499.0
104708-1,104708,P3006,1,999.0,0,999.0
104708-2,104708,P3002,1,2214.34,11.4,2214.34
104709-1,104709,P2001,1,14042.48,12.2,14042.48
104710-1,104710,P5002,2,3499.0,0,6998.0
104711-1,104711,P1001,2,599.0,0,1198.0
104711-2,104711,P1002,2,299.0,0,598.0
104711-3,104711,P2005,1,690.53,13.6,690.53
104712-1,104712,P1001,3,529.39,11.6,1588.17
104713-1,104713,P1003,1,2499.0,0,2499.0
104713-2,104713,P1010,3,899.0,0,2697.0
104713-3,104713,P5002,1,3499.0,0,3499.0
104713-4,104713,P4002,1,4999.0,0,4999.0
104714-1,104714,P2003,2,1499.0,0,2998.0
104714-2,104714,P1002,1,299.0,0,299.0
104715-1,104715,P5002,1,3499.0,0,3499.0
104715-2,104715,P1001,1,514.18,14.2,514.18
104716-1,104716,P8004,1,999.0,0,999.0
104717-1,104717,P7004,1,516.9,13.7,516.9
104717-2,104717,P3005,1,699.0,0,699.0
104718-1,104718,P7002,1,1290.71,13.9,1290.71
104719-1,104719,P2003,2,1499.0,0,2998.0
104720-1,104720,P7001,2,2999.0,0,5998.0
104720-2,104720,P5004,2,4499.0,0,8998.0
104721-1,104721,P6003,1,1999.0,0,1999.0
104721-2,104721,P1006,1,699.0,0,699.0
104722-1,104722,P3001,1,999.0,0,999.0
104722-2,104722,P5001,1,5999.0,0,5999.0
104722-3,104722,P5004,2,4499.0,0,8998.0
104722-4,104722,P2004,-1,999.0,0,1998.0
104722-5,104722,P3007,2,1299.0,0,2598.0
104723-1,104723,P3006,2,999.0,0,1998.0
104723-2,104723,P7003,2,999.0,0,1998.0
104723-3,104723,P1008,1,1499.0,0,1499.0
104724-1,104724,P7003,1,999.0,0,999.0
104725-1,104725,P7002,1,1499.0,0,1499.0
104726-1,104726,P4002,1,4999.0,0,4999.0
104726-2,104726,P3001,1,999.0,0,999.0
104726-3,104726,P1001,1,599.0,0,599.0
104728-1,104728,P8003,1,799.0,0,799.0
104729-1,104729,P1001,2,599.0,0,1198.0
104729-2,104729,P4001,1,7254.93,9.3,7254.93
104730-1,104730,P1002,1,299.0,0,299.0
104731-1,104731,P1004,2,689.12,13.8,1378.24
104731-2,104731,P1005,1,1299.0,0,1299.0
104731-3,104731,P1008,1,1499.0,0,1499.0
104732-1,104732,P3007,1,1299.0,0,1299.0
104733-1,104733,P7003,1,999.0,0,999.0
104735-1,104735,P1009,2,11264.09,13.3,22528.18
104736-1,104736,P6001,1,2172.18,13.1,2172.18
104736-2,104736,P1006,1,699.0,0,699.0
104736-3,104736,P5003,1,699.0,0,699.0
104737-1,104737,P1009,1,12193.71,6.2,12193.71
104738-1,104738,P1008,2,1499.0,0,2998.0
104738-2,104738,P1005,1,1299.0,0,1299.0
104738-3,104738,P8001,1,499.0,0,499.0
104738-4,104738,P4002,1,4999.0,0,4999.0
104739-1,104739,P3006,1,892.53,10.7,892.53
104739-2,104739,P5004,1,4499.0,0,4499.0
104740-1,104740,P5003,2,699.0,0,1398.0
104740-2,104740,P2001,1,15999.0,0,15999.0
104740-3,104740,P5002,1,3312.83,5.3,3312.83
104741-1,104741,P6002,2,899.0,0,1798.0
104742-1,104742,P1007,1,3999.0,0,3999.0
104742-2,104742,P1004,2,799.0,0,1598.0
104743-1,104743,P1005,1,1299.0,0,1299.0
104744-1,104744,P4004,1,5999.0,0,5999.0
104745-1,104745,P5002,1,3499.0,0,3499.0
104745-2,104745,P1006,1,699.0,0,699.0
104746-1,104746,P4001,1,7999.0,0,7999.0
104747-1,104747,P4002,1,4999.0,0,4999.0
104747-2,104747,P7001,2,2817.55,6.1,5635.1
104748-1,104748,P1004,1,799.0,0,799.0
104748-2,104748,P2004,1,999.0,0,999.0
104749-1,104749,P5004,1,4205.02,6.5,4205.02
104749-2,104749,P1009,1,12999.0,0,12999.0
104749-3,104749,P1003,1,2344.4,6.2,2344.4
104750-1,104750,P1010,1,899.0,0,899.0
104750-2,104750,P1002,2,257.25,14.0,514.5
104751-1,104751,P3004,2,199.0,0,398.0
104752-1,104752,P1003,1,2499.0,0,2499.0
104753-1,104753,P7002,3,1499.0,0,4497.0
104754-1,104754,P3007,2,1299.0,0,2598.0
104754-2,104754,P8003,2,696.09,12.9,1392.18
104755-1,104755,P1009,2,12999.0,0,25998.0
104756-1,104756,P8005,1,899.0,0,899.0
104757-1,104757,P3005,1,699.0,0,699.0
104757-2,104757,P4001,1,7999.0,0,7999.0
104757-3,104757,P1009,1,12999.0,0,12999.0
104758-1,104758,P2006,1,4999.0,0,4999.0
104759-1,104759,P1007,1,3492.02,12.7,3492.02
104759-2,104759,P2005,1,695.5,13.0,695.5
104759-3,104759,P5002,1,3086.52,11.8,3086.52
104759-4,104759,P2003,3,1499.0,0,4497.0
104759-5,104759,P1001,2,599.0,0,1198.0
104760-1,104760,P2001,1,15999.0,0,15999.0
104760-2,104760,P7001,2,2999.0,0,5998.0
104760-3,104760,P2004,1,999.0,0,999.0
104761-1,104761,P1008,1,1499.0,0,1499.0
104762-1,104762,P6004,1,1499.0,0,1499.0
104763-1,104763,P4004,1,5999.0,0,5999.0
104764-1,104764,P5003,2,699.0,0,1398.0
104764-2,104764,P5001,3,5999.0,0,17997.0
104765-1,104765,P1001,1,599.0,0,599.0
104765-2,104765,P2004,1,999.0,0,999.0
104765-3,104765,P4001,1,7999.0,0,7999.0
104766-1,104766,P4001,2,6917.49,13.5,13834.98
104766-2,104766,P2006,1,4999.0,0,4999.0
104767-1,104767,P7003,1,999.0,0,999.0
104768-1,104768,P2004,2,999.0,0,1998.0
104769-1,104769,P4004,1,5999.0,0,5999.0
104770-1,104770,P6003,1,1999.0,0,1999.0
104770-2,104770,P8004,2,999.0,0,1998.0
104772-1,104772,P4002,1,4999.0,0,4999.0
104772-2,104772,P5002,1,3499.0,0,3499.0
104773-1,104773,P2006,3,4999.0,0,14997.0
104774-1,104774,P7003,1,999.0,0,999.0
104774-2,104774,P1004,1,755.38,5.5,755.38
104774-3,104774,P5004,1,4499.0,0,4499.0
104775-1,104775,P7003,1,999.0,0,999.0
104776-1,104776,P7001,1,2732.51,8.9,2732.51
104776-2,104776,P1009,1,12999.0,0,12999.0
104776-3,104776,P8001,2,499.0,0,998.0
104776-4,104776,P1003,1,2372.78,5.1,2372.78
104776-5,104776,P5004,2,4499.0,0,8998.0
104777-1,104777,P4002,1,4999.0,0,4999.0
104778-1,104778,P1002,1,299.0,0,299.0
104779-1,104779,P4002,2,4999.0,0,9998.0
104780-1,104780,P1010,2,899.0,0,1798.0
104781-1,104781,P1007,1,3999.0,0,3999.0
104781-2,104781,P3006,1,999.0,0,999.0
104781-3,104781,P7003,1,999.0,0,999.0
104781-4,104781,P1001,1,599.0,0,599.0
104782-1,104782,P1004,1,799.0,0,799.0
104783-1,104783,P8005,2,899.0,0,1798.0
104783-2,104783,P1004,1,799.0,0,799.0
104784-1,104784,P7002,1,1499.0,0,1499.0
104784-2,104784,P8004,2,999.0,0,1998.0
104785-1,104785,P6002,1,809.48,10.0,809.48
104786-1,104786,P2005,2,799.0,0,1598.0
104786-2,104786,P1008,1,1499.0,0,1499.0
104787-1,104787,P4002,1,4999.0,0,4999.0
104788-1,104788,P5003,1,699.0,0,699.0
104788-2,104788,P1004,1,799.0,0,799.0
104788-3,104788,P2004,2,999.0,0,1998.0
104789-1,104789,P3006,3,999.0,0,2997.0
104790-1,104790,P2004,1,999.0,0,999.0
104790-2,104790,P3004,2,199.0,0,398.0
104791-1,104791,P5001,1,5999.0,0,5999.0
104791-2,104791,P1006,1,699.0,0,699.0
104792-1,104792,P2005,2,799.0,0,1598.0
104792-2,104792,P8005,2,899.0,0,1798.0
104794-1,104794,P3002,2,2499.0,0,4998.0
104795-1,104795,P3004,1,199.0,0,199.0
104796-1,104796,P2005,2,799.0,0,1598.0
104797-1,104797,P1005,1,1299.0,0,1299.0
104798-1,104798,P6001,2,2499.0,0,4998.0
104799-1,104799,P4002,-1,4999.0,0,4999.0
104800-1,104800,P5002,1,3499.0,0,3499.0
104800-2,104800,P1010,2,899.0,0,1798.0
104800-3,104800,P3003,3,599.0,0,1797.0
104801-1,104801,P3002,1,2499.0,0,2499.0
104801-2,104801,P1003,1,2499.0,0,2499.0
104802-1,104802,P5005,1,1890.01,5.5,1890.01
104802-2,104802,P1010,1,850.85,5.4,850.85
104803-1,104803,P8001,2,499.0,0,998.0
104804-1,104804,P7002,2,1499.0,0,2998.0
104805-1,104805,P8001,1,499.0,0,499.0
104805-2,104805,P2006,1,4999.0,0,4999.0
104805-3,104805,P2001,1,15999.0,0,15999.0
104806-1,104806,P8003,2,799.0,0,1598.0
104806-2,104806,P1007,1,3999.0,0,3999.0
104807-1,104807,P4004,3,5629.37,6.2,16888.11
104808-1,104808,P4005,1,3499.0,0,3499.0
104809-1,104809,P2006,1,4999.0,0,4999.0
104810-1,104810,P1007,1,3999.0,0,3999.0
104810-2,104810,P1002,1,299.0,0,299.0
104810-3,104810,P5001,3,5999.0,0,17997.0
104810-4,104810,P8002,2,522.73,12.7,1045.46
104811-1,104811,P8002,1,599.0,0,599.0
104811-2,104811,P5001,1,5999.0,0,5999.0
104812-1,104812,P3005,1,699.0,0,699.0
104813-1,104813,P4001,2,7999.0,0,15998.0
104813-2,104813,P1007,1,3999.0,0,3999.0
104813-3,104813,P1010,1,899.0,0,899.0
104814-1,104814,P2005,2,799.0,0,1598.0
104814-2,104814,P7003,2,906.41,9.3,1812.82
104814-3,104814,P7002,1,1499.0,0,1499.0
104814-4,104814,P6001,1,2147.58,14.1,2147.58
104815-1,104815,P2005,2,799.0,0,1598.0
104815-2,104815,P1009,1,12999.0,0,12999.0
104816-1,104816,P1004,2,799.0,0,1598.0
104816-2,104816,P4001,1,7999.0,0,7999.0
104816-3,104816,P8001,1,499.0,0,499.0
104817-1,104817,P1001,3,599.0,0,1797.0
104817-2,104817,P7004,3,599.0,0,1797.0
104818-1,104818,P5005,1,1999.0,0,1999.0
104818-2,104818,P6003,1,1999.0,0,1999.0
104818-3,104818,P5001,2,5294.06,11.8,10588.12
104819-1,104819,P1007,1,3999.0,0,3999.0
104820-1,104820,P7003,3,923.38,7.6,2770.14
104821-1,104821,P6003,3,1999.0,0,5997.0
104822-1,104822,P1004,1,799.0,0,799.0
104823-1,104823,P3002,2,2499.0,0,4998.0
104823-2,104823,P2003,2,1499.0,0,2998.0
104824-1,104824,P2001,2,15999.0,0,31998.0
104825-1,104825,P4004,1,5999.0,0,5999.0
104825-2,104825,P8005,1,899.0,0,899.0
104825-3,104825,P1003,1,2499.0,0,2499.0
104826-1,104826,P2006,1,4744.42,5.1,4744.42
104826-2,104826,P5002,1,3499.0,0,3499.0
104827-1,104827,P5001,1,5999.0,0,5999.0
104828-1,104828,P5004,1,4499.0,0,4499.0
104829-1,104829,P2002,1,24999.0,0,24999.0
104830-1,104830,P4004,1,5560.74,7.3,5560.74
104830-2,104830,P7001,2,2999.0,0,5998.0
104830-3,104830,P7002,1,1387.33,7.4,1387.33
104831-1,104831,P3004,1,180.71,9.2,180.71
104831-2,104831,P6004,1,1499.0,0,1499.0
104831-3,104831,P4004,2,5999.0,0,11998.0
104831-4,104831,P2002,1,24999.0,0,24999.0
104831-5,104831,P4003,3,1999.0,0,5997.0
104832-1,104832,P1003,2,2499.0,0,4998.0
104833-1,104833,P1009,1,12999.0,0,12999.0
104834-1,104834,P3004,1,199.0,0,199.0
104835-1,104835,P3006,1,999.0,0,999.0
104836-1,104836,P2006,1,4999.0,0,4999.0
104837-1,104837,P1010,1,899.0,0,899.0
104837-2,104837,P1005,2,1299.0,0,2598.0
104837-3,104837,P6004,1,1421.3,5.2,1421.3
104837-4,104837,P5001,2,5999.0,0,11998.0
104838-1,104838,P1009,1,12999.0,0,12999.0
104839-1,104839,P1009,1,12999.0,0,12999.0
104841-1,104841,P8003,1,799.0,0,799.0
104842-1,104842,P2005,1,699.97,12.4,699.97
104843-1,104843,P4002,1,4999.0,0,4999.0
104844-1,104844,P1009,1,12999.0,0,12999.0
104844-2,104844,P1005,2,1299.0,0,2598.0
104844-3,104844,P5005,1,1999.0,0,1999.0
104844-4,104844,P3003,1,599.0,0,599.0
104845-1,104845,P8005,1,835.21,7.1,835.21
104846-1,104846,P6003,1,1999.0,0,1999.0
104846-2,104846,P5003,-1,699.0,0,1398.0
104846-3,104846,P7003,1,999.0,0,999.0
104846-4,104846,P1010,1,775.67,13.7,775.67
104848-1,104848,P1001,1,599.0,0,599.0
104848-2,104848,P2004,1,999.0,0,999.0
104848-3,104848,P4001,1,7999.0,0,7999.0
104848-4,104848,P4003,1,1999.0,0,1999.0
104848-5,104848,P1007,1,3999.0,0,3999.0
104849-1,104849,P7001,1,2999.0,0,2999.0
104850-1,104850,P6002,1,842.26,6.3,842.26
104850-2,104850,P2005,1,747.56,6.4,747.56
104851-1,104851,P3004,3,199.0,0,597.0
104852-1,104852,P8003,1,799.0,0,799.0
104852-2,104852,P2004,1,999.0,0,999.0
104852-3,104852,P1001,1,599.0,0,599.0
104852-4,104852,P5003,1,661.95,5.3,661.95
104854-1,104854,P1006,1,699.0,0,699.0
104855-1,104855,P5002,-1,3499.0,0,3499.0
104855-2,104855,P1006,3,699.0,0,2097.0
104855-3,104855,P1004,1,799.0,0,799.0
104856-1,104856,P5003,1,699.0,0,699.0
104857-1,104857,P4004,2,5999.0,0,11998.0
104857-2,104857,P8005,1,899.0,0,899.0
104857-3,104857,P1002,2,299.0,0,598.0
104857-4,104857,P5001,1,5999.0,0,5999.0
104858-1,104858,P4003,1,1893.36,5.3,1893.36
104858-2,104858,P1010,1,797.6,11.3,797.6
104858-3,104858,P2004,1,999.0,0,999.0
104859-1,104859,P1004,1,799.0,0,799.0
104860-1,104860,P1004,1,799.0,0,799.0
104860-2,104860,P2006,1,4999.0,0,4999.0
104861-1,104861,P6003,1,1898.56,5.0,1898.56
104862-1,104862,P2005,1,799.0,0,799.0
104862-2,104862,P6001,1,2499.0,0,2499.0
104863-1,104863,P1003,1,2499.0,0,2499.0
104863-2,104863,P4004,1,5999.0,0,5999.0
104864-1,104864,P4004,1,5615.34,6.4,5615.34
104865-1,104865,P1007,1,3999.0,0,3999.0
104866-1,104866,P1008,2,1499.0,0,2998.0
104866-2,104866,P8004,1,894.38,10.5,894.38
104866-3,104866,P2003,1,1499.0,0,1499.0
104867-1,104867,P4005,1,3499.0,0,3499.0
104867-2,104867,P8001,2,499.0,0,998.0
104867-3,104867,P3007,1,1299.0,0,1299.0
104867-4,104867,P6002,1,899.0,0,899.0
104868-1,104868,P2004,1,999.0,0,999.0
104869-1,104869,P2002,1,24999.0,0,24999.0
104870-1,104870,P4005,1,3499.0,0,3499.0
104871-1,104871,P3001,1,999.0,0,999.0
104871-2,104871,P7004,1,556.51,7.1,556.51
104871-3,104871,P5005,1,1999.0,0,1999.0
104871-4,104871,P6001,2,2174.11,13.0,4348.22
104872-1,104872,P1001,2,599.0,0,1198.0
104873-1,104873,P5005,1,1999.0,0,1999.0
104874-1,104874,P3007,1,1299.0,0,1299.0
104874-2,104874,P3006,2,999.0,0,1998.0
104875-1,104875,P2004,1,942.46,5.7,942.46
104876-1,104876,P7002,1,1499.0,0,1499.0
104877-1,104877,P5004,1,4499.0,0,4499.0
104878-1,104878,P6003,1,1880.12,5.9,1880.12
104878-2,104878,P1005,3,1299.0,0,3897.0
104878-3,104878,P7002,1,1499.0,0,1499.0
104879-1,104879,P3004,1,170.4,14.4,170.4
104879-2,104879,P1003,1,2499.0,0,2499.0
104880-1,104880,P5004,2,4499.0,0,8998.0
104880-2,104880,P5001,1,5999.0,0,5999.0
104880-3,104880,P5003,2,645.41,7.7,1290.82
104881-1,104881,P4001,1,7999.0,0,7999.0
104881-2,104881,P1009,1,11982.61,7.8,11982.61
104881-3,104881,P3002,1,2152.79,13.9,2152.79
104881-4,104881,P7003,1,873.38,12.6,873.38
104881-5,104881,P4004,1,5999.0,0,5999.0
104882-1,104882,P6001,1,2499.0,0,2499.0
104882-2,104882,P2005,1,799.0,0,799.0
104882-3,104882,P5001,1,5114.96,14.7,5114.96
104883-1,104883,P8003,1,799.0,0,799.0
104883-2,104883,P1008,1,1310.01,12.6,1310.01
104883-3,104883,P4004,1,5449.03,9.2,5449.03
104883-4,104883,P1009,1,11189.43,13.9,11189.43
104884-1,104884,P1002,2,254.96,14.7,509.92
104884-2,104884,P7001,1,2999.0,0,2999.0
104884-3,104884,P3002,1,2499.0,0,2499.0
104884-4,104884,P6004,1,1387.07,7.5,1387.07
104885-1,104885,P1002,1,299.0,0,299.0
104885-2,104885,P2005,1,799.0,0,799.0
104886-1,104886,P8003,2,799.0,0,1598.0
104886-2,104886,P8002,1,599.0,0,599.0
104886-3,104886,P5005,2,1999.0,0,3998.0
104886-4,104886,P5001,2,5999.0,0,11998.0
104887-1,104887,P7001,1,2999.0,0,2999.0
104887-2,104887,P3006,1,999.0,0,999.0
104888-1,104888,P7003,3,893.32,10.6,2679.96
104888-2,104888,P8002,1,599.0,0,599.0
104888-3,104888,P8001,1,499.0,0,499.0
104889-1,104889,P1004,1,799.0,0,799.0
104889-2,104889,P8002,2,599.0,0,1198.0
104889-3,104889,P1006,1,699.0,0,699.0
104889-4,104889,P3001,3,999.0,0,2997.0
104889-5,104889,P3005,2,618.1,11.6,1236.2
104890-1,104890,P4005,1,3499.0,0,3499.0
104891-1,104891,P1010,1,899.0,0,899.0
104891-2,104891,P7003,2,999.0,0,1998.0
104891-3,104891,P1002,1,299.0,0,299.0
104891-4,104891,P5004,1,4499.0,0,4499.0
104892-1,104892,P1010,1,899.0,0,899.0
104893-1,104893,P2002,1,24999.0,0,24999.0
104894-1,104894,P1009,1,12999.0,0,12999.0
104895-1,104895,P5005,2,1999.0,0,3998.0
104895-2,104895,P1007,2,3999.0,0,7998.0
104895-3,104895,P5002,1,3113.16,11.0,3113.16
104896-1,104896,P5004,1,4499.0,0,4499.0
104896-2,104896,P7001,1,2999.0,0,2999.0
104897-1,104897,P3006,1,999.0,0,999.0
104898-1,104898,P2001,1,15191.44,5.0,15191.44
104898-2,104898,P8003,1,709.11,11.3,709.11
104899-1,104899,P2006,2,4999.0,0,9998.0
104899-2,104899,P1006,1,699.0,0,699.0
104899-3,104899,P8005,1,899.0,0,899.0
104900-1,104900,P1007,1,3775.6,5.6,3775.6
104901-1,104901,P1004,1,799.0,0,799.0
104902-1,104902,P1003,1,2499.0,0,2499.0
104902-2,104902,P2004,1,999.0,0,999.0
104902-3,104902,P6004,1,1499.0,0,1499.0
104903-1,104903,P3005,1,699.0,0,699.0
104903-2,104903,P5004,2,4499.0,0,8998.0
104904-1,104904,P3007,2,1299.0,0,2598.0
104905-1,104905,P3003,1,599.0,0,599.0
104905-2,104905,P2005,2,799.0,0,1598.0
104905-3,104905,P1003,1,2499.0,0,2499.0
104905-4,104905,P1010,2,899.0,0,1798.0
104906-1,104906,P7001,1,2999.0,0,2999.0
104906-2,104906,P7002,2,1499.0,0,2998.0
104907-1,104907,P8004,3,999.0,0,2997.0
104907-2,104907,P4004,1,5999.0,0,5999.0
104907-3,104907,P1003,1,2198.75,12.0,2198.75
104908-1,104908,P4001,1,6993.78,12.6,6993.78
104908-2,104908,P1001,1,599.0,0,599.0
104909-1,104909,P2006,1,4485.44,10.3,4485.44
104910-1,104910,P6003,2,1999.0,0,3998.0
104911-1,104911,P5002,1,3211.51,8.2,3211.51
104912-1,104912,P1007,1,3999.0,0,3999.0
104913-1,104913,P3006,1,999.0,0,999.0
104914-1,104914,P4001,2,7125.29,10.9,14250.58
104915-1,104915,P8003,1,732.81,8.3,732.81
104916-1,104916,P3007,-1,1299.0,0,2598.0
104916-2,104916,P3006,2,999.0,0,1998.0
104916-3,104916,P6001,2,2195.96,12.1,4391.92
104916-4,104916,P8004,2,999.0,0,1998.0
104917-1,104917,P4002,2,4999.0,0,9998.0
104918-1,104918,P8004,1,999.0,0,999.0
104919-1,104919,P7001,1,2999.0,0,2999.0
104920-1,104920,P4004,1,5999.0,0,5999.0
104920-2,104920,P3004,2,187.51,5.8,375.02
104920-3,104920,P3002,1,2499.0,0,2499.0
104920-4,104920,P3007,1,1299.0,0,1299.0
104921-1,104921,P1003,1,2499.0,0,2499.0
104921-2,104921,P3001,1,999.0,0,999.0
104922-1,104922,P3003,1,520.43,13.1,520.43
104922-2,104922,P5002,1,3499.0,0,3499.0
104923-1,104923,P4001,1,7999.0,0,7999.0
104923-2,104923,P4002,2,4999.0,0,9998.0
104923-3,104923,P3004,1,199.0,0,199.0
104924-1,104924,P8003,2,754.01,5.6,1508.02
104925-1,104925,P6002,1,899.0,0,899.0
104926-1,104926,P4003,1,1999.0,0,1999.0
104927-1,104927,P6002,1,899.0,0,899.0
104927-2,104927,P1009,2,12999.0,0,25998.0
104928-1,104928,P7002,3,1499.0,0,4497.0
104928-2,104928,P4003,2,1864.66,6.7,3729.32
104929-1,104929,P1006,3,699.0,0,2097.0
104929-2,104929,P7003,1,999.0,0,999.0
104930-1,104930,P4005,1,3499.0,0,3499.0
104931-1,104931,P3006,1,999.0,0,999.0
104931-2,104931,P1002,1,264.54,11.5,264.54
104931-3,104931,P8001,2,499.0,0,998.0
104932-1,104932,P7004,1,599.0,0,599.0
104933-1,104933,P3002,1,2499.0,0,2499.0
104933-2,104933,P6001,1,2499.0,0,2499.0
104933-3,104933,P3001,1,999.0,0,999.0
104934-1,104934,P7003,1,999.0,0,999.0
104935-1,104935,P8001,1,499.0,0,499.0
104936-1,104936,P3006,3,999.0,0,2997.0
104936-2,104936,P3001,1,999.0,0,999.0
104937-1,104937,P4003,1,1819.68,9.0,1819.68
104937-2,104937,P1002,2,299.0,0,598.0
104938-1,104938,P2003,2,1331.98,11.1,2663.96
104938-2,104938,P1009,1,12999.0,0,12999.0
104941-1,104941,P2004,1,999.0,0,999.0
104943-1,104943,P2002,1,24999.0,0,24999.0
104944-1,104944,P8001,3,499.0,0,1497.0
104944-2,104944,P3006,2,894.03,10.5,1788.06
104945-1,104945,P1002,1,299.0,0,299.0
104946-1,104946,P5001,1,5999.0,0,5999.0
104946-2,104946,P8002,1,599.0,0,599.0
104947-1,104947,P4003,1,1735.38,13.2,1735.38
104948-1,104948,P6001,1,2499.0,0,2499.0
104948-2,104948,P7002,1,1499.0,0,1499.0
104948-3,104948,P3001,2,999.0,0,1998.0
104949-1,104949,P8001,3,499.0,0,1497.0
104949-2,104949,P3002,1,2499.0,0,2499.0
104949-3,104949,P5004,1,4499.0,0,4499.0
104950-1,104950,P1009,1,12999.0,0,12999.0
104951-1,104951,P3003,2,599.0,0,1198.0
104951-2,104951,P6001,1,2147.4,14.1,2147.4
104951-3,104951,P2003,1,1499.0,0,1499.0
104951-4,104951,P2006,1,4999.0,0,4999.0
104952-1,104952,P2002,2,23423.78,6.3,46847.56
104953-1,104953,P3003,1,599.0,0,599.0
104953-2,104953,P5005,1,1854.29,7.2,1854.29
104953-3,104953,P2002,1,24999.0,0,24999.0
104953-4,104953,P3001,2,999.0,0,1998.0
104954-1,104954,P1001,1,550.62,8.1,550.62
104954-2,104954,P5005,2,1763.31,11.8,3526.62
104955-1,104955,P1009,1,12999.0,0,12999.0
104955-2,104955,P3002,2,2499.0,0,4998.0
104956-1,104956,P1002,2,299.0,0,598.0
104956-2,104956,P4001,3,7999.0,0,23997.0
104956-3,104956,P8004,2,946.35,5.3,1892.7
104958-1,104958,P4003,1,1999.0,0,1999.0
104960-1,104960,P1003,1,2499.0,0,2499.0
104961-1,104961,P3002,1,2499.0,0,2499.0
104963-1,104963,P8002,1,521.79,12.9,521.79
104963-2,104963,P5004,1,4499.0,0,4499.0
104964-1,104964,P2004,1,999.0,0,999.0
104964-2,104964,P1004,1,799.0,0,799.0
104965-1,104965,P1002,1,299.0,0,299.0
104965-2,104965,P1007,3,3999.0,0,11997.0
104966-1,104966,P6004,1,1499.0,0,1499.0
104966-2,104966,P8003,1,799.0,0,799.0
104967-1,104967,P6001,1,2499.0,0,2499.0
104968-1,104968,P7002,1,1499.0,0,1499.0
104969-1,104969,P5002,1,3499.0,0,3499.0
104969-2,104969,P4004,2,5999.0,0,11998.0
104970-1,104970,P1007,1,3999.0,0,3999.0
104970-2,104970,P5002,1,3198.58,8.6,3198.58
104970-3,104970,P7003,1,999.0,0,999.0
104970-4,104970,P3007,1,1299.0,0,1299.0
104970-5,104970,P7004,1,599.0,0,599.0
104971-1,104971,P3001,2,999.0,0,1998.0
104971-2,104971,P3002,2,2499.0,0,4998.0
104971-3,104971,P1006,1,699.0,0,699.0
104971-4,104971,P3006,1,999.0,0,999.0
104971-5,104971,P8005,2,899.0,0,1798.0
104973-1,104973,P4002,1,4999.0,0,4999.0
104973-2,104973,P2006,1,4999.0,0,4999.0
104973-3,104973,P5001,1,5999.0,0,5999.0
104974-1,104974,P3006,1,999.0,0,999.0
104974-2,104974,P2004,1,999.0,0,999.0
104974-3,104974,P7002,1,1499.0,0,1499.0
104975-1,104975,P2003,1,1499.0,0,1499.0
104976-1,104976,P1001,2,599.0,0,1198.0
104976-2,104976,P1004,1,799.0,0,799.0
104977-1,104977,P4003,1,1831.92,8.4,1831.92
104978-1,104978,P4001,1,7579.14,5.2,7579.14
104978-2,104978,P1003,1,2499.0,0,2499.0
104978-3,104978,P1007,2,3999.0,0,7998.0
104978-4,104978,P5004,1,4499.0,0,4499.0
104978-5,104978,P8004,1,999.0,0,999.0
104980-1,104980,P7002,1,1499.0,0,1499.0
104980-2,104980,P5002,1,3052.65,12.8,3052.65
104980-3,104980,P4005,1,3499.0,0,3499.0
104980-4,104980,P1001,1,599.0,0,599.0
104981-1,104981,P6004,1,1499.0,0,1499.0
104981-2,104981,P1009,1,12999.0,0,12999.0
104982-1,104982,P1001,1,599.0,0,599.0
104982-2,104982,P2001,1,14784.21,7.6,14784.21
104983-1,104983,P6001,1,2499.0,0,2499.0
104984-1,104984,P5003,3,598.36,14.4,1795.08
104985-1,104985,P6004,1,1499.0,0,1499.0
104986-1,104986,P1007,1,3999.0,0,3999.0
104987-1,104987,P3001,1,999.0,0,999.0
104987-2,104987,P4004,2,5999.0,0,11998.0
104988-1,104988,P5005,1,1999.0,0,1999.0
104989-1,104989,P3007,2,1153.54,11.2,2307.08
104990-1,104990,P3005,1,699.0,0,699.0
104990-2,104990,P4003,1,1999.0,0,1999.0
104991-1,104991,P5005,3,1999.0,0,5997.0
104992-1,104992,P5003,3,699.0,0,2097.0
104992-2,104992,P7002,1,1499.0,0,1499.0
104993-1,104993,P5001,1,5999.0,0,5999.0
104993-2,104993,P2005,1,799.0,0,799.0
104993-3,104993,P7002,2,1499.0,0,2998.0
104995-1,104995,P8003,1,755.7,5.4,755.7
104996-1,104996,P6004,1,1499.0,0,1499.0
104996-2,104996,P8003,1,799.0,0,799.0
104996-3,104996,P1010,1,899.0,0,899.0
104998-1,104998,P4005,2,3499.0,0,6998.0
104999-1,104999,P1002,1,268.74,10.1,268.74
104999-2,104999,P3001,1,999.0,0,999.0
105000-1,105000,P8003,1,799.0,0,799.0
105000-2,105000,P7004,1,599.0,0,599.0
105001-1,105001,P3002,2,2499.0,0,4998.0
105002-1,105002,P3005,1,594.21,15.0,594.21
105002-2,105002,P7001,1,2999.0,0,2999.0
105003-1,105003,P5001,1,5999.0,0,5999.0
105003-2,105003,P8001,2,499.0,0,998.0
105003-3,105003,P1001,1,514.33,14.1,514.33
105004-1,105004,P6004,2,1499.0,0,2998.0
105005-1,105005,P8004,1,999.0,0,999.0
105005-2,105005,P1001,1,538.45,10.1,538.45
105005-3,105005,P3005,2,699.0,0,1398.0
105006-1,105006,P1004,1,683.12,14.5,683.12
105006-2,105006,P3002,2,2499.0,0,4998.0
105007-1,105007,P8001,1,499.0,0,499.0
105007-2,105007,P7001,3,2999.0,0,8997.0
105008-1,105008,P1002,1,299.0,0,299.0
105009-1,105009,P2003,1,1499.0,0,1499.0
105009-2,105009,P8004,1,999.0,0,999.0
105010-1,105010,P1006,1,602.94,13.7,602.94
105010-2,105010,P8004,1,999.0,0,999.0
105010-3,105010,P2004,1,999.0,0,999.0
105010-4,105010,P1001,1,599.0,0,599.0
105010-5,105010,P7004,1,599.0,0,599.0
105011-1,105011,P2004,2,999.0,0,1998.0
105012-1,105012,P1009,2,12999.0,0,25998.0
105012-2,105012,P1007,1,3999.0,0,3999.0
105012-3,105012,P3005,1,699.0,0,699.0
105013-1,105013,P5003,2,661.99,5.3,1323.98
105013-2,105013,P3002,1,2499.0,0,2499.0
105013-3,105013,P7001,1,2685.67,10.4,2685.67
105013-4,105013,P2003,1,1499.0,0,1499.0
105013-5,105013,P5001,2,5999.0,0,11998.0
105014-1,105014,P3003,2,555.64,7.2,1111.28
105015-1,105015,P6004,1,1499.0,0,1499.0
105015-2,105015,P7003,1,999.0,0,999.0
105016-1,105016,P3003,2,599.0,0,1198.0
105016-2,105016,P7004,1,553.84,7.5,553.84
105016-3,105016,P1002,1,299.0,0,299.0
105016-4,105016,P1004,1,799.0,0,799.0
105018-1,105018,P3002,1,2499.0,0,2499.0
105019-1,105019,P1001,1,599.0,0,599.0
105020-1,105020,P4003,2,1999.0,0,3998.0
105021-1,105021,P6001,2,2499.0,0,4998.0
105022-1,105022,P1003,1,2499.0,0,2499.0
105022-2,105022,P7003,2,999.0,0,1998.0
105022-3,105022,P2001,1,15999.0,0,15999.0
105023-1,105023,P2004,1,999.0,0,999.0
105024-1,105024,P1010,2,899.0,0,1798.0
105025-1,105025,P6003,1,1999.0,0,1999.0
105025-2,105025,P1008,2,1499.0,0,2998.0
105025-3,105025,P1004,1,799.0,0,799.0
105026-1,105026,P5005,1,1699.21,15.0,1699.21
105026-2,105026,P2001,1,13648.7,14.7,13648.7
105027-1,105027,P6004,1,1407.52,6.1,1407.52
105028-1,105028,P7002,2,1499.0,0,2998.0
105029-1,105029,P8004,1,999.0,0,999.0
105029-2,105029,P1003,1,2499.0,0,2499.0
105029-3,105029,P8001,2,457.89,8.2,915.78
105030-1,105030,P8005,2,899.0,0,1798.0
105031-1,105031,P3001,1,936.63,6.2,936.63
105031-2,105031,P6004,2,1499.0,0,2998.0
105031-3,105031,P5001,1,5411.84,9.8,5411.84
105031-4,105031,P8005,2,899.0,0,1798.0
105033-1,105033,P7004,1,599.0,0,599.0
105034-1,105034,P2005,1,799.0,0,799.0
105034-2,105034,P1005,1,1207.29,7.1,1207.29
105034-3,105034,P1006,1,699.0,0,699.0
105035-1,105035,P6003,1,1999.0,0,1999.0
105036-1,105036,P2006,1,4999.0,0,4999.0
105036-2,105036,P8003,1,799.0,0,799.0
105037-1,105037,P2004,1,999.0,0,999.0
105038-1,105038,P4004,1,5999.0,0,5999.0
105039-1,105039,P2004,1,999.0,0,999.0
105040-1,105040,P3004,1,199.0,0,199.0
105040-2,105040,P1007,1,3999.0,0,3999.0
105040-3,105040,P2001,1,15999.0,0,15999.0
105041-1,105041,P8003,1,799.0,0,799.0
105041-2,105041,P5001,2,5999.0,0,11998.0
105042-1,105042,P1003,1,2499.0,0,2499.0
105042-2,105042,P3002,1,2499.0,0,2499.0
105043-1,105043,P2004,1,999.0,0,999.0
105044-1,105044,P3003,1,599.0,0,599.0
105044-2,105044,P1003,1,2499.0,0,2499.0
105045-1,105045,P4005,1,3171.97,9.3,3171.97
105046-1,105046,P1001,1,599.0,0,599.0
105047-1,105047,P1009,1,12999.0,0,12999.0
105048-1,105048,P4003,2,1877.83,6.1,3755.66
105048-2,105048,P1008,1,1499.0,0,1499.0
105049-1,105049,P1006,1,629.13,10.0,629.13
105049-2,105049,P8004,1,999.0,0,999.0
105050-1,105050,P5004,2,4499.0,0,8998.0
105050-2,105050,P5002,1,3499.0,0,3499.0
105051-1,105051,P5005,2,1999.0,0,3998.0
105052-1,105052,P7003,2,926.76,7.2,1853.52
105053-1,105053,P2004,1,999.0,0,999.0
105054-1,105054,P6002,1,899.0,0,899.0
105054-2,105054,P4004,1,5999.0,0,5999.0
105055-1,105055,P3007,1,1299.0,0,1299.0
105055-2,105055,P8004,1,999.0,0,999.0
105055-3,105055,P4004,1,5999.0,0,5999.0
105055-4,105055,P4005,1,3499.0,0,3499.0
105056-1,105056,P6004,1,1499.0,0,1499.0
105057-1,105057,P5004,1,4499.0,0,4499.0
105058-1,105058,P3002,3,2499.0,0,7497.0
105060-1,105060,P1002,2,299.0,0,598.0
105060-2,105060,P5001,1,5141.21,14.3,5141.21
105061-1,105061,P1006,2,699.0,0,1398.0
105061-2,105061,P1003,1,2499.0,0,2499.0
105061-3,105061,P4004,1,5999.0,0,5999.0
105062-1,105062,P8005,2,899.0,0,1798.0
105062-2,105062,P8001,2,499.0,0,998.0
105063-1,105063,P2003,2,1499.0,0,2998.0
105064-1,105064,P5005,1,1999.0,0,1999.0
105064-2,105064,P8002,1,599.0,0,599.0
105064-3,105064,P3001,1,999.0,0,999.0
105064-4,105064,P3004,1,199.0,0,199.0
105065-1,105065,P5005,1,1999.0,0,1999.0
105066-1,105066,P7003,1,999.0,0,999.0
105068-1,105068,P1010,1,899.0,0,899.0
105069-1,105069,P5002,1,3499.0,0,3499.0
105069-2,105069,P8004,1,999.0,0,999.0
105070-1,105070,P2003,2,1499.0,0,2998.0
105071-1,105071,P5003,1,699.0,0,699.0
105072-1,105072,P1007,1,3999.0,0,3999.0
105072-2,105072,P1002,1,299.0,0,299.0
105072-3,105072,P2001,2,15999.0,0,31998.0
105073-1,105073,P6003,1,1999.0,0,1999.0
105073-2,105073,P6001,1,2370.2,5.2,2370.2
105074-1,105074,P1003,1,2499.0,0,2499.0
105074-2,105074,P1001,1,599.0,0,599.0
105074-3,105074,P4005,1,3499.0,0,3499.0
105075-1,105075,P5003,2,606.78,13.2,1213.56
105075-2,105075,P8003,1,799.0,0,799.0
105076-1,105076,P8002,1,520.53,13.1,520.53
105076-2,105076,P2005,2,679.36,15.0,1358.72
105076-3,105076,P1001,1,599.0,0,599.0
105076-4,105076,P2001,1,15999.0,0,15999.0
105077-1,105077,P5003,1,699.0,0,699.0
105077-2,105077,P6004,2,1423.16,5.1,2846.32
105078-1,105078,P2006,2,4999.0,0,9998.0
105078-2,105078,P7001,1,2999.0,0,2999.0
105079-1,105079,P4004,2,5999.0,0,11998.0
105080-1,105080,P2005,-1,799.0,0,799.0
105080-2,105080,P5003,1,699.0,0,699.0
105081-1,105081,P2004,1,999.0,0,999.0
105082-1,105082,P1006,1,699.0,0,699.0
105082-2,105082,P5002,2,3499.0,0,6998.0
105083-1,105083,P3006,2,999.0,0,1998.0
105083-2,105083,P5005,1,1999.0,0,1999.0
105083-3,105083,P8004,3,999.0,0,2997.0
105084-1,105084,P1007,1,3606.45,9.8,3606.45
105084-2,105084,P5005,1,1999.0,0,1999.0
105084-3,105084,P1003,1,2315.7,7.3,2315.7
105085-1,105085,P8004,2,999.0,0,1998.0
105085-2,105085,P8003,1,799.0,0,799.0
105086-1,105086,P3001,2,999.0,0,1998.0
105086-2,105086,P3002,1,2499.0,0,2499.0
105087-1,105087,P8003,1,799.0,0,799.0
105088-1,105088,P7001,2,2999.0,0,5998.0
105089-1,105089,P8002,1,599.0,0,599.0
105089-2,105089,P6002,1,899.0,0,899.0
105090-1,105090,P2003,2,1499.0,0,2998.0
105091-1,105091,P8001,1,499.0,0,499.0
105091-2,105091,P1002,1,299.0,0,299.0
105091-3,105091,P6002,1,899.0,0,899.0
105091-4,105091,P7002,1,1499.0,0,1499.0
105092-1,105092,P1009,2,12999.0,0,25998.0
105092-2,105092,P5005,1,1844.61,7.7,1844.61
105093-1,105093,P5003,1,617.62,11.6,617.62
105094-1,105094,P5002,1,3217.94,8.0,3217.94
105095-1,105095,P1007,1,3999.0,0,3999.0
105097-1,105097,P5002,1,3499.0,0,3499.0
105098-1,105098,P4004,1,5999.0,0,5999.0
105098-2,105098,P1003,1,2499.0,0,2499.0
105099-1,105099,P4001,2,7999.0,0,15998.0
105100-1,105100,P1006,1,653.2,6.6,653.2
105101-1,105101,P3004,3,186.68,6.2,560.04
105101-2,105101,P4001,1,7999.0,0,7999.0
105102-1,105102,P1001,1,599.0,0,599.0
105105-1,105105,P3002,2,2219.99,11.2,4439.98
105105-2,105105,P6004,1,1499.0,0,1499.0
105106-1,105106,P6003,2,1999.0,0,3998.0
105107-1,105107,P1002,1,299.0,0,299.0
105108-1,105108,P6004,2,1308.47,12.7,2616.94
105108-2,105108,P2004,1,999.0,0,999.0
105109-1,105109,P4001,2,7999.0,0,15998.0
105109-2,105109,P6003,1,1890.72,5.4,1890.72
105110-1,105110,P8003,2,799.0,0,1598.0
105111-1,105111,P3007,1,1299.0,0,1299.0
105111-2,105111,P4004,1,5999.0,0,5999.0
105112-1,105112,P5005,1,1715.64,14.2,1715.64
105113-1,105113,P4003,1,1999.0,0,1999.0
105114-1,105114,P1008,1,1499.0,0,1499.0
105114-2,105114,P5004,1,4499.0,0,4499.0
105114-3,105114,P2006,1,4685.39,6.3,4685.39
105114-4,105114,P3002,2,2499.0,0,4998.0
105115-1,105115,P4001,1,7999.0,0,7999.0
105116-1,105116,P2005,1,706.96,11.5,706.96
105116-2,105116,P2001,1,14352.51,10.3,14352.51
105117-1,105117,P8005,1,844.17,6.1,844.17
105118-1,105118,P8005,1,899.0,0,899.0
105119-1,105119,P5005,1,1999.0,0,1999.0
105119-2,105119,P7002,2,1499.0,0,2998.0
105120-1,105120,P3007,1,1299.0,0,1299.0
105121-1,105121,P2005,2,704.37,11.8,1408.74
105121-2,105121,P4005,1,3499.0,0,3499.0
105122-1,105122,P5001,1,5610.47,6.5,5610.47
105122-2,105122,P7003,1,999.0,0,999.0
105123-1,105123,P6003,1,1999.0,0,1999.0
105124-1,105124,P2002,1,24999.0,0,24999.0
105124-2,105124,P5001,1,5999.0,0,5999.0
105125-1,105125,P8005,1,899.0,0,899.0
105126-1,105126,P1006,3,699.0,0,2097.0
105126-2,105126,P2006,2,4999.0,0,9998.0
105127-1,105127,P6002,1,899.0,0,899.0
105128-1,105128,P3002,2,2499.0,0,4998.0
105129-1,105129,P6002,1,850.78,5.4,850.78
105129-2,105129,P2002,2,24999.0,0,49998.0
105129-3,105129,P3005,2,699.0,0,1398.0
105130-1,105130,P5003,1,699.0,0,699.0
105130-2,105130,P4002,1,4999.0,0,4999.0
105131-1,105131,P5002,1,3499.0,0,3499.0
105132-1,105132,P2001,1,15999.0,0,15999.0
105132-2,105132,P8004,1,999.0,0,999.0
105133-1,105133,P4004,1,5449.42,9.2,5449.42
105133-2,105133,P4005,1,3499.0,0,3499.0
105134-1,105134,P6003,2,1999.0,0,3998.0
105134-2,105134,P8002,1,599.0,0,599.0
105134-3,105134,P2002,3,24999.0,0,74997.0
105135-1,105135,P7002,1,1499.0,0,1499.0
105136-1,105136,P7003,1,999.0,0,999.0
105137-1,105137,P2004,1,999.0,0,999.0
105138-1,105138,P2006,1,4999.0,0,4999.0
105139-1,105139,P2004,1,999.0,0,999.0
105139-2,105139,P8003,2,799.0,0,1598.0
105139-3,105139,P2002,1,22756.51,9.0,22756.51
105140-1,105140,P7003,2,999.0,0,1998.0
105140-2,105140,P2004,2,999.0,0,1998.0
105141-1,105141,P1007,2,3999.0,0,7998.0
105143-1,105143,P6003,1,1999.0,0,1999.0
105143-2,105143,P7003,2,999.0,0,1998.0
105144-1,105144,P5004,1,4100.29,8.9,4100.29
105145-1,105145,P1005,1,1299.0,0,1299.0
105146-1,105146,P6001,1,2499.0,0,2499.0
105146-2,105146,P3006,1,999.0,0,999.0
105146-3,105146,P3001,1,999.0,0,999.0
105147-1,105147,P1005,1,1181.51,9.0,1181.51
105147-2,105147,P3002,1,2499.0,0,2499.0
105147-3,105147,P4003,2,1859.87,7.0,3719.74
105149-1,105149,P1005,2,1299.0,0,2598.0
105149-2,105149,P6004,1,1293.08,13.7,1293.08
105149-3,105149,P4004,1,5999.0,0,5999.0
105150-1,105150,P3002,1,2499.0,0,2499.0
105150-2,105150,P1007,1,3999.0,0,3999.0
105150-3,105150,P3001,1,999.0,0,999.0
105151-1,105151,P8001,1,499.0,0,499.0
105151-2,105151,P7002,1,1499.0,0,1499.0
105152-1,105152,P7004,2,599.0,0,1198.0
105152-2,105152,P1007,1,3999.0,0,3999.0
105152-3,105152,P3003,2,599.0,0,1198.0
105153-1,105153,P1010,1,838.52,6.7,838.52
105154-1,105154,P4001,1,7999.0,0,7999.0
105155-1,105155,P3002,2,2499.0,0,4998.0
105155-2,105155,P2004,1,897.19,10.2,897.19
105156-1,105156,P8004,2,999.0,0,1998.0
105157-1,105157,P6003,1,1999.0,0,1999.0
105158-1,105158,P2003,1,1499.0,0,1499.0
105160-1,105160,P3004,1,199.0,0,199.0
105161-1,105161,P1006,1,699.0,0,699.0
105161-2,105161,P3006,2,999.0,0,1998.0
105162-1,105162,P6001,1,2499.0,0,2499.0
105163-1,105163,P3003,1,599.0,0,599.0
105163-2,105163,P4004,2,5999.0,0,11998.0
105164-1,105164,P1008,2,1499.0,0,2998.0
105164-2,105164,P6001,1,2499.0,0,2499.0
105165-1,105165,P2005,1,799.0,0,799.0
105165-2,105165,P1003,1,2499.0,0,2499.0
105166-1,105166,P6004,2,1499.0,0,2998.0
105167-1,105167,P3001,1,999.0,0,999.0
105167-2,105167,P1002,1,299.0,0,299.0
105168-1,105168,P7002,1,1418.48,5.4,1418.48
105169-1,105169,P8003,2,799.0,0,1598.0
105170-1,105170,P4001,1,7482.25,6.5,7482.25
105170-2,105170,P1006,3,699.0,0,2097.0
105171-1,105171,P5005,1,1999.0,0,1999.0
105171-2,105171,P1009,1,12999.0,0,12999.0
105171-3,105171,P3007,1,1299.0,0,1299.0
105172-1,105172,P1010,1,899.0,0,899.0
105172-2,105172,P2004,1,999.0,0,999.0
105172-3,105172,P3001,1,999.0,0,999.0
105173-1,105173,P2006,1,4999.0,0,4999.0
105173-2,105173,P7003,1,999.0,0,999.0
105174-1,105174,P8003,2,799.0,0,1598.0
105174-2,105174,P6003,1,1999.0,0,1999.0
105174-3,105174,P6004,1,1300.95,13.2,1300.95
105175-1,105175,P8004,3,999.0,0,2997.0
105176-1,105176,P5004,1,4499.0,0,4499.0
105176-2,105176,P1007,2,3999.0,0,7998.0
105176-3,105176,P8005,1,899.0,0,899.0
105177-1,105177,P1009,1,12999.0,0,12999.0
105177-2,105177,P7003,1,888.59,11.1,888.59
105177-3,105177,P2002,1,24999.0,0,24999.0
105178-1,105178,P8005,2,789.29,12.2,1578.58
105178-2,105178,P1008,1,1499.0,0,1499.0
105178-3,105178,P6003,2,1999.0,0,3998.0
105178-4,105178,P5002,2,3499.0,0,6998.0
105179-1,105179,P1010,1,899.0,0,899.0
105179-2,105179,P7004,1,537.49,10.3,537.49
105179-3,105179,P2002,1,24999.0,0,24999.0
105180-1,105180,P5003,1,699.0,0,699.0
105180-2,105180,P5004,2,4499.0,0,8998.0
105181-1,105181,P1006,1,613.71,12.2,613.71
105181-2,105181,P7002,1,1499.0,0,1499.0
105181-3,105181,P8005,1,899.0,0,899.0
105181-4,105181,P1008,1,1499.0,0,1499.0
105181-5,105181,P1007,1,3999.0,0,3999.0
105182-1,105182,P3001,2,999.0,0,1998.0
105182-2,105182,P2006,2,4462.22,10.7,8924.44
105183-1,105183,P7002,2,1499.0,0,2998.0
105184-1,105184,P3002,2,2499.0,0,4998.0
105185-1,105185,P3004,1,176.36,11.4,176.36
105186-1,105186,P5004,2,4499.0,0,8998.0
105187-1,105187,P1010,1,899.0,0,899.0
105187-2,105187,P3003,1,599.0,0,599.0
105188-1,105188,P3007,1,1299.0,0,1299.0
105188-2,105188,P3001,1,999.0,0,999.0
105189-1,105189,P1007,1,3999.0,0,3999.0
105190-1,105190,P3003,3,599.0,0,1797.0
105190-2,105190,P1001,2,599.0,0,1198.0
105190-3,105190,P8004,1,999.0,0,999.0
105191-1,105191,P1006,1,699.0,0,699.0
105192-1,105192,P4002,1,4999.0,0,4999.0
105193-1,105193,P8002,-1,599.0,0,1198.0
105194-1,105194,P4004,1,5999.0,0,5999.0
105194-2,105194,P1008,1,1499.0,0,1499.0
105195-1,105195,P7001,1,2999.0,0,2999.0
105195-2,105195,P5001,1,5324.46,11.2,5324.46
105196-1,105196,P5005,1,1855.82,7.2,1855.82
105197-1,105197,P8002,1,599.0,0,599.0
105198-1,105198,P2005,1,799.0,0,799.0
105198-2,105198,P1002,1,299.0,0,299.0
105198-3,105198,P4003,1,1999.0,0,1999.0
105198-4,105198,P3005,1,699.0,0,699.0
105199-1,105199,P5003,3,699.0,0,2097.0
105200-1,105200,P7004,2,599.0,0,1198.0
105200-2,105200,P8005,1,899.0,0,899.0
105201-1,105201,P1004,1,752.8,5.8,752.8
105202-1,105202,P1001,1,560.47,6.4,560.47
105202-2,105202,P6002,2,899.0,0,1798.0
105202-3,105202,P1008,1,1499.0,0,1499.0
105202-4,105202,P8002,1,549.33,8.3,549.33
105203-1,105203,P7001,1,2999.0,0,2999.0
105204-1,105204,P6003,-1,1879.47,6.0,1879.47
105204-2,105204,P4002,1,4999.0,0,4999.0
105205-1,105205,P7004,1,538.04,10.2,538.04
105205-2,105205,P5005,1,1999.0,0,1999.0
105205-3,105205,P1006,1,699.0,0,699.0
105206-1,105206,P5005,2,1754.94,12.2,3509.88
105206-2,105206,P3007,1,1299.0,0,1299.0
105206-3,105206,P8001,1,499.0,0,499.0
105207-1,105207,P5001,1,5999.0,0,5999.0
105207-2,105207,P4003,1,1999.0,0,1999.0
105207-3,105207,P1010,1,899.0,0,899.0
105208-1,105208,P8005,1,899.0,0,899.0
105208-2,105208,P4005,2,3499.0,0,6998.0
105208-3,105208,P5002,1,3499.0,0,3499.0
105209-1,105209,P4004,2,5389.35,10.2,10778.7
105210-1,105210,P7003,1,999.0,0,999.0
105211-1,105211,P1001,1,599.0,0,599.0
105212-1,105212,P1006,1,699.0,0,699.0
105213-1,105213,P3003,2,599.0,0,1198.0
105213-2,105213,P1001,1,599.0,0,599.0
105214-1,105214,P6003,1,1780.82,10.9,1780.82
105215-1,105215,P7001,1,2999.0,0,2999.0
105216-1,105216,P4004,3,5999.0,0,17997.0
105216-2,105216,P3001,1,999.0,0,999.0
105216-3,105216,P3002,1,2499.0,0,2499.0
105217-1,105217,P5002,1,3499.0,0,3499.0
105217-2,105217,P5005,1,1889.08,5.5,1889.08
105217-3,105217,P8002,2,599.0,0,1198.0
105217-4,105217,P2004,1,849.8,14.9,849.8
105217-5,105217,P2002,2,24999.0,0,49998.0
105218-1,105218,P3004,2,199.0,0,398.0
105218-2,105218,P3007,2,1299.0,0,2598.0
105218-3,105218,P6003,1,1999.0,0,1999.0
105219-1,105219,P1002,2,299.0,0,598.0
105219-2,105219,P2004,1,999.0,0,999.0
105219-3,105219,P4004,2,5999.0,0,11998.0
105220-1,105220,P1004,1,799.0,0,799.0
105221-1,105221,P5003,3,699.0,0,2097.0
105221-2,105221,P6004,1,1308.31,12.7,1308.31
105222-1,105222,P8002,2,559.82,6.5,1119.64
105222-2,105222,P6002,1,899.0,0,899.0
105223-1,105223,P1007,1,3999.0,0,3999.0
105224-1,105224,P6004,1,1499.0,0,1499.0
105224-2,105224,P8003,2,799.0,0,1598.0
105224-3,105224,P7004,1,599.0,0,599.0
105225-1,105225,P2002,-1,22875.13,8.5,22875.13
105225-2,105225,P8001,1,499.0,0,499.0
105226-1,105226,P1001,1,599.0,0,599.0
105226-2,105226,P3007,2,1299.0,0,2598.0
105227-1,105227,P2001,2,14446.59,9.7,28893.18
105227-2,105227,P1002,3,299.0,0,897.0
105228-1,105228,P7001,1,2999.0,0,2999.0
105228-2,105228,P8002,1,599.0,0,599.0
105228-3,105228,P5004,2,4499.0,0,8998.0
105228-4,105228,P1001,1,599.0,0,599.0
105229-1,105229,P3002,1,2499.0,0,2499.0
105230-1,105230,P8005,1,899.0,0,899.0
105230-2,105230,P1009,2,12999.0,0,25998.0
105232-1,105232,P3001,1,999.0,0,999.0
105233-1,105233,P4001,1,7999.0,0,7999.0
105234-1,105234,P4003,1,1999.0,0,1999.0
105235-1,105235,P5003,1,699.0,0,699.0
105235-2,105235,P1010,1,831.73,7.5,831.73
105235-3,105235,P2003,3,1499.0,0,4497.0
105236-1,105236,P7004,1,554.62,7.4,554.62
105237-1,105237,P2002,2,24999.0,0,49998.0
105238-1,105238,P7001,1,2999.0,0,2999.0
105239-1,105239,P8005,1,899.0,0,899.0
105240-1,105240,P4004,1,5999.0,0,5999.0
105240-2,105240,P1007,1,3999.0,0,3999.0
105241-1,105241,P4005,1,3499.0,0,3499.0
105241-2,105241,P3003,1,599.0,0,599.0
105242-1,105242,P4004,1,5999.0,0,5999.0
105243-1,105243,P1007,1,3999.0,0,3999.0
105243-2,105243,P4001,1,7999.0,0,7999.0
105244-1,105244,P2006,1,4999.0,0,4999.0
105244-2,105244,P6001,1,2499.0,0,2499.0
105245-1,105245,P5002,1,3499.0,0,3499.0
105245-2,105245,P4002,1,4999.0,0,4999.0
105245-3,105245,P6002,1,899.0,0,899.0
105246-1,105246,P3007,1,1299.0,0,1299.0
105246-2,105246,P4004,3,5271.64,12.1,15814.92
105246-3,105246,P8001,2,442.19,11.4,884.38
105247-1,105247,P7004,1,599.0,0,599.0
105247-2,105247,P1008,1,1499.0,0,1499.0
105248-1,105248,P3002,1,2499.0,0,2499.0
105249-1,105249,P1006,1,623.49,10.8,623.49
105249-2,105249,P1001,1,599.0,0,599.0
105250-1,105250,P5001,2,5999.0,0,11998.0
105250-2,105250,P3005,1,699.0,0,699.0
105251-1,105251,P8001,1,447.93,10.2,447.93
105253-1,105253,P2005,1,799.0,0,799.0
105254-1,105254,P6001,2,2499.0,0,4998.0
105254-2,105254,P1005,2,1299.0,0,2598.0
105254-3,105254,P6004,2,1499.0,0,2998.0
105254-4,105254,P6002,2,899.0,0,1798.0
105255-1,105255,P5001,2,5999.0,0,11998.0
105255-2,105255,P2006,1,4725.55,5.5,4725.55
105255-3,105255,P4001,2,7999.0,0,15998.0
105255-4,105255,P1005,1,1194.87,8.0,1194.87
105256-1,105256,P6004,2,1499.0,0,2998.0
105256-2,105256,P4003,1,1843.26,7.8,1843.26
105257-1,105257,P8001,2,499.0,0,998.0
105257-2,105257,P5005,1,1999.0,0,1999.0
105259-1,105259,P2001,1,14633.77,8.5,14633.77
105260-1,105260,P1004,1,727.52,8.9,727.52
105260-2,105260,P6003,1,1999.0,0,1999.0
105261-1,105261,P1004,1,799.0,0,799.0
105262-1,105262,P4002,2,4999.0,0,9998.0
105262-2,105262,P1005,1,1299.0,0,1299.0
105262-3,105262,P1002,2,256.39,14.3,512.78
105263-1,105263,P7003,1,999.0,0,999.0
105264-1,105264,P7002,1,1499.0,0,1499.0
105264-2,105264,P8003,1,755.05,5.5,755.05
105264-3,105264,P7004,1,599.0,0,599.0
105265-1,105265,P6002,1,899.0,0,899.0
105265-2,105265,P8003,1,799.0,0,799.0
105266-1,105266,P6002,2,899.0,0,1798.0
105266-2,105266,P2005,3,799.0,0,2397.0
105267-1,105267,P1010,2,899.0,0,1798.0
105267-2,105267,P1006,1,699.0,0,699.0
105269-1,105269,P3002,1,2499.0,0,2499.0
105270-1,105270,P8004,2,999.0,0,1998.0
105270-2,105270,P1009,1,12999.0,0,12999.0
105270-3,105270,P4002,1,4999.0,0,4999.0
105270-4,105270,P6002,1,899.0,0,899.0
105271-1,105271,P8004,1,999.0,0,999.0
105272-1,105272,P1005,1,1299.0,0,1299.0
105273-1,105273,P1003,2,2317.65,7.3,4635.3
105273-2,105273,P2004,2,999.0,0,1998.0
105274-1,105274,P7002,2,1499.0,0,2998.0
105274-2,105274,P8002,1,564.25,5.8,564.25
105275-1,105275,P3004,1,199.0,0,199.0
105276-1,105276,P6002,1,899.0,0,899.0
105276-2,105276,P7001,2,2999.0,0,5998.0
105276-3,105276,P7002,2,1499.0,0,2998.0
105277-1,105277,P2002,2,24999.0,0,49998.0
105277-2,105277,P7003,1,933.64,6.5,933.64
105278-1,105278,P2006,1,4999.0,0,4999.0
105278-2,105278,P5001,1,5999.0,0,5999.0
105279-1,105279,P5005,1,1999.0,0,1999.0
105279-2,105279,P8001,1,499.0,0,499.0
105279-3,105279,P2006,1,4999.0,0,4999.0
105280-1,105280,P8005,1,843.04,6.2,843.04
105281-1,105281,P8001,1,453.66,9.1,453.66
105281-2,105281,P1008,1,1499.0,0,1499.0
105282-1,105282,P8002,-1,554.06,7.5,554.06
105282-2,105282,P5002,2,3180.86,9.1,6361.72
105282-3,105282,P4001,1,7999.0,0,7999.0
105282-4,105282,P2004,1,999.0,0,999.0
105283-1,105283,P5005,3,1999.0,0,5997.0
105283-2,105283,P6004,1,1499.0,0,1499.0
105284-1,105284,P2002,1,24999.0,0,24999.0
105284-2,105284,P7001,1,2999.0,0,2999.0
105285-1,105285,P1008,1,1499.0,0,1499.0
105285-2,105285,P8003,2,799.0,0,1598.0
105285-3,105285,P6001,1,2499.0,0,2499.0
105286-1,105286,P1003,1,2499.0,0,2499.0
105286-2,105286,P3003,1,599.0,0,599.0
105286-3,105286,P7003,2,925.59,7.3,1851.18
105286-4,105286,P4004,1,5999.0,0,5999.0
105287-1,105287,P3006,2,999.0,0,1998.0
105288-1,105288,P5005,1,1796.53,10.1,1796.53
105289-1,105289,P1010,1,768.31,14.5,768.31
105289-2,105289,P8005,1,899.0,0,899.0
105290-1,105290,P4005,1,3499.0,0,3499.0
105290-2,105290,P6002,2,899.0,0,1798.0
105291-1,105291,P8004,3,999.0,0,2997.0
105292-1,105292,P8005,2,777.39,13.5,1554.78
105292-2,105292,P3002,1,2499.0,0,2499.0
105292-3,105292,P1010,1,899.0,0,899.0
105294-1,105294,P3003,3,540.74,9.7,1622.22
105296-1,105296,P1004,1,698.71,12.6,698.71
105296-2,105296,P6002,1,899.0,0,899.0
105296-3,105296,P2003,1,1499.0,0,1499.0
105297-1,105297,P3002,1,2499.0,0,2499.0
105297-2,105297,P8003,1,799.0,0,799.0
105299-1,105299,P3005,1,699.0,0,699.0
105300-1,105300,P4001,1,7999.0,0,7999.0
105300-2,105300,P1010,2,899.0,0,1798.0
105301-1,105301,P6001,1,2499.0,0,2499.0
105302-1,105302,P1008,1,1499.0,0,1499.0
105302-2,105302,P6001,1,2499.0,0,2499.0
105302-3,105302,P5001,1,5999.0,0,5999.0
105303-1,105303,P3002,1,2499.0,0,2499.0
105303-2,105303,P5004,1,4499.0,0,4499.0
105304-1,105304,P8002,1,599.0,0,599.0
105305-1,105305,P7001,1,2999.0,0,2999.0
105305-2,105305,P3003,1,599.0,0,599.0
105305-3,105305,P5002,1,3499.0,0,3499.0
105305-4,105305,P3007,2,1130.69,13.0,2261.38
105306-1,105306,P1001,3,599.0,0,1797.0
105306-2,105306,P8003,2,689.86,13.7,1379.72
105306-3,105306,P2004,1,999.0,0,999.0
105306-4,105306,P5002,1,3499.0,0,3499.0
105307-1,105307,P1009,1,12999.0,0,12999.0
105308-1,105308,P2005,2,799.0,0,1598.0
105309-1,105309,P3003,1,567.32,5.3,567.32
105310-1,105310,P1001,2,599.0,0,1198.0
105310-2,105310,P3003,1,599.0,0,599.0
105311-1,105311,P8004,1,999.0,0,999.0
105311-2,105311,P1007,1,3733.45,6.6,3733.45
105311-3,105311,P8002,1,564.26,5.8,564.26
105312-1,105312,P8002,1,599.0,0,599.0
105313-1,105313,P4001,2,7999.0,0,15998.0
105313-2,105313,P4003,1,1999.0,0,1999.0
105314-1,105314,P6002,2,899.0,0,1798.0
105314-2,105314,P3002,1,2499.0,0,2499.0
105314-3,105314,P4001,1,7999.0,0,7999.0
105315-1,105315,P7002,1,1499.0,0,1499.0
105316-1,105316,P2005,1,799.0,0,799.0
105316-2,105316,P2002,1,24999.0,0,24999.0
105316-3,105316,P2001,1,15999.0,0,15999.0
105317-1,105317,P2001,1,14496.04,9.4,14496.04
105318-1,105318,P6002,1,899.0,0,899.0
105318-2,105318,P4001,2,7999.0,0,15998.0
105319-1,105319,P3007,2,1299.0,0,2598.0
105320-1,105320,P8004,2,999.0,0,1998.0
105320-2,105320,P3006,2,999.0,0,1998.0
105322-1,105322,P5005,1,1999.0,0,1999.0
105323-1,105323,P1003,2,2215.2,11.4,4430.4
105323-2,105323,P6002,2,899.0,0,1798.0
105324-1,105324,P2003,1,1499.0,0,1499.0
105324-2,105324,P5005,1,1999.0,0,1999.0
105324-3,105324,P6001,1,2262.34,9.5,2262.34
105325-1,105325,P1002,1,299.0,0,299.0
105326-1,105326,P7001,1,2999.0,0,2999.0
105326-2,105326,P3005,1,699.0,0,699.0
105327-1,105327,P7002,1,1499.0,0,1499.0
105328-1,105328,P6002,1,899.0,0,899.0
105329-1,105329,P4004,2,5409.87,9.8,10819.74
105330-1,105330,P4001,2,7553.19,5.6,15106.38
105330-2,105330,P7004,2,599.0,0,1198.0
105330-3,105330,P3006,1,946.83,5.2,946.83
105331-1,105331,P1003,1,2499.0,0,2499.0
105331-2,105331,P7001,1,2791.37,6.9,2791.37
105331-3,105331,P3001,1,999.0,0,999.0
105332-1,105332,P6004,1,1499.0,0,1499.0
105333-1,105333,P2003,2,1290.84,13.9,2581.68
105334-1,105334,P4005,2,3499.0,0,6998.0
105335-1,105335,P5002,1,3499.0,0,3499.0
105335-2,105335,P8003,1,799.0,0,799.0
105336-1,105336,P2003,2,1499.0,0,2998.0
105337-1,105337,P4003,1,1999.0,0,1999.0
105338-1,105338,P1005,1,1299.0,0,1299.0
105338-2,105338,P5002,2,3499.0,0,6998.0
105339-1,105339,P5002,2,3499.0,0,6998.0
105339-2,105339,P5004,1,4499.0,0,4499.0
105339-3,105339,P7001,1,2999.0,0,2999.0
105339-4,105339,P1007,2,3999.0,0,7998.0
105340-1,105340,P4005,1,3499.0,0,3499.0
105340-2,105340,P2004,2,999.0,0,1998.0
105341-1,105341,P6002,1,846.8,5.8,846.8
105342-1,105342,P5004,1,4249.25,5.6,4249.25
105342-2,105342,P2004,1,999.0,0,999.0
105342-3,105342,P4003,2,1999.0,0,3998.0
105343-1,105343,P8004,1,999.0,0,999.0
105343-2,105343,P5003,3,699.0,0,2097.0
105344-1,105344,P2002,2,24999.0,0,49998.0
105344-2,105344,P6003,1,1801.54,9.9,1801.54
105345-1,105345,P1007,1,3650.09,8.7,3650.09
105345-2,105345,P3007,1,1299.0,0,1299.0
105346-1,105346,P8001,1,499.0,0,499.0
105346-2,105346,P2002,1,22312.37,10.7,22312.37
105346-3,105346,P2004,1,918.37,8.1,918.37
105347-1,105347,P1001,3,599.0,0,1797.0
105348-1,105348,P8005,1,899.0,0,899.0
105348-2,105348,P1004,1,799.0,0,799.0
105349-1,105349,P1008,2,1499.0,0,2998.0
105349-2,105349,P5001,2,5529.55,7.8,11059.1
105350-1,105350,P2001,1,15999.0,0,15999.0
105350-2,105350,P8005,3,899.0,0,2697.0
105351-1,105351,P3005,1,699.0,0,699.0
105351-2,105351,P3002,2,2499.0,0,4998.0
105352-1,105352,P7003,1,874.32,12.5,874.32
105352-2,105352,P5005,1,1999.0,0,1999.0
105353-1,105353,P8004,1,999.0,0,999.0
105353-2,105353,P8001,3,499.0,0,1497.0
105353-3,105353,P3003,1,599.0,0,599.0
105353-4,105353,P5005,1,1999.0,0,1999.0
105354-1,105354,P2004,2,999.0,0,1998.0
105354-2,105354,P3002,1,2499.0,0,2499.0
105355-1,105355,P1005,1,1299.0,0,1299.0
105356-1,105356,P2003,1,1499.0,0,1499.0
105356-2,105356,P3006,1,999.0,0,999.0
105356-3,105356,P1004,1,799.0,0,799.0
105357-1,105357,P1003,1,2499.0,0,2499.0
105358-1,105358,P3006,1,999.0,0,999.0
105358-2,105358,P5004,1,4146.18,7.8,4146.18
105359-1,105359,P5005,1,1999.0,0,1999.0
105360-1,105360,P3002,1,2499.0,0,2499.0
105361-1,105361,P3003,1,599.0,0,599.0
105362-1,105362,P4004,2,5999.0,0,11998.0
105363-1,105363,P7002,1,1499.0,0,1499.0
105363-2,105363,P7001,1,2999.0,0,2999.0
105364-1,105364,P3005,1,699.0,0,699.0
105364-2,105364,P1005,1,1299.0,0,1299.0
105364-3,105364,P4001,1,7999.0,0,7999.0
105365-1,105365,P6002,1,899.0,0,899.0
105366-1,105366,P8005,1,899.0,0,899.0
105367-1,105367,P6001,1,2156.03,13.7,2156.03
105368-1,105368,P1004,2,799.0,0,1598.0
105368-2,105368,P6001,1,2499.0,0,2499.0
105369-1,105369,P1002,1,299.0,0,299.0
105369-2,105369,P7003,2,999.0,0,1998.0
105369-3,105369,P2004,1,999.0,0,999.0
105369-4,105369,P8001,1,499.0,0,499.0
105370-1,105370,P1010,2,899.0,0,1798.0
105371-1,105371,P1003,2,2499.0,0,4998.0
105371-2,105371,P1004,1,799.0,0,799.0
105371-3,105371,P4005,1,3280.33,6.2,3280.33
105372-1,105372,P4004,2,5999.0,0,11998.0
105372-2,105372,P5001,1,5999.0,0,5999.0
105373-1,105373,P5004,1,4499.0,0,4499.0
105374-1,105374,P6003,1,1999.0,0,1999.0
105374-2,105374,P3004,2,199.0,0,398.0
105375-1,105375,P4004,1,5999.0,0,5999.0
105376-1,105376,P2002,2,24999.0,0,49998.0
105377-1,105377,P1008,1,1499.0,0,1499.0
105377-2,105377,P2006,1,4999.0,0,4999.0
105377-3,105377,P8004,2,999.0,0,1998.0
105377-4,105377,P8005,1,843.56,6.2,843.56
105378-1,105378,P6001,2,2499.0,0,4998.0
105378-2,105378,P5001,1,5999.0,0,5999.0
105379-1,105379,P2005,2,799.0,0,1598.0
105380-1,105380,P1002,1,267.8,10.4,267.8
105380-2,105380,P8001,1,499.0,0,499.0
105380-3,105380,P3004,1,185.75,6.7,185.75
105380-4,105380,P2004,1,999.0,0,999.0
105381-1,105381,P1003,2,2261.52,9.5,4523.04
105381-2,105381,P3002,1,2499.0,0,2499.0
105381-3,105381,P3004,1,199.0,0,199.0
105382-1,105382,P2006,2,4511.57,9.8,9023.14
105383-1,105383,P7004,1,599.0,0,599.0
105384-1,105384,P3005,2,699.0,0,1398.0
105385-1,105385,P6002,1,899.0,0,899.0
105385-2,105385,P1010,1,899.0,0,899.0
105386-1,105386,P3002,1,2499.0,0,2499.0
105386-2,105386,P1010,1,899.0,0,899.0
105386-3,105386,P5003,1,699.0,0,699.0
105386-4,105386,P4001,2,7999.0,0,15998.0
105387-1,105387,P6001,1,2499.0,0,2499.0
105388-1,105388,P4001,1,7999.0,0,7999.0
105389-1,105389,P1004,1,799.0,0,799.0
105389-2,105389,P1001,1,599.0,0,599.0
105389-3,105389,P2005,2,799.0,0,1598.0
105391-1,105391,P8003,1,799.0,0,799.0
105391-2,105391,P3006,2,999.0,0,1998.0
105392-1,105392,P2006,1,4999.0,0,4999.0
105393-1,105393,P7004,3,564.0,5.8,1692.0
105393-2,105393,P1010,1,899.0,0,899.0
105394-1,105394,P8004,2,999.0,0,1998.0
105395-1,105395,P8005,1,899.0,0,899.0
105396-1,105396,P3003,1,599.0,0,599.0
105397-1,105397,P5001,1,5999.0,0,5999.0
105397-2,105397,P8001,2,499.0,0,998.0
105398-1,105398,P1003,1,2499.0,0,2499.0
105398-2,105398,P8004,2,999.0,0,1998.0
105398-3,105398,P7002,1,1499.0,0,1499.0
105400-1,105400,P2006,1,4999.0,0,4999.0
105401-1,105401,P2004,2,999.0,0,1998.0
105402-1,105402,P8001,1,425.43,14.7,425.43
105402-2,105402,P4005,1,3499.0,0,3499.0
105402-3,105402,P3003,1,599.0,0,599.0
105402-4,105402,P3001,1,934.07,6.5,934.07
105402-5,105402,P6001,1,2144.7,14.2,2144.7
105403-1,105403,P3002,1,2167.39,13.3,2167.39
105404-1,105404,P5005,1,1999.0,0,1999.0
105405-1,105405,P8003,1,684.86,14.3,684.86
105405-2,105405,P4005,1,3499.0,0,3499.0
105405-3,105405,P7003,1,999.0,0,999.0
105406-1,105406,P1003,2,2499.0,0,4998.0
105406-2,105406,P7001,1,2739.75,8.6,2739.75
105406-3,105406,P3001,2,999.0,0,1998.0
105406-4,105406,P3005,3,653.11,6.6,1959.33
105407-1,105407,P4002,2,4999.0,0,9998.0
105407-2,105407,P6003,1,1999.0,0,1999.0
105407-3,105407,P7002,1,1499.0,0,1499.0
105407-4,105407,P8002,2,599.0,0,1198.0
105407-5,105407,P2005,1,799.0,0,799.0
105408-1,105408,P5005,2,1999.0,0,3998.0
105409-1,105409,P1006,1,643.17,8.0,643.17
105410-1,105410,P7001,2,2999.0,0,5998.0
105410-2,105410,P1005,1,1299.0,0,1299.0
105410-3,105410,P6004,1,1499.0,0,1499.0
105410-4,105410,P8001,1,430.71,13.7,430.71
105411-1,105411,P8002,1,599.0,0,599.0
105412-1,105412,P5004,1,4499.0,0,4499.0
105413-1,105413,P2003,1,1499.0,0,1499.0
105414-1,105414,P8004,2,999.0,0,1998.0
105414-2,105414,P8003,2,695.99,12.9,1391.98
105414-3,105414,P7001,2,2621.56,12.6,5243.12
105414-4,105414,P3007,1,1299.0,0,1299.0
105415-1,105415,P8003,1,799.0,0,799.0
105416-1,105416,P2003,1,1499.0,0,1499.0
105416-2,105416,P1003,1,2245.02,10.2,2245.02
105416-3,105416,P4003,1,1999.0,0,1999.0
105417-1,105417,P1009,1,12999.0,0,12999.0
105418-1,105418,P5002,2,3499.0,0,6998.0
105418-2,105418,P3006,1,999.0,0,999.0
105418-3,105418,P2001,2,15999.0,0,31998.0
105418-4,105418,P4004,1,5999.0,0,5999.0
105418-5,105418,P7004,2,599.0,0,1198.0
105419-1,105419,P1003,2,2499.0,0,4998.0
105419-2,105419,P8005,1,899.0,0,899.0
105419-3,105419,P7002,1,1499.0,0,1499.0
105420-1,105420,P2004,3,999.0,0,2997.0
105420-2,105420,P6001,1,2193.35,12.2,2193.35
105420-3,105420,P3005,1,699.0,0,699.0
105421-1,105421,P5001,2,5999.0,0,11998.0
105422-1,105422,P5001,1,5999.0,0,5999.0
105422-2,105422,P3001,2,889.19,11.0,1778.38
105422-3,105422,P1007,1,3999.0,0,3999.0
105423-1,105423,P3006,1,999.0,0,999.0
105424-1,105424,P4002,2,4999.0,0,9998.0
105425-1,105425,P2002,2,24999.0,0,49998.0
105426-1,105426,P5001,2,5999.0,0,11998.0
105427-1,105427,P1007,1,3999.0,0,3999.0
105427-2,105427,P6002,1,811.52,9.7,811.52
105427-3,105427,P5004,1,4499.0,0,4499.0
105428-1,105428,P4003,1,1999.0,0,1999.0
105428-2,105428,P2005,1,799.0,0,799.0
105428-3,105428,P4001,1,7242.43,9.5,7242.43
105429-1,105429,P2006,1,4999.0,0,4999.0
105430-1,105430,P6001,1,2499.0,0,2499.0
105430-2,105430,P1009,1,12999.0,0,12999.0
105430-3,105430,P2003,1,1499.0,0,1499.0
105430-4,105430,P5003,1,699.0,0,699.0
105430-5,105430,P1006,1,699.0,0,699.0
105431-1,105431,P4004,2,5999.0,0,11998.0
105431-2,105431,P3005,1,699.0,0,699.0
105432-1,105432,P2005,2,799.0,0,1598.0
105433-1,105433,P2004,1,919.07,8.0,919.07
105433-2,105433,P3004,1,199.0,0,199.0
105434-1,105434,P5002,1,3318.07,5.2,3318.07
105434-2,105434,P5004,3,4499.0,0,13497.0
105434-3,105434,P3003,1,599.0,0,599.0
105435-1,105435,P7004,1,599.0,0,599.0
105435-2,105435,P7002,2,1416.61,5.5,2833.22
105435-3,105435,P1004,1,799.0,0,799.0
105436-1,105436,P4001,1,7999.0,0,7999.0
105436-2,105436,P1006,2,699.0,0,1398.0
105437-1,105437,P1003,3,2499.0,0,7497.0
105437-2,105437,P3004,2,199.0,0,398.0
105438-1,105438,P4005,2,3499.0,0,6998.0
105438-2,105438,P1002,3,299.0,0,897.0
105439-1,105439,P3007,2,1299.0,0,2598.0
105439-2,105439,P4002,1,4999.0,0,4999.0
105439-3,105439,P6002,1,899.0,0,899.0
105440-1,105440,P1004,3,799.0,0,2397.0
105441-1,105441,P8004,1,943.47,5.6,943.47
105441-2,105441,P1007,1,3999.0,0,3999.0
105441-3,105441,P1002,2,299.0,0,598.0
105442-1,105442,P2003,1,1499.0,0,1499.0
105443-1,105443,P1001,1,599.0,0,599.0
105443-2,105443,P1003,2,2259.65,9.6,4519.3
105444-1,105444,P7001,2,2999.0,0,5998.0
105445-1,105445,P2005,1,799.0,0,799.0
105446-1,105446,P3003,2,599.0,0,1198.0
105446-2,105446,P3004,1,188.94,5.1,188.94
105446-3,105446,P3001,1,999.0,0,999.0
105446-4,105446,P6002,1,843.64,6.2,843.64
105447-1,105447,P4003,1,1999.0,0,1999.0
105447-2,105447,P5002,2,3053.21,12.7,6106.42
105448-1,105448,P3001,1,999.0,0,999.0
105448-2,105448,P7003,2,999.0,0,1998.0
105449-1,105449,P5003,1,699.0,0,699.0
105449-2,105449,P1004,1,799.0,0,799.0
105450-1,105450,P2005,2,799.0,0,1598.0
105450-2,105450,P1003,1,2499.0,0,2499.0
105450-3,105450,P5001,1,5999.0,0,5999.0
105450-4,105450,P3006,1,999.0,0,999.0
105451-1,105451,P8003,1,733.7,8.2,733.7
105452-1,105452,P2006,2,4622.06,7.5,9244.12
105452-2,105452,P2002,1,23107.29,7.6,23107.29
105453-1,105453,P2003,1,1499.0,0,1499.0
105453-2,105453,P4003,1,1999.0,0,1999.0
105454-1,105454,P8001,2,499.0,0,998.0
105455-1,105455,P4003,1,1999.0,0,1999.0
105456-1,105456,P5004,2,4499.0,0,8998.0
105456-2,105456,P8001,1,499.0,0,499.0
105456-3,105456,P3006,1,999.0,0,999.0
105456-4,105456,P6004,3,1400.54,6.6,4201.62
105457-1,105457,P8003,1,799.0,0,799.0
105457-2,105457,P3006,1,999.0,0,999.0
105458-1,105458,P6001,2,2499.0,0,4998.0
105459-1,105459,P5001,1,5999.0,0,5999.0
105460-1,105460,P3001,2,999.0,0,1998.0
105461-1,105461,P1001,1,527.31,12.0,527.31
105461-2,105461,P5004,1,3865.44,14.1,3865.44
105461-3,105461,P2001,1,15999.0,0,15999.0
105461-4,105461,P3005,2,699.0,0,1398.0
105461-5,105461,P1004,1,799.0,0,799.0
105462-1,105462,P1003,1,2499.0,0,2499.0
105462-2,105462,P8002,1,599.0,0,599.0
105463-1,105463,P8005,2,805.5,10.4,1611.0
105463-2,105463,P2006,1,4999.0,0,4999.0
105464-1,105464,P4002,1,4999.0,0,4999.0
105465-1,105465,P1010,1,899.0,0,899.0
105465-2,105465,P1008,1,1499.0,0,1499.0
105466-1,105466,P4003,1,1873.31,6.3,1873.31
105466-2,105466,P1007,1,3999.0,0,3999.0
105466-3,105466,P4002,2,4999.0,0,9998.0
105467-1,105467,P4003,1,1846.02,7.7,1846.02
105467-2,105467,P7004,2,599.0,0,1198.0
105468-1,105468,P4001,1,7509.08,6.1,7509.08
105468-2,105468,P5002,1,3499.0,0,3499.0
105469-1,105469,P3003,1,599.0,0,599.0
105469-2,105469,P3004,2,199.0,0,398.0
105469-3,105469,P3007,1,1299.0,0,1299.0
105470-1,105470,P1002,1,299.0,0,299.0
105471-1,105471,P2001,2,14349.73,10.3,28699.46
105471-2,105471,P8005,2,810.42,9.9,1620.84
105472-1,105472,P6003,1,1999.0,0,1999.0
105472-2,105472,P2003,2,1355.9,9.5,2711.8
105474-1,105474,P5004,1,4499.0,0,4499.0
105474-2,105474,P2004,1,999.0,0,999.0
105474-3,105474,P1010,1,899.0,0,899.0
105474-4,105474,P3007,1,1299.0,0,1299.0
105475-1,105475,P8004,2,999.0,0,1998.0
105476-1,105476,P1009,2,12999.0,0,25998.0
105477-1,105477,P4001,2,7999.0,0,15998.0
105478-1,105478,P7001,1,2759.95,8.0,2759.95
105479-1,105479,P1007,1,3999.0,0,3999.0
105480-1,105480,P8004,1,999.0,0,999.0
105480-2,105480,P4003,3,1759.99,12.0,5279.97
105481-1,105481,P6004,1,1317.31,12.1,1317.31
105481-2,105481,P1010,1,899.0,0,899.0
105482-1,105482,P5003,1,699.0,0,699.0
105482-2,105482,P2004,1,941.26,5.8,941.26
105482-3,105482,P8001,2,499.0,0,998.0
105482-4,105482,P1004,1,748.34,6.3,748.34
105483-1,105483,P1003,2,2499.0,0,4998.0
105484-1,105484,P1005,1,1133.14,12.8,1133.14
105484-2,105484,P4003,1,1999.0,0,1999.0
105485-1,105485,P1010,2,899.0,0,1798.0
105487-1,105487,P2006,1,4999.0,0,4999.0
105487-2,105487,P3002,1,2272.81,9.1,2272.81
105487-3,105487,P1009,2,12999.0,0,25998.0
105487-4,105487,P1001,1,599.0,0,599.0
105487-5,105487,P1010,2,899.0,0,1798.0
105488-1,105488,P3007,1,1299.0,0,1299.0
105488-2,105488,P8002,1,599.0,0,599.0
105488-3,105488,P2002,2,22733.97,9.1,45467.94
105488-4,105488,P4001,1,7999.0,0,7999.0
105489-1,105489,P8002,1,544.55,9.1,544.55
105489-2,105489,P5002,1,3499.0,0,3499.0
105489-3,105489,P1009,1,12999.0,0,12999.0
105490-1,105490,P3006,1,999.0,0,999.0
105490-2,105490,P1010,1,899.0,0,899.0
105491-1,105491,P3006,1,999.0,0,999.0
105491-2,105491,P1010,2,831.15,7.5,1662.3
105492-1,105492,P1008,2,1305.77,12.9,2611.54
105492-2,105492,P7004,1,599.0,0,599.0
105493-1,105493,P4003,1,1999.0,0,1999.0
105493-2,105493,P1007,1,3999.0,0,3999.0
105494-1,105494,P1010,1,832.35,7.4,832.35
105494-2,105494,P6003,1,1999.0,0,1999.0
105495-1,105495,P1001,2,599.0,0,1198.0
105496-1,105496,P5004,2,4499.0,0,8998.0
105496-2,105496,P7004,1,599.0,0,599.0
105497-1,105497,P7003,1,999.0,0,999.0
105498-1,105498,P3003,1,599.0,0,599.0
105498-2,105498,P3002,3,2499.0,0,7497.0
105499-1,105499,P6004,1,1499.0,0,1499.0
105500-1,105500,P7003,1,999.0,0,999.0
105501-1,105501,P2006,1,4999.0,0,4999.0
105502-1,105502,P5003,1,699.0,0,699.0
105503-1,105503,P3001,1,888.8,11.0,888.8
105503-2,105503,P5002,1,3499.0,0,3499.0
105504-1,105504,P3003,1,599.0,0,599.0
105505-1,105505,P8003,1,799.0,0,799.0
105506-1,105506,P2004,1,914.45,8.5,914.45
105506-2,105506,P7001,2,2999.0,0,5998.0
105507-1,105507,P4004,2,5999.0,0,11998.0
105508-1,105508,P7001,1,2999.0,0,2999.0
105508-2,105508,P4005,1,3499.0,0,3499.0
105509-1,105509,P7003,1,999.0,0,999.0
105509-2,105509,P2006,1,4999.0,0,4999.0
105510-1,105510,P1006,1,699.0,0,699.0
105511-1,105511,P2003,1,1499.0,0,1499.0
105511-2,105511,P5003,2,600.98,14.0,1201.96
105512-1,105512,P1009,2,12999.0,0,25998.0
105513-1,105513,P2002,1,24999.0,0,24999.0
105513-2,105513,P2005,1,799.0,0,799.0
105513-3,105513,P7004,1,559.71,6.6,559.71
105513-4,105513,P6001,1,2499.0,0,2499.0
105515-1,105515,P3007,1,1136.87,12.5,1136.87
105516-1,105516,P2005,1,799.0,0,799.0
105516-2,105516,P4004,1,5999.0,0,5999.0
105518-1,105518,P1002,3,299.0,0,897.0
105518-2,105518,P3002,1,2499.0,0,2499.0
105518-3,105518,P3001,1,999.0,0,999.0
105519-1,105519,P7003,2,877.58,12.2,1755.16
105519-2,105519,P2001,1,15999.0,0,15999.0
105519-3,105519,P5005,1,1999.0,0,1999.0
105519-4,105519,P3007,1,1299.0,0,1299.0
105520-1,105520,P5005,1,1999.0,0,1999.0
105520-2,105520,P6003,1,1999.0,0,1999.0
105521-1,105521,P7004,1,599.0,0,599.0
105522-1,105522,P1004,1,799.0,0,799.0
105522-2,105522,P3004,1,199.0,0,199.0
105522-3,105522,P5002,1,3499.0,0,3499.0
105522-4,105522,P6002,1,795.78,11.5,795.78
105522-5,105522,P5004,1,4499.0,0,4499.0
105523-1,105523,P4002,1,4999.0,0,4999.0
105523-2,105523,P6004,1,1499.0,0,1499.0
105523-3,105523,P1008,1,1499.0,0,1499.0
105525-1,105525,P7003,3,999.0,0,2997.0
105526-1,105526,P3002,1,2499.0,0,2499.0
105527-1,105527,P8001,2,499.0,0,998.0
105528-1,105528,P3003,1,599.0,0,599.0
105528-2,105528,P5001,1,5999.0,0,5999.0
105528-3,105528,P7001,1,2999.0,0,2999.0
105529-1,105529,P3002,2,2499.0,0,4998.0
105529-2,105529,P1008,1,1499.0,0,1499.0
105530-1,105530,P6003,1,1999.0,0,1999.0
105530-2,105530,P1005,1,1127.61,13.2,1127.61
105531-1,105531,P7004,1,599.0,0,599.0
105531-2,105531,P1006,1,599.67,14.2,599.67
105531-3,105531,P1010,1,899.0,0,899.0
105531-4,105531,P3004,1,199.0,0,199.0
105532-1,105532,P4005,1,3499.0,0,3499.0
105532-2,105532,P4002,1,4999.0,0,4999.0
105532-3,105532,P5005,1,1800.63,9.9,1800.63
105532-4,105532,P8002,1,599.0,0,599.0
105532-5,105532,P3005,2,656.35,6.1,1312.7
105533-1,105533,P3003,1,599.0,0,599.0
105533-2,105533,P4002,1,4999.0,0,4999.0
105533-3,105533,P3001,1,999.0,0,999.0
105533-4,105533,P1006,2,699.0,0,1398.0
105534-1,105534,P3003,1,510.69,14.7,510.69
105536-1,105536,P1001,1,599.0,0,599.0
105536-2,105536,P2001,1,15999.0,0,15999.0
105537-1,105537,P7002,2,1499.0,0,2998.0
105538-1,105538,P1005,1,1299.0,0,1299.0
105538-2,105538,P5003,1,699.0,0,699.0
105538-3,105538,P8002,1,558.89,6.7,558.89
105539-1,105539,P6003,1,1999.0,0,1999.0
105540-1,105540,P1008,2,1280.53,14.6,2561.06
105540-2,105540,P3004,1,171.45,13.8,171.45
105541-1,105541,P7002,1,1368.44,8.7,1368.44
105541-2,105541,P1007,1,3745.98,6.3,3745.98
105542-1,105542,P1008,2,1499.0,0,2998.0
105543-1,105543,P5002,1,3052.0,12.8,3052.0
105543-2,105543,P2004,1,999.0,0,999.0
105543-3,105543,P1007,1,3999.0,0,3999.0
105544-1,105544,P4004,1,5266.66,12.2,5266.66
105545-1,105545,P1008,1,1499.0,0,1499.0
105546-1,105546,P2002,1,24999.0,0,24999.0
105547-1,105547,P4001,2,7999.0,0,15998.0
105547-2,105547,P1004,1,799.0,0,799.0
105547-3,105547,P3005,1,699.0,0,699.0
105548-1,105548,P4001,1,7999.0,0,7999.0
105548-2,105548,P6001,2,2162.68,13.5,4325.36
105548-3,105548,P6002,1,765.59,14.8,765.59
105549-1,105549,P8003,2,799.0,0,1598.0
105549-2,105549,P1007,2,3999.0,0,7998.0
105549-3,105549,P3001,1,999.0,0,999.0
105549-4,105549,P1003,1,2499.0,0,2499.0
105549-5,105549,P3006,1,999.0,0,999.0
105550-1,105550,P7002,2,1499.0,0,2998.0
105551-1,105551,P2004,1,999.0,0,999.0
105551-2,105551,P5001,1,5999.0,0,5999.0
105552-1,105552,P4003,1,1999.0,0,1999.0
105552-2,105552,P1001,1,599.0,0,599.0
105552-3,105552,P7004,1,551.88,7.9,551.88
105553-1,105553,P8002,1,599.0,0,599.0
105555-1,105555,P6002,1,899.0,0,899.0
105556-1,105556,P3001,1,999.0,0,999.0
105557-1,105557,P1009,1,12999.0,0,12999.0
105558-1,105558,P1009,1,12999.0,0,12999.0
105558-2,105558,P6003,1,1999.0,0,1999.0
105559-1,105559,P7001,2,2999.0,0,5998.0
105559-2,105559,P1005,1,1299.0,0,1299.0
105560-1,105560,P5002,-1,3499.0,0,3499.0
105560-2,105560,P3005,1,699.0,0,699.0
105560-3,105560,P2005,1,708.69,11.3,708.69
105562-1,105562,P4003,1,1999.0,0,1999.0
105563-1,105563,P7003,1,999.0,0,999.0
105563-2,105563,P5001,1,5999.0,0,5999.0
105563-3,105563,P6001,1,2136.11,14.5,2136.11
105564-1,105564,P4005,1,3499.0,0,3499.0
105565-1,105565,P1003,1,2499.0,0,2499.0
105565-2,105565,P2002,1,24999.0,0,24999.0
105566-1,105566,P8002,1,599.0,0,599.0
105566-2,105566,P3002,1,2370.25,5.2,2370.25
105567-1,105567,P5003,1,699.0,0,699.0
105568-1,105568,P4005,1,3499.0,0,3499.0
105569-1,105569,P8001,1,499.0,0,499.0
105569-2,105569,P1006,1,699.0,0,699.0
105569-3,105569,P7004,1,536.87,10.4,536.87
105569-4,105569,P5001,1,5999.0,0,5999.0
105570-1,105570,P6002,1,899.0,0,899.0
105570-2,105570,P3007,1,1221.03,6.0,1221.03
105571-1,105571,P8002,2,599.0,0,1198.0
105571-2,105571,P7002,2,1499.0,0,2998.0
105572-1,105572,P1008,2,1499.0,0,2998.0
105572-2,105572,P3003,1,599.0,0,599.0
105572-3,105572,P4004,2,5999.0,0,11998.0
105573-1,105573,P6003,1,1999.0,0,1999.0
105573-2,105573,P2005,1,799.0,0,799.0
105573-3,105573,P4001,1,7999.0,0,7999.0
105574-1,105574,P3002,1,2499.0,0,2499.0
105575-1,105575,P8004,1,937.73,6.1,937.73
105575-2,105575,P1008,1,1499.0,0,1499.0
105576-1,105576,P8001,1,499.0,0,499.0
105576-2,105576,P3003,1,509.76,14.9,509.76
105576-3,105576,P7004,1,599.0,0,599.0
105577-1,105577,P2005,1,799.0,0,799.0
105578-1,105578,P8004,1,999.0,0,999.0
105578-2,105578,P8005,1,845.94,5.9,845.94
105579-1,105579,P6001,1,2181.23,12.7,2181.23
105580-1,105580,P2002,1,22951.44,8.2,22951.44
105580-2,105580,P6003,1,1840.62,7.9,1840.62
105580-3,105580,P6001,1,2499.0,0,2499.0
105582-1,105582,P1006,1,699.0,0,699.0
105583-1,105583,P6001,1,2499.0,0,2499.0
105583-2,105583,P4003,1,1999.0,0,1999.0
105583-3,105583,P3003,1,599.0,0,599.0
105584-1,105584,P7003,2,999.0,0,1998.0
105585-1,105585,P3006,2,895.25,10.4,1790.5
105586-1,105586,P6004,1,1499.0,0,1499.0
105587-1,105587,P5003,1,595.2,14.9,595.2
105588-1,105588,P1007,2,3999.0,0,7998.0
105588-2,105588,P5003,2,699.0,0,1398.0
105588-3,105588,P6002,1,899.0,0,899.0
105588-4,105588,P4002,1,4999.0,0,4999.0
105588-5,105588,P3006,1,999.0,0,999.0
105589-1,105589,P2004,2,999.0,0,1998.0
105590-1,105590,P3007,1,1299.0,0,1299.0
105590-2,105590,P1004,1,799.0,0,799.0
105590-3,105590,P2003,1,1499.0,0,1499.0
105590-4,105590,P7001,1,2999.0,0,2999.0
105591-1,105591,P2005,1,799.0,0,799.0
105592-1,105592,P3002,1,2198.63,12.0,2198.63
105593-1,105593,P2005,2,799.0,0,1598.0
105593-2,105593,P7002,1,1499.0,0,1499.0
105593-3,105593,P4005,1,3252.1,7.1,3252.1
105593-4,105593,P1007,3,3999.0,0,11997.0
105594-1,105594,P7001,1,2823.76,5.8,2823.76
105596-1,105596,P8003,2,799.0,0,1598.0
105597-1,105597,P7002,1,1499.0,0,1499.0
105598-1,105598,P5004,1,4499.0,0,4499.0
105599-1,105599,P6001,1,2499.0,0,2499.0
105600-1,105600,P4004,2,5999.0,0,11998.0
105601-1,105601,P8001,2,499.0,0,998.0
105601-2,105601,P7002,1,1409.78,6.0,1409.78
105601-3,105601,P1007,2,3999.0,0,7998.0
105601-4,105601,P5003,1,699.0,0,699.0
105601-5,105601,P2005,1,799.0,0,799.0
105602-1,105602,P6001,1,2499.0,0,2499.0
105602-2,105602,P2002,1,21886.0,12.5,21886.0
105603-1,105603,P4003,1,1999.0,0,1999.0
105604-1,105604,P5005,2,1999.0,0,3998.0
105605-1,105605,P5004,2,4209.64,6.4,8419.28
105606-1,105606,P1008,1,1350.21,9.9,1350.21
105606-2,105606,P1007,1,3999.0,0,3999.0
105607-1,105607,P1003,1,2499.0,0,2499.0
105607-2,105607,P2002,1,24999.0,0,24999.0
105608-1,105608,P6003,1,1816.81,9.1,1816.81
105609-1,105609,P1001,1,599.0,0,599.0
105610-1,105610,P5003,1,699.0,0,699.0
105611-1,105611,P4004,2,5999.0,0,11998.0
105611-2,105611,P1003,1,2499.0,0,2499.0
105612-1,105612,P1007,2,3512.13,12.2,7024.26
105612-2,105612,P4003,2,1709.37,14.5,3418.74
105613-1,105613,P2004,1,999.0,0,999.0
105614-1,105614,P3003,1,525.7,12.2,525.7
105614-2,105614,P8002,2,599.0,0,1198.0
105614-3,105614,P1003,1,2499.0,0,2499.0
105614-4,105614,P1006,1,699.0,0,699.0
105615-1,105615,P1007,1,3999.0,0,3999.0
105615-2,105615,P5002,1,3252.92,7.0,3252.92
105616-1,105616,P4004,1,5192.76,13.4,5192.76
105617-1,105617,P6003,1,1999.0,0,1999.0
105617-2,105617,P2003,1,1499.0,0,1499.0
105617-3,105617,P1002,2,259.88,13.1,519.76
105618-1,105618,P5003,1,699.0,0,699.0
105620-1,105620,P3007,1,1153.76,11.2,1153.76
105620-2,105620,P2006,1,4391.79,12.1,4391.79
105620-3,105620,P4004,1,5999.0,0,5999.0
105621-1,105621,P2003,2,1499.0,0,2998.0
105621-2,105621,P8001,1,499.0,0,499.0
105621-3,105621,P4005,1,3499.0,0,3499.0
105621-4,105621,P2006,1,4999.0,0,4999.0
105622-1,105622,P1004,1,799.0,0,799.0
105622-2,105622,P3002,1,2499.0,0,2499.0
105623-1,105623,P7004,2,599.0,0,1198.0
105623-2,105623,P8003,1,685.27,14.2,685.27
105624-1,105624,P7001,1,2999.0,0,2999.0
105624-2,105624,P3007,1,1206.72,7.1,1206.72
105624-3,105624,P1010,1,899.0,0,899.0
105624-4,105624,P2001,1,14488.65,9.4,14488.65
105625-1,105625,P2001,1,15999.0,0,15999.0
105626-1,105626,P3004,1,199.0,0,199.0
105626-2,105626,P6001,1,2499.0,0,2499.0
105627-1,105627,P6002,2,899.0,0,1798.0
105628-1,105628,P7002,1,1302.65,13.1,1302.65
105628-2,105628,P8004,1,999.0,0,999.0
105629-1,105629,P1001,1,599.0,0,599.0
105629-2,105629,P8005,2,899.0,0,1798.0
105630-1,105630,P1006,1,699.0,0,699.0
105630-2,105630,P7001,1,2999.0,0,2999.0
105631-1,105631,P4001,1,7086.41,11.4,7086.41
105632-1,105632,P6003,1,1890.47,5.4,1890.47
105633-1,105633,P1006,2,699.0,0,1398.0
105634-1,105634,P2005,1,799.0,0,799.0
105635-1,105635,P7001,1,2999.0,0,2999.0
105635-2,105635,P2005,1,799.0,0,799.0
105636-1,105636,P3004,1,199.0,0,199.0
105636-2,105636,P8005,1,899.0,0,899.0
105637-1,105637,P2004,1,999.0,0,999.0
105637-2,105637,P6001,1,2204.16,11.8,2204.16
105638-1,105638,P7002,2,1499.0,0,2998.0
105639-1,105639,P4001,1,7999.0,0,7999.0
105640-1,105640,P2003,1,1499.0,0,1499.0
105640-2,105640,P8001,1,499.0,0,499.0
105640-3,105640,P6002,1,899.0,0,899.0
105641-1,105641,P3004,2,199.0,0,398.0
105641-2,105641,P4005,2,3307.37,5.5,6614.74
105642-1,105642,P1010,1,787.42,12.4,787.42
105643-1,105643,P2003,1,1499.0,0,1499.0
105643-2,105643,P4005,2,3161.51,9.6,6323.02
105644-1,105644,P5001,2,5999.0,0,11998.0
105645-1,105645,P1009,1,12999.0,0,12999.0
105645-2,105645,P1007,1,3999.0,0,3999.0
105646-1,105646,P8002,1,599.0,0,599.0
105647-1,105647,P4001,1,7999.0,0,7999.0
105648-1,105648,P7002,1,1317.31,12.1,1317.31
105648-2,105648,P1008,1,1499.0,0,1499.0
105648-3,105648,P3004,3,179.07,10.0,537.21
105649-1,105649,P2006,2,4999.0,0,9998.0
105650-1,105650,P8001,3,433.63,13.1,1300.89
105651-1,105651,P4005,2,3499.0,0,6998.0
105652-1,105652,P3001,1,999.0,0,999.0
105653-1,105653,P8005,2,899.0,0,1798.0
105653-2,105653,P6004,1,1499.0,0,1499.0
105654-1,105654,P2005,2,799.0,0,1598.0
105655-1,105655,P2003,1,1499.0,0,1499.0
105656-1,105656,P8005,1,899.0,0,899.0
105657-1,105657,P4003,1,1999.0,0,1999.0
105657-2,105657,P6004,1,1499.0,0,1499.0
105657-3,105657,P7002,1,1499.0,0,1499.0
105658-1,105658,P8002,2,521.62,12.9,1043.24
105659-1,105659,P2005,1,705.19,11.7,705.19
105659-2,105659,P1005,1,1128.15,13.2,1128.15
105659-3,105659,P6003,1,1999.0,0,1999.0
105660-1,105660,P2001,1,15999.0,0,15999.0
105661-1,105661,P8005,3,899.0,0,2697.0
105662-1,105662,P4004,2,5252.42,12.4,10504.84
105663-1,105663,P4001,1,7999.0,0,7999.0
105663-2,105663,P1002,2,299.0,0,598.0
105663-3,105663,P3006,1,999.0,0,999.0
105664-1,105664,P2002,2,24999.0,0,49998.0
105665-1,105665,P4004,1,5999.0,0,5999.0
105666-1,105666,P4004,2,5999.0,0,11998.0
105667-1,105667,P1004,2,799.0,0,1598.0
105667-2,105667,P2004,1,999.0,0,999.0
105668-1,105668,P1003,1,2499.0,0,2499.0
105668-2,105668,P3004,1,181.53,8.8,181.53
105668-3,105668,P4003,1,1811.43,9.4,1811.43
105669-1,105669,P3004,1,171.33,13.9,171.33
105670-1,105670,P6004,1,1499.0,0,1499.0
105671-1,105671,P3006,1,999.0,0,999.0
105672-1,105672,P5002,1,3499.0,0,3499.0
105673-1,105673,P7001,3,2617.47,12.7,7852.41
105673-2,105673,P8004,1,999.0,0,999.0
105674-1,105674,P1010,1,899.0,0,899.0
105675-1,105675,P1007,2,3999.0,0,7998.0
105676-1,105676,P1010,1,899.0,0,899.0
105677-1,105677,P1006,1,699.0,0,699.0
105678-1,105678,P1009,1,12999.0,0,12999.0
105679-1,105679,P4005,1,3252.47,7.0,3252.47
105680-1,105680,P1002,1,299.0,0,299.0
105681-1,105681,P8003,-1,799.0,0,799.0
105682-1,105682,P4005,3,3499.0,0,10497.0
105683-1,105683,P3007,3,1299.0,0,3897.0
105683-2,105683,P7004,1,599.0,0,599.0
105683-3,105683,P6004,1,1499.0,0,1499.0
105683-4,105683,P8001,1,499.0,0,499.0
105683-5,105683,P8005,1,899.0,0,899.0
105684-1,105684,P2001,1,14396.64,10.0,14396.64
105685-1,105685,P3004,1,199.0,0,199.0
105686-1,105686,P7003,1,999.0,0,999.0
105686-2,105686,P6001,3,2352.79,5.9,7058.37
105687-1,105687,P8004,2,940.87,5.8,1881.74
105687-2,105687,P3003,2,599.0,0,1198.0
105687-3,105687,P6003,1,1878.43,6.0,1878.43
105688-1,105688,P6004,2,1499.0,0,2998.0
105688-2,105688,P8003,1,799.0,0,799.0
105689-1,105689,P4004,1,5999.0,0,5999.0
105689-2,105689,P1005,2,1299.0,0,2598.0
105689-3,105689,P4001,1,7999.0,0,7999.0
105690-1,105690,P8001,2,441.92,11.4,883.84
105690-2,105690,P3006,1,999.0,0,999.0
105690-3,105690,P1009,1,12999.0,0,12999.0
105690-4,105690,P1001,1,562.4,6.1,562.4
105691-1,105691,P2005,1,799.0,0,799.0
105691-2,105691,P3003,1,552.05,7.8,552.05
105691-3,105691,P3006,1,999.0,0,999.0
105691-4,105691,P3002,2,2499.0,0,4998.0
105692-1,105692,P3006,1,999.0,0,999.0
105692-2,105692,P8001,2,499.0,0,998.0
105695-1,105695,P3006,1,879.95,11.9,879.95
105695-2,105695,P8003,1,799.0,0,799.0
105696-1,105696,P5002,1,3157.58,9.8,3157.58
105696-2,105696,P2002,2,24999.0,0,49998.0
105697-1,105697,P8002,1,599.0,0,599.0
105697-2,105697,P1003,1,2154.91,13.8,2154.91
105698-1,105698,P5004,1,4499.0,0,4499.0
105698-2,105698,P3005,1,699.0,0,699.0
105698-3,105698,P4002,1,4999.0,0,4999.0
105699-1,105699,P1002,1,299.0,0,299.0
105699-2,105699,P1006,1,699.0,0,699.0
105699-3,105699,P5001,1,5999.0,0,5999.0
105700-1,105700,P8003,1,687.47,14.0,687.47
105700-2,105700,P5001,1,5999.0,0,5999.0
105700-3,105700,P3007,2,1299.0,0,2598.0
105701-1,105701,P3006,1,999.0,0,999.0
105701-2,105701,P3003,1,599.0,0,599.0
105702-1,105702,P4003,1,1999.0,0,1999.0
105703-1,105703,P8002,1,599.0,0,599.0
105704-1,105704,P3002,2,2499.0,0,4998.0
105705-1,105705,P2006,2,4700.96,6.0,9401.92
105705-2,105705,P1002,2,299.0,0,598.0
105706-1,105706,P2002,1,24999.0,0,24999.0
105707-1,105707,P5005,1,1999.0,0,1999.0
105707-2,105707,P6003,1,1999.0,0,1999.0
105709-1,105709,P3002,1,2499.0,0,2499.0
105709-2,105709,P1008,1,1499.0,0,1499.0
105710-1,105710,P5005,1,1751.17,12.4,1751.17
105710-2,105710,P1001,2,599.0,0,1198.0
105711-1,105711,P2005,1,799.0,0,799.0
105711-2,105711,P6002,1,814.44,9.4,814.44
105711-3,105711,P5005,3,1999.0,0,5997.0
105711-4,105711,P2003,1,1499.0,0,1499.0
105712-1,105712,P4002,1,4999.0,0,4999.0
105712-2,105712,P2005,1,799.0,0,799.0
105713-1,105713,P2006,1,4999.0,0,4999.0
105713-2,105713,P4004,1,5999.0,0,5999.0
105713-3,105713,P8004,1,999.0,0,999.0
105714-1,105714,P1006,2,699.0,0,1398.0
105714-2,105714,P1002,1,299.0,0,299.0
105714-3,105714,P5002,1,3499.0,0,3499.0
105714-4,105714,P6001,2,2499.0,0,4998.0
105715-1,105715,P7003,1,999.0,0,999.0
105716-1,105716,P4004,1,5999.0,0,5999.0
105717-1,105717,P5004,1,4499.0,0,4499.0
105717-2,105717,P1002,2,299.0,0,598.0
105717-3,105717,P7004,1,599.0,0,599.0
105718-1,105718,P1009,1,12999.0,0,12999.0
105719-1,105719,P7003,2,872.2,12.7,1744.4
105719-2,105719,P8002,1,599.0,0,599.0
105720-1,105720,P4001,2,7999.0,0,15998.0
105720-2,105720,P8001,1,467.55,6.3,467.55
105720-3,105720,P1008,1,1499.0,0,1499.0
105721-1,105721,P3002,1,2499.0,0,2499.0
105722-1,105722,P6003,1,1705.2,14.7,1705.2
105722-2,105722,P1004,1,799.0,0,799.0
105723-1,105723,P2005,1,723.18,9.5,723.18
105724-1,105724,P5001,2,5999.0,0,11998.0
105724-2,105724,P3005,1,699.0,0,699.0
105724-3,105724,P4001,2,7999.0,0,15998.0
105725-1,105725,P5005,1,1775.46,11.2,1775.46
105725-2,105725,P1006,2,699.0,0,1398.0
105725-3,105725,P1010,1,899.0,0,899.0
105726-1,105726,P6002,1,844.67,6.0,844.67
105726-2,105726,P3002,1,2499.0,0,2499.0
105726-3,105726,P8003,1,799.0,0,799.0
105727-1,105727,P4004,3,5999.0,0,17997.0
105727-2,105727,P7004,1,599.0,0,599.0
105727-3,105727,P6001,1,2499.0,0,2499.0
105727-4,105727,P7003,1,999.0,0,999.0
105728-1,105728,P8004,1,912.46,8.7,912.46
105728-2,105728,P3007,1,1299.0,0,1299.0
105729-1,105729,P6002,1,899.0,0,899.0
105730-1,105730,P3003,1,599.0,0,599.0
105730-2,105730,P2002,1,24999.0,0,24999.0
105730-3,105730,P5005,1,1999.0,0,1999.0
105730-4,105730,P2003,2,1499.0,0,2998.0
105730-5,105730,P2001,1,15999.0,0,15999.0
105731-1,105731,P4003,1,1999.0,0,1999.0
105732-1,105732,P1006,1,652.87,6.6,652.87
105733-1,105733,P2005,2,799.0,0,1598.0
105733-2,105733,P7002,2,1499.0,0,2998.0
105734-1,105734,P8005,1,899.0,0,899.0
105734-2,105734,P5001,1,5999.0,0,5999.0
105735-1,105735,P8003,2,799.0,0,1598.0
105735-2,105735,P4002,2,4522.53,9.5,9045.06
105735-3,105735,P1006,1,699.0,0,699.0
105736-1,105736,P4002,1,4999.0,0,4999.0
105737-1,105737,P3005,1,699.0,0,699.0
105738-1,105738,P2003,1,1499.0,0,1499.0
105738-2,105738,P6003,1,1999.0,0,1999.0
105739-1,105739,P7004,2,599.0,0,1198.0
105739-2,105739,P4001,1,7999.0,0,7999.0
105741-1,105741,P8001,1,499.0,0,499.0
105742-1,105742,P1007,1,3999.0,0,3999.0
105743-1,105743,P1002,1,269.27,9.9,269.27
105744-1,105744,P3006,1,999.0,0,999.0
105745-1,105745,P8003,1,737.78,7.7,737.78
105746-1,105746,P5005,1,1999.0,0,1999.0
105746-2,105746,P3006,2,859.34,14.0,1718.68
105746-3,105746,P5002,1,3499.0,0,3499.0
105747-1,105747,P8002,2,560.49,6.4,1120.98
105747-2,105747,P4001,1,7999.0,0,7999.0
105747-3,105747,P2001,1,15999.0,0,15999.0
105748-1,105748,P6003,1,1999.0,0,1999.0
105749-1,105749,P3007,1,1299.0,0,1299.0
105749-2,105749,P8003,2,799.0,0,1598.0
105750-1,105750,P1004,1,799.0,0,799.0
105751-1,105751,P7003,1,999.0,0,999.0
105752-1,105752,P1009,1,12999.0,0,12999.0
105753-1,105753,P1004,2,799.0,0,1598.0
105753-2,105753,P2003,1,1499.0,0,1499.0
105753-3,105753,P7003,2,999.0,0,1998.0
105753-4,105753,P4005,1,3499.0,0,3499.0
105754-1,105754,P8001,2,499.0,0,998.0
105754-2,105754,P3001,1,931.98,6.7,931.98
105754-3,105754,P4004,1,5999.0,0,5999.0
105755-1,105755,P3006,1,910.31,8.9,910.31
105756-1,105756,P7001,1,2999.0,0,2999.0
105757-1,105757,P5004,1,4499.0,0,4499.0
105757-2,105757,P1002,1,260.18,13.0,260.18
105757-3,105757,P4003,1,1999.0,0,1999.0
105758-1,105758,P7001,1,2999.0,0,2999.0
105759-1,105759,P1006,1,699.0,0,699.0
105759-2,105759,P3004,2,199.0,0,398.0
105759-3,105759,P8001,1,499.0,0,499.0
105759-4,105759,P8004,1,999.0,0,999.0
105760-1,105760,P4002,1,4425.23,11.5,4425.23
105761-1,105761,P1008,1,1499.0,0,1499.0
105761-2,105761,P5005,1,1999.0,0,1999.0
105762-1,105762,P4003,1,1776.69,11.1,1776.69
105762-2,105762,P1005,1,1299.0,0,1299.0
105763-1,105763,P1010,2,899.0,0,1798.0
105763-2,105763,P2006,1,4610.11,7.8,4610.11
105764-1,105764,P7002,2,1337.41,10.8,2674.82
105765-1,105765,P1004,2,799.0,0,1598.0
105766-1,105766,P5002,1,3499.0,0,3499.0
105766-2,105766,P6001,1,2164.89,13.4,2164.89
105767-1,105767,P4003,1,1999.0,0,1999.0
105767-2,105767,P6002,2,899.0,0,1798.0
105768-1,105768,P6003,1,1999.0,0,1999.0
105769-1,105769,P2005,1,799.0,0,799.0
105771-1,105771,P2001,1,13901.83,13.1,13901.83
105771-2,105771,P6003,2,1999.0,0,3998.0
105771-3,105771,P7002,1,1499.0,0,1499.0
105771-4,105771,P1004,2,799.0,0,1598.0
105771-5,105771,P5002,1,3097.71,11.5,3097.71
105772-1,105772,P8003,1,799.0,0,799.0
105773-1,105773,P1007,1,3999.0,0,3999.0
105773-2,105773,P1009,1,12999.0,0,12999.0
105774-1,105774,P5004,2,4499.0,0,8998.0
105775-1,105775,P3006,1,999.0,0,999.0
105777-1,105777,P3005,1,699.0,0,699.0
105778-1,105778,P7004,2,540.01,9.8,1080.02
105778-2,105778,P1010,1,899.0,0,899.0
105778-3,105778,P4004,1,5999.0,0,5999.0
105778-4,105778,P3007,1,1299.0,0,1299.0
105779-1,105779,P1007,1,3999.0,0,3999.0
105779-2,105779,P8002,2,599.0,0,1198.0
105779-3,105779,P7002,1,1293.23,13.7,1293.23
105779-4,105779,P3007,2,1299.0,0,2598.0
105779-5,105779,P1001,1,599.0,0,599.0
105780-1,105780,P3005,2,604.97,13.5,1209.94
105782-1,105782,P3002,2,2499.0,0,4998.0
105782-2,105782,P8003,2,799.0,0,1598.0
105783-1,105783,P4005,1,3499.0,0,3499.0
105783-2,105783,P3007,1,1299.0,0,1299.0
105784-1,105784,P8004,2,999.0,0,1998.0
105784-2,105784,P7001,1,2745.97,8.4,2745.97
105784-3,105784,P2004,1,999.0,0,999.0
105788-1,105788,P3007,1,1299.0,0,1299.0
105788-2,105788,P5001,2,5999.0,0,11998.0
105790-1,105790,P8004,1,999.0,0,999.0
105791-1,105791,P7001,1,2793.63,6.8,2793.63
105791-2,105791,P8002,2,530.58,11.4,1061.16
105791-3,105791,P6001,1,2499.0,0,2499.0
105791-4,105791,P8004,2,999.0,0,1998.0
105793-1,105793,P3005,3,699.0,0,2097.0
105794-1,105794,P6001,1,2499.0,0,2499.0
105794-2,105794,P8003,1,799.0,0,799.0
105795-1,105795,P2003,1,1499.0,0,1499.0
105796-1,105796,P4002,1,4999.0,0,4999.0
105797-1,105797,P3004,1,199.0,0,199.0
105798-1,105798,P6003,1,1999.0,0,1999.0
105799-1,105799,P5002,1,3499.0,0,3499.0
105799-2,105799,P4001,2,7999.0,0,15998.0
105799-3,105799,P1002,2,256.6,14.2,513.2
105799-4,105799,P2002,1,24999.0,0,24999.0
105800-1,105800,P1004,1,799.0,0,799.0
105800-2,105800,P3004,2,199.0,0,398.0
105801-1,105801,P2002,1,24999.0,0,24999.0
105801-2,105801,P4003,1,1999.0,0,1999.0
105801-3,105801,P4004,1,5999.0,0,5999.0
105801-4,105801,P3002,1,2226.25,10.9,2226.25
105802-1,105802,P8005,2,899.0,0,1798.0
105802-2,105802,P6003,2,1834.53,8.2,3669.06
105802-3,105802,P3002,1,2499.0,0,2499.0
105803-1,105803,P3006,1,999.0,0,999.0
105803-2,105803,P4003,1,1999.0,0,1999.0
105803-3,105803,P5001,1,5999.0,0,5999.0
105804-1,105804,P3004,1,199.0,0,199.0
105805-1,105805,P2006,1,4645.53,7.1,4645.53
105806-1,105806,P2002,1,24999.0,0,24999.0
105806-2,105806,P3006,1,999.0,0,999.0
105807-1,105807,P2005,1,709.29,11.2,709.29
105807-2,105807,P6004,1,1499.0,0,1499.0
105807-3,105807,P1005,1,1299.0,0,1299.0
105808-1,105808,P8005,1,899.0,0,899.0
105808-2,105808,P5004,1,4499.0,0,4499.0
105809-1,105809,P2006,1,4691.55,6.2,4691.55
105810-1,105810,P1001,1,558.21,6.8,558.21
105810-2,105810,P3005,1,699.0,0,699.0
105811-1,105811,P1002,1,299.0,0,299.0
105811-2,105811,P7002,2,1499.0,0,2998.0
105811-3,105811,P4004,1,5999.0,0,5999.0
105812-1,105812,P5003,1,655.13,6.3,655.13
105813-1,105813,P5002,1,3499.0,0,3499.0
105813-2,105813,P1006,1,699.0,0,699.0
105814-1,105814,P1006,1,699.0,0,699.0
105814-2,105814,P1003,1,2499.0,0,2499.0
105815-1,105815,P3003,1,599.0,0,599.0
105815-2,105815,P3001,1,999.0,0,999.0
105816-1,105816,P5003,1,655.07,6.3,655.07
105816-2,105816,P1002,1,299.0,0,299.0
105817-1,105817,P5001,2,5660.35,5.6,11320.7
105817-2,105817,P4002,1,4999.0,0,4999.0
105817-3,105817,P2006,1,4999.0,0,4999.0
105819-1,105819,P5005,2,1708.48,14.5,3416.96
105819-2,105819,P2002,1,22314.15,10.7,22314.15
105820-1,105820,P1010,1,899.0,0,899.0
105821-1,105821,P1006,1,699.0,0,699.0
105821-2,105821,P2004,1,999.0,0,999.0
105823-1,105823,P6001,1,2499.0,0,2499.0
105823-2,105823,P8003,1,739.15,7.5,739.15
105825-1,105825,P5001,1,5999.0,0,5999.0
105825-2,105825,P8002,1,565.1,5.7,565.1
105826-1,105826,P7002,1,1499.0,0,1499.0
105826-2,105826,P3003,2,599.0,0,1198.0
105826-3,105826,P5005,1,1999.0,0,1999.0
105827-1,105827,P8004,1,999.0,0,999.0
105827-2,105827,P8003,1,799.0,0,799.0
105828-1,105828,P1004,1,799.0,0,799.0
105829-1,105829,P4002,2,4999.0,0,9998.0
105829-2,105829,P2005,1,799.0,0,799.0
105829-3,105829,P7002,1,1499.0,0,1499.0
105830-1,105830,P5002,1,3499.0,0,3499.0
105831-1,105831,P1010,2,776.94,13.6,1553.88
105832-1,105832,P8004,1,865.81,13.3,865.81
105832-2,105832,P2001,2,14936.4,6.6,29872.8
105834-1,105834,P7004,1,599.0,0,599.0
105836-1,105836,P1007,1,3999.0,0,3999.0
105836-2,105836,P7004,1,599.0,0,599.0
105837-1,105837,P1004,2,799.0,0,1598.0
105837-2,105837,P7004,1,599.0,0,599.0
105837-3,105837,P8002,2,599.0,0,1198.0
105839-1,105839,P5003,1,613.21,12.3,613.21
105839-2,105839,P3002,3,2499.0,0,7497.0
105840-1,105840,P2005,1,799.0,0,799.0
105841-1,105841,P3005,1,699.0,0,699.0
105841-2,105841,P1008,1,1499.0,0,1499.0
105841-3,105841,P4005,1,3499.0,0,3499.0
105842-1,105842,P2005,1,799.0,0,799.0
105842-2,105842,P2004,1,999.0,0,999.0
105842-3,105842,P6004,1,1499.0,0,1499.0
105843-1,105843,P8001,1,499.0,0,499.0
105844-1,105844,P8005,1,899.0,0,899.0
105845-1,105845,P5002,1,3171.78,9.4,3171.78
105846-1,105846,P7001,1,2999.0,0,2999.0
105846-2,105846,P2005,1,724.45,9.3,724.45
105847-1,105847,P3006,1,999.0,0,999.0
105847-2,105847,P7004,2,599.0,0,1198.0
105847-3,105847,P1007,1,3999.0,0,3999.0
105848-1,105848,P1003,2,2499.0,0,4998.0
105848-2,105848,P8005,1,899.0,0,899.0
105849-1,105849,P4001,1,7999.0,0,7999.0
105849-2,105849,P8004,1,999.0,0,999.0
105850-1,105850,P6003,1,1999.0,0,1999.0
105850-2,105850,P7002,1,1499.0,0,1499.0
105851-1,105851,P1005,1,1299.0,0,1299.0
105851-2,105851,P5004,2,4148.52,7.8,8297.04
105852-1,105852,P8005,1,899.0,0,899.0
105852-2,105852,P1001,2,599.0,0,1198.0
105853-1,105853,P1001,3,599.0,0,1797.0
105853-2,105853,P4005,1,3066.5,12.4,3066.5
105854-1,105854,P1006,1,699.0,0,699.0
105855-1,105855,P5001,1,5182.45,13.6,5182.45
105856-1,105856,P1002,1,299.0,0,299.0
105857-1,105857,P5002,-1,3015.48,13.8,6030.96
105858-1,105858,P6001,1,2499.0,0,2499.0
105858-2,105858,P2006,1,4999.0,0,4999.0
105858-3,105858,P3006,1,999.0,0,999.0
105859-1,105859,P2006,1,4449.62,11.0,4449.62
105860-1,105860,P5005,1,1999.0,0,1999.0
105860-2,105860,P4001,2,7999.0,0,15998.0
105860-3,105860,P4002,2,4999.0,0,9998.0
105860-4,105860,P2003,1,1499.0,0,1499.0
105861-1,105861,P5004,1,4499.0,0,4499.0
105862-1,105862,P5004,1,4499.0,0,4499.0
105862-2,105862,P3001,1,911.0,8.8,911.0
105862-3,105862,P7004,1,599.0,0,599.0
105863-1,105863,P4003,1,1999.0,0,1999.0
105864-1,105864,P1002,1,299.0,0,299.0
105864-2,105864,P3001,2,999.0,0,1998.0
105865-1,105865,P6003,1,1999.0,0,1999.0
105866-1,105866,P3006,1,867.53,13.2,867.53
105866-2,105866,P2002,1,24999.0,0,24999.0
105866-3,105866,P1001,2,514.55,14.1,1029.1
105866-4,105866,P5003,1,699.0,0,699.0
105867-1,105867,P3005,2,699.0,0,1398.0
105867-2,105867,P6002,1,899.0,0,899.0
105868-1,105868,P1003,1,2252.98,9.8,2252.98
105868-2,105868,P2006,1,4999.0,0,4999.0
105868-3,105868,P1006,1,699.0,0,699.0
105868-4,105868,P7002,1,1499.0,0,1499.0
105868-5,105868,P8002,1,599.0,0,599.0
105869-1,105869,P7002,1,1499.0,0,1499.0
105870-1,105870,P4003,2,1999.0,0,3998.0
105871-1,105871,P3001,1,999.0,0,999.0
105871-2,105871,P1003,1,2499.0,0,2499.0
105872-1,105872,P8005,1,899.0,0,899.0
105872-2,105872,P6003,2,1883.64,5.8,3767.28
105872-3,105872,P6001,1,2334.46,6.6,2334.46
105872-4,105872,P4002,1,4635.67,7.3,4635.67
105873-1,105873,P2003,1,1499.0,0,1499.0
105874-1,105874,P7001,1,2838.61,5.3,2838.61
105874-2,105874,P1009,1,12999.0,0,12999.0
105875-1,105875,P5002,2,3499.0,0,6998.0
105875-2,105875,P5005,1,1999.0,0,1999.0
105875-3,105875,P2003,2,1499.0,0,2998.0
105876-1,105876,P1001,1,551.7,7.9,551.7
105876-2,105876,P2006,2,4999.0,0,9998.0
105877-1,105877,P1001,1,599.0,0,599.0
105877-2,105877,P4003,1,1745.61,12.7,1745.61
105878-1,105878,P3001,1,999.0,0,999.0
105878-2,105878,P5004,1,4149.52,7.8,4149.52
105878-3,105878,P3007,1,1299.0,0,1299.0
105878-4,105878,P7003,1,934.44,6.5,934.44
105879-1,105879,P1007,1,3450.38,13.7,3450.38
105879-2,105879,P8003,1,799.0,0,799.0
105880-1,105880,P7001,1,2999.0,0,2999.0
105881-1,105881,P6004,1,1352.56,9.8,1352.56
105881-2,105881,P2005,1,799.0,0,799.0
105882-1,105882,P4002,1,4376.85,12.4,4376.85
105882-2,105882,P8005,1,899.0,0,899.0
105882-3,105882,P2001,1,15999.0,0,15999.0
105882-4,105882,P1005,1,1299.0,0,1299.0
105883-1,105883,P2004,2,999.0,0,1998.0
105883-2,105883,P1005,2,1299.0,0,2598.0
105883-3,105883,P8004,1,999.0,0,999.0
105884-1,105884,P5004,1,4499.0,0,4499.0
105884-2,105884,P5005,2,1999.0,0,3998.0
105884-3,105884,P5001,2,5999.0,0,11998.0
105884-4,105884,P3006,2,999.0,0,1998.0
105885-1,105885,P6003,1,1999.0,0,1999.0
105885-2,105885,P3003,1,516.8,13.7,516.8
105886-1,105886,P2003,1,1325.04,11.6,1325.04
105886-2,105886,P1010,1,899.0,0,899.0
105887-1,105887,P5003,2,699.0,0,1398.0
105888-1,105888,P6003,1,1999.0,0,1999.0
105888-2,105888,P5002,1,3499.0,0,3499.0
105891-1,105891,P8001,1,470.87,5.6,470.87
105892-1,105892,P3006,2,908.95,9.0,1817.9
105893-1,105893,P7001,2,2999.0,0,5998.0
105894-1,105894,P2006,3,4529.57,9.4,13588.71
105894-2,105894,P7004,1,599.0,0,599.0
105895-1,105895,P6003,1,1999.0,0,1999.0
105896-1,105896,P5005,1,1999.0,0,1999.0
105897-1,105897,P1005,1,1210.29,6.8,1210.29
105897-2,105897,P2006,1,4999.0,0,4999.0
105897-3,105897,P2002,1,24999.0,0,24999.0
105899-1,105899,P6001,2,2499.0,0,4998.0
105900-1,105900,P1010,2,899.0,0,1798.0
105900-2,105900,P7004,1,599.0,0,599.0
105900-3,105900,P4004,1,5999.0,0,5999.0
105900-4,105900,P7001,2,2999.0,0,5998.0
105901-1,105901,P7001,1,2999.0,0,2999.0
105901-2,105901,P6003,1,1999.0,0,1999.0
105902-1,105902,P2004,1,999.0,0,999.0
105902-2,105902,P1010,1,776.89,13.6,776.89
105903-1,105903,P1003,1,2499.0,0,2499.0
105903-2,105903,P3007,2,1299.0,0,2598.0
105903-3,105903,P5003,1,657.12,6.0,657.12
105903-4,105903,P8005,1,899.0,0,899.0
105904-1,105904,P7002,1,1499.0,0,1499.0
105904-2,105904,P1002,1,299.0,0,299.0
105905-1,105905,P7001,1,2999.0,0,2999.0
105906-1,105906,P4002,1,4461.09,10.8,4461.09
105906-2,105906,P5005,1,1705.51,14.7,1705.51
105908-1,105908,P7003,1,999.0,0,999.0
105908-2,105908,P2003,1,1499.0,0,1499.0
105909-1,105909,P7003,2,927.01,7.2,1854.02
105909-2,105909,P7001,2,2999.0,0,5998.0
105910-1,105910,P2005,1,799.0,0,799.0
105910-2,105910,P3005,1,662.37,5.2,662.37
105911-1,105911,P4005,2,3499.0,0,6998.0
105912-1,105912,P5004,2,4084.72,9.2,8169.44
105913-1,105913,P3004,1,199.0,0,199.0
105914-1,105914,P1008,1,1499.0,0,1499.0
105914-2,105914,P3003,1,599.0,0,599.0
105915-1,105915,P5003,1,699.0,0,699.0
105916-1,105916,P2005,1,799.0,0,799.0
105917-1,105917,P5004,1,4499.0,0,4499.0
105917-2,105917,P7002,1,1499.0,0,1499.0
105918-1,105918,P5002,1,3207.7,8.3,3207.7
105919-1,105919,P3001,1,999.0,0,999.0
105919-2,105919,P8005,1,830.69,7.6,830.69
105920-1,105920,P5004,2,4499.0,0,8998.0
105920-2,105920,P4003,1,1999.0,0,1999.0
105921-1,105921,P1002,1,299.0,0,299.0
105922-1,105922,P1007,1,3463.0,13.4,3463.0
105922-2,105922,P1010,1,787.23,12.4,787.23
105923-1,105923,P5005,1,1999.0,0,1999.0
105923-2,105923,P4002,1,4999.0,0,4999.0
105923-3,105923,P6003,1,1999.0,0,1999.0
105924-1,105924,P1003,2,2499.0,0,4998.0
105924-2,105924,P1008,1,1499.0,0,1499.0
105924-3,105924,P5005,2,1999.0,0,3998.0
105924-4,105924,P1004,1,799.0,0,799.0
105925-1,105925,P3007,1,1299.0,0,1299.0
105926-1,105926,P2005,1,799.0,0,799.0
105926-2,105926,P8003,1,799.0,0,799.0
105926-3,105926,P1004,1,799.0,0,799.0
105926-4,105926,P2006,1,4999.0,0,4999.0
105927-1,105927,P3005,1,699.0,0,699.0
105928-1,105928,P2006,2,4493.15,10.1,8986.3
105928-2,105928,P1005,1,1162.91,10.5,1162.91
105928-3,105928,P5002,1,3499.0,0,3499.0
105929-1,105929,P7004,1,599.0,0,599.0
105930-1,105930,P4002,3,4999.0,0,14997.0
105931-1,105931,P5001,1,5999.0,0,5999.0
105931-2,105931,P7002,1,1499.0,0,1499.0
105931-3,105931,P1005,1,1299.0,0,1299.0
105932-1,105932,P2002,1,21971.93,12.1,21971.93
105932-2,105932,P4001,2,6814.44,14.8,13628.88
105932-3,105932,P3001,2,999.0,0,1998.0
105932-4,105932,P5004,2,4499.0,0,8998.0
105933-1,105933,P3006,1,999.0,0,999.0
105934-1,105934,P3002,1,2499.0,0,2499.0
105934-2,105934,P1002,1,299.0,0,299.0
105934-3,105934,P1005,1,1299.0,0,1299.0
105935-1,105935,P1005,1,1299.0,0,1299.0
105936-1,105936,P7004,1,599.0,0,599.0
105936-2,105936,P1006,1,699.0,0,699.0
105937-1,105937,P1008,1,1499.0,0,1499.0
105938-1,105938,P4002,1,4999.0,0,4999.0
105938-2,105938,P5004,2,4499.0,0,8998.0
105938-3,105938,P5001,1,5999.0,0,5999.0
105939-1,105939,P2003,2,1499.0,0,2998.0
105940-1,105940,P2004,1,999.0,0,999.0
105941-1,105941,P3006,1,857.07,14.2,857.07
105941-2,105941,P3005,2,699.0,0,1398.0
105941-3,105941,P2001,2,15999.0,0,31998.0
105941-4,105941,P6002,1,899.0,0,899.0
105942-1,105942,P4005,1,3499.0,0,3499.0
105942-2,105942,P1010,1,899.0,0,899.0
105942-3,105942,P8004,2,999.0,0,1998.0
105943-1,105943,P3001,1,999.0,0,999.0
105943-2,105943,P2001,1,15999.0,0,15999.0
105944-1,105944,P3005,1,699.0,0,699.0
105945-1,105945,P7001,2,2999.0,0,5998.0
105946-1,105946,P8003,1,799.0,0,799.0
105946-2,105946,P2006,1,4341.48,13.2,4341.48
105947-1,105947,P5001,2,5999.0,0,11998.0
105947-2,105947,P8002,1,599.0,0,599.0
105948-1,105948,P8001,1,499.0,0,499.0
105948-2,105948,P2003,2,1288.74,14.0,2577.48
105949-1,105949,P7002,1,1304.77,13.0,1304.77
105950-1,105950,P1001,2,599.0,0,1198.0
105950-2,105950,P4004,2,5999.0,0,11998.0
105951-1,105951,P2005,1,799.0,0,799.0
105952-1,105952,P2002,2,24999.0,0,49998.0
105952-2,105952,P5005,1,1999.0,0,1999.0
105953-1,105953,P4004,1,5999.0,0,5999.0
105953-2,105953,P1005,1,1299.0,0,1299.0
105953-3,105953,P1007,1,3999.0,0,3999.0
105954-1,105954,P8005,1,899.0,0,899.0
105954-2,105954,P6001,1,2242.17,10.3,2242.17
105954-3,105954,P2001,1,15999.0,0,15999.0
105954-4,105954,P3004,1,199.0,0,199.0
105954-5,105954,P3005,1,699.0,0,699.0
105955-1,105955,P3001,1,999.0,0,999.0
105955-2,105955,P1009,3,12999.0,0,38997.0
105955-3,105955,P1002,1,299.0,0,299.0
105955-4,105955,P2004,1,999.0,0,999.0
105956-1,105956,P1004,2,707.36,11.5,1414.72
105956-2,105956,P6004,1,1499.0,0,1499.0
105957-1,105957,P3005,1,699.0,0,699.0
105958-1,105958,P7002,1,1285.78,14.2,1285.78
105959-1,105959,P4003,1,1999.0,0,1999.0
105960-1,105960,P3005,2,699.0,0,1398.0
105960-2,105960,P8003,1,724.95,9.3,724.95
105960-3,105960,P7001,1,2999.0,0,2999.0
105960-4,105960,P5001,1,5137.07,14.4,5137.07
105961-1,105961,P3006,1,999.0,0,999.0
105962-1,105962,P3002,2,2354.1,5.8,4708.2
105963-1,105963,P5004,1,4164.92,7.4,4164.92
105964-1,105964,P3002,1,2499.0,0,2499.0
105964-2,105964,P2006,1,4999.0,0,4999.0
105965-1,105965,P3003,1,599.0,0,599.0
105965-2,105965,P8004,1,999.0,0,999.0
105965-3,105965,P1006,1,699.0,0,699.0
105965-4,105965,P7004,1,599.0,0,599.0
105965-5,105965,P1009,1,12999.0,0,12999.0
105966-1,105966,P6003,1,1999.0,0,1999.0
105966-2,105966,P3003,2,552.35,7.8,1104.7
105967-1,105967,P2001,1,15999.0,0,15999.0
105967-2,105967,P1001,2,599.0,0,1198.0
105968-1,105968,P1006,1,616.25,11.8,616.25
105971-1,105971,P1006,3,699.0,0,2097.0
105971-2,105971,P8003,2,737.34,7.7,1474.68
105972-1,105972,P7002,1,1499.0,0,1499.0
105973-1,105973,P2001,1,15999.0,0,15999.0
105974-1,105974,P1009,1,12999.0,0,12999.0
105975-1,105975,P8005,2,899.0,0,1798.0
105976-1,105976,P8003,1,799.0,0,799.0
105977-1,105977,P1005,1,1299.0,0,1299.0
105978-1,105978,P1006,1,699.0,0,699.0
105978-2,105978,P4004,1,5999.0,0,5999.0
105979-1,105979,P2005,1,736.18,7.9,736.18
105980-1,105980,P4005,1,3499.0,0,3499.0
105980-2,105980,P5001,1,5999.0,0,5999.0
105980-3,105980,P2003,1,1499.0,0,1499.0
105980-4,105980,P2001,1,15999.0,0,15999.0
105980-5,105980,P2006,1,4999.0,0,4999.0
105981-1,105981,P4005,3,3111.13,11.1,9333.39
105981-2,105981,P5004,1,4137.44,8.0,4137.44
105981-3,105981,P5005,2,1999.0,0,3998.0
105981-4,105981,P2004,2,929.51,7.0,1859.02
105982-1,105982,P3003,1,568.93,5.0,568.93
105983-1,105983,P2003,1,1499.0,0,1499.0
105983-2,105983,P1005,1,1299.0,0,1299.0
105984-1,105984,P1001,-1,567.57,5.2,567.57
105985-1,105985,P8005,3,899.0,0,2697.0
105986-1,105986,P3002,1,2499.0,0,2499.0
105987-1,105987,P1001,1,540.02,9.8,540.02
105987-2,105987,P8002,1,599.0,0,599.0
105987-3,105987,P5005,1,1999.0,0,1999.0
105987-4,105987,P1006,1,699.0,0,699.0
105987-5,105987,P1007,3,3519.82,12.0,10559.46
105988-1,105988,P5001,1,5588.79,6.8,5588.79
105988-2,105988,P4001,1,7999.0,0,7999.0
105988-3,105988,P4002,1,4999.0,0,4999.0
105989-1,105989,P8004,2,999.0,0,1998.0
105989-2,105989,P3006,1,999.0,0,999.0
105990-1,105990,P5005,1,1827.5,8.6,1827.5
105990-2,105990,P5002,1,3499.0,0,3499.0
105990-3,105990,P8004,2,999.0,0,1998.0
105991-1,105991,P3004,1,199.0,0,199.0
105992-1,105992,P1003,1,2499.0,0,2499.0
105993-1,105993,P5004,1,4499.0,0,4499.0
105993-2,105993,P7002,1,1499.0,0,1499.0
105994-1,105994,P3006,1,910.32,8.9,910.32
105995-1,105995,P1002,1,299.0,0,299.0
105996-1,105996,P1008,2,1499.0,0,2998.0
105996-2,105996,P5002,1,3007.74,14.0,3007.74
105996-3,105996,P8005,1,899.0,0,899.0
105996-4,105996,P2004,1,999.0,0,999.0
105996-5,105996,P2003,1,1499.0,0,1499.0
105997-1,105997,P7001,1,2744.13,8.5,2744.13
105998-1,105998,P2004,1,999.0,0,999.0
105999-1,105999,P3001,1,999.0,0,999.0
105999-2,105999,P6002,1,853.7,5.0,853.7
106000-1,106000,P1006,1,699.0,0,699.0
106001-1,106001,P3003,2,545.02,9.0,1090.04
106001-2,106001,P1006,2,699.0,0,1398.0
106001-3,106001,P1004,2,743.11,7.0,1486.22
106001-4,106001,P4005,2,3499.0,0,6998.0
106002-1,106002,P3001,1,999.0,0,999.0
106002-2,106002,P5005,2,1999.0,0,3998.0
106002-3,106002,P6002,1,899.0,0,899.0
106002-4,106002,P2004,2,948.53,5.1,1897.06
106003-1,106003,P2005,1,683.19,14.5,683.19
106004-1,106004,P7004,1,599.0,0,599.0
106004-2,106004,P1003,1,2499.0,0,2499.0
106004-3,106004,P7001,1,2999.0,0,2999.0
106005-1,106005,P1001,1,599.0,0,599.0
106005-2,106005,P3005,1,699.0,0,699.0
106006-1,106006,P2002,3,24999.0,0,74997.0
106007-1,106007,P1010,2,899.0,0,1798.0
106007-2,106007,P1008,2,1499.0,0,2998.0
106007-3,106007,P2003,2,1403.75,6.4,2807.5
106008-1,106008,P8004,1,999.0,0,999.0
106009-1,106009,P1004,1,799.0,0,799.0
106009-2,106009,P1006,1,699.0,0,699.0
106010-1,106010,P4004,1,5999.0,0,5999.0
106011-1,106011,P4004,1,5999.0,0,5999.0
106012-1,106012,P5001,1,5999.0,0,5999.0
106013-1,106013,P5001,2,5999.0,0,11998.0
106014-1,106014,P3002,1,2499.0,0,2499.0
106015-1,106015,P6004,3,1499.0,0,4497.0
106015-2,106015,P3006,1,999.0,0,999.0
106015-3,106015,P5001,1,5999.0,0,5999.0
106015-4,106015,P7002,1,1499.0,0,1499.0
106016-1,106016,P5003,2,699.0,0,1398.0
106016-2,106016,P6003,2,1999.0,0,3998.0
106016-3,106016,P5004,3,4499.0,0,13497.0
106017-1,106017,P8005,1,899.0,0,899.0
106017-2,106017,P3005,1,699.0,0,699.0
106018-1,106018,P2001,1,13875.07,13.3,13875.07
106018-2,106018,P1009,1,11719.42,9.8,11719.42
106018-3,106018,P1004,1,799.0,0,799.0
106018-4,106018,P1010,2,899.0,0,1798.0
106018-5,106018,P7001,1,2999.0,0,2999.0
106019-1,106019,P5003,1,699.0,0,699.0
106020-1,106020,P2001,1,15999.0,0,15999.0
106021-1,106021,P1009,2,12999.0,0,25998.0
106021-2,106021,P6001,1,2242.19,10.3,2242.19
106021-3,106021,P6004,2,1499.0,0,2998.0
106022-1,106022,P5002,1,3013.18,13.9,3013.18
106023-1,106023,P5002,1,3174.42,9.3,3174.42
106024-1,106024,P3007,2,1189.68,8.4,2379.36
106025-1,106025,P1010,1,899.0,0,899.0
106026-1,106026,P3003,1,599.0,0,599.0
106028-1,106028,P4005,1,3499.0,0,3499.0
106029-1,106029,P4002,1,4999.0,0,4999.0
106029-2,106029,P8002,2,599.0,0,1198.0
106029-3,106029,P3004,3,176.17,11.5,528.51
106030-1,106030,P6004,1,1382.09,7.8,1382.09
106030-2,106030,P3002,1,2499.0,0,2499.0
106031-1,106031,P3003,1,599.0,0,599.0
106031-2,106031,P6003,1,1851.96,7.4,1851.96
106031-3,106031,P8003,1,799.0,0,799.0
106031-4,106031,P3005,1,699.0,0,699.0
106032-1,106032,P6003,1,1999.0,0,1999.0
106032-2,106032,P1001,1,599.0,0,599.0
106033-1,106033,P4004,1,5999.0,0,5999.0
106033-2,106033,P4005,1,3180.07,9.1,3180.07
106034-1,106034,P5004,1,4499.0,0,4499.0
106035-1,106035,P8001,3,499.0,0,1497.0
106036-1,106036,P6001,2,2499.0,0,4998.0
106036-2,106036,P3006,1,999.0,0,999.0
106036-3,106036,P2005,1,799.0,0,799.0
106038-1,106038,P3006,1,999.0,0,999.0
106038-2,106038,P8004,1,999.0,0,999.0
106038-3,106038,P2002,1,22387.75,10.4,22387.75
106038-4,106038,P4001,1,7999.0,0,7999.0
106039-1,106039,P3006,1,999.0,0,999.0
106040-1,106040,P8005,1,899.0,0,899.0
106040-2,106040,P2006,1,4999.0,0,4999.0
106041-1,106041,P5005,1,1999.0,0,1999.0
106042-1,106042,P1002,1,299.0,0,299.0
106042-2,106042,P7004,1,599.0,0,599.0
106042-3,106042,P3005,1,699.0,0,699.0
106043-1,106043,P1002,2,299.0,0,598.0
106043-2,106043,P3002,2,2141.49,14.3,4282.98
106043-3,106043,P7003,1,999.0,0,999.0
106044-1,106044,P8001,1,499.0,0,499.0
106044-2,106044,P1003,1,2499.0,0,2499.0
106044-3,106044,P4005,1,3499.0,0,3499.0
106044-4,106044,P2003,1,1315.25,12.3,1315.25
106047-1,106047,P8004,1,999.0,0,999.0
106047-2,106047,P3007,1,1299.0,0,1299.0
106047-3,106047,P1009,1,12999.0,0,12999.0
106048-1,106048,P8002,1,599.0,0,599.0
106048-2,106048,P2004,2,999.0,0,1998.0
106048-3,106048,P3003,1,599.0,0,599.0
106048-4,106048,P2006,1,4999.0,0,4999.0
106049-1,106049,P2006,1,4626.15,7.5,4626.15
106049-2,106049,P2004,1,999.0,0,999.0
106050-1,106050,P1010,1,899.0,0,899.0
106051-1,106051,P1006,1,699.0,0,699.0
106051-2,106051,P4004,2,5999.0,0,11998.0
106052-1,106052,P1005,1,1299.0,0,1299.0
106053-1,106053,P8002,2,599.0,0,1198.0
106053-2,106053,P7001,1,2999.0,0,2999.0
106053-3,106053,P7004,2,599.0,0,1198.0
106053-4,106053,P8004,1,999.0,0,999.0
106053-5,106053,P3003,1,599.0,0,599.0
106054-1,106054,P3005,1,699.0,0,699.0
106055-1,106055,P5005,1,1999.0,0,1999.0
106055-2,106055,P8002,1,599.0,0,599.0
106055-3,106055,P3003,1,599.0,0,599.0
106055-4,106055,P5004,1,4499.0,0,4499.0
106056-1,106056,P3007,1,1299.0,0,1299.0
106056-2,106056,P1010,1,899.0,0,899.0
106058-1,106058,P3001,2,999.0,0,1998.0
106058-2,106058,P7004,1,599.0,0,599.0
106059-1,106059,P4003,2,1865.99,6.7,3731.98
106060-1,106060,P3005,1,699.0,0,699.0
106061-1,106061,P2006,1,4999.0,0,4999.0
106061-2,106061,P2005,1,799.0,0,799.0
106062-1,106062,P4004,1,5999.0,0,5999.0
106062-2,106062,P6001,2,2499.0,0,4998.0
106062-3,106062,P2005,1,799.0,0,799.0
106063-1,106063,P7002,1,1499.0,0,1499.0
106063-2,106063,P4004,1,5999.0,0,5999.0
106064-1,106064,P3007,1,1175.28,9.5,1175.28
106064-2,106064,P2004,2,944.19,5.5,1888.38
106065-1,106065,P5004,1,4499.0,0,4499.0
106065-2,106065,P4001,1,7999.0,0,7999.0
106065-3,106065,P3001,1,865.67,13.3,865.67
106065-4,106065,P1004,1,799.0,0,799.0
106065-5,106065,P7001,1,2999.0,0,2999.0
106066-1,106066,P2004,1,948.62,5.0,948.62
106067-1,106067,P8005,2,899.0,0,1798.0
106067-2,106067,P8001,2,499.0,0,998.0
106068-1,106068,P7004,1,599.0,0,599.0
106068-2,106068,P1008,1,1380.17,7.9,1380.17
106070-1,106070,P3004,1,199.0,0,199.0
106070-2,106070,P3005,2,699.0,0,1398.0
106070-3,106070,P6004,1,1499.0,0,1499.0
106070-4,106070,P2004,1,999.0,0,999.0
106071-1,106071,P7001,2,2999.0,0,5998.0
106073-1,106073,P3007,1,1299.0,0,1299.0
106074-1,106074,P3007,3,1299.0,0,3897.0
106075-1,106075,P5005,1,1999.0,0,1999.0
106075-2,106075,P7002,1,1373.07,8.4,1373.07
106075-3,106075,P5003,1,699.0,0,699.0
106076-1,106076,P4003,2,1874.15,6.2,3748.3
106076-2,106076,P1008,1,1320.71,11.9,1320.71
106076-3,106076,P5001,1,5999.0,0,5999.0
106077-1,106077,P4004,1,5100.12,15.0,5100.12
106077-2,106077,P2001,1,15999.0,0,15999.0
106079-1,106079,P8001,1,499.0,0,499.0
106079-2,106079,P4002,1,4999.0,0,4999.0
106079-3,106079,P1003,1,2229.14,10.8,2229.14
106079-4,106079,P8003,1,799.0,0,799.0
106079-5,106079,P7003,1,999.0,0,999.0
106080-1,106080,P1010,1,899.0,0,899.0
106081-1,106081,P2006,1,4999.0,0,4999.0
106081-2,106081,P8005,1,899.0,0,899.0
106081-3,106081,P4001,1,7999.0,0,7999.0
106081-4,106081,P1010,1,899.0,0,899.0
106082-1,106082,P4002,2,4999.0,0,9998.0
106082-2,106082,P7002,1,1398.03,6.7,1398.03
106083-1,106083,P1004,1,799.0,0,799.0
106084-1,106084,P3007,1,1299.0,0,1299.0
106084-2,106084,P8001,2,451.05,9.6,902.1
106085-1,106085,P2003,1,1499.0,0,1499.0
106085-2,106085,P3005,-1,699.0,0,699.0
106086-1,106086,P5005,2,1999.0,0,3998.0
106087-1,106087,P3001,1,999.0,0,999.0
106087-2,106087,P6001,1,2160.22,13.6,2160.22
106088-1,106088,P1010,1,899.0,0,899.0
106088-2,106088,P8001,2,499.0,0,998.0
106088-3,106088,P7001,1,2999.0,0,2999.0
106089-1,106089,P1001,1,546.99,8.7,546.99
106089-2,106089,P1008,1,1499.0,0,1499.0
106090-1,106090,P1002,3,299.0,0,897.0
106091-1,106091,P7004,1,599.0,0,599.0
106091-2,106091,P3005,1,699.0,0,699.0
106091-3,106091,P7003,1,870.87,12.8,870.87
106092-1,106092,P1003,2,2499.0,0,4998.0
106092-2,106092,P1007,2,3999.0,0,7998.0
106092-3,106092,P8001,2,499.0,0,998.0
106092-4,106092,P5004,2,4499.0,0,8998.0
106092-5,106092,P7001,3,2999.0,0,8997.0
106093-1,106093,P2001,1,15999.0,0,15999.0
106094-1,106094,P1010,2,899.0,0,1798.0
106094-2,106094,P1002,2,299.0,0,598.0
106095-1,106095,P4004,1,5999.0,0,5999.0
106095-2,106095,P6004,1,1499.0,0,1499.0
106097-1,106097,P5004,2,4499.0,0,8998.0
106098-1,106098,P4002,1,4999.0,0,4999.0
106098-2,106098,P1005,1,1299.0,0,1299.0
106100-1,106100,P5005,1,1999.0,0,1999.0
106100-2,106100,P4004,1,5999.0,0,5999.0
106101-1,106101,P3007,1,1299.0,0,1299.0
106102-1,106102,P2002,1,24999.0,0,24999.0
106102-2,106102,P7002,1,1499.0,0,1499.0
106103-1,106103,P1009,1,12999.0,0,12999.0
106104-1,106104,P8002,1,599.0,0,599.0
106106-1,106106,P1007,2,3999.0,0,7998.0
106108-1,106108,P3005,2,699.0,0,1398.0
106109-1,106109,P6001,1,2499.0,0,2499.0
106110-1,106110,P1008,1,1499.0,0,1499.0
106110-2,106110,P1005,2,1162.8,10.5,2325.6
106110-3,106110,P5002,1,3499.0,0,3499.0
106110-4,106110,P8002,2,539.54,9.9,1079.08
106110-5,106110,P5004,1,4499.0,0,4499.0
106111-1,106111,P5003,2,699.0,0,1398.0
106112-1,106112,P7003,1,999.0,0,999.0
106112-2,106112,P3004,1,199.0,0,199.0
106113-1,106113,P4001,1,7223.9,9.7,7223.9
106113-2,106113,P3001,1,879.79,11.9,879.79
106115-1,106115,P2004,1,999.0,0,999.0
106116-1,106116,P5003,3,699.0,0,2097.0
106117-1,106117,P1005,2,1299.0,0,2598.0
106117-2,106117,P6003,2,1999.0,0,3998.0
106118-1,106118,P3007,2,1299.0,0,2598.0
106119-1,106119,P7004,1,599.0,0,599.0
106120-1,106120,P1005,2,1299.0,0,2598.0
106120-2,106120,P5001,1,5999.0,0,5999.0
106121-1,106121,P2001,1,15046.87,6.0,15046.87
106122-1,106122,P1010,1,899.0,0,899.0
106122-2,106122,P2003,1,1499.0,0,1499.0
106123-1,106123,P2001,2,15999.0,0,31998.0
106124-1,106124,P5001,1,5999.0,0,5999.0
106124-2,106124,P1003,3,2499.0,0,7497.0
106124-3,106124,P8001,1,444.37,10.9,444.37
106125-1,106125,P1006,1,699.0,0,699.0
106126-1,106126,P4004,3,5999.0,0,17997.0
106127-1,106127,P8003,2,799.0,0,1598.0
106128-1,106128,P2001,1,15999.0,0,15999.0
106128-2,106128,P2005,1,799.0,0,799.0
106129-1,106129,P7002,1,1499.0,0,1499.0
106130-1,106130,P6002,1,899.0,0,899.0
106130-2,106130,P1009,2,12999.0,0,25998.0
106130-3,106130,P1003,1,2160.34,13.6,2160.34
106130-4,106130,P2002,1,24999.0,0,24999.0
106130-5,106130,P7004,1,599.0,0,599.0
106131-1,106131,P1009,1,12999.0,0,12999.0
106132-1,106132,P2005,1,754.66,5.5,754.66
106132-2,106132,P1004,1,738.34,7.6,738.34
106133-1,106133,P3007,2,1299.0,0,2598.0
106133-2,106133,P7004,2,599.0,0,1198.0
106134-1,106134,P8003,1,799.0,0,799.0
106136-1,106136,P1005,1,1299.0,0,1299.0
106137-1,106137,P2004,2,908.79,9.0,1817.58
106137-2,106137,P8001,2,432.25,13.4,864.5
106137-3,106137,P6003,2,1999.0,0,3998.0
106138-1,106138,P4005,2,3067.19,12.3,6134.38
106139-1,106139,P1009,1,11981.58,7.8,11981.58
106139-2,106139,P5004,2,4499.0,0,8998.0
106139-3,106139,P1010,1,809.12,10.0,809.12
106140-1,106140,P2001,2,15999.0,0,31998.0
106140-2,106140,P2004,1,999.0,0,999.0
106140-3,106140,P1008,1,1419.5,5.3,1419.5
106141-1,106141,P1005,2,1299.0,0,2598.0
106141-2,106141,P3005,2,699.0,0,1398.0
106142-1,106142,P8002,2,599.0,0,1198.0
106143-1,106143,P4005,2,3499.0,0,6998.0
106143-2,106143,P6003,1,1999.0,0,1999.0
106144-1,106144,P2005,1,799.0,0,799.0
106145-1,106145,P1010,1,899.0,0,899.0
106145-2,106145,P8002,1,599.0,0,599.0
106145-3,106145,P3001,1,999.0,0,999.0
106146-1,106146,P1003,1,2499.0,0,2499.0
106147-1,106147,P3005,1,699.0,0,699.0
106148-1,106148,P8002,3,599.0,0,1797.0
106148-2,106148,P4004,1,5999.0,0,5999.0
106149-1,106149,P2001,2,15999.0,0,31998.0
106149-2,106149,P8002,1,599.0,0,599.0
106150-1,106150,P3002,2,2499.0,0,4998.0
106151-1,106151,P6003,1,1739.46,13.0,1739.46
106151-2,106151,P3007,1,1299.0,0,1299.0
106152-1,106152,P3002,1,2499.0,0,2499.0
106155-1,106155,P3001,2,999.0,0,1998.0
106156-1,106156,P3007,1,1112.15,14.4,1112.15
106157-1,106157,P1001,1,599.0,0,599.0
106159-1,106159,P4005,2,3031.15,13.4,6062.3
106159-2,106159,P2004,1,999.0,0,999.0
106159-3,106159,P5003,1,699.0,0,699.0
106161-1,106161,P1002,1,270.27,9.6,270.27
106161-2,106161,P2001,1,15999.0,0,15999.0
106161-3,106161,P4003,1,1999.0,0,1999.0
106162-1,106162,P8002,1,599.0,0,599.0
106163-1,106163,P5001,1,5367.06,10.5,5367.06
106163-2,106163,P5002,1,3499.0,0,3499.0
106164-1,106164,P4005,1,3499.0,0,3499.0
106164-2,106164,P6004,1,1380.43,7.9,1380.43
106165-1,106165,P8005,1,899.0,0,899.0
106166-1,106166,P2003,1,1499.0,0,1499.0
106166-2,106166,P5001,2,5481.5,8.6,10963.0
106166-3,106166,P6004,2,1499.0,0,2998.0
106166-4,106166,P3003,1,599.0,0,599.0
106166-5,106166,P4005,1,3499.0,0,3499.0
106167-1,106167,P8001,1,499.0,0,499.0
106167-2,106167,P5001,2,5999.0,0,11998.0
106167-3,106167,P1010,2,899.0,0,1798.0
106168-1,106168,P5004,1,4499.0,0,4499.0
106168-2,106168,P7003,3,999.0,0,2997.0
106169-1,106169,P3007,1,1299.0,0,1299.0
106170-1,106170,P2005,1,799.0,0,799.0
106170-2,106170,P1005,1,1299.0,0,1299.0
106170-3,106170,P5005,1,1999.0,0,1999.0
106171-1,106171,P2004,2,999.0,0,1998.0
106171-2,106171,P2002,1,24999.0,0,24999.0
106171-3,106171,P7002,2,1499.0,0,2998.0
106172-1,106172,P5001,3,5537.16,7.7,16611.48
106172-2,106172,P5005,1,1999.0,0,1999.0
106172-3,106172,P3004,1,199.0,0,199.0
106173-1,106173,P5003,1,699.0,0,699.0
106173-2,106173,P1006,2,699.0,0,1398.0
106173-3,106173,P1004,2,799.0,0,1598.0
106173-4,106173,P8004,1,999.0,0,999.0
106174-1,106174,P8002,3,599.0,0,1797.0
106174-2,106174,P5004,1,4499.0,0,4499.0
106175-1,106175,P5004,1,3883.42,13.7,3883.42
106175-2,106175,P4004,1,5375.01,10.4,5375.01
106175-3,106175,P7001,1,2999.0,0,2999.0
106176-1,106176,P1002,3,299.0,0,897.0
106176-2,106176,P1005,2,1299.0,0,2598.0
106176-3,106176,P4005,2,3499.0,0,6998.0
106177-1,106177,P1010,1,899.0,0,899.0
106177-2,106177,P2003,2,1499.0,0,2998.0
106178-1,106178,P8005,1,899.0,0,899.0
106178-2,106178,P1001,2,599.0,0,1198.0
106179-1,106179,P3002,1,2499.0,0,2499.0
106179-2,106179,P1006,1,633.11,9.4,633.11
106179-3,106179,P8001,3,499.0,0,1497.0
106181-1,106181,P2004,1,999.0,0,999.0
106181-2,106181,P8004,2,999.0,0,1998.0
106182-1,106182,P5005,1,1999.0,0,1999.0
106182-2,106182,P1008,1,1499.0,0,1499.0
106183-1,106183,P7002,1,1275.09,14.9,1275.09
106183-2,106183,P3004,1,175.0,12.1,175.0
106184-1,106184,P2003,1,1499.0,0,1499.0
106185-1,106185,P8002,1,599.0,0,599.0
106185-2,106185,P7003,1,999.0,0,999.0
106185-3,106185,P3002,1,2499.0,0,2499.0
106186-1,106186,P5004,1,4499.0,0,4499.0
106187-1,106187,P2003,1,1499.0,0,1499.0
106187-2,106187,P1002,1,299.0,0,299.0
106187-3,106187,P8005,2,899.0,0,1798.0
106187-4,106187,P6003,1,1999.0,0,1999.0
106188-1,106188,P6002,1,824.22,8.3,824.22
106189-1,106189,P1008,1,1324.28,11.7,1324.28
106189-2,106189,P8004,1,999.0,0,999.0
106190-1,106190,P1002,1,299.0,0,299.0
106190-2,106190,P2003,1,1398.59,6.7,1398.59
106191-1,106191,P1002,1,272.78,8.8,272.78
106192-1,106192,P3001,1,999.0,0,999.0
106192-2,106192,P2005,1,799.0,0,799.0
106192-3,106192,P6001,1,2218.92,11.2,2218.92
106193-1,106193,P4002,2,4999.0,0,9998.0
106194-1,106194,P4002,1,4358.55,12.8,4358.55
106195-1,106195,P2001,1,15098.09,5.6,15098.09
106195-2,106195,P3006,1,881.09,11.8,881.09
106195-3,106195,P3001,2,852.71,14.6,1705.42
106196-1,106196,P3007,1,1299.0,0,1299.0
106196-2,106196,P7003,2,852.26,14.7,1704.52
106197-1,106197,P8001,1,431.91,13.4,431.91
106197-2,106197,P4004,1,5999.0,0,5999.0
106198-1,106198,P8005,2,899.0,0,1798.0
106198-2,106198,P1003,2,2499.0,0,4998.0
106199-1,106199,P5002,1,3499.0,0,3499.0
106200-1,106200,P1009,1,11614.89,10.6,11614.89
106200-2,106200,P2002,1,24999.0,0,24999.0
106200-3,106200,P6003,2,1999.0,0,3998.0
106200-4,106200,P2005,2,799.0,0,1598.0
106200-5,106200,P6001,1,2499.0,0,2499.0
106201-1,106201,P1004,1,799.0,0,799.0
106201-2,106201,P3007,2,1299.0,0,2598.0
106201-3,106201,P1005,1,1299.0,0,1299.0
106203-1,106203,P6004,2,1499.0,0,2998.0
106203-2,106203,P5001,2,5999.0,0,11998.0
106204-1,106204,P6002,1,853.8,5.0,853.8
106205-1,106205,P4001,1,7999.0,0,7999.0
106205-2,106205,P1006,1,699.0,0,699.0
106205-3,106205,P2001,2,15059.65,5.9,30119.3
106205-4,106205,P1001,1,561.66,6.2,561.66
106206-1,106206,P3006,2,999.0,0,1998.0
106206-2,106206,P4005,1,3092.27,11.6,3092.27
106206-3,106206,P2006,2,4999.0,0,9998.0
106206-4,106206,P2001,2,15999.0,0,31998.0
106206-5,106206,P4002,1,4999.0,0,4999.0
106207-1,106207,P8004,2,890.1,10.9,1780.2
106208-1,106208,P1005,2,1299.0,0,2598.0
106208-2,106208,P3001,1,999.0,0,999.0
106208-3,106208,P2002,1,24999.0,0,24999.0
106208-4,106208,P1002,1,273.05,8.7,273.05
106208-5,106208,P8001,1,499.0,0,499.0
106209-1,106209,P1001,1,538.29,10.1,538.29
106210-1,106210,P7003,1,999.0,0,999.0
106210-2,106210,P4005,1,3499.0,0,3499.0
106210-3,106210,P1006,1,699.0,0,699.0
106211-1,106211,P2006,2,4999.0,0,9998.0
106211-2,106211,P4005,2,3217.39,8.0,6434.78
106212-1,106212,P6004,1,1499.0,0,1499.0
106212-2,106212,P1005,1,1299.0,0,1299.0
106212-3,106212,P2001,1,15999.0,0,15999.0
106212-4,106212,P5003,1,699.0,0,699.0
106213-1,106213,P3007,1,1299.0,0,1299.0
106213-2,106213,P8003,1,799.0,0,799.0
106213-3,106213,P6002,1,899.0,0,899.0
106213-4,106213,P5002,1,3119.49,10.8,3119.49
106214-1,106214,P2005,1,705.87,11.7,705.87
106214-2,106214,P1003,3,2499.0,0,7497.0
106215-1,106215,P3003,1,599.0,0,599.0
106215-2,106215,P3002,1,2499.0,0,2499.0
106216-1,106216,P2001,2,15999.0,0,31998.0
106216-2,106216,P1005,3,1299.0,0,3897.0
106216-3,106216,P6003,1,1999.0,0,1999.0
106216-4,106216,P7001,2,2999.0,0,5998.0
106217-1,106217,P4002,1,4999.0,0,4999.0
106218-1,106218,P2003,1,1499.0,0,1499.0
106219-1,106219,P6004,2,1337.87,10.7,2675.74
106220-1,106220,P1008,1,1499.0,0,1499.0
106220-2,106220,P8005,2,899.0,0,1798.0
106221-1,106221,P3007,1,1299.0,0,1299.0
106221-2,106221,P2006,1,4999.0,0,4999.0
106221-3,106221,P1002,2,299.0,0,598.0
106221-4,106221,P1005,1,1299.0,0,1299.0
106222-1,106222,P2005,2,799.0,0,1598.0
106223-1,106223,P5005,2,1999.0,0,3998.0
106224-1,106224,P8004,1,999.0,0,999.0
106224-2,106224,P6004,1,1499.0,0,1499.0
106225-1,106225,P1004,1,799.0,0,799.0
106225-2,106225,P1010,1,899.0,0,899.0
106225-3,106225,P6004,3,1499.0,0,4497.0
106226-1,106226,P5003,2,699.0,0,1398.0
106226-2,106226,P1010,1,899.0,0,899.0
106227-1,106227,P3006,1,999.0,0,999.0
106228-1,106228,P5003,1,699.0,0,699.0
106229-1,106229,P1010,2,899.0,0,1798.0
106230-1,106230,P4003,1,1999.0,0,1999.0
106230-2,106230,P3001,1,931.02,6.8,931.02
106231-1,106231,P7004,1,566.27,5.5,566.27
106231-2,106231,P2001,1,13873.41,13.3,13873.41
106232-1,106232,P1005,2,1299.0,0,2598.0
106232-2,106232,P3007,1,1299.0,0,1299.0
106232-3,106232,P3004,1,199.0,0,199.0
106233-1,106233,P6004,2,1499.0,0,2998.0
106233-2,106233,P1006,1,699.0,0,699.0
106233-3,106233,P4003,2,1999.0,0,3998.0
106234-1,106234,P2001,2,15999.0,0,31998.0
106235-1,106235,P8001,1,499.0,0,499.0
106235-2,106235,P1006,2,699.0,0,1398.0
106235-3,106235,P3003,2,599.0,0,1198.0
106236-1,106236,P1009,1,12999.0,0,12999.0
106238-1,106238,P4005,1,3499.0,0,3499.0
106239-1,106239,P2005,1,703.66,11.9,703.66
106239-2,106239,P1003,1,2499.0,0,2499.0
106239-3,106239,P2006,1,4342.78,13.1,4342.78
106240-1,106240,P1001,1,599.0,0,599.0
106240-2,106240,P5004,1,4499.0,0,4499.0
106240-3,106240,P3004,2,199.0,0,398.0
106241-1,106241,P1007,1,3999.0,0,3999.0
106242-1,106242,P6004,1,1499.0,0,1499.0
106242-2,106242,P4004,1,5999.0,0,5999.0
106243-1,106243,P3002,3,2499.0,0,7497.0
106243-2,106243,P4005,1,3499.0,0,3499.0
106243-3,106243,P5001,2,5999.0,0,11998.0
106244-1,106244,P7004,3,599.0,0,1797.0
106244-2,106244,P1003,1,2499.0,0,2499.0
106245-1,106245,P4003,1,1999.0,0,1999.0
106246-1,106246,P1008,1,1499.0,0,1499.0
106246-2,106246,P3005,1,699.0,0,699.0
106246-3,106246,P1007,1,3999.0,0,3999.0
106247-1,106247,P6004,1,1499.0,0,1499.0
106247-2,106247,P1010,2,899.0,0,1798.0
106247-3,106247,P2002,1,24999.0,0,24999.0
106247-4,106247,P1004,1,799.0,0,799.0
106247-5,106247,P5005,2,1999.0,0,3998.0
106248-1,106248,P8003,1,799.0,0,799.0
106249-1,106249,P2001,1,13699.38,14.4,13699.38
106249-2,106249,P6003,1,1999.0,0,1999.0
106250-1,106250,P7002,1,1499.0,0,1499.0
106254-1,106254,P1005,1,1299.0,0,1299.0
106255-1,106255,P3003,1,599.0,0,599.0
106255-2,106255,P8001,1,499.0,0,499.0
106256-1,106256,P7003,1,897.1,10.2,897.1
106256-2,106256,P2002,1,24999.0,0,24999.0
106256-3,106256,P1009,1,11401.7,12.3,11401.7
106257-1,106257,P4001,1,7999.0,0,7999.0
106258-1,106258,P5001,2,5412.56,9.8,10825.12
106258-2,106258,P2004,1,999.0,0,999.0
106259-1,106259,P1010,1,841.3,6.4,841.3
106260-1,106260,P3002,1,2142.88,14.3,2142.88
106260-2,106260,P5003,1,699.0,0,699.0
106262-1,106262,P3004,1,199.0,0,199.0
106264-1,106264,P2002,3,24999.0,0,74997.0
106264-2,106264,P4005,2,3211.7,8.2,6423.4
106264-3,106264,P5002,1,3253.0,7.0,3253.0
106265-1,106265,P4001,2,7999.0,0,15998.0
106265-2,106265,P6001,1,2499.0,0,2499.0
106266-1,106266,P1005,2,1194.8,8.0,2389.6
106268-1,106268,P8005,1,773.51,14.0,773.51
106268-2,106268,P6003,1,1723.08,13.8,1723.08
106269-1,106269,P8003,1,799.0,0,799.0
106269-2,106269,P3007,2,1299.0,0,2598.0
106270-1,106270,P1002,1,299.0,0,299.0
106271-1,106271,P1006,1,699.0,0,699.0
106272-1,106272,P8002,2,599.0,0,1198.0
106272-2,106272,P3004,1,199.0,0,199.0
106272-3,106272,P3002,2,2499.0,0,4998.0
106273-1,106273,P3002,2,2170.75,13.1,4341.5
106273-2,106273,P3003,2,599.0,0,1198.0
106274-1,106274,P3004,1,199.0,0,199.0
106274-2,106274,P2003,1,1499.0,0,1499.0
106274-3,106274,P5003,1,699.0,0,699.0
106275-1,106275,P2002,1,23608.68,5.6,23608.68
106275-2,106275,P1002,1,299.0,0,299.0
106275-3,106275,P3007,2,1148.14,11.6,2296.28
106276-1,106276,P2001,1,15999.0,0,15999.0
106276-2,106276,P4003,1,1746.15,12.6,1746.15
106277-1,106277,P8003,2,693.07,13.3,1386.14
106278-1,106278,P2002,1,24999.0,0,24999.0
106279-1,106279,P6004,2,1413.62,5.7,2827.24
106280-1,106280,P3005,2,699.0,0,1398.0
106280-2,106280,P4001,1,7999.0,0,7999.0
106280-3,106280,P3006,3,999.0,0,2997.0
106280-4,106280,P1010,1,899.0,0,899.0
106280-5,106280,P1004,1,799.0,0,799.0
106281-1,106281,P6003,1,1999.0,0,1999.0
106282-1,106282,P4001,1,7412.83,7.3,7412.83
106282-2,106282,P8004,1,999.0,0,999.0
106283-1,106283,P6002,1,899.0,0,899.0
106284-1,106284,P2003,1,1499.0,0,1499.0
106286-1,106286,P7004,2,599.0,0,1198.0
106286-2,106286,P3002,2,2499.0,0,4998.0
106286-3,106286,P5002,2,3499.0,0,6998.0
106286-4,106286,P7001,3,2999.0,0,8997.0
106287-1,106287,P1004,1,799.0,0,799.0
106287-2,106287,P8001,2,499.0,0,998.0
106288-1,106288,P7001,1,2999.0,0,2999.0
106288-2,106288,P6003,1,1891.75,5.4,1891.75
106288-3,106288,P1008,1,1499.0,0,1499.0
106289-1,106289,P2004,1,999.0,0,999.0
106291-1,106291,P3003,1,599.0,0,599.0
106291-2,106291,P1003,2,2185.86,12.5,4371.72
106291-3,106291,P8005,3,773.9,13.9,2321.7
106291-4,106291,P7002,1,1499.0,0,1499.0
106292-1,106292,P4001,1,7999.0,0,7999.0
106293-1,106293,P1004,1,799.0,0,799.0
106293-2,106293,P1010,1,899.0,0,899.0
106293-3,106293,P3001,1,935.64,6.3,935.64
106294-1,106294,P1010,2,899.0,0,1798.0
106294-2,106294,P7004,1,599.0,0,599.0
106295-1,106295,P5001,2,5999.0,0,11998.0
106295-2,106295,P1008,1,1499.0,0,1499.0
106295-3,106295,P7004,1,599.0,0,599.0
106296-1,106296,P3003,2,599.0,0,1198.0
106297-1,106297,P4001,1,7999.0,0,7999.0
106297-2,106297,P1002,1,299.0,0,299.0
106297-3,106297,P3003,2,516.28,13.8,1032.56
106298-1,106298,P1008,1,1499.0,0,1499.0
106299-1,106299,P6004,2,1412.7,5.8,2825.4
106300-1,106300,P8005,2,812.19,9.7,1624.38
106300-2,106300,P1009,1,12999.0,0,12999.0
106300-3,106300,P2003,1,1499.0,0,1499.0
106301-1,106301,P5001,1,5999.0,0,5999.0
106301-2,106301,P1006,2,605.33,13.4,1210.66
106301-3,106301,P4001,1,7999.0,0,7999.0
106302-1,106302,P5005,1,1897.77,5.1,1897.77
106303-1,106303,P2004,2,861.82,13.7,1723.64
106303-2,106303,P1005,1,1299.0,0,1299.0
106303-3,106303,P2005,1,702.17,12.1,702.17
106304-1,106304,P7002,2,1499.0,0,2998.0
106304-2,106304,P6002,2,899.0,0,1798.0
106305-1,106305,P8005,2,899.0,0,1798.0
106306-1,106306,P3004,1,199.0,0,199.0
106306-2,106306,P6002,2,899.0,0,1798.0
106306-3,106306,P6003,2,1834.59,8.2,3669.18
106306-4,106306,P7002,3,1499.0,0,4497.0
106306-5,106306,P3007,2,1299.0,0,2598.0
106307-1,106307,P6002,1,899.0,0,899.0
106307-2,106307,P1003,2,2325.65,6.9,4651.3
106307-3,106307,P1001,1,599.0,0,599.0
106308-1,106308,P4005,1,3094.47,11.6,3094.47
106309-1,106309,P1008,1,1499.0,0,1499.0
106310-1,106310,P8005,2,899.0,0,1798.0
106310-2,106310,P5003,1,699.0,0,699.0
106311-1,106311,P7001,2,2999.0,0,5998.0
106312-1,106312,P2004,3,861.24,13.8,2583.72
106313-1,106313,P1001,1,599.0,0,599.0
106313-2,106313,P5005,1,1999.0,0,1999.0
106313-3,106313,P8001,2,499.0,0,998.0
106314-1,106314,P1008,1,1499.0,0,1499.0
106315-1,106315,P1003,1,2186.76,12.5,2186.76
106315-2,106315,P3007,1,1299.0,0,1299.0
106316-1,106316,P1008,2,1386.09,7.5,2772.18
106317-1,106317,P6001,2,2499.0,0,4998.0
106317-2,106317,P7004,2,599.0,0,1198.0
106317-3,106317,P8001,1,499.0,0,499.0
106318-1,106318,P5005,2,1999.0,0,3998.0
106319-1,106319,P1008,1,1499.0,0,1499.0
106319-2,106319,P3003,1,546.3,8.8,546.3
106320-1,106320,P1007,3,3999.0,0,11997.0
106321-1,106321,P5002,1,3499.0,0,3499.0
106321-2,106321,P5005,2,1999.0,0,3998.0
106322-1,106322,P4005,1,3499.0,0,3499.0
106323-1,106323,P5003,-1,699.0,0,699.0
106323-2,106323,P3001,1,999.0,0,999.0
106324-1,106324,P2005,1,799.0,0,799.0
106324-2,106324,P8003,1,799.0,0,799.0
106325-1,106325,P3006,2,999.0,0,1998.0
106325-2,106325,P5003,1,699.0,0,699.0
106326-1,106326,P1010,1,899.0,0,899.0
106326-2,106326,P8003,2,799.0,0,1598.0
106327-1,106327,P2005,2,799.0,0,1598.0
106327-2,106327,P2001,1,15999.0,0,15999.0
106327-3,106327,P5002,2,3499.0,0,6998.0
106328-1,106328,P3007,2,1299.0,0,2598.0
106328-2,106328,P4005,1,3499.0,0,3499.0
106329-1,106329,P1005,2,1299.0,0,2598.0
106329-2,106329,P3007,2,1114.01,14.2,2228.02
106329-3,106329,P1010,1,899.0,0,899.0
106329-4,106329,P2005,2,799.0,0,1598.0
106330-1,106330,P2006,2,4712.04,5.7,9424.08
106331-1,106331,P7003,1,999.0,0,999.0
106331-2,106331,P7002,1,1499.0,0,1499.0
106332-1,106332,P1005,2,1299.0,0,2598.0
106332-2,106332,P2006,2,4999.0,0,9998.0
106333-1,106333,P2005,3,684.81,14.3,2054.43
106334-1,106334,P2005,1,799.0,0,799.0
106335-1,106335,P6001,1,2499.0,0,2499.0
106336-1,106336,P2006,1,4999.0,0,4999.0
106337-1,106337,P5004,2,4499.0,0,8998.0
106337-2,106337,P8005,1,899.0,0,899.0
106338-1,106338,P7001,3,2999.0,0,8997.0
106339-1,106339,P2002,1,24999.0,0,24999.0
106340-1,106340,P1009,1,12999.0,0,12999.0
106340-2,106340,P4005,1,3499.0,0,3499.0
106341-1,106341,P1004,1,799.0,0,799.0
106342-1,106342,P1002,1,299.0,0,299.0
106342-2,106342,P6004,1,1499.0,0,1499.0
106343-1,106343,P5005,1,1874.5,6.2,1874.5
106343-2,106343,P1003,2,2196.06,12.1,4392.12
106343-3,106343,P2003,1,1352.65,9.8,1352.65
106344-1,106344,P8003,3,799.0,0,2397.0
106345-1,106345,P6004,1,1499.0,0,1499.0
106345-2,106345,P7004,2,554.48,7.4,1108.96
106346-1,106346,P8005,2,899.0,0,1798.0
106347-1,106347,P4001,1,7500.07,6.2,7500.07
106347-2,106347,P6001,2,2499.0,0,4998.0
106348-1,106348,P2005,1,799.0,0,799.0
106348-2,106348,P5003,1,699.0,0,699.0
106348-3,106348,P5002,2,3499.0,0,6998.0
106349-1,106349,P1003,1,2499.0,0,2499.0
106350-1,106350,P2005,1,799.0,0,799.0
106350-2,106350,P8001,1,499.0,0,499.0
106350-3,106350,P8002,1,599.0,0,599.0
106350-4,106350,P1005,1,1299.0,0,1299.0
106350-5,106350,P1006,3,699.0,0,2097.0
106351-1,106351,P1008,1,1499.0,0,1499.0
106353-1,106353,P1004,1,799.0,0,799.0
106353-2,106353,P1001,2,599.0,0,1198.0
106353-3,106353,P3007,2,1299.0,0,2598.0
106354-1,106354,P2002,2,24999.0,0,49998.0
106355-1,106355,P3003,1,599.0,0,599.0
106355-2,106355,P5001,1,5999.0,0,5999.0
106356-1,106356,P8003,1,799.0,0,799.0
106356-2,106356,P8001,1,499.0,0,499.0
106357-1,106357,P3005,1,699.0,0,699.0
106357-2,106357,P1005,1,1299.0,0,1299.0
106357-3,106357,P5003,1,699.0,0,699.0
106357-4,106357,P1002,1,299.0,0,299.0
106358-1,106358,P4005,1,3499.0,0,3499.0
106359-1,106359,P5005,1,1999.0,0,1999.0
106359-2,106359,P4003,1,1999.0,0,1999.0
106359-3,106359,P2003,1,1499.0,0,1499.0
106360-1,106360,P6001,1,2499.0,0,2499.0
106361-1,106361,P1009,1,11764.8,9.5,11764.8
106361-2,106361,P2006,1,4999.0,0,4999.0
106361-3,106361,P1006,2,699.0,0,1398.0
106361-4,106361,P3001,1,999.0,0,999.0
106362-1,106362,P4002,1,4999.0,0,4999.0
106363-1,106363,P2003,1,1499.0,0,1499.0
106364-1,106364,P1002,2,299.0,0,598.0
106365-1,106365,P2005,1,799.0,0,799.0
106365-2,106365,P4002,1,4999.0,0,4999.0
106366-1,106366,P5004,1,4499.0,0,4499.0
106366-2,106366,P5002,1,3499.0,0,3499.0
106368-1,106368,P8001,2,499.0,0,998.0
106369-1,106369,P3004,1,199.0,0,199.0
106369-2,106369,P5003,1,699.0,0,699.0
106370-1,106370,P5001,1,5999.0,0,5999.0
106370-2,106370,P1008,1,1499.0,0,1499.0
106371-1,106371,P5002,1,3499.0,0,3499.0
106371-2,106371,P1003,1,2195.17,12.2,2195.17
106371-3,106371,P5005,1,1999.0,0,1999.0
106372-1,106372,P7003,1,999.0,0,999.0
106372-2,106372,P2002,1,24999.0,0,24999.0
106372-3,106372,P8001,2,499.0,0,998.0
106372-4,106372,P7002,1,1414.98,5.6,1414.98
106373-1,106373,P3006,1,999.0,0,999.0
106373-2,106373,P4002,1,4999.0,0,4999.0
106374-1,106374,P4001,1,7999.0,0,7999.0
106374-2,106374,P2001,2,15999.0,0,31998.0
106375-1,106375,P6003,1,1999.0,0,1999.0
106376-1,106376,P6004,1,1499.0,0,1499.0
106376-2,106376,P4001,2,7999.0,0,15998.0
106376-3,106376,P1006,1,699.0,0,699.0
106377-1,106377,P1006,1,657.05,6.0,657.05
106377-2,106377,P7001,2,2999.0,0,5998.0
106377-3,106377,P1007,1,3999.0,0,3999.0
106378-1,106378,P3002,2,2499.0,0,4998.0
106378-2,106378,P2003,1,1499.0,0,1499.0
106379-1,106379,P8002,3,599.0,0,1797.0
106379-2,106379,P4001,2,7482.39,6.5,14964.78
106380-1,106380,P3003,1,599.0,0,599.0
106381-1,106381,P3001,2,999.0,0,1998.0
106382-1,106382,P2004,2,999.0,0,1998.0
106382-2,106382,P6003,1,1830.15,8.4,1830.15
106382-3,106382,P4001,1,7999.0,0,7999.0
106382-4,106382,P3005,1,699.0,0,699.0
106382-5,106382,P6001,1,2499.0,0,2499.0
106383-1,106383,P8003,2,799.0,0,1598.0
106384-1,106384,P5005,1,1999.0,0,1999.0
106384-2,106384,P3003,2,599.0,0,1198.0
106386-1,106386,P2006,2,4999.0,0,9998.0
106386-2,106386,P2003,2,1499.0,0,2998.0
106387-1,106387,P3006,1,999.0,0,999.0
106387-2,106387,P1007,1,3999.0,0,3999.0
106387-3,106387,P3003,1,599.0,0,599.0
106388-1,106388,P1007,1,3999.0,0,3999.0
106389-1,106389,P8003,1,799.0,0,799.0
106390-1,106390,P5005,2,1999.0,0,3998.0
106391-1,106391,P7004,1,599.0,0,599.0
106391-2,106391,P3004,1,178.91,10.1,178.91
106391-3,106391,P8003,2,799.0,0,1598.0
106391-4,106391,P1005,1,1299.0,0,1299.0
106392-1,106392,P7001,1,2999.0,0,2999.0
106392-2,106392,P3004,2,199.0,0,398.0
106393-1,106393,P8001,1,499.0,0,499.0
106394-1,106394,P6003,2,1999.0,0,3998.0
106394-2,106394,P7001,1,2678.35,10.7,2678.35
106395-1,106395,P6003,1,1766.3,11.6,1766.3
106395-2,106395,P3003,1,552.63,7.7,552.63
106396-1,106396,P3001,2,999.0,0,1998.0
106396-2,106396,P4001,2,7999.0,0,15998.0
106396-3,106396,P2001,2,15999.0,0,31998.0
106397-1,106397,P5001,3,5999.0,0,17997.0
106397-2,106397,P7002,1,1371.6,8.5,1371.6
106398-1,106398,P2003,1,1499.0,0,1499.0
106398-2,106398,P4002,2,4999.0,0,9998.0
106399-1,106399,P4003,1,1999.0,0,1999.0
106401-1,106401,P7002,1,1499.0,0,1499.0
106402-1,106402,P6002,1,899.0,0,899.0
106403-1,106403,P6001,1,2499.0,0,2499.0
106404-1,106404,P4001,1,6823.25,14.7,6823.25
106404-2,106404,P6004,1,1499.0,0,1499.0
106405-1,106405,P2006,1,4999.0,0,4999.0
106405-2,106405,P7004,3,599.0,0,1797.0
106405-3,106405,P8003,1,799.0,0,799.0
106405-4,106405,P1004,1,799.0,0,799.0
106406-1,106406,P7002,2,1499.0,0,2998.0
106406-2,106406,P5003,3,647.98,7.3,1943.94
106406-3,106406,P6004,1,1499.0,0,1499.0
106407-1,106407,P1010,1,852.54,5.2,852.54
106408-1,106408,P1001,2,599.0,0,1198.0
106408-2,106408,P4003,3,1999.0,0,5997.0
106409-1,106409,P3003,1,599.0,0,599.0
106409-2,106409,P8001,1,499.0,0,499.0
106409-3,106409,P6003,2,1999.0,0,3998.0
106410-1,106410,P2004,1,999.0,0,999.0
106410-2,106410,P8003,1,799.0,0,799.0
106411-1,106411,P6004,3,1499.0,0,4497.0
106412-1,106412,P1004,1,799.0,0,799.0
106413-1,106413,P2005,3,799.0,0,2397.0
106414-1,106414,P1005,2,1299.0,0,2598.0
106414-2,106414,P1002,1,262.8,12.1,262.8
106414-3,106414,P3007,1,1109.82,14.6,1109.82
106414-4,106414,P1006,1,699.0,0,699.0
106415-1,106415,P4002,1,4493.48,10.1,4493.48
106416-1,106416,P8005,3,899.0,0,2697.0
106417-1,106417,P8005,2,899.0,0,1798.0
106418-1,106418,P4005,1,3499.0,0,3499.0
106418-2,106418,P2003,1,1499.0,0,1499.0
106418-3,106418,P8002,1,599.0,0,599.0
106419-1,106419,P2002,2,24999.0,0,49998.0
106419-2,106419,P1003,2,2499.0,0,4998.0
106419-3,106419,P8005,1,899.0,0,899.0
106419-4,106419,P6004,2,1499.0,0,2998.0
106419-5,106419,P2004,1,999.0,0,999.0
106420-1,106420,P3002,2,2173.87,13.0,4347.74
106420-2,106420,P7001,1,2999.0,0,2999.0
106421-1,106421,P3003,1,599.0,0,599.0
106421-2,106421,P5005,1,1842.51,7.8,1842.51
106422-1,106422,P2003,1,1499.0,0,1499.0
106422-2,106422,P4004,1,5999.0,0,5999.0
106423-1,106423,P3007,1,1299.0,0,1299.0
106424-1,106424,P1009,1,12999.0,0,12999.0
106425-1,106425,P8001,1,499.0,0,499.0
106426-1,106426,P4005,1,3499.0,0,3499.0
106426-2,106426,P7001,2,2999.0,0,5998.0
106426-3,106426,P2001,3,15999.0,0,47997.0
106427-1,106427,P1002,1,299.0,0,299.0
106429-1,106429,P4001,1,7999.0,0,7999.0
106430-1,106430,P3005,1,699.0,0,699.0
106430-2,106430,P3006,1,999.0,0,999.0
106430-3,106430,P4003,3,1999.0,0,5997.0
106431-1,106431,P7001,2,2999.0,0,5998.0
106431-2,106431,P1001,1,599.0,0,599.0
106433-1,106433,P3004,1,199.0,0,199.0
106433-2,106433,P8003,1,799.0,0,799.0
106434-1,106434,P7002,1,1499.0,0,1499.0
106435-1,106435,P1004,1,710.01,11.1,710.01
106436-1,106436,P3004,1,199.0,0,199.0
106436-2,106436,P5005,1,1999.0,0,1999.0
106437-1,106437,P2006,2,4553.63,8.9,9107.26
106437-2,106437,P1002,1,299.0,0,299.0
106438-1,106438,P8002,1,599.0,0,599.0
106438-2,106438,P5005,1,1999.0,0,1999.0
106439-1,106439,P8002,1,599.0,0,599.0
106439-2,106439,P1005,1,1181.73,9.0,1181.73
106440-1,106440,P4001,1,6846.34,14.4,6846.34
106440-2,106440,P5001,1,5999.0,0,5999.0
106440-3,106440,P1002,1,299.0,0,299.0
106441-1,106441,P4002,1,4999.0,0,4999.0
106441-2,106441,P8003,2,757.27,5.2,1514.54
106442-1,106442,P4004,1,5999.0,0,5999.0
106443-1,106443,P3001,1,889.96,10.9,889.96
106443-2,106443,P5002,1,3499.0,0,3499.0
106443-3,106443,P2005,1,799.0,0,799.0
106444-1,106444,P1010,1,899.0,0,899.0
106446-1,106446,P2006,1,4999.0,0,4999.0
106446-2,106446,P1002,2,268.21,10.3,536.42
106447-1,106447,P2003,2,1499.0,0,2998.0
106449-1,106449,P3003,1,599.0,0,599.0
106449-2,106449,P2004,1,901.67,9.7,901.67
106449-3,106449,P4003,1,1999.0,0,1999.0
106449-4,106449,P8003,1,799.0,0,799.0
106449-5,106449,P6003,2,1830.68,8.4,3661.36
106450-1,106450,P5005,1,1999.0,0,1999.0
106451-1,106451,P3007,1,1299.0,0,1299.0
106451-2,106451,P2001,1,15999.0,0,15999.0
106452-1,106452,P6004,1,1499.0,0,1499.0
106452-2,106452,P1001,1,599.0,0,599.0
106453-1,106453,P1006,1,699.0,0,699.0
106453-2,106453,P3004,2,199.0,0,398.0
106453-3,106453,P5004,1,4039.13,10.2,4039.13
106454-1,106454,P1001,1,599.0,0,599.0
106455-1,106455,P6001,2,2499.0,0,4998.0
106455-2,106455,P4002,2,4999.0,0,9998.0
106456-1,106456,P8005,1,851.21,5.3,851.21
106457-1,106457,P7003,1,999.0,0,999.0
106457-2,106457,P2005,1,799.0,0,799.0
106458-1,106458,P3002,2,2135.76,14.5,4271.52
106459-1,106459,P4003,3,1999.0,0,5997.0
106459-2,106459,P2006,1,4999.0,0,4999.0
106459-3,106459,P8004,1,999.0,0,999.0
106460-1,106460,P1009,3,12999.0,0,38997.0
106461-1,106461,P3006,1,999.0,0,999.0
106461-2,106461,P7001,1,2999.0,0,2999.0
106462-1,106462,P7003,1,999.0,0,999.0
106462-2,106462,P2006,2,4999.0,0,9998.0
106463-1,106463,P1009,1,12999.0,0,12999.0
106463-2,106463,P5004,1,4499.0,0,4499.0
106464-1,106464,P8004,2,884.58,11.5,1769.16
106464-2,106464,P7003,1,935.18,6.4,935.18
106464-3,106464,P1005,1,1299.0,0,1299.0
106464-4,106464,P6002,2,899.0,0,1798.0
106464-5,106464,P1003,3,2360.14,5.6,7080.42
106465-1,106465,P7003,1,999.0,0,999.0
106466-1,106466,P6002,1,899.0,0,899.0
106466-2,106466,P7001,2,2776.5,7.4,5553.0
106466-3,106466,P3002,1,2499.0,0,2499.0
106467-1,106467,P5002,1,3499.0,0,3499.0
106468-1,106468,P3005,1,699.0,0,699.0
106468-2,106468,P1007,1,3999.0,0,3999.0
106469-1,106469,P8001,1,499.0,0,499.0
106470-1,106470,P4004,3,5437.82,9.4,16313.46
106471-1,106471,P5002,1,3499.0,0,3499.0
106473-1,106473,P7002,1,1499.0,0,1499.0
106473-2,106473,P7003,1,900.42,9.9,900.42
106474-1,106474,P6002,1,899.0,0,899.0
106474-2,106474,P6004,1,1499.0,0,1499.0
106475-1,106475,P2006,1,4999.0,0,4999.0
106475-2,106475,P6001,1,2499.0,0,2499.0
106476-1,106476,P3007,2,1299.0,0,2598.0
106476-2,106476,P1002,3,264.41,11.6,793.23
106476-3,106476,P3004,1,199.0,0,199.0
106477-1,106477,P6001,1,2499.0,0,2499.0
106478-1,106478,P4003,1,1999.0,0,1999.0
106479-1,106479,P5002,3,3499.0,0,10497.0
106479-2,106479,P1008,2,1499.0,0,2998.0
106479-3,106479,P2002,1,24999.0,0,24999.0
106480-1,106480,P6003,1,1999.0,0,1999.0
106480-2,106480,P7004,3,549.46,8.3,1648.38
106481-1,106481,P1005,1,1299.0,0,1299.0
106483-1,106483,P1004,1,799.0,0,799.0
106483-2,106483,P7003,1,889.64,10.9,889.64
106484-1,106484,P4005,2,3499.0,0,6998.0
106485-1,106485,P2005,2,799.0,0,1598.0
106485-2,106485,P2004,2,999.0,0,1998.0
106486-1,106486,P1002,1,299.0,0,299.0
106486-2,106486,P1010,1,899.0,0,899.0
106486-3,106486,P7003,1,999.0,0,999.0
106487-1,106487,P3006,1,999.0,0,999.0
106488-1,106488,P6004,1,1499.0,0,1499.0
106489-1,106489,P5001,1,5999.0,0,5999.0
106491-1,106491,P7001,3,2999.0,0,8997.0
106494-1,106494,P8005,3,899.0,0,2697.0
106494-2,106494,P3003,1,599.0,0,599.0
106495-1,106495,P1007,2,3402.44,14.9,6804.88
106496-1,106496,P5004,2,4499.0,0,8998.0
106498-1,106498,P5005,1,1999.0,0,1999.0
106498-2,106498,P2002,2,24999.0,0,49998.0
106499-1,106499,P8002,1,599.0,0,599.0
106500-1,106500,P1002,1,299.0,0,299.0
106500-2,106500,P1003,1,2499.0,0,2499.0
106500-3,106500,P1004,1,799.0,0,799.0
106501-1,106501,P7001,1,2999.0,0,2999.0
106502-1,106502,P3003,1,599.0,0,599.0
106503-1,106503,P6001,1,2499.0,0,2499.0
106503-2,106503,P3002,1,2238.74,10.4,2238.74
106504-1,106504,P7002,1,1499.0,0,1499.0
106505-1,106505,P1007,2,3999.0,0,7998.0
106505-2,106505,P1003,1,2499.0,0,2499.0
106506-1,106506,P1008,1,1342.94,10.4,1342.94
106506-2,106506,P2005,1,799.0,0,799.0
106506-3,106506,P8004,1,910.26,8.9,910.26
106506-4,106506,P3006,1,999.0,0,999.0
106507-1,106507,P1001,1,599.0,0,599.0
106507-2,106507,P6001,1,2499.0,0,2499.0
106507-3,106507,P4002,2,4999.0,0,9998.0
106508-1,106508,P2006,2,4999.0,0,9998.0
106508-2,106508,P7004,1,599.0,0,599.0
106509-1,106509,P4001,1,7999.0,0,7999.0
106509-2,106509,P3005,1,643.03,8.0,643.03
106510-1,106510,P6002,1,899.0,0,899.0
106510-2,106510,P5003,1,699.0,0,699.0
106511-1,106511,P4003,1,1999.0,0,1999.0
106511-2,106511,P1002,2,299.0,0,598.0
106512-1,106512,P3001,1,999.0,0,999.0
106512-2,106512,P2006,1,4371.53,12.6,4371.53
106513-1,106513,P2001,1,15999.0,0,15999.0
106513-2,106513,P3005,1,699.0,0,699.0
106513-3,106513,P1003,1,2198.98,12.0,2198.98
106514-1,106514,P2002,2,24999.0,0,49998.0
106515-1,106515,P1008,1,1282.67,14.4,1282.67
106515-2,106515,P4005,2,3499.0,0,6998.0
106516-1,106516,P3005,2,619.72,11.3,1239.44
106517-1,106517,P3001,1,999.0,0,999.0
106517-2,106517,P8003,1,799.0,0,799.0
106518-1,106518,P2001,1,15999.0,0,15999.0
106519-1,106519,P1007,1,3999.0,0,3999.0
106519-2,106519,P7003,2,999.0,0,1998.0
106520-1,106520,P4003,1,1999.0,0,1999.0
106521-1,106521,P4001,1,7999.0,0,7999.0
106521-2,106521,P3006,2,999.0,0,1998.0
106522-1,106522,P1005,1,1299.0,0,1299.0
106522-2,106522,P8002,2,599.0,0,1198.0
106522-3,106522,P6003,2,1999.0,0,3998.0
106522-4,106522,P2002,2,21340.39,14.6,42680.78
106523-1,106523,P2006,1,4999.0,0,4999.0
106523-2,106523,P6001,1,2499.0,0,2499.0
106524-1,106524,P2006,2,4516.23,9.7,9032.46
106525-1,106525,P1002,1,299.0,0,299.0
106525-2,106525,P7002,1,1499.0,0,1499.0
106525-3,106525,P5004,1,4499.0,0,4499.0
106526-1,106526,P8002,2,549.75,8.2,1099.5
106526-2,106526,P7001,1,2999.0,0,2999.0
106527-1,106527,P4001,1,7999.0,0,7999.0
106528-1,106528,P5001,2,5999.0,0,11998.0
106528-2,106528,P4001,1,7999.0,0,7999.0
106529-1,106529,P2001,1,15999.0,0,15999.0
106530-1,106530,P5004,2,4499.0,0,8998.0
106531-1,106531,P8004,1,933.39,6.6,933.39
106531-2,106531,P5005,1,1999.0,0,1999.0
106531-3,106531,P8002,2,549.34,8.3,1098.68
106532-1,106532,P6001,1,2499.0,0,2499.0
106533-1,106533,P3003,1,599.0,0,599.0
106534-1,106534,P6001,1,2499.0,0,2499.0
106534-2,106534,P1006,3,699.0,0,2097.0
106535-1,106535,P5003,2,699.0,0,1398.0
106535-2,106535,P1002,1,299.0,0,299.0
106536-1,106536,P8001,1,499.0,0,499.0
106536-2,106536,P7003,3,861.23,13.8,2583.69
106537-1,106537,P8001,2,499.0,0,998.0
106537-2,106537,P5003,1,699.0,0,699.0
106538-1,106538,P5003,1,699.0,0,699.0
106539-1,106539,P1006,1,699.0,0,699.0
106539-2,106539,P4003,1,1999.0,0,1999.0
106540-1,106540,P7001,2,2999.0,0,5998.0
106541-1,106541,P6003,1,1999.0,0,1999.0
106542-1,106542,P4005,1,3499.0,0,3499.0
106542-2,106542,P1004,1,726.33,9.1,726.33
106542-3,106542,P8003,1,799.0,0,799.0
106542-4,106542,P1005,1,1193.43,8.1,1193.43
106543-1,106543,P5001,2,5999.0,0,11998.0
106543-2,106543,P8005,2,899.0,0,1798.0
106544-1,106544,P1005,1,1157.14,10.9,1157.14
106544-2,106544,P2005,1,687.23,14.0,687.23
106544-3,106544,P5002,1,3499.0,0,3499.0
106544-4,106544,P8002,3,599.0,0,1797.0
106545-1,106545,P8003,3,799.0,0,2397.0
106546-1,106546,P8004,2,999.0,0,1998.0
106547-1,106547,P2004,1,999.0,0,999.0
106547-2,106547,P1005,1,1299.0,0,1299.0
106548-1,106548,P2001,1,15999.0,0,15999.0
106549-1,106549,P2005,2,799.0,0,1598.0
106549-2,106549,P3006,1,999.0,0,999.0
106550-1,106550,P3005,2,699.0,0,1398.0
106550-2,106550,P5003,1,699.0,0,699.0
106552-1,106552,P1003,1,2499.0,0,2499.0
106552-2,106552,P8004,1,999.0,0,999.0
106553-1,106553,P3002,2,2499.0,0,4998.0
106553-2,106553,P8003,1,799.0,0,799.0
106554-1,106554,P2004,3,999.0,0,2997.0
106554-2,106554,P8001,1,436.67,12.5,436.67
106554-3,106554,P3001,1,999.0,0,999.0
106554-4,106554,P5002,1,3499.0,0,3499.0
106554-5,106554,P3006,1,999.0,0,999.0
106555-1,106555,P3007,2,1182.76,8.9,2365.52
106555-2,106555,P3002,1,2499.0,0,2499.0
106555-3,106555,P3004,1,199.0,0,199.0
106556-1,106556,P1006,1,699.0,0,699.0
106557-1,106557,P2006,1,4999.0,0,4999.0
106557-2,106557,P8004,1,890.15,10.9,890.15
106558-1,106558,P1006,2,699.0,0,1398.0
106559-1,106559,P8004,-1,999.0,0,999.0
106559-2,106559,P6002,1,899.0,0,899.0
106559-3,106559,P6003,1,1999.0,0,1999.0
106560-1,106560,P1010,2,899.0,0,1798.0
106561-1,106561,P3003,1,599.0,0,599.0
106562-1,106562,P1006,1,699.0,0,699.0
106563-1,106563,P2005,1,799.0,0,799.0
106563-2,106563,P6003,2,1999.0,0,3998.0
106564-1,106564,P4002,1,4999.0,0,4999.0
106564-2,106564,P1010,1,899.0,0,899.0
106565-1,106565,P6003,1,1999.0,0,1999.0
106566-1,106566,P7004,2,599.0,0,1198.0
106568-1,106568,P6003,1,1999.0,0,1999.0
106568-2,106568,P3002,1,2499.0,0,2499.0
106570-1,106570,P3006,2,999.0,0,1998.0
106570-2,106570,P4005,2,3499.0,0,6998.0
106571-1,106571,P5002,2,3499.0,0,6998.0
106571-2,106571,P6001,1,2499.0,0,2499.0
106572-1,106572,P3005,1,699.0,0,699.0
106572-2,106572,P1005,3,1197.17,7.8,3591.51
106573-1,106573,P6003,1,1999.0,0,1999.0
106573-2,106573,P3005,2,699.0,0,1398.0
106573-3,106573,P3002,1,2289.19,8.4,2289.19
106573-4,106573,P1006,1,699.0,0,699.0
106573-5,106573,P4002,1,4999.0,0,4999.0
106574-1,106574,P8005,1,899.0,0,899.0
106575-1,106575,P7004,1,599.0,0,599.0
106575-2,106575,P4002,2,4999.0,0,9998.0
106576-1,106576,P2005,2,799.0,0,1598.0
106577-1,106577,P8002,1,535.53,10.6,535.53
106577-2,106577,P2002,1,24999.0,0,24999.0
106578-1,106578,P6003,1,1845.85,7.7,1845.85
106579-1,106579,P6004,1,1499.0,0,1499.0
106579-2,106579,P3001,1,999.0,0,999.0
106580-1,106580,P4001,1,7999.0,0,7999.0
106580-2,106580,P6003,2,1874.03,6.3,3748.06
106581-1,106581,P1006,2,699.0,0,1398.0
106583-1,106583,P2002,1,24999.0,0,24999.0
106585-1,106585,P1003,2,2499.0,0,4998.0
106585-2,106585,P3007,2,1299.0,0,2598.0
106585-3,106585,P3004,1,199.0,0,199.0
106586-1,106586,P5001,1,5999.0,0,5999.0
106586-2,106586,P5004,2,4499.0,0,8998.0
106587-1,106587,P1010,1,899.0,0,899.0
106587-2,106587,P7002,1,1396.8,6.8,1396.8
106587-3,106587,P8004,1,999.0,0,999.0
106588-1,106588,P2003,1,1499.0,0,1499.0
106588-2,106588,P4002,1,4999.0,0,4999.0
106588-3,106588,P5005,2,1999.0,0,3998.0
106588-4,106588,P3006,1,999.0,0,999.0
106589-1,106589,P2005,3,799.0,0,2397.0
106589-2,106589,P1002,1,299.0,0,299.0
106589-3,106589,P8004,1,908.42,9.1,908.42
106590-1,106590,P3002,2,2499.0,0,4998.0
106590-2,106590,P1002,1,255.9,14.4,255.9
106590-3,106590,P2005,1,799.0,0,799.0
106592-1,106592,P4001,1,7999.0,0,7999.0
106593-1,106593,P1008,2,1336.51,10.8,2673.02
106593-2,106593,P1004,2,799.0,0,1598.0
106593-3,106593,P2005,1,799.0,0,799.0
106594-1,106594,P1005,1,1299.0,0,1299.0
106594-2,106594,P1008,2,1336.35,10.9,2672.7
106597-1,106597,P8005,1,899.0,0,899.0
106598-1,106598,P5005,1,1999.0,0,1999.0
106598-2,106598,P8004,1,999.0,0,999.0
106599-1,106599,P5003,1,699.0,0,699.0
106599-2,106599,P5005,1,1999.0,0,1999.0
106599-3,106599,P1008,1,1499.0,0,1499.0
106600-1,106600,P3003,1,599.0,0,599.0
106600-2,106600,P5005,1,1999.0,0,1999.0
106602-1,106602,P3002,2,2499.0,0,4998.0
106603-1,106603,P2002,1,23666.82,5.3,23666.82
106603-2,106603,P1005,1,1299.0,0,1299.0
106603-3,106603,P6001,1,2177.66,12.9,2177.66
106604-1,106604,P3003,1,599.0,0,599.0
106605-1,106605,P1006,2,699.0,0,1398.0
106607-1,106607,P4004,1,5249.35,12.5,5249.35
106608-1,106608,P8004,1,999.0,0,999.0
106608-2,106608,P1001,1,599.0,0,599.0
106609-1,106609,P2001,2,14307.84,10.6,28615.68
106610-1,106610,P4004,1,5112.51,14.8,5112.51
106611-1,106611,P5005,1,1753.18,12.3,1753.18
106612-1,106612,P4005,3,3499.0,0,10497.0
106612-2,106612,P5002,1,3499.0,0,3499.0
106612-3,106612,P6004,1,1499.0,0,1499.0
106612-4,106612,P6003,1,1999.0,0,1999.0
106612-5,106612,P5005,1,1999.0,0,1999.0
106613-1,106613,P1004,1,799.0,0,799.0
106614-1,106614,P6003,1,1999.0,0,1999.0
106615-1,106615,P1001,1,599.0,0,599.0
106615-2,106615,P5001,1,5999.0,0,5999.0
106615-3,106615,P3001,1,870.92,12.8,870.92
106616-1,106616,P3004,1,199.0,0,199.0
106617-1,106617,P3002,1,2310.65,7.5,2310.65
106618-1,106618,P7004,1,565.1,5.7,565.1
106618-2,106618,P1010,1,899.0,0,899.0
106618-3,106618,P2005,2,729.46,8.7,1458.92
106619-1,106619,P4001,3,7999.0,0,23997.0
106619-2,106619,P8003,1,799.0,0,799.0
106619-3,106619,P8001,1,499.0,0,499.0
106620-1,106620,P1008,1,1499.0,0,1499.0
106621-1,106621,P4001,1,7999.0,0,7999.0
106621-2,106621,P1001,2,599.0,0,1198.0
106622-1,106622,P7003,2,999.0,0,1998.0
106622-2,106622,P7001,3,2999.0,0,8997.0
106622-3,106622,P8001,2,467.04,6.4,934.08
106623-1,106623,P1005,-1,1299.0,0,2598.0
106624-1,106624,P8001,1,499.0,0,499.0
106624-2,106624,P6003,1,1749.89,12.5,1749.89
106625-1,106625,P5003,1,628.15,10.1,628.15
106625-2,106625,P3001,2,999.0,0,1998.0
106625-3,106625,P1003,2,2499.0,0,4998.0
106626-1,106626,P5001,1,5999.0,0,5999.0
106627-1,106627,P4002,1,4397.8,12.0,4397.8
106627-2,106627,P6004,2,1499.0,0,2998.0
106627-3,106627,P3006,1,948.57,5.0,948.57
106627-4,106627,P7004,1,599.0,0,599.0
106628-1,106628,P3007,1,1198.97,7.7,1198.97
106629-1,106629,P3004,1,199.0,0,199.0
106629-2,106629,P5003,1,699.0,0,699.0
106630-1,106630,P1003,3,2499.0,0,7497.0
106631-1,106631,P4003,2,1999.0,0,3998.0
106631-2,106631,P8004,1,999.0,0,999.0
106632-1,106632,P6004,2,1499.0,0,2998.0
106632-2,106632,P1001,1,599.0,0,599.0
106632-3,106632,P5002,2,3499.0,0,6998.0
106632-4,106632,P6003,2,1999.0,0,3998.0
106633-1,106633,P5004,1,4499.0,0,4499.0
106634-1,106634,P6004,1,1499.0,0,1499.0
106635-1,106635,P5002,1,3499.0,0,3499.0
106635-2,106635,P1009,1,12999.0,0,12999.0
106636-1,106636,P2001,1,15999.0,0,15999.0
106636-2,106636,P1003,1,2499.0,0,2499.0
106637-1,106637,P6002,2,899.0,0,1798.0
106637-2,106637,P3004,1,199.0,0,199.0
106637-3,106637,P3003,1,599.0,0,599.0
106637-4,106637,P2003,1,1499.0,0,1499.0
106637-5,106637,P5002,1,3499.0,0,3499.0
106638-1,106638,P2006,2,4999.0,0,9998.0
106638-2,106638,P4005,1,3499.0,0,3499.0
106639-1,106639,P2005,1,684.18,14.4,684.18
106639-2,106639,P1007,2,3699.51,7.5,7399.02
106639-3,106639,P1005,1,1299.0,0,1299.0
106640-1,106640,P1010,1,899.0,0,899.0
106640-2,106640,P1008,1,1499.0,0,1499.0
106640-3,106640,P4004,1,5604.47,6.6,5604.47
106641-1,106641,P4004,3,5999.0,0,17997.0
106641-2,106641,P2001,1,15999.0,0,15999.0
106641-3,106641,P5003,2,699.0,0,1398.0
106641-4,106641,P7004,1,599.0,0,599.0
106642-1,106642,P3001,1,999.0,0,999.0
106642-2,106642,P8003,2,799.0,0,1598.0
106642-3,106642,P5001,1,5999.0,0,5999.0
106643-1,106643,P3006,1,999.0,0,999.0
106643-2,106643,P4005,1,3499.0,0,3499.0
106643-3,106643,P1004,1,799.0,0,799.0
106644-1,106644,P3005,1,699.0,0,699.0
106644-2,106644,P1009,1,12999.0,0,12999.0
106645-1,106645,P7004,2,546.3,8.8,1092.6
106645-2,106645,P7002,1,1499.0,0,1499.0
106645-3,106645,P6003,1,1999.0,0,1999.0
106645-4,106645,P8005,1,899.0,0,899.0
106646-1,106646,P5002,1,3499.0,0,3499.0
106647-1,106647,P1004,2,721.91,9.6,1443.82
106647-2,106647,P6003,1,1999.0,0,1999.0
106647-3,106647,P3004,3,199.0,0,597.0
106647-4,106647,P8004,1,999.0,0,999.0
106648-1,106648,P2006,2,4393.9,12.1,8787.8
106648-2,106648,P3002,2,2499.0,0,4998.0
106649-1,106649,P6003,1,1875.22,6.2,1875.22
106649-2,106649,P4002,3,4999.0,0,14997.0
106649-3,106649,P8002,1,599.0,0,599.0
106650-1,106650,P8003,1,695.56,12.9,695.56
106650-2,106650,P2003,3,1499.0,0,4497.0
106651-1,106651,P1005,1,1299.0,0,1299.0
106651-2,106651,P3001,1,999.0,0,999.0
106651-3,106651,P8003,1,799.0,0,799.0
106652-1,106652,P1008,2,1412.91,5.7,2825.82
106652-2,106652,P6002,1,899.0,0,899.0
106653-1,106653,P7003,1,999.0,0,999.0
106653-2,106653,P1004,2,799.0,0,1598.0
106653-3,106653,P1003,1,2499.0,0,2499.0
106653-4,106653,P8005,1,899.0,0,899.0
106653-5,106653,P4002,2,4999.0,0,9998.0
106654-1,106654,P3005,2,699.0,0,1398.0
106654-2,106654,P3003,1,599.0,0,599.0
106655-1,106655,P3004,2,199.0,0,398.0
106655-2,106655,P1006,2,699.0,0,1398.0
106656-1,106656,P1007,1,3999.0,0,3999.0
106656-2,106656,P4003,1,1999.0,0,1999.0
106657-1,106657,P8001,1,499.0,0,499.0
106658-1,106658,P4002,1,4999.0,0,4999.0
106658-2,106658,P1006,2,699.0,0,1398.0
106659-1,106659,P7002,1,1320.96,11.9,1320.96
106660-1,106660,P2002,2,24999.0,0,49998.0
106660-2,106660,P2006,1,4999.0,0,4999.0
106660-3,106660,P8004,1,945.33,5.4,945.33
106661-1,106661,P6002,1,899.0,0,899.0
106662-1,106662,P1004,1,799.0,0,799.0
106663-1,106663,P6004,3,1499.0,0,4497.0
106664-1,106664,P1008,1,1499.0,0,1499.0
106666-1,106666,P1009,2,12999.0,0,25998.0
106666-2,106666,P2003,1,1286.12,14.2,1286.12
106667-1,106667,P7004,2,599.0,0,1198.0
106667-2,106667,P5003,1,699.0,0,699.0
106668-1,106668,P2005,1,722.87,9.5,722.87
106669-1,106669,P3003,1,553.73,7.6,553.73
106669-2,106669,P2006,1,4999.0,0,4999.0
106669-3,106669,P2004,3,999.0,0,2997.0
106669-4,106669,P8005,1,830.69,7.6,830.69
106669-5,106669,P8001,2,499.0,0,998.0
106670-1,106670,P3003,2,599.0,0,1198.0
106670-2,106670,P8005,1,899.0,0,899.0
106670-3,106670,P1005,1,1299.0,0,1299.0
106670-4,106670,P8003,2,799.0,0,1598.0
106670-5,106670,P1002,3,299.0,0,897.0
106671-1,106671,P8005,2,791.19,12.0,1582.38
106671-2,106671,P1005,1,1299.0,0,1299.0
106672-1,106672,P3001,1,928.2,7.1,928.2
106673-1,106673,P2006,3,4372.31,12.5,13116.93
106674-1,106674,P8002,1,599.0,0,599.0
106674-2,106674,P4002,1,4341.5,13.2,4341.5
106674-3,106674,P2004,1,999.0,0,999.0
106675-1,106675,P3006,2,999.0,0,1998.0
106675-2,106675,P8001,1,455.14,8.8,455.14
106676-1,106676,P1007,1,3451.73,13.7,3451.73
106677-1,106677,P7001,1,2609.06,13.0,2609.06
106677-2,106677,P6002,1,899.0,0,899.0
106678-1,106678,P1009,2,12999.0,0,25998.0
106679-1,106679,P5001,2,5999.0,0,11998.0
106680-1,106680,P2004,2,999.0,0,1998.0
106681-1,106681,P3001,1,999.0,0,999.0
106681-2,106681,P1009,1,12999.0,0,12999.0
106682-1,106682,P3007,2,1299.0,0,2598.0
106682-2,106682,P1008,2,1499.0,0,2998.0
106684-1,106684,P6003,1,1999.0,0,1999.0
106685-1,106685,P5002,1,3499.0,0,3499.0
106685-2,106685,P1005,3,1299.0,0,3897.0
106686-1,106686,P8002,2,599.0,0,1198.0
106688-1,106688,P5004,1,4499.0,0,4499.0
106691-1,106691,P7002,1,1499.0,0,1499.0
106694-1,106694,P8005,1,899.0,0,899.0
106694-2,106694,P4002,1,4726.56,5.4,4726.56
106694-3,106694,P3003,1,599.0,0,599.0
106697-1,106697,P1004,2,799.0,0,1598.0
106699-1,106699,P1003,2,2499.0,0,4998.0
106699-2,106699,P2004,1,885.44,11.4,885.44
106699-3,106699,P5002,1,3499.0,0,3499.0
106699-4,106699,P2002,1,23195.85,7.2,23195.85
106700-1,106700,P4002,2,4999.0,0,9998.0
106700-2,106700,P1006,1,618.41,11.5,618.41
106701-1,106701,P6003,2,1999.0,0,3998.0
106701-2,106701,P1001,1,599.0,0,599.0
106702-1,106702,P7004,1,599.0,0,599.0
106703-1,106703,P5005,2,1999.0,0,3998.0
106704-1,106704,P4005,1,3499.0,0,3499.0
106704-2,106704,P8005,1,899.0,0,899.0
106704-3,106704,P5001,1,5999.0,0,5999.0
106705-1,106705,P2006,1,4999.0,0,4999.0
106706-1,106706,P4005,1,3034.99,13.3,3034.99
106707-1,106707,P1010,1,899.0,0,899.0
106707-2,106707,P2005,2,799.0,0,1598.0
106708-1,106708,P8004,3,999.0,0,2997.0
106709-1,106709,P6004,1,1359.06,9.3,1359.06
106710-1,106710,P3006,2,999.0,0,1998.0
106710-2,106710,P6001,1,2499.0,0,2499.0
106711-1,106711,P6001,2,2499.0,0,4998.0
106711-2,106711,P6004,1,1499.0,0,1499.0
106711-3,106711,P1010,1,899.0,0,899.0
106711-4,106711,P3004,3,199.0,0,597.0
106712-1,106712,P8004,1,999.0,0,999.0
106713-1,106713,P1005,2,1299.0,0,2598.0
106714-1,106714,P8003,1,799.0,0,799.0
106715-1,106715,P4003,1,1999.0,0,1999.0
106716-1,106716,P3006,1,999.0,0,999.0
106716-2,106716,P4005,2,3499.0,0,6998.0
106716-3,106716,P3003,2,599.0,0,1198.0
106716-4,106716,P5003,1,699.0,0,699.0
106717-1,106717,P5004,1,4499.0,0,4499.0
106717-2,106717,P2003,2,1499.0,0,2998.0
106717-3,106717,P1009,1,12163.96,6.4,12163.96
106718-1,106718,P1001,1,568.91,5.0,568.91
106718-2,106718,P6003,2,1999.0,0,3998.0
106719-1,106719,P2004,1,999.0,0,999.0
106719-2,106719,P5005,1,1999.0,0,1999.0
106720-1,106720,P3002,2,2189.7,12.4,4379.4
106720-2,106720,P1010,1,899.0,0,899.0
106720-3,106720,P4005,1,3499.0,0,3499.0
106720-4,106720,P1001,2,599.0,0,1198.0
106721-1,106721,P5004,1,4177.0,7.2,4177.0
106721-2,106721,P4004,2,5999.0,0,11998.0
106721-3,106721,P5005,1,1999.0,0,1999.0
106721-4,106721,P3004,1,199.0,0,199.0
106721-5,106721,P6003,1,1999.0,0,1999.0
106722-1,106722,P3007,2,1231.95,5.2,2463.9
106723-1,106723,P1005,1,1299.0,0,1299.0
106724-1,106724,P3005,3,699.0,0,2097.0
106724-2,106724,P1008,1,1499.0,0,1499.0
106724-3,106724,P3004,2,199.0,0,398.0
106724-4,106724,P1007,1,3758.24,6.0,3758.24
106725-1,106725,P5001,1,5999.0,0,5999.0
106725-2,106725,P7003,1,999.0,0,999.0
106725-3,106725,P3006,1,893.58,10.6,893.58
106725-4,106725,P4004,1,5999.0,0,5999.0
106726-1,106726,P2004,1,901.75,9.7,901.75
106726-2,106726,P6001,1,2499.0,0,2499.0
106726-3,106726,P8001,1,468.14,6.2,468.14
106727-1,106727,P2002,1,24999.0,0,24999.0
106728-1,106728,P1005,1,1192.2,8.2,1192.2
106728-2,106728,P2001,3,15999.0,0,47997.0
106728-3,106728,P3004,1,199.0,0,199.0
106729-1,106729,P6004,2,1499.0,0,2998.0
106730-1,106730,P1009,1,12999.0,0,12999.0
106730-2,106730,P1001,1,599.0,0,599.0
106730-3,106730,P3002,2,2499.0,0,4998.0
106730-4,106730,P7002,2,1499.0,0,2998.0
106731-1,106731,P4003,1,1999.0,0,1999.0
106732-1,106732,P2001,2,15999.0,0,31998.0
106733-1,106733,P2004,1,999.0,0,999.0
106733-2,106733,P2002,1,23433.29,6.3,23433.29
106734-1,106734,P7003,3,999.0,0,2997.0
106735-1,106735,P1005,1,1299.0,0,1299.0
106735-2,106735,P4003,1,1745.31,12.7,1745.31
106736-1,106736,P4002,1,4999.0,0,4999.0
106736-2,106736,P4001,2,7999.0,0,15998.0
106737-1,106737,P4005,1,3499.0,0,3499.0
106737-2,106737,P6003,1,1999.0,0,1999.0
106737-3,106737,P6001,1,2499.0,0,2499.0
106738-1,106738,P8002,1,599.0,0,599.0
106739-1,106739,P3004,1,199.0,0,199.0
106739-2,106739,P8004,1,999.0,0,999.0
106740-1,106740,P1002,1,299.0,0,299.0
106741-1,106741,P8003,1,799.0,0,799.0
106742-1,106742,P5001,1,5999.0,0,5999.0
106742-2,106742,P8002,2,599.0,0,1198.0
106742-3,106742,P1004,1,799.0,0,799.0
106742-4,106742,P1007,1,3999.0,0,3999.0
106743-1,106743,P5004,1,4183.55,7.0,4183.55
106744-1,106744,P2002,1,24999.0,0,24999.0
106745-1,106745,P3007,1,1299.0,0,1299.0
106745-2,106745,P2005,1,799.0,0,799.0
106745-3,106745,P8003,2,687.58,13.9,1375.16
106746-1,106746,P8005,1,899.0,0,899.0
106746-2,106746,P3001,3,894.65,10.4,2683.95
106746-3,106746,P6003,1,1875.37,6.2,1875.37
106747-1,106747,P1003,1,2499.0,0,2499.0
106747-2,106747,P1002,2,254.77,14.8,509.54
106748-1,106748,P3004,1,199.0,0,199.0
106749-1,106749,P8001,2,499.0,0,998.0
106750-1,106750,P3006,1,999.0,0,999.0
106750-2,106750,P5004,2,4499.0,0,8998.0
106750-3,106750,P3003,3,545.25,9.0,1635.75
106751-1,106751,P1007,1,3999.0,0,3999.0
106751-2,106751,P2005,2,799.0,0,1598.0
106751-3,106751,P1010,1,899.0,0,899.0
106751-4,106751,P3006,1,918.43,8.1,918.43
106752-1,106752,P4005,1,3499.0,0,3499.0
106753-1,106753,P5005,1,1828.66,8.5,1828.66
106754-1,106754,P2001,1,13816.1,13.6,13816.1
106754-2,106754,P3007,1,1299.0,0,1299.0
106754-3,106754,P7001,1,2999.0,0,2999.0
106754-4,106754,P2003,1,1499.0,0,1499.0
106754-5,106754,P3006,1,999.0,0,999.0
106755-1,106755,P4003,1,1713.28,14.3,1713.28
106755-2,106755,P5001,2,5345.85,10.9,10691.7
106756-1,106756,P1006,1,699.0,0,699.0
106756-2,106756,P1001,1,599.0,0,599.0
106757-1,106757,P8004,1,999.0,0,999.0
106758-1,106758,P3004,1,199.0,0,199.0
106758-2,106758,P8005,1,899.0,0,899.0
106759-1,106759,P2006,1,4604.91,7.9,4604.91
106760-1,106760,P5003,1,699.0,0,699.0
106761-1,106761,P8001,-1,499.0,0,1497.0
106761-2,106761,P2003,1,1499.0,0,1499.0
106761-3,106761,P8004,1,999.0,0,999.0
106762-1,106762,P1005,2,1181.25,9.1,2362.5
106762-2,106762,P3001,1,854.32,14.5,854.32
106763-1,106763,P4002,2,4283.19,14.3,8566.38
106763-2,106763,P3003,2,599.0,0,1198.0
106763-3,106763,P8001,1,499.0,0,499.0
106764-1,106764,P2001,2,15999.0,0,31998.0
106764-2,106764,P3007,2,1299.0,0,2598.0
106765-1,106765,P2003,2,1499.0,0,2998.0
106766-1,106766,P7004,1,599.0,0,599.0
106766-2,106766,P1001,1,599.0,0,599.0
106767-1,106767,P6001,1,2499.0,0,2499.0
106767-2,106767,P6002,1,899.0,0,899.0
106769-1,106769,P8003,1,799.0,0,799.0
106770-1,106770,P1007,1,3999.0,0,3999.0
106771-1,106771,P7002,1,1499.0,0,1499.0
106772-1,106772,P6004,1,1499.0,0,1499.0
106772-2,106772,P2002,2,24999.0,0,49998.0
106772-3,106772,P8001,1,432.46,13.3,432.46
106772-4,106772,P5003,1,699.0,0,699.0
106773-1,106773,P7002,1,1499.0,0,1499.0
106773-2,106773,P5001,1,5999.0,0,5999.0
106774-1,106774,P3005,2,699.0,0,1398.0
106775-1,106775,P1007,3,3999.0,0,11997.0
106775-2,106775,P8004,1,999.0,0,999.0
106775-3,106775,P7002,2,1499.0,0,2998.0
106776-1,106776,P2006,1,4706.22,5.9,4706.22
106777-1,106777,P6004,1,1499.0,0,1499.0
106778-1,106778,P1010,1,899.0,0,899.0
106778-2,106778,P1008,1,1499.0,0,1499.0
106780-1,106780,P1001,1,599.0,0,599.0
106780-2,106780,P8004,3,999.0,0,2997.0
106780-3,106780,P1006,1,699.0,0,699.0
106781-1,106781,P8004,2,929.32,7.0,1858.64
106781-2,106781,P6001,1,2499.0,0,2499.0
106782-1,106782,P2002,1,22692.01,9.2,22692.01
106783-1,106783,P1003,1,2499.0,0,2499.0
106784-1,106784,P8002,2,599.0,0,1198.0
106785-1,106785,P7001,1,2999.0,0,2999.0
106786-1,106786,P5003,1,699.0,0,699.0
106786-2,106786,P5002,1,3013.56,13.9,3013.56
106787-1,106787,P1005,2,1299.0,0,2598.0
106788-1,106788,P4001,1,7162.28,10.5,7162.28
106788-2,106788,P7004,1,599.0,0,599.0
106789-1,106789,P2006,1,4999.0,0,4999.0
106790-1,106790,P4003,1,1999.0,0,1999.0
106791-1,106791,P8002,1,512.69,14.4,512.69
106793-1,106793,P8004,1,999.0,0,999.0
106794-1,106794,P6003,3,1999.0,0,5997.0
106795-1,106795,P7001,1,2999.0,0,2999.0
106797-1,106797,P8001,1,499.0,0,499.0
106799-1,106799,P8002,1,599.0,0,599.0
106799-2,106799,P3001,1,999.0,0,999.0
106799-3,106799,P3003,1,599.0,0,599.0
106799-4,106799,P1010,2,899.0,0,1798.0
106800-1,106800,P5002,1,3499.0,0,3499.0
106801-1,106801,P6003,1,1999.0,0,1999.0
106802-1,106802,P1001,2,599.0,0,1198.0
106802-2,106802,P2001,2,13994.06,12.5,27988.12
106802-3,106802,P2005,2,799.0,0,1598.0
106803-1,106803,P8003,1,799.0,0,799.0
106803-2,106803,P5003,2,699.0,0,1398.0
106803-3,106803,P6001,1,2499.0,0,2499.0
106804-1,106804,P4005,1,3499.0,0,3499.0
106804-2,106804,P1010,1,899.0,0,899.0
106804-3,106804,P8002,2,599.0,0,1198.0
106805-1,106805,P5005,1,1999.0,0,1999.0
106805-2,106805,P2001,1,15999.0,0,15999.0
106805-3,106805,P8005,2,899.0,0,1798.0
106806-1,106806,P3003,1,599.0,0,599.0
106806-2,106806,P2004,1,999.0,0,999.0
106807-1,106807,P1006,3,654.09,6.4,1962.27
106807-2,106807,P5002,1,3499.0,0,3499.0
106808-1,106808,P1003,2,2273.22,9.0,4546.44
106808-2,106808,P3002,1,2499.0,0,2499.0
106808-3,106808,P1009,1,12999.0,0,12999.0
106809-1,106809,P1003,2,2499.0,0,4998.0
106809-2,106809,P8003,1,799.0,0,799.0
106809-3,106809,P8005,2,899.0,0,1798.0
106810-1,106810,P8004,1,999.0,0,999.0
106810-2,106810,P5004,1,4499.0,0,4499.0
106810-3,106810,P1005,1,1299.0,0,1299.0
106812-1,106812,P4002,2,4999.0,0,9998.0
106812-2,106812,P5005,2,1999.0,0,3998.0
106812-3,106812,P2006,1,4999.0,0,4999.0
106813-1,106813,P1003,2,2149.98,14.0,4299.96
106813-2,106813,P1010,2,899.0,0,1798.0
106813-3,106813,P6003,2,1770.15,11.4,3540.3
106814-1,106814,P1003,1,2499.0,0,2499.0
106814-2,106814,P3002,1,2499.0,0,2499.0
106815-1,106815,P1005,1,1299.0,0,1299.0
106816-1,106816,P2001,1,15999.0,0,15999.0
106816-2,106816,P5002,1,3499.0,0,3499.0
106816-3,106816,P7003,3,999.0,0,2997.0
106817-1,106817,P1010,1,829.14,7.8,829.14
106818-1,106818,P2005,2,799.0,0,1598.0
106818-2,106818,P8004,1,999.0,0,999.0
106818-3,106818,P2003,1,1285.31,14.3,1285.31
106819-1,106819,P2003,1,1499.0,0,1499.0
106819-2,106819,P6004,1,1499.0,0,1499.0
106820-1,106820,P3006,1,934.51,6.5,934.51
106820-2,106820,P4004,1,5422.95,9.6,5422.95
106821-1,106821,P1002,1,265.4,11.2,265.4
106822-1,106822,P8002,1,599.0,0,599.0
106822-2,106822,P5004,2,4499.0,0,8998.0
106823-1,106823,P6004,1,1301.61,13.2,1301.61
106823-2,106823,P3001,1,999.0,0,999.0
106824-1,106824,P3007,1,1299.0,0,1299.0
106825-1,106825,P3001,1,999.0,0,999.0
106825-2,106825,P8004,1,999.0,0,999.0
106826-1,106826,P3002,1,2499.0,0,2499.0
106826-2,106826,P8004,1,999.0,0,999.0
106827-1,106827,P5005,1,1999.0,0,1999.0
106828-1,106828,P3003,2,599.0,0,1198.0
106828-2,106828,P8003,2,707.48,11.5,1414.96
106829-1,106829,P5001,2,5999.0,0,11998.0
106829-2,106829,P6003,1,1999.0,0,1999.0
106830-1,106830,P3007,1,1299.0,0,1299.0
106830-2,106830,P8005,1,899.0,0,899.0
106831-1,106831,P1001,1,599.0,0,599.0
106833-1,106833,P1004,2,799.0,0,1598.0
106833-2,106833,P1002,1,299.0,0,299.0
106835-1,106835,P1007,1,3999.0,0,3999.0
106835-2,106835,P5001,1,5133.2,14.4,5133.2
106836-1,106836,P3005,1,699.0,0,699.0
106836-2,106836,P1002,1,299.0,0,299.0
106837-1,106837,P3002,1,2499.0,0,2499.0
106837-2,106837,P1003,3,2499.0,0,7497.0
106837-3,106837,P2001,1,15999.0,0,15999.0
106837-4,106837,P3003,1,599.0,0,599.0
106838-1,106838,P3006,2,999.0,0,1998.0
106838-2,106838,P1007,1,3999.0,0,3999.0
106838-3,106838,P6004,2,1277.06,14.8,2554.12
106839-1,106839,P3001,1,999.0,0,999.0
106841-1,106841,P1001,1,599.0,0,599.0
106841-2,106841,P4003,2,1999.0,0,3998.0
106841-3,106841,P2006,1,4611.84,7.7,4611.84
106841-4,106841,P1002,3,299.0,0,897.0
106841-5,106841,P2003,1,1499.0,0,1499.0
106842-1,106842,P8003,1,799.0,0,799.0
106842-2,106842,P7001,2,2999.0,0,5998.0
106843-1,106843,P4002,1,4999.0,0,4999.0
106843-2,106843,P2004,2,904.35,9.5,1808.7
106844-1,106844,P4003,1,1999.0,0,1999.0
106845-1,106845,P3006,1,999.0,0,999.0
106847-1,106847,P5002,2,3499.0,0,6998.0
106848-1,106848,P7003,1,999.0,0,999.0
106848-2,106848,P1007,1,3999.0,0,3999.0
106848-3,106848,P3005,1,699.0,0,699.0
106849-1,106849,P1008,1,1499.0,0,1499.0
106850-1,106850,P5005,1,1999.0,0,1999.0
106850-2,106850,P8001,1,434.03,13.0,434.03
106851-1,106851,P3003,2,599.0,0,1198.0
106852-1,106852,P2001,1,15999.0,0,15999.0
106852-2,106852,P1003,2,2168.83,13.2,4337.66
106853-1,106853,P1008,1,1499.0,0,1499.0
106854-1,106854,P8003,2,799.0,0,1598.0
106855-1,106855,P1003,1,2215.28,11.4,2215.28
106856-1,106856,P4003,1,1999.0,0,1999.0
106856-2,106856,P1006,1,699.0,0,699.0
106856-3,106856,P2006,3,4999.0,0,14997.0
106857-1,106857,P4005,2,3499.0,0,6998.0
106857-2,106857,P1004,1,799.0,0,799.0
106857-3,106857,P8002,1,599.0,0,599.0
106857-4,106857,P4002,2,4999.0,0,9998.0
106858-1,106858,P6004,2,1314.95,12.3,2629.9
106859-1,106859,P7003,1,999.0,0,999.0
106859-2,106859,P6001,1,2499.0,0,2499.0
106860-1,106860,P1001,1,599.0,0,599.0
106861-1,106861,P5002,1,3499.0,0,3499.0
106862-1,106862,P8004,2,999.0,0,1998.0
106862-2,106862,P4001,1,7999.0,0,7999.0
106863-1,106863,P4001,1,7999.0,0,7999.0
106864-1,106864,P6001,2,2499.0,0,4998.0
106865-1,106865,P8002,1,599.0,0,599.0
106865-2,106865,P8005,1,899.0,0,899.0
106865-3,106865,P4005,1,3499.0,0,3499.0
106865-4,106865,P1002,1,299.0,0,299.0
106865-5,106865,P7004,2,561.52,6.3,1123.04
106866-1,106866,P4004,1,5999.0,0,5999.0
106867-1,106867,P3005,2,699.0,0,1398.0
106868-1,106868,P4005,1,3499.0,0,3499.0
106869-1,106869,P7002,1,1499.0,0,1499.0
106869-2,106869,P4005,1,3499.0,0,3499.0
106869-3,106869,P6003,1,1765.65,11.7,1765.65
106870-1,106870,P2001,1,15999.0,0,15999.0
106872-1,106872,P6003,1,1999.0,0,1999.0
106872-2,106872,P8004,2,999.0,0,1998.0
106872-3,106872,P1008,1,1499.0,0,1499.0
106872-4,106872,P7003,2,913.58,8.6,1827.16
106872-5,106872,P2004,1,999.0,0,999.0
106874-1,106874,P7003,1,999.0,0,999.0
106875-1,106875,P5004,2,3950.13,12.2,7900.26
106875-2,106875,P7004,1,599.0,0,599.0
106876-1,106876,P6004,2,1291.19,13.9,2582.38
106876-2,106876,P4002,1,4648.02,7.0,4648.02
106877-1,106877,P5004,2,4113.79,8.6,8227.58
106877-2,106877,P6002,1,899.0,0,899.0
106878-1,106878,P7002,1,1499.0,0,1499.0
106879-1,106879,P5005,1,1999.0,0,1999.0
106879-2,106879,P3007,1,1221.61,6.0,1221.61
106879-3,106879,P6004,1,1499.0,0,1499.0
106880-1,106880,P3005,1,699.0,0,699.0
106881-1,106881,P8005,1,899.0,0,899.0
106881-2,106881,P1002,1,299.0,0,299.0
106881-3,106881,P3002,1,2499.0,0,2499.0
106881-4,106881,P1004,3,799.0,0,2397.0
106882-1,106882,P4003,1,1999.0,0,1999.0
106883-1,106883,P2005,2,799.0,0,1598.0
106883-2,106883,P2003,1,1499.0,0,1499.0
106884-1,106884,P5005,1,1999.0,0,1999.0
106884-2,106884,P3001,1,999.0,0,999.0
106885-1,106885,P8005,2,899.0,0,1798.0
106885-2,106885,P7004,1,599.0,0,599.0
106885-3,106885,P1001,1,548.09,8.5,548.09
106886-1,106886,P4002,2,4999.0,0,9998.0
106886-2,106886,P3003,1,599.0,0,599.0
106887-1,106887,P5004,1,4499.0,0,4499.0
106887-2,106887,P1002,1,276.08,7.7,276.08
106888-1,106888,P2005,1,753.37,5.7,753.37
106889-1,106889,P5004,1,4499.0,0,4499.0
106890-1,106890,P2001,-1,15999.0,0,15999.0
106890-2,106890,P8002,1,599.0,0,599.0
106891-1,106891,P1007,1,3999.0,0,3999.0
106892-1,106892,P4005,1,3499.0,0,3499.0
106892-2,106892,P3004,1,199.0,0,199.0
106892-3,106892,P5002,1,3499.0,0,3499.0
106892-4,106892,P4001,1,7533.62,5.8,7533.62
106893-1,106893,P8004,1,999.0,0,999.0
106893-2,106893,P1004,1,799.0,0,799.0
106895-1,106895,P7002,1,1499.0,0,1499.0
106896-1,106896,P5004,1,3846.34,14.5,3846.34
106896-2,106896,P4004,1,5999.0,0,5999.0
106897-1,106897,P1003,1,2499.0,0,2499.0
106897-2,106897,P8003,2,799.0,0,1598.0
106898-1,106898,P1005,1,1299.0,0,1299.0
106898-2,106898,P3005,2,699.0,0,1398.0
106899-1,106899,P4001,1,7594.56,5.1,7594.56
106900-1,106900,P1002,1,277.71,7.1,277.71
106902-1,106902,P1005,2,1299.0,0,2598.0
106902-2,106902,P2005,1,799.0,0,799.0
106902-3,106902,P6001,1,2499.0,0,2499.0
106902-4,106902,P2004,1,999.0,0,999.0
106903-1,106903,P1001,1,599.0,0,599.0
106904-1,106904,P8002,1,599.0,0,599.0
106904-2,106904,P3002,1,2499.0,0,2499.0
106905-1,106905,P4001,1,7999.0,0,7999.0
106905-2,106905,P1006,1,601.35,14.0,601.35
106905-3,106905,P2004,1,999.0,0,999.0
106906-1,106906,P5002,1,3499.0,0,3499.0
106906-2,106906,P8005,1,836.99,6.9,836.99
106906-3,106906,P8001,1,499.0,0,499.0
106909-1,106909,P2005,1,799.0,0,799.0
106909-2,106909,P7001,2,2999.0,0,5998.0
106910-1,106910,P3005,1,699.0,0,699.0
106910-2,106910,P1005,1,1299.0,0,1299.0
106910-3,106910,P3004,1,199.0,0,199.0
106910-4,106910,P1004,1,799.0,0,799.0
106911-1,106911,P8004,2,999.0,0,1998.0
106912-1,106912,P1004,1,741.03,7.3,741.03
106912-2,106912,P2006,1,4626.13,7.5,4626.13
106912-3,106912,P1006,1,699.0,0,699.0
106913-1,106913,P6002,1,803.71,10.6,803.71
106913-2,106913,P4003,1,1714.58,14.2,1714.58
106913-3,106913,P8001,3,499.0,0,1497.0
106914-1,106914,P3004,2,199.0,0,398.0
106915-1,106915,P5004,1,3942.76,12.4,3942.76
106916-1,106916,P5004,1,4499.0,0,4499.0
106916-2,106916,P7003,1,999.0,0,999.0
106916-3,106916,P1009,2,12999.0,0,25998.0
106917-1,106917,P3006,2,939.86,5.9,1879.72
106917-2,106917,P3003,1,599.0,0,599.0
106918-1,106918,P6002,1,899.0,0,899.0
106919-1,106919,P6001,1,2499.0,0,2499.0
106920-1,106920,P2003,1,1390.69,7.2,1390.69
106921-1,106921,P7001,1,2999.0,0,2999.0
106921-2,106921,P8004,1,999.0,0,999.0
106922-1,106922,P1005,1,1299.0,0,1299.0
106923-1,106923,P3005,1,699.0,0,699.0
106924-1,106924,P8002,2,599.0,0,1198.0
106924-2,106924,P1010,2,899.0,0,1798.0
106924-3,106924,P2003,2,1499.0,0,2998.0
106925-1,106925,P6002,2,899.0,0,1798.0
106926-1,106926,P3006,1,999.0,0,999.0
106926-2,106926,P4003,1,1999.0,0,1999.0
106926-3,106926,P5004,1,4499.0,0,4499.0
106926-4,106926,P1003,2,2499.0,0,4998.0
106927-1,106927,P2001,1,15999.0,0,15999.0
106927-2,106927,P1006,3,699.0,0,2097.0
106928-1,106928,P7004,1,599.0,0,599.0
106930-1,106930,P1001,1,599.0,0,599.0
106930-2,106930,P3006,2,999.0,0,1998.0
106930-3,106930,P6002,1,899.0,0,899.0
106931-1,106931,P8004,1,999.0,0,999.0
106932-1,106932,P5003,1,699.0,0,699.0
106933-1,106933,P7001,2,2999.0,0,5998.0
106934-1,106934,P5005,1,1999.0,0,1999.0
106934-2,106934,P5003,1,656.63,6.1,656.63
106934-3,106934,P3006,1,999.0,0,999.0
106934-4,106934,P2004,1,999.0,0,999.0
106934-5,106934,P8005,1,899.0,0,899.0
106935-1,106935,P1002,1,299.0,0,299.0
106935-2,106935,P1006,1,598.8,14.3,598.8
106935-3,106935,P6002,3,899.0,0,2697.0
106936-1,106936,P7003,1,999.0,0,999.0
106936-2,106936,P8002,2,599.0,0,1198.0
106936-3,106936,P6001,2,2499.0,0,4998.0
106937-1,106937,P3003,1,599.0,0,599.0
106938-1,106938,P5003,-1,699.0,0,2097.0
106939-1,106939,P8003,2,705.47,11.7,1410.94
106940-1,106940,P2003,1,1499.0,0,1499.0
106941-1,106941,P8001,1,434.38,12.9,434.38
106942-1,106942,P3001,1,999.0,0,999.0
106943-1,106943,P3005,1,699.0,0,699.0
106943-2,106943,P7003,2,999.0,0,1998.0
106944-1,106944,P8003,1,758.2,5.1,758.2
106945-1,106945,P8004,1,999.0,0,999.0
106946-1,106946,P1003,1,2499.0,0,2499.0
106947-1,106947,P1005,1,1299.0,0,1299.0
106948-1,106948,P2001,1,15999.0,0,15999.0
106948-2,106948,P6003,2,1999.0,0,3998.0
106948-3,106948,P4001,1,7999.0,0,7999.0
106949-1,106949,P7004,1,599.0,0,599.0
106949-2,106949,P4003,1,1999.0,0,1999.0
106949-3,106949,P2002,1,24999.0,0,24999.0
106949-4,106949,P4001,1,7204.27,9.9,7204.27
106950-1,106950,P3007,1,1299.0,0,1299.0
106950-2,106950,P8001,1,499.0,0,499.0
106951-1,106951,P8002,1,599.0,0,599.0
106951-2,106951,P1008,1,1499.0,0,1499.0
106952-1,106952,P4002,1,4999.0,0,4999.0
106952-2,106952,P8001,1,499.0,0,499.0
106953-1,106953,P4004,2,5999.0,0,11998.0
106953-2,106953,P8001,1,499.0,0,499.0
106954-1,106954,P3001,2,893.68,10.5,1787.36
106955-1,106955,P3007,1,1181.47,9.0,1181.47
106955-2,106955,P4003,2,1876.33,6.1,3752.66
106956-1,106956,P5002,1,3499.0,0,3499.0
106956-2,106956,P1010,1,899.0,0,899.0
106957-1,106957,P6001,2,2499.0,0,4998.0
106957-2,106957,P7001,1,2999.0,0,2999.0
106958-1,106958,P1007,2,3999.0,0,7998.0
106958-2,106958,P5001,1,5999.0,0,5999.0
106959-1,106959,P1007,1,3999.0,0,3999.0
106959-2,106959,P3003,1,599.0,0,599.0
106961-1,106961,P1004,1,731.45,8.5,731.45
106961-2,106961,P3005,1,699.0,0,699.0
106961-3,106961,P8001,1,499.0,0,499.0
106961-4,106961,P6004,1,1327.01,11.5,1327.01
106963-1,106963,P5001,1,5999.0,0,5999.0
106964-1,106964,P8004,1,999.0,0,999.0
106964-2,106964,P5003,2,650.3,7.0,1300.6
106965-1,106965,P4001,2,7999.0,0,15998.0
106966-1,106966,P3003,1,599.0,0,599.0
106967-1,106967,P5005,2,1999.0,0,3998.0
106967-2,106967,P1009,2,11830.46,9.0,23660.92
106968-1,106968,P5004,1,4499.0,0,4499.0
106968-2,106968,P5003,2,699.0,0,1398.0
106969-1,106969,P4004,3,5999.0,0,17997.0
106969-2,106969,P1003,2,2499.0,0,4998.0
106969-3,106969,P3001,1,999.0,0,999.0
106970-1,106970,P5005,2,1999.0,0,3998.0
106970-2,106970,P5001,2,5244.21,12.6,10488.42
106970-3,106970,P4003,1,1999.0,0,1999.0
106971-1,106971,P2003,1,1499.0,0,1499.0
106972-1,106972,P6004,1,1499.0,0,1499.0
106973-1,106973,P1010,2,899.0,0,1798.0
106973-2,106973,P7001,2,2999.0,0,5998.0
106973-3,106973,P2001,2,15999.0,0,31998.0
106973-4,106973,P2003,2,1499.0,0,2998.0
106974-1,106974,P5003,3,699.0,0,2097.0
106975-1,106975,P6004,1,1499.0,0,1499.0
106975-2,106975,P7002,1,1323.17,11.7,1323.17
106976-1,106976,P3006,1,999.0,0,999.0
106977-1,106977,P4003,1,1999.0,0,1999.0
106977-2,106977,P3003,1,599.0,0,599.0
106977-3,106977,P7004,1,599.0,0,599.0
106977-4,106977,P1007,1,3999.0,0,3999.0
106978-1,106978,P2003,1,1345.71,10.2,1345.71
106979-1,106979,P7003,2,999.0,0,1998.0
106980-1,106980,P3002,2,2499.0,0,4998.0
106981-1,106981,P1005,1,1299.0,0,1299.0
106981-2,106981,P4001,2,7999.0,0,15998.0
106982-1,106982,P4002,1,4999.0,0,4999.0
106982-2,106982,P2001,1,14410.7,9.9,14410.7
106982-3,106982,P1002,3,299.0,0,897.0
106983-1,106983,P8001,1,428.03,14.2,428.03
106983-2,106983,P3004,1,181.59,8.7,181.59
106983-3,106983,P2003,1,1499.0,0,1499.0
106984-1,106984,P6001,1,2499.0,0,2499.0
106984-2,106984,P1005,1,1299.0,0,1299.0
106985-1,106985,P1009,1,12999.0,0,12999.0
106986-1,106986,P3004,1,199.0,0,199.0
106987-1,106987,P6003,1,1999.0,0,1999.0
106987-2,106987,P3003,1,599.0,0,599.0
106988-1,106988,P1005,1,1299.0,0,1299.0
106988-2,106988,P5004,1,4499.0,0,4499.0
106989-1,106989,P5001,1,5527.11,7.9,5527.11
106989-2,106989,P3007,1,1299.0,0,1299.0
106990-1,106990,P5005,2,1863.32,6.8,3726.64
106991-1,106991,P7003,1,999.0,0,999.0
106992-1,106992,P1009,1,12028.57,7.5,12028.57
106992-2,106992,P4003,3,1999.0,0,5997.0
106993-1,106993,P6003,2,1999.0,0,3998.0
106993-2,106993,P6001,2,2499.0,0,4998.0
106994-1,106994,P4004,2,5195.63,13.4,10391.26
106994-2,106994,P5005,2,1834.46,8.2,3668.92
106995-1,106995,P1004,2,799.0,0,1598.0
106996-1,106996,P6003,2,1999.0,0,3998.0
106997-1,106997,P4002,1,4999.0,0,4999.0
106997-2,106997,P7004,3,526.0,12.2,1578.0
106997-3,106997,P2002,1,24999.0,0,24999.0
106998-1,106998,P2006,2,4999.0,0,9998.0
106998-2,106998,P6004,1,1499.0,0,1499.0
106999-1,106999,P1002,2,299.0,0,598.0
106999-2,106999,P3003,1,516.31,13.8,516.31
106999-3,106999,P1010,2,899.0,0,1798.0
107000-1,107000,P2002,1,24999.0,0,24999.0
107001-1,107001,P1008,2,1332.97,11.1,2665.94
107001-2,107001,P5004,1,4205.72,6.5,4205.72
107002-1,107002,P8002,2,516.95,13.7,1033.9
107002-2,107002,P8004,1,999.0,0,999.0
107002-3,107002,P7001,3,2999.0,0,8997.0
107003-1,107003,P2001,1,15999.0,0,15999.0
107003-2,107003,P1002,1,299.0,0,299.0
107004-1,107004,P2006,1,4559.94,8.8,4559.94
107005-1,107005,P2004,1,999.0,0,999.0
107005-2,107005,P5005,1,1999.0,0,1999.0
107006-1,107006,P4002,1,4999.0,0,4999.0
107007-1,107007,P4003,1,1999.0,0,1999.0
107009-1,107009,P1009,1,12999.0,0,12999.0
107009-2,107009,P1004,1,799.0,0,799.0
107010-1,107010,P6002,2,899.0,0,1798.0
107011-1,107011,P6004,1,1499.0,0,1499.0
107011-2,107011,P8002,1,599.0,0,599.0
107012-1,107012,P2004,1,946.13,5.3,946.13
107013-1,107013,P4004,1,5999.0,0,5999.0
107013-2,107013,P3002,1,2499.0,0,2499.0
107013-3,107013,P5002,2,3052.41,12.8,6104.82
107014-1,107014,P8002,1,530.8,11.4,530.8
107014-2,107014,P3003,-1,599.0,0,599.0
107014-3,107014,P2002,2,22657.73,9.4,45315.46
107014-4,107014,P2001,2,15999.0,0,31998.0
107015-1,107015,P2005,1,799.0,0,799.0
107015-2,107015,P7002,1,1334.11,11.0,1334.11
107015-3,107015,P6004,1,1499.0,0,1499.0
107016-1,107016,P7003,2,880.58,11.9,1761.16
107016-2,107016,P5003,1,699.0,0,699.0
107017-1,107017,P1005,2,1139.97,12.2,2279.94
107017-2,107017,P4002,2,4999.0,0,9998.0
107017-3,107017,P3007,2,1299.0,0,2598.0
107017-4,107017,P3002,2,2499.0,0,4998.0
107017-5,107017,P1010,1,899.0,0,899.0
107018-1,107018,P3007,1,1299.0,0,1299.0
107019-1,107019,P6003,1,1999.0,0,1999.0
107019-2,107019,P5005,2,1999.0,0,3998.0
107020-1,107020,P2004,2,999.0,0,1998.0
107021-1,107021,P3004,1,199.0,0,199.0
107021-2,107021,P1010,1,899.0,0,899.0
107022-1,107022,P1001,2,519.39,13.3,1038.78
107022-2,107022,P5003,1,699.0,0,699.0
107022-3,107022,P4005,1,3499.0,0,3499.0
107023-1,107023,P1006,1,699.0,0,699.0
107024-1,107024,P2003,1,1499.0,0,1499.0
107024-2,107024,P1001,3,599.0,0,1797.0
107025-1,107025,P7003,1,999.0,0,999.0
107025-2,107025,P2005,2,799.0,0,1598.0
107025-3,107025,P8002,1,599.0,0,599.0
107026-1,107026,P8003,2,799.0,0,1598.0
107026-2,107026,P6002,1,899.0,0,899.0
107027-1,107027,P1006,3,699.0,0,2097.0
107028-1,107028,P2003,1,1499.0,0,1499.0
107029-1,107029,P2004,2,999.0,0,1998.0
107029-2,107029,P1010,1,780.62,13.2,780.62
107031-1,107031,P6002,1,899.0,0,899.0
107032-1,107032,P3006,1,866.61,13.3,866.61
107032-2,107032,P2004,2,999.0,0,1998.0
107034-1,107034,P1007,2,3669.25,8.2,7338.5
107034-2,107034,P1008,1,1499.0,0,1499.0
107034-3,107034,P2005,1,799.0,0,799.0
107035-1,107035,P1001,1,510.02,14.9,510.02
107035-2,107035,P6003,1,1999.0,0,1999.0
107035-3,107035,P1009,1,12999.0,0,12999.0
107035-4,107035,P1007,1,3999.0,0,3999.0
107036-1,107036,P1001,1,561.06,6.3,561.06
107036-2,107036,P2002,1,24999.0,0,24999.0
107036-3,107036,P1004,1,710.35,11.1,710.35
107037-1,107037,P3001,2,999.0,0,1998.0
107037-2,107037,P7004,2,548.71,8.4,1097.42
107038-1,107038,P5005,1,1999.0,0,1999.0
107039-1,107039,P1008,1,1499.0,0,1499.0
107039-2,107039,P1001,1,526.31,12.1,526.31
107039-3,107039,P1006,1,699.0,0,699.0
107040-1,107040,P8002,1,534.53,10.8,534.53
107042-1,107042,P3004,1,199.0,0,199.0
107043-1,107043,P8003,1,799.0,0,799.0
107043-2,107043,P2004,2,999.0,0,1998.0
107044-1,107044,P8001,2,499.0,0,998.0
107044-2,107044,P8002,1,599.0,0,599.0
107045-1,107045,P2005,1,799.0,0,799.0
107045-2,107045,P8002,2,599.0,0,1198.0
107046-1,107046,P5001,1,5999.0,0,5999.0
107046-2,107046,P2005,1,799.0,0,799.0
107046-3,107046,P3003,3,599.0,0,1797.0
107047-1,107047,P8005,1,899.0,0,899.0
107047-2,107047,P2005,1,799.0,0,799.0
107048-1,107048,P4003,1,1999.0,0,1999.0
107048-2,107048,P1003,1,2499.0,0,2499.0
107048-3,107048,P5001,2,5999.0,0,11998.0
107049-1,107049,P2002,1,24999.0,0,24999.0
107049-2,107049,P7002,1,1354.05,9.7,1354.05
107049-3,107049,P1008,3,1403.13,6.4,4209.39
107049-4,107049,P4003,1,1999.0,0,1999.0
107050-1,107050,P8003,1,799.0,0,799.0
107051-1,107051,P2003,1,1499.0,0,1499.0
107052-1,107052,P3005,2,699.0,0,1398.0
107052-2,107052,P6003,1,1999.0,0,1999.0
107053-1,107053,P4001,2,7999.0,0,15998.0
107053-2,107053,P6001,2,2499.0,0,4998.0
107054-1,107054,P1004,1,799.0,0,799.0
107054-2,107054,P3004,3,199.0,0,597.0
107055-1,107055,P4002,3,4464.85,10.7,13394.55
107056-1,107056,P1007,1,3418.56,14.5,3418.56
107056-2,107056,P1009,1,11054.17,15.0,11054.17
107057-1,107057,P4001,1,7999.0,0,7999.0
107057-2,107057,P4005,1,3499.0,0,3499.0
107058-1,107058,P1010,2,899.0,0,1798.0
107059-1,107059,P2006,1,4999.0,0,4999.0
107060-1,107060,P5002,2,3499.0,0,6998.0
107060-2,107060,P1002,1,299.0,0,299.0
107061-1,107061,P4004,1,5999.0,0,5999.0
107061-2,107061,P8005,2,899.0,0,1798.0
107062-1,107062,P3003,1,599.0,0,599.0
107062-2,107062,P1007,2,3999.0,0,7998.0
107062-3,107062,P8005,1,830.72,7.6,830.72
107062-4,107062,P1009,1,11696.07,10.0,11696.07
107063-1,107063,P3007,1,1299.0,0,1299.0
107063-2,107063,P7003,1,999.0,0,999.0
107063-3,107063,P2001,1,14608.28,8.7,14608.28
107063-4,107063,P3001,1,999.0,0,999.0
107063-5,107063,P4004,2,5999.0,0,11998.0
107064-1,107064,P8005,1,899.0,0,899.0
107064-2,107064,P5004,1,4499.0,0,4499.0
107065-1,107065,P3002,1,2499.0,0,2499.0
107066-1,107066,P1007,1,3999.0,0,3999.0
107066-2,107066,P6004,1,1499.0,0,1499.0
107067-1,107067,P1010,2,899.0,0,1798.0
107068-1,107068,P2002,1,24999.0,0,24999.0
107068-2,107068,P1002,1,259.99,13.0,259.99
107069-1,107069,P1005,1,1233.59,5.0,1233.59
107069-2,107069,P4002,1,4999.0,0,4999.0
107069-3,107069,P7002,2,1499.0,0,2998.0
107069-4,107069,P1004,1,799.0,0,799.0
107070-1,107070,P1009,3,12999.0,0,38997.0
107070-2,107070,P3007,1,1299.0,0,1299.0
107071-1,107071,P3004,1,176.33,11.4,176.33
107072-1,107072,P3005,1,699.0,0,699.0
107073-1,107073,P2006,1,4999.0,0,4999.0
107073-2,107073,P1004,2,708.98,11.3,1417.96
107073-3,107073,P8001,1,499.0,0,499.0
107074-1,107074,P6004,1,1499.0,0,1499.0
107074-2,107074,P3007,1,1299.0,0,1299.0
107074-3,107074,P1003,1,2499.0,0,2499.0
107074-4,107074,P8004,1,999.0,0,999.0
107075-1,107075,P5001,1,5999.0,0,5999.0
107075-2,107075,P4002,1,4999.0,0,4999.0
107076-1,107076,P8003,1,799.0,0,799.0
107077-1,107077,P8004,1,999.0,0,999.0
107077-2,107077,P1004,1,748.41,6.3,748.41
107077-3,107077,P6004,1,1499.0,0,1499.0
107078-1,107078,P3001,1,999.0,0,999.0
107079-1,107079,P6004,1,1499.0,0,1499.0
107080-1,107080,P3002,1,2499.0,0,2499.0
107080-2,107080,P1007,1,3999.0,0,3999.0
107081-1,107081,P4004,1,5999.0,0,5999.0
107081-2,107081,P4003,2,1999.0,0,3998.0
107082-1,107082,P4003,2,1999.0,0,3998.0
107082-2,107082,P7002,1,1499.0,0,1499.0
107083-1,107083,P1001,1,599.0,0,599.0
107084-1,107084,P5004,2,4499.0,0,8998.0
107085-1,107085,P4001,1,7999.0,0,7999.0
107086-1,107086,P3003,1,599.0,0,599.0
107086-2,107086,P2003,1,1499.0,0,1499.0
107086-3,107086,P4005,2,3499.0,0,6998.0
107087-1,107087,P1008,1,1499.0,0,1499.0
107087-2,107087,P1002,1,299.0,0,299.0
107087-3,107087,P6002,1,899.0,0,899.0
107088-1,107088,P1005,2,1299.0,0,2598.0
107088-2,107088,P4005,1,3057.68,12.6,3057.68
107088-3,107088,P1001,1,599.0,0,599.0
107088-4,107088,P2004,1,999.0,0,999.0
107089-1,107089,P3001,2,999.0,0,1998.0
107091-1,107091,P8001,1,499.0,0,499.0
107092-1,107092,P1003,1,2263.89,9.4,2263.89
107092-2,107092,P7004,1,523.9,12.5,523.9
107093-1,107093,P3006,2,999.0,0,1998.0
107093-2,107093,P5004,1,4499.0,0,4499.0
107094-1,107094,P6003,1,1999.0,0,1999.0
107097-1,107097,P2001,2,15999.0,0,31998.0
107097-2,107097,P6002,1,772.22,14.1,772.22
107098-1,107098,P7002,1,1499.0,0,1499.0
107098-2,107098,P8004,2,999.0,0,1998.0
107098-3,107098,P3002,1,2499.0,0,2499.0
107099-1,107099,P1010,1,899.0,0,899.0
107099-2,107099,P1008,1,1499.0,0,1499.0
107099-3,107099,P1003,1,2499.0,0,2499.0
107100-1,107100,P8005,1,899.0,0,899.0
107101-1,107101,P3004,1,174.18,12.5,174.18
107102-1,107102,P2004,1,932.63,6.6,932.63
107102-2,107102,P5002,1,3499.0,0,3499.0
107104-1,107104,P1005,1,1299.0,0,1299.0
107104-2,107104,P8003,1,799.0,0,799.0
107104-3,107104,P6004,1,1499.0,0,1499.0
107104-4,107104,P2005,1,799.0,0,799.0
107105-1,107105,P5001,1,5999.0,0,5999.0
107106-1,107106,P1001,1,599.0,0,599.0
107106-2,107106,P2001,2,15999.0,0,31998.0
107107-1,107107,P2004,1,999.0,0,999.0
107107-2,107107,P1005,1,1299.0,0,1299.0
107107-3,107107,P3004,1,199.0,0,199.0
107107-4,107107,P4001,1,7999.0,0,7999.0
107108-1,107108,P1003,1,2499.0,0,2499.0
107109-1,107109,P1001,1,599.0,0,599.0
107109-2,107109,P6002,2,899.0,0,1798.0
107110-1,107110,P2005,1,704.94,11.8,704.94
107113-1,107113,P5003,1,699.0,0,699.0
107114-1,107114,P2004,2,999.0,0,1998.0
107114-2,107114,P6003,2,1999.0,0,3998.0
107114-3,107114,P2001,1,14045.49,12.2,14045.49
107114-4,107114,P1002,2,299.0,0,598.0
107115-1,107115,P7003,1,909.59,9.0,909.59
107116-1,107116,P4001,1,7999.0,0,7999.0
107116-2,107116,P8001,1,499.0,0,499.0
107116-3,107116,P2005,1,799.0,0,799.0
107116-4,107116,P3006,2,866.25,13.3,1732.5
107117-1,107117,P8004,2,999.0,0,1998.0
107117-2,107117,P2003,1,1499.0,0,1499.0
107118-1,107118,P4004,1,5999.0,0,5999.0
107118-2,107118,P8001,1,499.0,0,499.0
107118-3,107118,P5001,1,5999.0,0,5999.0
107118-4,107118,P2005,2,799.0,0,1598.0
107118-5,107118,P8003,2,799.0,0,1598.0
107119-1,107119,P2001,1,15999.0,0,15999.0
107120-1,107120,P3007,2,1299.0,0,2598.0
107121-1,107121,P8002,1,599.0,0,599.0
107121-2,107121,P1004,2,799.0,0,1598.0
107121-3,107121,P5001,2,5999.0,0,11998.0
107122-1,107122,P3007,1,1299.0,0,1299.0
107122-2,107122,P5004,2,4499.0,0,8998.0
107123-1,107123,P8002,1,599.0,0,599.0
107124-1,107124,P4005,2,3499.0,0,6998.0
107125-1,107125,P8004,1,999.0,0,999.0
107126-1,107126,P4005,2,3499.0,0,6998.0
107127-1,107127,P5001,1,5999.0,0,5999.0
107128-1,107128,P6003,1,1999.0,0,1999.0
107128-2,107128,P5005,1,1999.0,0,1999.0
107128-3,107128,P1009,1,12999.0,0,12999.0
107129-1,107129,P7004,2,599.0,0,1198.0
107130-1,107130,P4001,1,7999.0,0,7999.0
107130-2,107130,P8004,1,999.0,0,999.0
107131-1,107131,P2003,1,1499.0,0,1499.0
107132-1,107132,P6001,2,2499.0,0,4998.0
107133-1,107133,P7001,1,2999.0,0,2999.0
107134-1,107134,P5003,2,699.0,0,1398.0
107134-2,107134,P7001,3,2574.56,14.2,7723.68
107134-3,107134,P3007,1,1299.0,0,1299.0
107134-4,107134,P1003,2,2499.0,0,4998.0
107135-1,107135,P3003,2,542.39,9.5,1084.78
107135-2,107135,P7003,1,999.0,0,999.0
107135-3,107135,P5004,3,4499.0,0,13497.0
107135-4,107135,P1008,1,1499.0,0,1499.0
107137-1,107137,P5004,2,4499.0,0,8998.0
107138-1,107138,P6003,1,1999.0,0,1999.0
107138-2,107138,P8001,2,499.0,0,998.0
107138-3,107138,P1008,1,1499.0,0,1499.0
107139-1,107139,P6003,1,1999.0,0,1999.0
107139-2,107139,P2002,1,24999.0,0,24999.0
107139-3,107139,P7001,1,2999.0,0,2999.0
107140-1,107140,P6004,1,1499.0,0,1499.0
107141-1,107141,P4003,1,1999.0,0,1999.0
107142-1,107142,P5002,3,3499.0,0,10497.0
107142-2,107142,P1008,1,1499.0,0,1499.0
107143-1,107143,P1006,1,699.0,0,699.0
107144-1,107144,P6003,1,1757.24,12.1,1757.24
107144-2,107144,P1002,1,299.0,0,299.0
107145-1,107145,P7004,1,599.0,0,599.0
107146-1,107146,P7004,1,599.0,0,599.0
107147-1,107147,P8002,1,515.3,14.0,515.3
107147-2,107147,P5003,1,699.0,0,699.0
107147-3,107147,P2003,1,1335.75,10.9,1335.75
107147-4,107147,P2005,1,725.2,9.2,725.2
107148-1,107148,P1005,1,1299.0,0,1299.0
107148-2,107148,P1006,1,699.0,0,699.0
107149-1,107149,P1008,1,1499.0,0,1499.0
107149-2,107149,P7001,1,2999.0,0,2999.0
107150-1,107150,P1001,1,599.0,0,599.0
107151-1,107151,P3004,1,199.0,0,199.0
107152-1,107152,P1006,2,699.0,0,1398.0
107153-1,107153,P4005,2,3161.04,9.7,6322.08
107153-2,107153,P3006,2,999.0,0,1998.0
107154-1,107154,P2003,1,1499.0,0,1499.0
107154-2,107154,P3003,1,533.63,10.9,533.63
107155-1,107155,P1010,1,899.0,0,899.0
107157-1,107157,P5002,1,3499.0,0,3499.0
107157-2,107157,P1008,1,1499.0,0,1499.0
107158-1,107158,P1003,1,2499.0,0,2499.0
107158-2,107158,P1002,1,299.0,0,299.0
107159-1,107159,P8002,1,599.0,0,599.0
107160-1,107160,P1003,2,2499.0,0,4998.0
107161-1,107161,P1005,2,1299.0,0,2598.0
107161-2,107161,P4005,1,3499.0,0,3499.0
107161-3,107161,P6004,1,1327.13,11.5,1327.13
107162-1,107162,P4001,1,7999.0,0,7999.0
107162-2,107162,P2005,2,799.0,0,1598.0
107163-1,107163,P6004,1,1499.0,0,1499.0
107164-1,107164,P4005,1,3499.0,0,3499.0
107164-2,107164,P5004,3,4499.0,0,13497.0
107164-3,107164,P6001,1,2499.0,0,2499.0
107165-1,107165,P6003,1,1706.09,14.7,1706.09
107165-2,107165,P1008,1,1499.0,0,1499.0
107166-1,107166,P1005,2,1299.0,0,2598.0
107166-2,107166,P8001,2,499.0,0,998.0
107166-3,107166,P2002,1,24999.0,0,24999.0
107166-4,107166,P7001,1,2999.0,0,2999.0
107166-5,107166,P1009,1,12999.0,0,12999.0
107167-1,107167,P6004,1,1499.0,0,1499.0
107167-2,107167,P4001,1,7999.0,0,7999.0
107167-3,107167,P5004,2,4499.0,0,8998.0
107168-1,107168,P8001,1,499.0,0,499.0
107169-1,107169,P2002,1,22402.95,10.4,22402.95
107169-2,107169,P7002,1,1499.0,0,1499.0
107169-3,107169,P1004,1,799.0,0,799.0
107169-4,107169,P1008,1,1499.0,0,1499.0
107169-5,107169,P3002,1,2499.0,0,2499.0
107170-1,107170,P8001,1,499.0,0,499.0
107170-2,107170,P3006,1,999.0,0,999.0
107170-3,107170,P3004,2,199.0,0,398.0
107171-1,107171,P2004,1,999.0,0,999.0
107172-1,107172,P8002,1,599.0,0,599.0
107172-2,107172,P7002,3,1412.92,5.7,4238.76
107173-1,107173,P4004,1,5999.0,0,5999.0
107174-1,107174,P5003,1,699.0,0,699.0
107175-1,107175,P2004,1,999.0,0,999.0
107175-2,107175,P1006,2,699.0,0,1398.0
107175-3,107175,P3004,3,199.0,0,597.0
107175-4,107175,P2006,1,4999.0,0,4999.0
107175-5,107175,P1001,1,599.0,0,599.0
107176-1,107176,P1007,2,3613.45,9.6,7226.9
107176-2,107176,P2002,1,24999.0,0,24999.0
107176-3,107176,P5003,1,699.0,0,699.0
107176-4,107176,P3005,1,699.0,0,699.0
107177-1,107177,P2001,1,15999.0,0,15999.0
107178-1,107178,P3001,1,925.88,7.3,925.88
107179-1,107179,P8004,1,999.0,0,999.0
107179-2,107179,P5001,1,5999.0,0,5999.0
107180-1,107180,P8002,1,567.23,5.3,567.23
107181-1,107181,P7002,3,1499.0,0,4497.0
107181-2,107181,P7003,1,999.0,0,999.0
107181-3,107181,P8002,1,599.0,0,599.0
107181-4,107181,P4001,1,7999.0,0,7999.0
107182-1,107182,P1002,1,299.0,0,299.0
107182-2,107182,P8001,2,499.0,0,998.0
107183-1,107183,P1005,1,1299.0,0,1299.0
107183-2,107183,P5003,2,699.0,0,1398.0
107183-3,107183,P8003,1,799.0,0,799.0
107184-1,107184,P6001,1,2499.0,0,2499.0
107184-2,107184,P2004,1,999.0,0,999.0
107184-3,107184,P6004,2,1499.0,0,2998.0
107185-1,107185,P2005,2,716.06,10.4,1432.12
107185-2,107185,P8004,1,999.0,0,999.0
107185-3,107185,P3002,2,2205.03,11.8,4410.06
107185-4,107185,P3004,1,199.0,0,199.0
107185-5,107185,P1004,1,799.0,0,799.0
107186-1,107186,P1010,1,836.13,7.0,836.13
107187-1,107187,P3001,1,876.99,12.2,876.99
107187-2,107187,P3007,1,1299.0,0,1299.0
107188-1,107188,P4002,1,4574.17,8.5,4574.17
107188-2,107188,P5001,1,5999.0,0,5999.0
107189-1,107189,P5002,2,3158.09,9.7,6316.18
107190-1,107190,P7001,1,2999.0,0,2999.0
107191-1,107191,P3005,2,655.23,6.3,1310.46
107192-1,107192,P8001,1,499.0,0,499.0
107193-1,107193,P1010,1,829.03,7.8,829.03
107194-1,107194,P2005,1,715.7,10.4,715.7
107194-2,107194,P2004,1,999.0,0,999.0
107195-1,107195,P1004,1,799.0,0,799.0
107196-1,107196,P1007,1,3999.0,0,3999.0
107197-1,107197,P8002,1,599.0,0,599.0
107197-2,107197,P3007,1,1299.0,0,1299.0
107198-1,107198,P2006,1,4999.0,0,4999.0
107198-2,107198,P7004,2,599.0,0,1198.0
107198-3,107198,P8001,1,499.0,0,499.0
107199-1,107199,P8001,1,499.0,0,499.0
107199-2,107199,P2006,1,4999.0,0,4999.0
107200-1,107200,P2004,1,999.0,0,999.0
107200-2,107200,P4003,2,1999.0,0,3998.0
107201-1,107201,P4001,3,7124.98,10.9,21374.94
107202-1,107202,P4003,1,1999.0,0,1999.0
107203-1,107203,P2006,1,4999.0,0,4999.0
107204-1,107204,P2002,2,24999.0,0,49998.0
107205-1,107205,P7003,1,999.0,0,999.0
107205-2,107205,P8003,3,799.0,0,2397.0
107206-1,107206,P1009,1,12999.0,0,12999.0
107206-2,107206,P1007,1,3999.0,0,3999.0
107207-1,107207,P1005,1,1299.0,0,1299.0
107208-1,107208,P8003,1,799.0,0,799.0
107208-2,107208,P4003,1,1999.0,0,1999.0
107208-3,107208,P5001,1,5999.0,0,5999.0
107209-1,107209,P2001,1,15999.0,0,15999.0
107210-1,107210,P5001,1,5465.07,8.9,5465.07
107211-1,107211,P8005,1,899.0,0,899.0
107212-1,107212,P7003,2,999.0,0,1998.0
107213-1,107213,P1004,1,799.0,0,799.0
107214-1,107214,P7004,1,559.02,6.7,559.02
107214-2,107214,P4004,1,5999.0,0,5999.0
107215-1,107215,P7004,1,599.0,0,599.0
107216-1,107216,P1010,1,899.0,0,899.0
107217-1,107217,P4005,1,3499.0,0,3499.0
107217-2,107217,P1001,2,533.06,11.0,1066.12
107218-1,107218,P8001,3,499.0,0,1497.0
107218-2,107218,P1009,1,12999.0,0,12999.0
107219-1,107219,P1003,1,2499.0,0,2499.0
107220-1,107220,P4005,1,3499.0,0,3499.0
107220-2,107220,P2004,1,999.0,0,999.0
107220-3,107220,P4004,2,5533.09,7.8,11066.18
107220-4,107220,P2003,1,1499.0,0,1499.0
107221-1,107221,P1007,2,3999.0,0,7998.0
107221-2,107221,P1002,1,299.0,0,299.0
107222-1,107222,P7004,1,599.0,0,599.0
107223-1,107223,P5001,2,5999.0,0,11998.0
107223-2,107223,P7001,1,2999.0,0,2999.0
107223-3,107223,P2003,1,1499.0,0,1499.0
107223-4,107223,P1007,1,3999.0,0,3999.0
107224-1,107224,P2004,1,999.0,0,999.0
107224-2,107224,P2002,2,24999.0,0,49998.0
107224-3,107224,P8005,1,899.0,0,899.0
107225-1,107225,P8003,1,799.0,0,799.0
107226-1,107226,P6002,1,899.0,0,899.0
107226-2,107226,P3005,1,699.0,0,699.0
107226-3,107226,P1008,3,1499.0,0,4497.0
107226-4,107226,P7003,1,943.8,5.5,943.8
107227-1,107227,P3001,1,890.94,10.8,890.94
107227-2,107227,P3007,1,1193.0,8.2,1193.0
107227-3,107227,P4001,1,7999.0,0,7999.0
107228-1,107228,P2001,1,15999.0,0,15999.0
107228-2,107228,P2004,1,884.37,11.5,884.37
107228-3,107228,P2002,1,24999.0,0,24999.0
107228-4,107228,P7001,2,2999.0,0,5998.0
107228-5,107228,P3006,1,999.0,0,999.0
107229-1,107229,P3005,1,699.0,0,699.0
107230-1,107230,P5002,2,3499.0,0,6998.0
107231-1,107231,P1004,1,799.0,0,799.0
107231-2,107231,P8001,3,499.0,0,1497.0
107231-3,107231,P3006,2,999.0,0,1998.0
107232-1,107232,P7001,1,2999.0,0,2999.0
107232-2,107232,P5001,1,5999.0,0,5999.0
107232-3,107232,P2006,2,4999.0,0,9998.0
107232-4,107232,P7003,1,999.0,0,999.0
107233-1,107233,P1002,1,299.0,0,299.0
107233-2,107233,P3005,1,699.0,0,699.0
107234-1,107234,P1002,1,299.0,0,299.0
107234-2,107234,P3001,2,999.0,0,1998.0
107235-1,107235,P8004,1,999.0,0,999.0
107235-2,107235,P1009,1,12999.0,0,12999.0
107236-1,107236,P1002,2,299.0,0,598.0
107236-2,107236,P3003,1,599.0,0,599.0
107236-3,107236,P8005,1,899.0,0,899.0
107237-1,107237,P4005,1,3308.0,5.5,3308.0
107237-2,107237,P6003,2,1999.0,0,3998.0
107238-1,107238,P5001,2,5999.0,0,11998.0
107239-1,107239,P7004,1,599.0,0,599.0
107239-2,107239,P2001,2,15999.0,0,31998.0
107240-1,107240,P1005,1,1299.0,0,1299.0
107241-1,107241,P3003,1,599.0,0,599.0
107241-2,107241,P2005,1,799.0,0,799.0
107241-3,107241,P1008,1,1499.0,0,1499.0
107241-4,107241,P8001,1,499.0,0,499.0
107242-1,107242,P4002,3,4999.0,0,14997.0
107243-1,107243,P1004,1,799.0,0,799.0
107243-2,107243,P1001,1,599.0,0,599.0
107243-3,107243,P6004,2,1499.0,0,2998.0
107244-1,107244,P5001,2,5999.0,0,11998.0
107245-1,107245,P3007,1,1299.0,0,1299.0
107245-2,107245,P1007,1,3999.0,0,3999.0
107245-3,107245,P3002,1,2499.0,0,2499.0
107246-1,107246,P1008,3,1383.79,7.7,4151.37
107246-2,107246,P5004,1,4499.0,0,4499.0
107247-1,107247,P8005,1,899.0,0,899.0
107247-2,107247,P1007,1,3999.0,0,3999.0
107248-1,107248,P2001,1,15999.0,0,15999.0
107249-1,107249,P5004,2,4499.0,0,8998.0
107250-1,107250,P6003,1,1999.0,0,1999.0
107250-2,107250,P4003,1,1761.23,11.9,1761.23
107251-1,107251,P2002,1,24999.0,0,24999.0
107251-2,107251,P4002,1,4332.26,13.3,4332.26
107251-3,107251,P3002,1,2499.0,0,2499.0
107251-4,107251,P1008,1,1330.1,11.3,1330.1
107252-1,107252,P5004,2,4499.0,0,8998.0
107252-2,107252,P3004,1,199.0,0,199.0
107252-3,107252,P8004,1,999.0,0,999.0
107253-1,107253,P1010,2,899.0,0,1798.0
107253-2,107253,P2004,1,999.0,0,999.0
107254-1,107254,P4002,1,4999.0,0,4999.0
107255-1,107255,P2004,2,999.0,0,1998.0
107256-1,107256,P3007,1,1299.0,0,1299.0
107256-2,107256,P1005,1,1299.0,0,1299.0
107257-1,107257,P1004,1,799.0,0,799.0
107258-1,107258,P8002,2,523.49,12.6,1046.98
107259-1,107259,P4005,1,3499.0,0,3499.0
107259-2,107259,P1009,1,12999.0,0,12999.0
107259-3,107259,P3001,1,999.0,0,999.0
107259-4,107259,P3006,1,999.0,0,999.0
107260-1,107260,P7001,1,2999.0,0,2999.0
107260-2,107260,P2003,1,1333.58,11.0,1333.58
107260-3,107260,P7004,2,599.0,0,1198.0
107260-4,107260,P2002,1,24999.0,0,24999.0
107261-1,107261,P4004,1,5999.0,0,5999.0
107262-1,107262,P1003,1,2499.0,0,2499.0
107262-2,107262,P2005,1,799.0,0,799.0
107262-3,107262,P5002,1,3040.74,13.1,3040.74
107263-1,107263,P1003,1,2499.0,0,2499.0
107263-2,107263,P4003,1,1999.0,0,1999.0
107263-3,107263,P2005,1,692.89,13.3,692.89
107263-4,107263,P2003,2,1499.0,0,2998.0
107264-1,107264,P1004,1,799.0,0,799.0
107265-1,107265,P3002,1,2280.02,8.8,2280.02
107265-2,107265,P3007,1,1104.33,15.0,1104.33
107266-1,107266,P8004,1,999.0,0,999.0
107266-2,107266,P4002,1,4999.0,0,4999.0
107266-3,107266,P4003,1,1999.0,0,1999.0
107267-1,107267,P1005,2,1299.0,0,2598.0
107267-2,107267,P4002,1,4999.0,0,4999.0
107268-1,107268,P5005,2,1999.0,0,3998.0
107268-2,107268,P1010,1,899.0,0,899.0
107269-1,107269,P5004,1,4499.0,0,4499.0
107270-1,107270,P1005,1,1195.82,7.9,1195.82
107270-2,107270,P1009,1,12999.0,0,12999.0
107271-1,107271,P5002,1,3163.66,9.6,3163.66
107272-1,107272,P2004,2,902.88,9.6,1805.76
107272-2,107272,P5004,1,4499.0,0,4499.0
107274-1,107274,P4004,1,5999.0,0,5999.0
107275-1,107275,P1002,2,299.0,0,598.0
107276-1,107276,P6002,1,899.0,0,899.0
107278-1,107278,P3005,1,699.0,0,699.0
107278-2,107278,P3002,1,2293.83,8.2,2293.83
107279-1,107279,P1009,1,12999.0,0,12999.0
107279-2,107279,P2004,1,932.56,6.7,932.56
107279-3,107279,P1001,1,599.0,0,599.0
107279-4,107279,P6003,1,1865.81,6.7,1865.81
107279-5,107279,P1006,1,699.0,0,699.0
107280-1,107280,P1004,1,799.0,0,799.0
107280-2,107280,P7001,1,2999.0,0,2999.0
107280-3,107280,P2003,1,1499.0,0,1499.0
107280-4,107280,P1010,2,845.73,5.9,1691.46
107280-5,107280,P8003,2,799.0,0,1598.0
107281-1,107281,P5004,1,4230.3,6.0,4230.3
107281-2,107281,P6002,1,899.0,0,899.0
107282-1,107282,P8002,2,599.0,0,1198.0
107282-2,107282,P2002,1,21401.37,14.4,21401.37
107282-3,107282,P5001,1,5999.0,0,5999.0
107282-4,107282,P3007,1,1299.0,0,1299.0
107283-1,107283,P8005,2,837.88,6.8,1675.76
107283-2,107283,P6002,3,899.0,0,2697.0
107284-1,107284,P1002,1,299.0,0,299.0
107285-1,107285,P5001,1,5999.0,0,5999.0
107286-1,107286,P1003,1,2499.0,0,2499.0
107286-2,107286,P3006,1,858.06,14.1,858.06
107287-1,107287,P6001,1,2143.41,14.2,2143.41
107288-1,107288,P2004,1,999.0,0,999.0
107289-1,107289,P3003,1,559.8,6.5,559.8
107289-2,107289,P5003,2,699.0,0,1398.0
107289-3,107289,P1003,1,2499.0,0,2499.0
107290-1,107290,P5005,1,1999.0,0,1999.0
107290-2,107290,P6001,2,2373.59,5.0,4747.18
107291-1,107291,P3005,1,699.0,0,699.0
107292-1,107292,P1007,1,3999.0,0,3999.0
107292-2,107292,P1003,1,2499.0,0,2499.0
107293-1,107293,P3002,2,2499.0,0,4998.0
107294-1,107294,P4002,1,4999.0,0,4999.0
107295-1,107295,P6002,1,899.0,0,899.0
107296-1,107296,P6003,1,1999.0,0,1999.0
107296-2,107296,P1010,3,899.0,0,2697.0
107296-3,107296,P1007,1,3999.0,0,3999.0
107296-4,107296,P1004,2,799.0,0,1598.0
107296-5,107296,P2003,1,1499.0,0,1499.0
107297-1,107297,P1010,2,899.0,0,1798.0
107298-1,107298,P6004,2,1499.0,0,2998.0
107299-1,107299,P8003,1,799.0,0,799.0
107300-1,107300,P1009,1,12999.0,0,12999.0
107301-1,107301,P5003,2,699.0,0,1398.0
107301-2,107301,P4004,2,5999.0,0,11998.0
107301-3,107301,P4005,1,3499.0,0,3499.0
107301-4,107301,P8005,2,899.0,0,1798.0
107302-1,107302,P4005,1,3499.0,0,3499.0
107302-2,107302,P7001,1,2999.0,0,2999.0
107303-1,107303,P3005,3,699.0,0,2097.0
107304-1,107304,P8001,1,499.0,0,499.0
107304-2,107304,P1003,1,2499.0,0,2499.0
107305-1,107305,P1006,1,629.96,9.9,629.96
107306-1,107306,P2001,1,15999.0,0,15999.0
107306-2,107306,P5002,3,3134.88,10.4,9404.64
107306-3,107306,P2005,1,799.0,0,799.0
107307-1,107307,P3007,1,1299.0,0,1299.0
107307-2,107307,P8002,1,599.0,0,599.0
107308-1,107308,P7003,1,999.0,0,999.0
107309-1,107309,P1009,1,12999.0,0,12999.0
107310-1,107310,P6004,1,1347.86,10.1,1347.86
107311-1,107311,P4003,1,1878.59,6.0,1878.59
107311-2,107311,P4005,1,3246.88,7.2,3246.88
107312-1,107312,P1003,2,2499.0,0,4998.0
107313-1,107313,P7001,1,2999.0,0,2999.0
107314-1,107314,P3003,2,599.0,0,1198.0
107315-1,107315,P1003,2,2499.0,0,4998.0
107315-2,107315,P1008,1,1499.0,0,1499.0
107315-3,107315,P8001,1,499.0,0,499.0
107315-4,107315,P2001,1,15999.0,0,15999.0
107315-5,107315,P2005,1,799.0,0,799.0
107316-1,107316,P4004,1,5999.0,0,5999.0
107317-1,107317,P8003,3,704.46,11.8,2113.38
107317-2,107317,P4004,1,5122.89,14.6,5122.89
107318-1,107318,P1005,1,1176.37,9.4,1176.37
107319-1,107319,P5002,2,3499.0,0,6998.0
107319-2,107319,P2003,1,1499.0,0,1499.0
107320-1,107320,P5005,2,1999.0,0,3998.0
107320-2,107320,P8003,2,799.0,0,1598.0
107321-1,107321,P2002,2,24999.0,0,49998.0
107321-2,107321,P8002,1,513.16,14.3,513.16
107322-1,107322,P4005,1,3499.0,0,3499.0
107323-1,107323,P1006,2,596.36,14.7,1192.72
107323-2,107323,P6003,1,1999.0,0,1999.0
107323-3,107323,P6004,3,1499.0,0,4497.0
107324-1,107324,P6002,1,847.31,5.8,847.31
107324-2,107324,P2004,1,999.0,0,999.0
107325-1,107325,P1003,1,2499.0,0,2499.0
107326-1,107326,P1006,1,699.0,0,699.0
107326-2,107326,P2004,1,999.0,0,999.0
107327-1,107327,P7004,1,599.0,0,599.0
107328-1,107328,P5005,1,1999.0,0,1999.0
107329-1,107329,P2004,1,926.64,7.2,926.64
107330-1,107330,P8003,1,799.0,0,799.0
107330-2,107330,P1003,2,2499.0,0,4998.0
107330-3,107330,P4002,1,4999.0,0,4999.0
107330-4,107330,P1001,1,599.0,0,599.0
107331-1,107331,P8002,1,599.0,0,599.0
107331-2,107331,P2006,1,4999.0,0,4999.0
107332-1,107332,P8005,1,899.0,0,899.0
107333-1,107333,P8004,1,999.0,0,999.0
107333-2,107333,P3002,1,2499.0,0,2499.0
107334-1,107334,P2002,1,24999.0,0,24999.0
107334-2,107334,P4003,1,1999.0,0,1999.0
107334-3,107334,P5002,1,3499.0,0,3499.0
107334-4,107334,P2005,1,799.0,0,799.0
107335-1,107335,P5003,2,699.0,0,1398.0
107336-1,107336,P4005,1,3499.0,0,3499.0
107337-1,107337,P7001,2,2999.0,0,5998.0
107337-2,107337,P6004,1,1301.87,13.2,1301.87
107337-3,107337,P6003,1,1848.24,7.5,1848.24
107337-4,107337,P5003,1,699.0,0,699.0
107337-5,107337,P3007,1,1299.0,0,1299.0
107338-1,107338,P5002,2,3499.0,0,6998.0
107339-1,107339,P5001,2,5999.0,0,11998.0
107340-1,107340,P4001,1,7999.0,0,7999.0
107341-1,107341,P3001,1,999.0,0,999.0
107342-1,107342,P3004,1,179.4,9.8,179.4
107342-2,107342,P8001,1,499.0,0,499.0
107342-3,107342,P5004,1,4499.0,0,4499.0
107342-4,107342,P6003,1,1999.0,0,1999.0
107343-1,107343,P1004,2,799.0,0,1598.0
107343-2,107343,P5005,1,1999.0,0,1999.0
107343-3,107343,P3005,1,699.0,0,699.0
107343-4,107343,P2001,1,14732.49,7.9,14732.49
107344-1,107344,P2004,2,999.0,0,1998.0
107345-1,107345,P2001,1,15999.0,0,15999.0
107346-1,107346,P6004,3,1499.0,0,4497.0
107347-1,107347,P4005,1,3499.0,0,3499.0
107348-1,107348,P5004,1,4499.0,0,4499.0
107348-2,107348,P1002,1,299.0,0,299.0
107349-1,107349,P3001,1,999.0,0,999.0
107349-2,107349,P1009,1,12999.0,0,12999.0
107350-1,107350,P3004,1,199.0,0,199.0
107350-2,107350,P1002,1,299.0,0,299.0
107351-1,107351,P5005,2,1999.0,0,3998.0
107351-2,107351,P1005,2,1299.0,0,2598.0
107352-1,107352,P8003,1,799.0,0,799.0
107353-1,107353,P6001,1,2499.0,0,2499.0
107353-2,107353,P3001,1,901.69,9.7,901.69
107354-1,107354,P6001,2,2499.0,0,4998.0
107356-1,107356,P1008,3,1499.0,0,4497.0
107356-2,107356,P1005,1,1299.0,0,1299.0
107356-3,107356,P5004,1,4499.0,0,4499.0
107357-1,107357,P1008,1,1499.0,0,1499.0
107357-2,107357,P5005,2,1999.0,0,3998.0
107358-1,107358,P1001,3,547.54,8.6,1642.62
107360-1,107360,P2002,1,24999.0,0,24999.0
107360-2,107360,P1002,1,299.0,0,299.0
107361-1,107361,P3007,1,1299.0,0,1299.0
107362-1,107362,P1004,3,799.0,0,2397.0
107362-2,107362,P8003,1,799.0,0,799.0
107363-1,107363,P4005,1,3499.0,0,3499.0
107363-2,107363,P2004,1,999.0,0,999.0
107364-1,107364,P8003,2,799.0,0,1598.0
107365-1,107365,P2005,1,799.0,0,799.0
107365-2,107365,P8001,1,499.0,0,499.0
107367-1,107367,P1002,1,273.38,8.6,273.38
107368-1,107368,P1006,2,699.0,0,1398.0
107368-2,107368,P7003,1,999.0,0,999.0
107368-3,107368,P1005,2,1299.0,0,2598.0
107369-1,107369,P1003,2,2499.0,0,4998.0
107369-2,107369,P2003,1,1499.0,0,1499.0
107370-1,107370,P5002,1,3499.0,0,3499.0
107371-1,107371,P1001,1,540.18,9.8,540.18
107372-1,107372,P1004,1,693.9,13.2,693.9
107372-2,107372,P8002,1,599.0,0,599.0
107372-3,107372,P2005,1,799.0,0,799.0
107372-4,107372,P1003,1,2499.0,0,2499.0
107372-5,107372,P2002,-1,23539.48,5.8,23539.48
107373-1,107373,P6004,1,1499.0,0,1499.0
107373-2,107373,P3006,1,999.0,0,999.0
107374-1,107374,P3005,1,605.31,13.4,605.31
107374-2,107374,P8002,2,599.0,0,1198.0
107375-1,107375,P2006,1,4999.0,0,4999.0
107375-2,107375,P5001,2,5466.99,8.9,10933.98
107376-1,107376,P1004,1,799.0,0,799.0
107376-2,107376,P8005,1,899.0,0,899.0
107376-3,107376,P1003,1,2499.0,0,2499.0
107377-1,107377,P3002,1,2499.0,0,2499.0
107378-1,107378,P6004,1,1499.0,0,1499.0
107378-2,107378,P2004,1,999.0,0,999.0
107378-3,107378,P4002,1,4999.0,0,4999.0
107379-1,107379,P7001,2,2999.0,0,5998.0
107380-1,107380,P1008,2,1499.0,0,2998.0
107380-2,107380,P8004,1,999.0,0,999.0
107380-3,107380,P8003,1,799.0,0,799.0
107381-1,107381,P5003,1,699.0,0,699.0
107382-1,107382,P8001,1,499.0,0,499.0
107383-1,107383,P2001,1,15999.0,0,15999.0
107383-2,107383,P5005,1,1999.0,0,1999.0
107383-3,107383,P5002,2,3135.96,10.4,6271.92
107383-4,107383,P3005,1,699.0,0,699.0
107383-5,107383,P1009,1,12999.0,0,12999.0
107384-1,107384,P2004,2,999.0,0,1998.0
107385-1,107385,P2006,1,4707.96,5.8,4707.96
107385-2,107385,P3005,2,699.0,0,1398.0
107386-1,107386,P3007,1,1299.0,0,1299.0
107387-1,107387,P1009,2,12107.32,6.9,24214.64
107388-1,107388,P5002,1,3218.0,8.0,3218.0
107388-2,107388,P7001,3,2999.0,0,8997.0
107388-3,107388,P8003,1,799.0,0,799.0
107389-1,107389,P1007,1,3999.0,0,3999.0
107389-2,107389,P6004,2,1499.0,0,2998.0
107390-1,107390,P3003,1,563.56,5.9,563.56
107390-2,107390,P5003,1,699.0,0,699.0
107390-3,107390,P4003,1,1999.0,0,1999.0
107391-1,107391,P7001,1,2999.0,0,2999.0
107392-1,107392,P8001,1,499.0,0,499.0
107393-1,107393,P2001,1,15999.0,0,15999.0
107393-2,107393,P5005,1,1999.0,0,1999.0
107394-1,107394,P1002,1,299.0,0,299.0
107394-2,107394,P3006,1,999.0,0,999.0
107395-1,107395,P4003,1,1999.0,0,1999.0
107395-2,107395,P1009,1,12247.71,5.8,12247.71
107395-3,107395,P1006,1,615.25,12.0,615.25
107395-4,107395,P8005,1,899.0,0,899.0
107396-1,107396,P8005,2,899.0,0,1798.0
107396-2,107396,P5005,1,1999.0,0,1999.0
